{
  "type": "FeatureCollection",
  "features": [
    {
      "type": "Feature",
      "geometry": {
        "type": "Point",
        "coordinates": [
          6.62403537,
          44.881717667
        ]
      },
      "properties": {
        "name": "3 / 2",
        "context": "Briançon, Hautes-Alpes",
        "citycode": "05023",
        "depcode": "05"
      }
    },
    {
      "type": "Feature",
      "geometry": {
        "type": "Point",
        "coordinates": [
          6.637268655,
          44.887691916
        ]
      },
      "properties": {
        "name": "Allée Albert Bourges / Les Jardins du Mélézin",
        "context": "Briançon, Hautes-Alpes",
        "citycode": "05023",
        "depcode": "05"
      }
    },
    {
      "type": "Feature",
      "geometry": {
        "type": "Point",
        "coordinates": [
          6.637049865,
          44.887460313
        ]
      },
      "properties": {
        "name": "Allée Albert Bourges / Rond-Point des Garçins",
        "context": "Briançon, Hautes-Alpes",
        "citycode": "05023",
        "depcode": "05"
      }
    },
    {
      "type": "Feature",
      "geometry": {
        "type": "Point",
        "coordinates": [
          6.636303335,
          44.886569251
        ]
      },
      "properties": {
        "name": "Allée Albert Bourges / Rue Alfred Mondet",
        "context": "Briançon, Hautes-Alpes",
        "citycode": "05023",
        "depcode": "05"
      }
    },
    {
      "type": "Feature",
      "geometry": {
        "type": "Point",
        "coordinates": [
          6.636715517,
          44.886983591
        ]
      },
      "properties": {
        "name": "Allée Albert Bourges / Rue des Lapins",
        "context": "Briançon, Hautes-Alpes",
        "citycode": "05023",
        "depcode": "05"
      }
    },
    {
      "type": "Feature",
      "geometry": {
        "type": "Point",
        "coordinates": [
          6.636507567,
          44.886761152
        ]
      },
      "properties": {
        "name": "Allée Albert Bourges / Ruelle du Four",
        "context": "Briançon, Hautes-Alpes",
        "citycode": "05023",
        "depcode": "05"
      }
    },
    {
      "type": "Feature",
      "geometry": {
        "type": "Point",
        "coordinates": [
          6.634178462,
          44.885701451
        ]
      },
      "properties": {
        "name": "Allée de la Cerveyrette / Rue Joseph Silvestre D36",
        "context": "Briançon, Hautes-Alpes",
        "citycode": "05023",
        "depcode": "05"
      }
    },
    {
      "type": "Feature",
      "geometry": {
        "type": "Point",
        "coordinates": [
          6.611316641,
          44.877284424
        ]
      },
      "properties": {
        "name": "Allée des Groseilliers / Chemin de Subeyran",
        "context": "Briançon, Hautes-Alpes",
        "citycode": "05023",
        "depcode": "05"
      }
    },
    {
      "type": "Feature",
      "geometry": {
        "type": "Point",
        "coordinates": [
          6.620303814,
          44.881314535
        ]
      },
      "properties": {
        "name": "Ancienne Route Nationale / Route Traversée de Chamandrin",
        "context": "Briançon, Hautes-Alpes",
        "citycode": "05023",
        "depcode": "05"
      }
    },
    {
      "type": "Feature",
      "geometry": {
        "type": "Point",
        "coordinates": [
          6.6158353,
          44.8779678
        ]
      },
      "properties": {
        "name": "Ancienne Route Nationale / Route Traversée de Saint-Blaise",
        "context": "Briançon, Hautes-Alpes",
        "citycode": "05023",
        "depcode": "05"
      }
    },
    {
      "type": "Feature",
      "geometry": {
        "type": "Point",
        "coordinates": [
          6.632104784,
          44.905111799
        ]
      },
      "properties": {
        "name": "Avenue Adrien Daurelle / Avenue du Professeur Forgues N94",
        "context": "Briançon, Hautes-Alpes",
        "citycode": "05023",
        "depcode": "05"
      }
    },
    {
      "type": "Feature",
      "geometry": {
        "type": "Point",
        "coordinates": [
          6.63204461,
          44.906693361
        ]
      },
      "properties": {
        "name": "Avenue Adrien Daurelle / Chemin du Grand Canal",
        "context": "Briançon, Hautes-Alpes",
        "citycode": "05023",
        "depcode": "05"
      }
    },
    {
      "type": "Feature",
      "geometry": {
        "type": "Point",
        "coordinates": [
          6.633041583,
          44.907339727
        ]
      },
      "properties": {
        "name": "Avenue Adrien Daurelle / Fournerotte",
        "context": "Briançon, Hautes-Alpes",
        "citycode": "05023",
        "depcode": "05"
      }
    },
    {
      "type": "Feature",
      "geometry": {
        "type": "Point",
        "coordinates": [
          6.633130068,
          44.907225394
        ]
      },
      "properties": {
        "name": "Avenue Adrien Daurelle / Route de Grenoble",
        "context": "Briançon, Hautes-Alpes",
        "citycode": "05023",
        "depcode": "05"
      }
    },
    {
      "type": "Feature",
      "geometry": {
        "type": "Point",
        "coordinates": [
          6.639116242,
          44.90228955
        ]
      },
      "properties": {
        "name": "Avenue Baldenberger N94 / Avenue de la Libération",
        "context": "Briançon, Hautes-Alpes",
        "citycode": "05023",
        "depcode": "05"
      }
    },
    {
      "type": "Feature",
      "geometry": {
        "type": "Point",
        "coordinates": [
          6.63877128,
          44.902422211
        ]
      },
      "properties": {
        "name": "Avenue Baldenberger N94 / Avenue du Professeur Forgues N94",
        "context": "Briançon, Hautes-Alpes",
        "citycode": "05023",
        "depcode": "05"
      }
    },
    {
      "type": "Feature",
      "geometry": {
        "type": "Point",
        "coordinates": [
          6.642910342,
          44.901687046
        ]
      },
      "properties": {
        "name": "Avenue Baldenberger N94 / Route de Grenoble",
        "context": "Briançon, Hautes-Alpes",
        "citycode": "05023",
        "depcode": "05"
      }
    },
    {
      "type": "Feature",
      "geometry": {
        "type": "Point",
        "coordinates": [
          6.639072795,
          44.902314873
        ]
      },
      "properties": {
        "name": "Avenue de la Libération / Avenue Baldenberger N94",
        "context": "Briançon, Hautes-Alpes",
        "citycode": "05023",
        "depcode": "05"
      }
    },
    {
      "type": "Feature",
      "geometry": {
        "type": "Point",
        "coordinates": [
          6.641196541,
          44.899088839
        ]
      },
      "properties": {
        "name": "Avenue de la Libération / Avenue de la République",
        "context": "Briançon, Hautes-Alpes",
        "citycode": "05023",
        "depcode": "05"
      }
    },
    {
      "type": "Feature",
      "geometry": {
        "type": "Point",
        "coordinates": [
          6.63869598,
          44.90242849
        ]
      },
      "properties": {
        "name": "Avenue de la Libération / Avenue du Professeur Forgues N94",
        "context": "Briançon, Hautes-Alpes",
        "citycode": "05023",
        "depcode": "05"
      }
    },
    {
      "type": "Feature",
      "geometry": {
        "type": "Point",
        "coordinates": [
          6.640665286,
          44.900588287
        ]
      },
      "properties": {
        "name": "Avenue de la Libération / Chemin du Barry",
        "context": "Briançon, Hautes-Alpes",
        "citycode": "05023",
        "depcode": "05"
      }
    },
    {
      "type": "Feature",
      "geometry": {
        "type": "Point",
        "coordinates": [
          6.641286749,
          44.899333953
        ]
      },
      "properties": {
        "name": "Avenue de la Libération / Rue Aspirant Jean",
        "context": "Briançon, Hautes-Alpes",
        "citycode": "05023",
        "depcode": "05"
      }
    },
    {
      "type": "Feature",
      "geometry": {
        "type": "Point",
        "coordinates": [
          6.640992432,
          44.898957766
        ]
      },
      "properties": {
        "name": "Avenue de la République / Avenue de la Libération",
        "context": "Briançon, Hautes-Alpes",
        "citycode": "05023",
        "depcode": "05"
      }
    },
    {
      "type": "Feature",
      "geometry": {
        "type": "Point",
        "coordinates": [
          6.638828778,
          44.898151498
        ]
      },
      "properties": {
        "name": "Avenue de la République / Avenue du Lautaret Voiecommunale",
        "context": "Briançon, Hautes-Alpes",
        "citycode": "05023",
        "depcode": "05"
      }
    },
    {
      "type": "Feature",
      "geometry": {
        "type": "Point",
        "coordinates": [
          6.641070014,
          44.898978
        ]
      },
      "properties": {
        "name": "Avenue de la République / Chemin Vieux",
        "context": "Briançon, Hautes-Alpes",
        "citycode": "05023",
        "depcode": "05"
      }
    },
    {
      "type": "Feature",
      "geometry": {
        "type": "Point",
        "coordinates": [
          6.640053716,
          44.898596681
        ]
      },
      "properties": {
        "name": "Avenue de la République / Passage Dom Bosco",
        "context": "Briançon, Hautes-Alpes",
        "citycode": "05023",
        "depcode": "05"
      }
    },
    {
      "type": "Feature",
      "geometry": {
        "type": "Point",
        "coordinates": [
          6.634704416,
          44.896625934
        ]
      },
      "properties": {
        "name": "Avenue de la République / Rond-Point de La Chaussée",
        "context": "Briançon, Hautes-Alpes",
        "citycode": "05023",
        "depcode": "05"
      }
    },
    {
      "type": "Feature",
      "geometry": {
        "type": "Point",
        "coordinates": [
          6.641326928,
          44.899162409
        ]
      },
      "properties": {
        "name": "Avenue de la République / Rue Aspirant Jean",
        "context": "Briançon, Hautes-Alpes",
        "citycode": "05023",
        "depcode": "05"
      }
    },
    {
      "type": "Feature",
      "geometry": {
        "type": "Point",
        "coordinates": [
          6.640395599,
          44.898748945
        ]
      },
      "properties": {
        "name": "Avenue de la République / Rue Marius Chancel",
        "context": "Briançon, Hautes-Alpes",
        "citycode": "05023",
        "depcode": "05"
      }
    },
    {
      "type": "Feature",
      "geometry": {
        "type": "Point",
        "coordinates": [
          6.631172778,
          44.902708388
        ]
      },
      "properties": {
        "name": "Avenue de Provence N94 / Avenue du Dauphiné N94",
        "context": "Briançon, Hautes-Alpes",
        "citycode": "05023",
        "depcode": "05"
      }
    },
    {
      "type": "Feature",
      "geometry": {
        "type": "Point",
        "coordinates": [
          6.63152837,
          44.902270987
        ]
      },
      "properties": {
        "name": "Avenue de Provence N94 / Chemin de la Tour",
        "context": "Briançon, Hautes-Alpes",
        "citycode": "05023",
        "depcode": "05"
      }
    },
    {
      "type": "Feature",
      "geometry": {
        "type": "Point",
        "coordinates": [
          6.629905026,
          44.895011081
        ]
      },
      "properties": {
        "name": "Avenue de Provence N94 / Chemin de la Trinité",
        "context": "Briançon, Hautes-Alpes",
        "citycode": "05023",
        "depcode": "05"
      }
    },
    {
      "type": "Feature",
      "geometry": {
        "type": "Point",
        "coordinates": [
          6.630115322,
          44.894716948
        ]
      },
      "properties": {
        "name": "Avenue de Provence N94 / Route de Puy Saint-Pierre D35",
        "context": "Briançon, Hautes-Alpes",
        "citycode": "05023",
        "depcode": "05"
      }
    },
    {
      "type": "Feature",
      "geometry": {
        "type": "Point",
        "coordinates": [
          6.631407973,
          44.902362369
        ]
      },
      "properties": {
        "name": "Avenue de Provence N94 / Rue du Général Barbot",
        "context": "Briançon, Hautes-Alpes",
        "citycode": "05023",
        "depcode": "05"
      }
    },
    {
      "type": "Feature",
      "geometry": {
        "type": "Point",
        "coordinates": [
          6.627638212,
          44.907324278
        ]
      },
      "properties": {
        "name": "Avenue de Savoie D1091 / Avenue du Galibier Voiecommunale",
        "context": "Briançon, Hautes-Alpes",
        "citycode": "05023",
        "depcode": "05"
      }
    },
    {
      "type": "Feature",
      "geometry": {
        "type": "Point",
        "coordinates": [
          6.628316844,
          44.905597789
        ]
      },
      "properties": {
        "name": "Avenue de Savoie / Rond-Point des Alpes",
        "context": "Briançon, Hautes-Alpes",
        "citycode": "05023",
        "depcode": "05"
      }
    },
    {
      "type": "Feature",
      "geometry": {
        "type": "Point",
        "coordinates": [
          6.622387678,
          44.916617683
        ]
      },
      "properties": {
        "name": "Avenue de Savoie D1091 / Route de Grenoble",
        "context": "Briançon, Hautes-Alpes",
        "citycode": "05023",
        "depcode": "05"
      }
    },
    {
      "type": "Feature",
      "geometry": {
        "type": "Point",
        "coordinates": [
          6.622997397,
          44.914744071
        ]
      },
      "properties": {
        "name": "Avenue de Savoie D1091 / Rue François Chabas",
        "context": "Briançon, Hautes-Alpes",
        "citycode": "05023",
        "depcode": "05"
      }
    },
    {
      "type": "Feature",
      "geometry": {
        "type": "Point",
        "coordinates": [
          6.623393561,
          44.913887282
        ]
      },
      "properties": {
        "name": "Avenue de Savoie D1091 / Ruine de Fortville",
        "context": "Briançon, Hautes-Alpes",
        "citycode": "05023",
        "depcode": "05"
      }
    },
    {
      "type": "Feature",
      "geometry": {
        "type": "Point",
        "coordinates": [
          6.623001087,
          44.914910832
        ]
      },
      "properties": {
        "name": "Avenue de Savoie D1091 / Ruine de Mas de Blais",
        "context": "Briançon, Hautes-Alpes",
        "citycode": "05023",
        "depcode": "05"
      }
    },
    {
      "type": "Feature",
      "geometry": {
        "type": "Point",
        "coordinates": [
          6.634666606,
          44.896656824
        ]
      },
      "properties": {
        "name": "Avenue du 159e RIA / Avenue de la République",
        "context": "Briançon, Hautes-Alpes",
        "citycode": "05023",
        "depcode": "05"
      }
    },
    {
      "type": "Feature",
      "geometry": {
        "type": "Point",
        "coordinates": [
          6.634546283,
          44.896689431
        ]
      },
      "properties": {
        "name": "Avenue du 159e RIA / Rond-Point de La Chaussée",
        "context": "Briançon, Hautes-Alpes",
        "citycode": "05023",
        "depcode": "05"
      }
    },
    {
      "type": "Feature",
      "geometry": {
        "type": "Point",
        "coordinates": [
          6.634136276,
          44.897788157
        ]
      },
      "properties": {
        "name": "Avenue du 159e RIA / Rue Barthélémy Chaix",
        "context": "Briançon, Hautes-Alpes",
        "citycode": "05023",
        "depcode": "05"
      }
    },
    {
      "type": "Feature",
      "geometry": {
        "type": "Point",
        "coordinates": [
          6.633934991,
          44.898632678
        ]
      },
      "properties": {
        "name": "Avenue du 159e RIA / Square de Narwik",
        "context": "Briançon, Hautes-Alpes",
        "citycode": "05023",
        "depcode": "05"
      }
    },
    {
      "type": "Feature",
      "geometry": {
        "type": "Point",
        "coordinates": [
          6.640622983,
          44.891581374
        ]
      },
      "properties": {
        "name": "Avenue du Col d'Izoard D902 / Chemin de la Croix du Frene",
        "context": "Briançon, Hautes-Alpes",
        "citycode": "05023",
        "depcode": "05"
      }
    },
    {
      "type": "Feature",
      "geometry": {
        "type": "Point",
        "coordinates": [
          6.648327693,
          44.886672003
        ]
      },
      "properties": {
        "name": "Avenue du Col d'Izoard D902 / Route du Fort des Tétes",
        "context": "Briançon, Hautes-Alpes",
        "citycode": "05023",
        "depcode": "05"
      }
    },
    {
      "type": "Feature",
      "geometry": {
        "type": "Point",
        "coordinates": [
          6.659767905,
          44.883529445
        ]
      },
      "properties": {
        "name": "Avenue du Col d'Izoard D902 / Route Stratégique de la Cerveyrette",
        "context": "Briançon, Hautes-Alpes",
        "citycode": "05023",
        "depcode": "05"
      }
    },
    {
      "type": "Feature",
      "geometry": {
        "type": "Point",
        "coordinates": [
          6.64857056,
          44.886464348
        ]
      },
      "properties": {
        "name": "Avenue du Col d'Izoard D902 / VC4",
        "context": "Briançon, Hautes-Alpes",
        "citycode": "05023",
        "depcode": "05"
      }
    },
    {
      "type": "Feature",
      "geometry": {
        "type": "Point",
        "coordinates": [
          6.628221898,
          44.90548555
        ]
      },
      "properties": {
        "name": "Avenue du Dauphiné N94 / Avenue de Savoie",
        "context": "Briançon, Hautes-Alpes",
        "citycode": "05023",
        "depcode": "05"
      }
    },
    {
      "type": "Feature",
      "geometry": {
        "type": "Point",
        "coordinates": [
          6.628541301,
          44.90537935
        ]
      },
      "properties": {
        "name": "Avenue du Dauphiné N94 / Avenue du Professeur Forgues N94",
        "context": "Briançon, Hautes-Alpes",
        "citycode": "05023",
        "depcode": "05"
      }
    },
    {
      "type": "Feature",
      "geometry": {
        "type": "Point",
        "coordinates": [
          6.627978087,
          44.904367165
        ]
      },
      "properties": {
        "name": "Avenue du Dauphiné N94 / Chemin de Fortvile D402",
        "context": "Briançon, Hautes-Alpes",
        "citycode": "05023",
        "depcode": "05"
      }
    },
    {
      "type": "Feature",
      "geometry": {
        "type": "Point",
        "coordinates": [
          6.630186061,
          44.903390066
        ]
      },
      "properties": {
        "name": "Avenue du Dauphiné N94 / Chemin Fanton",
        "context": "Briançon, Hautes-Alpes",
        "citycode": "05023",
        "depcode": "05"
      }
    },
    {
      "type": "Feature",
      "geometry": {
        "type": "Point",
        "coordinates": [
          6.628350475,
          44.905382834
        ]
      },
      "properties": {
        "name": "Avenue du Dauphiné N94 / Rond-Point des Alpes",
        "context": "Briançon, Hautes-Alpes",
        "citycode": "05023",
        "depcode": "05"
      }
    },
    {
      "type": "Feature",
      "geometry": {
        "type": "Point",
        "coordinates": [
          6.631173244,
          44.902708965
        ]
      },
      "properties": {
        "name": "Avenue du Dauphiné N94 / Rue du Général Barbot",
        "context": "Briançon, Hautes-Alpes",
        "citycode": "05023",
        "depcode": "05"
      }
    },
    {
      "type": "Feature",
      "geometry": {
        "type": "Point",
        "coordinates": [
          6.62763075,
          44.907337428
        ]
      },
      "properties": {
        "name": "Avenue du Galibier Voiecommunale / Avenue de Savoie D1091",
        "context": "Briançon, Hautes-Alpes",
        "citycode": "05023",
        "depcode": "05"
      }
    },
    {
      "type": "Feature",
      "geometry": {
        "type": "Point",
        "coordinates": [
          6.62975857,
          44.905600226
        ]
      },
      "properties": {
        "name": "Avenue du Lautaret Voiecommunale / Avenue du Professeur Forgues N94",
        "context": "Briançon, Hautes-Alpes",
        "citycode": "05023",
        "depcode": "05"
      }
    },
    {
      "type": "Feature",
      "geometry": {
        "type": "Point",
        "coordinates": [
          6.629997278,
          44.905433976
        ]
      },
      "properties": {
        "name": "Avenue du Lautaret Voiecommunale / Chemin Fanton",
        "context": "Briançon, Hautes-Alpes",
        "citycode": "05023",
        "depcode": "05"
      }
    },
    {
      "type": "Feature",
      "geometry": {
        "type": "Point",
        "coordinates": [
          6.63872461,
          44.902431768
        ]
      },
      "properties": {
        "name": "Avenue du Professeur Forgues N94 / Avenue Baldenberger N94",
        "context": "Briançon, Hautes-Alpes",
        "citycode": "05023",
        "depcode": "05"
      }
    },
    {
      "type": "Feature",
      "geometry": {
        "type": "Point",
        "coordinates": [
          6.638596385,
          44.902454187
        ]
      },
      "properties": {
        "name": "Avenue du Professeur Forgues N94 / Avenue de la Libération",
        "context": "Briançon, Hautes-Alpes",
        "citycode": "05023",
        "depcode": "05"
      }
    },
    {
      "type": "Feature",
      "geometry": {
        "type": "Point",
        "coordinates": [
          6.62849335,
          44.905628602
        ]
      },
      "properties": {
        "name": "Avenue du Professeur Forgues N94 / Avenue de Savoie",
        "context": "Briançon, Hautes-Alpes",
        "citycode": "05023",
        "depcode": "05"
      }
    },
    {
      "type": "Feature",
      "geometry": {
        "type": "Point",
        "coordinates": [
          6.63710296,
          44.903280361
        ]
      },
      "properties": {
        "name": "Avenue du Professeur Forgues N94 / Chemin du Grand Canal",
        "context": "Briançon, Hautes-Alpes",
        "citycode": "05023",
        "depcode": "05"
      }
    },
    {
      "type": "Feature",
      "geometry": {
        "type": "Point",
        "coordinates": [
          6.628592933,
          44.905513381
        ]
      },
      "properties": {
        "name": "Avenue du Professeur Forgues N94 / Rond-Point des Alpes",
        "context": "Briançon, Hautes-Alpes",
        "citycode": "05023",
        "depcode": "05"
      }
    },
    {
      "type": "Feature",
      "geometry": {
        "type": "Point",
        "coordinates": [
          6.629359784,
          44.905626088
        ]
      },
      "properties": {
        "name": "Avenue du Professeur Forgues N94 / Voiecommunale",
        "context": "Briançon, Hautes-Alpes",
        "citycode": "05023",
        "depcode": "05"
      }
    },
    {
      "type": "Feature",
      "geometry": {
        "type": "Point",
        "coordinates": [
          6.633423099,
          44.893998524
        ]
      },
      "properties": {
        "name": "Avenue Général de Gaulle D136 / Avenue Jean Moulin D36b",
        "context": "Briançon, Hautes-Alpes",
        "citycode": "05023",
        "depcode": "05"
      }
    },
    {
      "type": "Feature",
      "geometry": {
        "type": "Point",
        "coordinates": [
          6.632799953,
          44.895731876
        ]
      },
      "properties": {
        "name": "Avenue Général de Gaulle D136 / Avenue Maurice Petsche D2",
        "context": "Briançon, Hautes-Alpes",
        "citycode": "05023",
        "depcode": "05"
      }
    },
    {
      "type": "Feature",
      "geometry": {
        "type": "Point",
        "coordinates": [
          6.63321009,
          44.894608398
        ]
      },
      "properties": {
        "name": "Avenue Général de Gaulle D136 / Projet de Voie Verte Briançon - Le Monetier",
        "context": "Briançon, Hautes-Alpes",
        "citycode": "05023",
        "depcode": "05"
      }
    },
    {
      "type": "Feature",
      "geometry": {
        "type": "Point",
        "coordinates": [
          6.633078906,
          44.895117687
        ]
      },
      "properties": {
        "name": "Avenue Général de Gaulle D136 / Rue Alphand",
        "context": "Briançon, Hautes-Alpes",
        "citycode": "05023",
        "depcode": "05"
      }
    },
    {
      "type": "Feature",
      "geometry": {
        "type": "Point",
        "coordinates": [
          6.633504697,
          44.894123124
        ]
      },
      "properties": {
        "name": "Avenue Général de Gaulle D136 / Rue de la Soie D36B",
        "context": "Briançon, Hautes-Alpes",
        "citycode": "05023",
        "depcode": "05"
      }
    },
    {
      "type": "Feature",
      "geometry": {
        "type": "Point",
        "coordinates": [
          6.633356213,
          44.889496568
        ]
      },
      "properties": {
        "name": "Avenue Général de Gaulle D136 / Rue du Colonel Patrice Blanc",
        "context": "Briançon, Hautes-Alpes",
        "citycode": "05023",
        "depcode": "05"
      }
    },
    {
      "type": "Feature",
      "geometry": {
        "type": "Point",
        "coordinates": [
          6.63377427,
          44.893041088
        ]
      },
      "properties": {
        "name": "Avenue Général de Gaulle D136 / Rue Georges Bermond Gonnet",
        "context": "Briançon, Hautes-Alpes",
        "citycode": "05023",
        "depcode": "05"
      }
    },
    {
      "type": "Feature",
      "geometry": {
        "type": "Point",
        "coordinates": [
          6.633929801,
          44.892483354
        ]
      },
      "properties": {
        "name": "Avenue Général de Gaulle D136 / Rue Morand",
        "context": "Briançon, Hautes-Alpes",
        "citycode": "05023",
        "depcode": "05"
      }
    },
    {
      "type": "Feature",
      "geometry": {
        "type": "Point",
        "coordinates": [
          6.633044468,
          44.895111502
        ]
      },
      "properties": {
        "name": "Avenue Général de Gaulle D136 / Rue Moulin",
        "context": "Briançon, Hautes-Alpes",
        "citycode": "05023",
        "depcode": "05"
      }
    },
    {
      "type": "Feature",
      "geometry": {
        "type": "Point",
        "coordinates": [
          6.626199735,
          44.909675463
        ]
      },
      "properties": {
        "name": "Avenue Georges Pompidou / Avenue de Savoie D1091",
        "context": "Briançon, Hautes-Alpes",
        "citycode": "05023",
        "depcode": "05"
      }
    },
    {
      "type": "Feature",
      "geometry": {
        "type": "Point",
        "coordinates": [
          6.628218249,
          44.911568307
        ]
      },
      "properties": {
        "name": "Avenue Georges Pompidou / Lotissement Les Chaumes",
        "context": "Briançon, Hautes-Alpes",
        "citycode": "05023",
        "depcode": "05"
      }
    },
    {
      "type": "Feature",
      "geometry": {
        "type": "Point",
        "coordinates": [
          6.628891839,
          44.91136885
        ]
      },
      "properties": {
        "name": "Avenue Georges Pompidou / Route de Grenoble",
        "context": "Briançon, Hautes-Alpes",
        "citycode": "05023",
        "depcode": "05"
      }
    },
    {
      "type": "Feature",
      "geometry": {
        "type": "Point",
        "coordinates": [
          6.627324979,
          44.910168098
        ]
      },
      "properties": {
        "name": "Avenue Georges Pompidou / Ruine de Mas de Chaix",
        "context": "Briançon, Hautes-Alpes",
        "citycode": "05023",
        "depcode": "05"
      }
    },
    {
      "type": "Feature",
      "geometry": {
        "type": "Point",
        "coordinates": [
          6.633385391,
          44.894086798
        ]
      },
      "properties": {
        "name": "Avenue Jean Moulin D36b / Avenue Général de Gaulle D136",
        "context": "Briançon, Hautes-Alpes",
        "citycode": "05023",
        "depcode": "05"
      }
    },
    {
      "type": "Feature",
      "geometry": {
        "type": "Point",
        "coordinates": [
          6.625842695,
          44.886664827
        ]
      },
      "properties": {
        "name": "Avenue Jean Moulin D36b / Piste Auto École",
        "context": "Briançon, Hautes-Alpes",
        "citycode": "05023",
        "depcode": "05"
      }
    },
    {
      "type": "Feature",
      "geometry": {
        "type": "Point",
        "coordinates": [
          6.633182249,
          44.894019616
        ]
      },
      "properties": {
        "name": "Avenue Jean Moulin D36b / Projet de Voie Verte Briançon - Le Monetier",
        "context": "Briançon, Hautes-Alpes",
        "citycode": "05023",
        "depcode": "05"
      }
    },
    {
      "type": "Feature",
      "geometry": {
        "type": "Point",
        "coordinates": [
          6.622890173,
          44.882064192
        ]
      },
      "properties": {
        "name": "Avenue Jean Moulin D36b / Rond-Point du Chaberton (Fort des Nuages)",
        "context": "Briançon, Hautes-Alpes",
        "citycode": "05023",
        "depcode": "05"
      }
    },
    {
      "type": "Feature",
      "geometry": {
        "type": "Point",
        "coordinates": [
          6.622951308,
          44.882035501
        ]
      },
      "properties": {
        "name": "Avenue Jean Moulin D36b / Route des Maisons Blanches",
        "context": "Briançon, Hautes-Alpes",
        "citycode": "05023",
        "depcode": "05"
      }
    },
    {
      "type": "Feature",
      "geometry": {
        "type": "Point",
        "coordinates": [
          6.630131536,
          44.894732936
        ]
      },
      "properties": {
        "name": "Avenue Maurice Petsche D2 / Avenue de Provence N94",
        "context": "Briançon, Hautes-Alpes",
        "citycode": "05023",
        "depcode": "05"
      }
    },
    {
      "type": "Feature",
      "geometry": {
        "type": "Point",
        "coordinates": [
          6.634478345,
          44.896623138
        ]
      },
      "properties": {
        "name": "Avenue Maurice Petsche / Avenue du 159e RIA",
        "context": "Briançon, Hautes-Alpes",
        "citycode": "05023",
        "depcode": "05"
      }
    },
    {
      "type": "Feature",
      "geometry": {
        "type": "Point",
        "coordinates": [
          6.632894539,
          44.895785339
        ]
      },
      "properties": {
        "name": "Avenue Maurice Petsche D2 / Avenue Général de Gaulle D136",
        "context": "Briançon, Hautes-Alpes",
        "citycode": "05023",
        "depcode": "05"
      }
    },
    {
      "type": "Feature",
      "geometry": {
        "type": "Point",
        "coordinates": [
          6.633710759,
          44.896242416
        ]
      },
      "properties": {
        "name": "Avenue Maurice Petsche / Chemin Alphonse Blanchard",
        "context": "Briançon, Hautes-Alpes",
        "citycode": "05023",
        "depcode": "05"
      }
    },
    {
      "type": "Feature",
      "geometry": {
        "type": "Point",
        "coordinates": [
          6.630890427,
          44.895150286
        ]
      },
      "properties": {
        "name": "Avenue Maurice Petsche D2 / Projet de Voie Verte Briançon - Le Monetier",
        "context": "Briançon, Hautes-Alpes",
        "citycode": "05023",
        "depcode": "05"
      }
    },
    {
      "type": "Feature",
      "geometry": {
        "type": "Point",
        "coordinates": [
          6.634474241,
          44.896555654
        ]
      },
      "properties": {
        "name": "Avenue Maurice Petsche / Rond-Point de La Chaussée",
        "context": "Briançon, Hautes-Alpes",
        "citycode": "05023",
        "depcode": "05"
      }
    },
    {
      "type": "Feature",
      "geometry": {
        "type": "Point",
        "coordinates": [
          6.630129663,
          44.894712667
        ]
      },
      "properties": {
        "name": "Avenue Maurice Petsche D2 / Route de Gap N94",
        "context": "Briançon, Hautes-Alpes",
        "citycode": "05023",
        "depcode": "05"
      }
    },
    {
      "type": "Feature",
      "geometry": {
        "type": "Point",
        "coordinates": [
          6.630123605,
          44.894714593
        ]
      },
      "properties": {
        "name": "Avenue Maurice Petsche D2 / Route de Puy Saint-Pierre D35",
        "context": "Briançon, Hautes-Alpes",
        "citycode": "05023",
        "depcode": "05"
      }
    },
    {
      "type": "Feature",
      "geometry": {
        "type": "Point",
        "coordinates": [
          6.634587856,
          44.896522643
        ]
      },
      "properties": {
        "name": "Avenue Maurice Petsche / Rue Centrale",
        "context": "Briançon, Hautes-Alpes",
        "citycode": "05023",
        "depcode": "05"
      }
    },
    {
      "type": "Feature",
      "geometry": {
        "type": "Point",
        "coordinates": [
          6.63446389,
          44.896498794
        ]
      },
      "properties": {
        "name": "Avenue Maurice Petsche / Rue Evariste Chancel",
        "context": "Briançon, Hautes-Alpes",
        "citycode": "05023",
        "depcode": "05"
      }
    },
    {
      "type": "Feature",
      "geometry": {
        "type": "Point",
        "coordinates": [
          6.631540204,
          44.895400703
        ]
      },
      "properties": {
        "name": "Avenue René Froger / Avenue Maurice Petsche D2",
        "context": "Briançon, Hautes-Alpes",
        "citycode": "05023",
        "depcode": "05"
      }
    },
    {
      "type": "Feature",
      "geometry": {
        "type": "Point",
        "coordinates": [
          6.632529174,
          44.900614723
        ]
      },
      "properties": {
        "name": "Avenue René Froger / Rue du Champs de Tir",
        "context": "Briançon, Hautes-Alpes",
        "citycode": "05023",
        "depcode": "05"
      }
    },
    {
      "type": "Feature",
      "geometry": {
        "type": "Point",
        "coordinates": [
          6.632520736,
          44.900616353
        ]
      },
      "properties": {
        "name": "Avenue René Froger / Rue du Général Barbot",
        "context": "Briançon, Hautes-Alpes",
        "citycode": "05023",
        "depcode": "05"
      }
    },
    {
      "type": "Feature",
      "geometry": {
        "type": "Point",
        "coordinates": [
          6.644107802,
          44.900651803
        ]
      },
      "properties": {
        "name": "Avenue Vauban / Chemin de Ronde",
        "context": "Briançon, Hautes-Alpes",
        "citycode": "05023",
        "depcode": "05"
      }
    },
    {
      "type": "Feature",
      "geometry": {
        "type": "Point",
        "coordinates": [
          6.64366363,
          44.900875265
        ]
      },
      "properties": {
        "name": "Avenue Vauban / Rue Porte Dauphine",
        "context": "Briançon, Hautes-Alpes",
        "citycode": "05023",
        "depcode": "05"
      }
    },
    {
      "type": "Feature",
      "geometry": {
        "type": "Point",
        "coordinates": [
          6.643266689,
          44.901510484
        ]
      },
      "properties": {
        "name": "Champ de Mars N94 / Avenue Baldenberger N94",
        "context": "Briançon, Hautes-Alpes",
        "citycode": "05023",
        "depcode": "05"
      }
    },
    {
      "type": "Feature",
      "geometry": {
        "type": "Point",
        "coordinates": [
          6.643753216,
          44.901437602
        ]
      },
      "properties": {
        "name": "Champ de Mars N94 / Rond-Point du Champ de Mars",
        "context": "Briançon, Hautes-Alpes",
        "citycode": "05023",
        "depcode": "05"
      }
    },
    {
      "type": "Feature",
      "geometry": {
        "type": "Point",
        "coordinates": [
          6.646105586,
          44.901859014
        ]
      },
      "properties": {
        "name": "Champ de Mars N94 / Route d'Italie N94",
        "context": "Briançon, Hautes-Alpes",
        "citycode": "05023",
        "depcode": "05"
      }
    },
    {
      "type": "Feature",
      "geometry": {
        "type": "Point",
        "coordinates": [
          6.636446986,
          44.890148872
        ]
      },
      "properties": {
        "name": "Chemin de Chaix / Rue des Toulouzannes",
        "context": "Briançon, Hautes-Alpes",
        "citycode": "05023",
        "depcode": "05"
      }
    },
    {
      "type": "Feature",
      "geometry": {
        "type": "Point",
        "coordinates": [
          6.646921969,
          44.891359725
        ]
      },
      "properties": {
        "name": "Chemin de Fontchristiane / Avenue du Col d'Izoard D902",
        "context": "Briançon, Hautes-Alpes",
        "citycode": "05023",
        "depcode": "05"
      }
    },
    {
      "type": "Feature",
      "geometry": {
        "type": "Point",
        "coordinates": [
          6.641917593,
          44.891911156
        ]
      },
      "properties": {
        "name": "Chemin de Fontchristiane / Chemin de la Croix du Frene",
        "context": "Briançon, Hautes-Alpes",
        "citycode": "05023",
        "depcode": "05"
      }
    },
    {
      "type": "Feature",
      "geometry": {
        "type": "Point",
        "coordinates": [
          6.644604057,
          44.891093112
        ]
      },
      "properties": {
        "name": "Chemin de Fontchristiane / Chemin des Combes VC3",
        "context": "Briançon, Hautes-Alpes",
        "citycode": "05023",
        "depcode": "05"
      }
    },
    {
      "type": "Feature",
      "geometry": {
        "type": "Point",
        "coordinates": [
          6.650600925,
          44.891850657
        ]
      },
      "properties": {
        "name": "Chemin de Fontchristiane / Route du Fort des Tétes",
        "context": "Briançon, Hautes-Alpes",
        "citycode": "05023",
        "depcode": "05"
      }
    },
    {
      "type": "Feature",
      "geometry": {
        "type": "Point",
        "coordinates": [
          6.62795879,
          44.904395781
        ]
      },
      "properties": {
        "name": "Chemin de Fortvile D402 / Avenue du Dauphiné N94",
        "context": "Briançon, Hautes-Alpes",
        "citycode": "05023",
        "depcode": "05"
      }
    },
    {
      "type": "Feature",
      "geometry": {
        "type": "Point",
        "coordinates": [
          6.625657241,
          44.906955135
        ]
      },
      "properties": {
        "name": "Chemin de Fortvile D402 / Chemin de Fortville",
        "context": "Briançon, Hautes-Alpes",
        "citycode": "05023",
        "depcode": "05"
      }
    },
    {
      "type": "Feature",
      "geometry": {
        "type": "Point",
        "coordinates": [
          6.625656511,
          44.906951735
        ]
      },
      "properties": {
        "name": "Chemin de Fortvile D402 / Pont de la Ribière D402",
        "context": "Briançon, Hautes-Alpes",
        "citycode": "05023",
        "depcode": "05"
      }
    },
    {
      "type": "Feature",
      "geometry": {
        "type": "Point",
        "coordinates": [
          6.625998943,
          44.906673205
        ]
      },
      "properties": {
        "name": "Chemin de Fortvile D402 / Projet de Voie Verte Briançon - Le Lauzet",
        "context": "Briançon, Hautes-Alpes",
        "citycode": "05023",
        "depcode": "05"
      }
    },
    {
      "type": "Feature",
      "geometry": {
        "type": "Point",
        "coordinates": [
          6.622191761,
          44.909574679
        ]
      },
      "properties": {
        "name": "Chemin de Fortville / 14 Le Martinet",
        "context": "Briançon, Hautes-Alpes",
        "citycode": "05023",
        "depcode": "05"
      }
    },
    {
      "type": "Feature",
      "geometry": {
        "type": "Point",
        "coordinates": [
          6.624234916,
          44.911221125
        ]
      },
      "properties": {
        "name": "Chemin de Fortville / Avenue de Savoie D1091",
        "context": "Briançon, Hautes-Alpes",
        "citycode": "05023",
        "depcode": "05"
      }
    },
    {
      "type": "Feature",
      "geometry": {
        "type": "Point",
        "coordinates": [
          6.621513023,
          44.912110614
        ]
      },
      "properties": {
        "name": "Chemin de Fortville / Chemin de Serre de Maure",
        "context": "Briançon, Hautes-Alpes",
        "citycode": "05023",
        "depcode": "05"
      }
    },
    {
      "type": "Feature",
      "geometry": {
        "type": "Point",
        "coordinates": [
          6.625645444,
          44.906957746
        ]
      },
      "properties": {
        "name": "Chemin de Fortville / Pont de la Ribière D402",
        "context": "Briançon, Hautes-Alpes",
        "citycode": "05023",
        "depcode": "05"
      }
    },
    {
      "type": "Feature",
      "geometry": {
        "type": "Point",
        "coordinates": [
          6.623736604,
          44.908663575
        ]
      },
      "properties": {
        "name": "Chemin de Fortville / Projet de Voie Verte Briançon - Le Lauzet",
        "context": "Briançon, Hautes-Alpes",
        "citycode": "05023",
        "depcode": "05"
      }
    },
    {
      "type": "Feature",
      "geometry": {
        "type": "Point",
        "coordinates": [
          6.615222895,
          44.877995205
        ]
      },
      "properties": {
        "name": "Chemin de l'École / Chemin de Rif-Claret",
        "context": "Briançon, Hautes-Alpes",
        "citycode": "05023",
        "depcode": "05"
      }
    },
    {
      "type": "Feature",
      "geometry": {
        "type": "Point",
        "coordinates": [
          6.613270411,
          44.876028614
        ]
      },
      "properties": {
        "name": "Chemin de l'École / Route de Pierrefeu D235",
        "context": "Briançon, Hautes-Alpes",
        "citycode": "05023",
        "depcode": "05"
      }
    },
    {
      "type": "Feature",
      "geometry": {
        "type": "Point",
        "coordinates": [
          6.633376299,
          44.887139012
        ]
      },
      "properties": {
        "name": "Chemin de l'Emparre / Rond-Point Faure-Geors",
        "context": "Briançon, Hautes-Alpes",
        "citycode": "05023",
        "depcode": "05"
      }
    },
    {
      "type": "Feature",
      "geometry": {
        "type": "Point",
        "coordinates": [
          6.655265554,
          44.894953385
        ]
      },
      "properties": {
        "name": "Chemin de la Carrière / Chemin du Fort Dauphin",
        "context": "Briançon, Hautes-Alpes",
        "citycode": "05023",
        "depcode": "05"
      }
    },
    {
      "type": "Feature",
      "geometry": {
        "type": "Point",
        "coordinates": [
          6.638415054,
          44.893236079
        ]
      },
      "properties": {
        "name": "Chemin de la Croix du Frene / Avenue du Col d'Izoard D902",
        "context": "Briançon, Hautes-Alpes",
        "citycode": "05023",
        "depcode": "05"
      }
    },
    {
      "type": "Feature",
      "geometry": {
        "type": "Point",
        "coordinates": [
          6.637778331,
          44.893682176
        ]
      },
      "properties": {
        "name": "Chemin de la Croix du Frene / Rue des Toulouzannes",
        "context": "Briançon, Hautes-Alpes",
        "citycode": "05023",
        "depcode": "05"
      }
    },
    {
      "type": "Feature",
      "geometry": {
        "type": "Point",
        "coordinates": [
          6.639489858,
          44.891780861
        ]
      },
      "properties": {
        "name": "Chemin de la Croix du Frene / Rue du Lieutenant Miguet",
        "context": "Briançon, Hautes-Alpes",
        "citycode": "05023",
        "depcode": "05"
      }
    },
    {
      "type": "Feature",
      "geometry": {
        "type": "Point",
        "coordinates": [
          6.659649686,
          44.902260258
        ]
      },
      "properties": {
        "name": "Chemin de la Montagne / L'Envers du Fontenil VC12",
        "context": "Briançon, Hautes-Alpes",
        "citycode": "05023",
        "depcode": "05"
      }
    },
    {
      "type": "Feature",
      "geometry": {
        "type": "Point",
        "coordinates": [
          6.643651326,
          44.896845505
        ]
      },
      "properties": {
        "name": "Chemin de la Schappe / Via Ferrata L'Arête de la Schappe",
        "context": "Briançon, Hautes-Alpes",
        "citycode": "05023",
        "depcode": "05"
      }
    },
    {
      "type": "Feature",
      "geometry": {
        "type": "Point",
        "coordinates": [
          6.640643596,
          44.900586662
        ]
      },
      "properties": {
        "name": "Chemin de la Tour / Avenue de la Libération",
        "context": "Briançon, Hautes-Alpes",
        "citycode": "05023",
        "depcode": "05"
      }
    },
    {
      "type": "Feature",
      "geometry": {
        "type": "Point",
        "coordinates": [
          6.63660027,
          44.900969135
        ]
      },
      "properties": {
        "name": "Chemin de la Tour / Avenue du Lautaret Voiecommunale",
        "context": "Briançon, Hautes-Alpes",
        "citycode": "05023",
        "depcode": "05"
      }
    },
    {
      "type": "Feature",
      "geometry": {
        "type": "Point",
        "coordinates": [
          6.640655499,
          44.900588103
        ]
      },
      "properties": {
        "name": "Chemin de la Tour / Chemin du Barry",
        "context": "Briançon, Hautes-Alpes",
        "citycode": "05023",
        "depcode": "05"
      }
    },
    {
      "type": "Feature",
      "geometry": {
        "type": "Point",
        "coordinates": [
          6.634190591,
          44.901730542
        ]
      },
      "properties": {
        "name": "Chemin de la Tour / Rue du Champs de Tir",
        "context": "Briançon, Hautes-Alpes",
        "citycode": "05023",
        "depcode": "05"
      }
    },
    {
      "type": "Feature",
      "geometry": {
        "type": "Point",
        "coordinates": [
          6.631596323,
          44.902272082
        ]
      },
      "properties": {
        "name": "Chemin de la Tour / Rue du Général Barbot",
        "context": "Briançon, Hautes-Alpes",
        "citycode": "05023",
        "depcode": "05"
      }
    },
    {
      "type": "Feature",
      "geometry": {
        "type": "Point",
        "coordinates": [
          6.647548372,
          44.907232035
        ]
      },
      "properties": {
        "name": "Chemin de la Via Ferrata La Croix de Toulouse / Via ferrata de la Croix de Toulouse",
        "context": "Briançon, Hautes-Alpes",
        "citycode": "05023",
        "depcode": "05"
      }
    },
    {
      "type": "Feature",
      "geometry": {
        "type": "Point",
        "coordinates": [
          6.609291101,
          44.879156
        ]
      },
      "properties": {
        "name": "Chemin de la Vignette / Chemin de Rif-Claret",
        "context": "Briançon, Hautes-Alpes",
        "citycode": "05023",
        "depcode": "05"
      }
    },
    {
      "type": "Feature",
      "geometry": {
        "type": "Point",
        "coordinates": [
          6.609336516,
          44.879201792
        ]
      },
      "properties": {
        "name": "Chemin de la Vignette / Chemin la Vignette",
        "context": "Briançon, Hautes-Alpes",
        "citycode": "05023",
        "depcode": "05"
      }
    },
    {
      "type": "Feature",
      "geometry": {
        "type": "Point",
        "coordinates": [
          6.619868446,
          44.916955
        ]
      },
      "properties": {
        "name": "Chemin de Mas de Blais / Impasse du Mas des Cimes",
        "context": "Briançon, Hautes-Alpes",
        "citycode": "05023",
        "depcode": "05"
      }
    },
    {
      "type": "Feature",
      "geometry": {
        "type": "Point",
        "coordinates": [
          6.619963143,
          44.916914831
        ]
      },
      "properties": {
        "name": "Chemin de Mas de Blais / Rue Hameau de Mas de Blais",
        "context": "Briançon, Hautes-Alpes",
        "citycode": "05023",
        "depcode": "05"
      }
    },
    {
      "type": "Feature",
      "geometry": {
        "type": "Point",
        "coordinates": [
          6.612816808,
          44.878126897
        ]
      },
      "properties": {
        "name": "Chemin de Rif-Claret / Allée des Groseilliers",
        "context": "Briançon, Hautes-Alpes",
        "citycode": "05023",
        "depcode": "05"
      }
    },
    {
      "type": "Feature",
      "geometry": {
        "type": "Point",
        "coordinates": [
          6.615787413,
          44.877935156
        ]
      },
      "properties": {
        "name": "Chemin de Rif-Claret / Ancienne Route Nationale",
        "context": "Briançon, Hautes-Alpes",
        "citycode": "05023",
        "depcode": "05"
      }
    },
    {
      "type": "Feature",
      "geometry": {
        "type": "Point",
        "coordinates": [
          6.609114257,
          44.878962052
        ]
      },
      "properties": {
        "name": "Chemin de Rif-Claret / Chemin de la Grande Terre",
        "context": "Briançon, Hautes-Alpes",
        "citycode": "05023",
        "depcode": "05"
      }
    },
    {
      "type": "Feature",
      "geometry": {
        "type": "Point",
        "coordinates": [
          6.610216523,
          44.878120038
        ]
      },
      "properties": {
        "name": "Chemin de Rif-Claret / Chemin des Clapieres",
        "context": "Briançon, Hautes-Alpes",
        "citycode": "05023",
        "depcode": "05"
      }
    },
    {
      "type": "Feature",
      "geometry": {
        "type": "Point",
        "coordinates": [
          6.609245691,
          44.879110205
        ]
      },
      "properties": {
        "name": "Chemin de Rif-Claret / Chemin la Vignette",
        "context": "Briançon, Hautes-Alpes",
        "citycode": "05023",
        "depcode": "05"
      }
    },
    {
      "type": "Feature",
      "geometry": {
        "type": "Point",
        "coordinates": [
          6.615738885,
          44.877888395
        ]
      },
      "properties": {
        "name": "Chemin de Rif-Claret / Route Traversée de Saint-Blaise",
        "context": "Briançon, Hautes-Alpes",
        "citycode": "05023",
        "depcode": "05"
      }
    },
    {
      "type": "Feature",
      "geometry": {
        "type": "Point",
        "coordinates": [
          6.645036945,
          44.89876224
        ]
      },
      "properties": {
        "name": "Chemin de Ronde / Rue Aspirant Jan",
        "context": "Briançon, Hautes-Alpes",
        "citycode": "05023",
        "depcode": "05"
      }
    },
    {
      "type": "Feature",
      "geometry": {
        "type": "Point",
        "coordinates": [
          6.644355978,
          44.900512782
        ]
      },
      "properties": {
        "name": "Chemin de Ronde / Rue de Castres",
        "context": "Briançon, Hautes-Alpes",
        "citycode": "05023",
        "depcode": "05"
      }
    },
    {
      "type": "Feature",
      "geometry": {
        "type": "Point",
        "coordinates": [
          6.644486691,
          44.899906348
        ]
      },
      "properties": {
        "name": "Chemin de Ronde / Rue des Sentinelles",
        "context": "Briançon, Hautes-Alpes",
        "citycode": "05023",
        "depcode": "05"
      }
    },
    {
      "type": "Feature",
      "geometry": {
        "type": "Point",
        "coordinates": [
          6.61257601,
          44.876309986
        ]
      },
      "properties": {
        "name": "Chemin de Subeyran / Route de Pierrefeu D235",
        "context": "Briançon, Hautes-Alpes",
        "citycode": "05023",
        "depcode": "05"
      }
    },
    {
      "type": "Feature",
      "geometry": {
        "type": "Point",
        "coordinates": [
          6.610219925,
          44.878129006
        ]
      },
      "properties": {
        "name": "Chemin des Clapieres / Chemin de Rif-Claret",
        "context": "Briançon, Hautes-Alpes",
        "citycode": "05023",
        "depcode": "05"
      }
    },
    {
      "type": "Feature",
      "geometry": {
        "type": "Point",
        "coordinates": [
          6.646586315,
          44.903781267
        ]
      },
      "properties": {
        "name": "Chemin des Fontaines / Chemin des Salettes",
        "context": "Briançon, Hautes-Alpes",
        "citycode": "05023",
        "depcode": "05"
      }
    },
    {
      "type": "Feature",
      "geometry": {
        "type": "Point",
        "coordinates": [
          6.636541796,
          44.907047657
        ]
      },
      "properties": {
        "name": "Chemin des Fontaines / Sentier de Grande Racine",
        "context": "Briançon, Hautes-Alpes",
        "citycode": "05023",
        "depcode": "05"
      }
    },
    {
      "type": "Feature",
      "geometry": {
        "type": "Point",
        "coordinates": [
          6.641388606,
          44.90398434
        ]
      },
      "properties": {
        "name": "Chemin des Fontaines / Sentier du Bois de la Pinée",
        "context": "Briançon, Hautes-Alpes",
        "citycode": "05023",
        "depcode": "05"
      }
    },
    {
      "type": "Feature",
      "geometry": {
        "type": "Point",
        "coordinates": [
          6.640910049,
          44.897585219
        ]
      },
      "properties": {
        "name": "Chemin des Pommiers d'Antan / Chemin Vieux",
        "context": "Briançon, Hautes-Alpes",
        "citycode": "05023",
        "depcode": "05"
      }
    },
    {
      "type": "Feature",
      "geometry": {
        "type": "Point",
        "coordinates": [
          6.644934848,
          44.901516169
        ]
      },
      "properties": {
        "name": "Chemin des Salettes / Champ de Mars N94",
        "context": "Briançon, Hautes-Alpes",
        "citycode": "05023",
        "depcode": "05"
      }
    },
    {
      "type": "Feature",
      "geometry": {
        "type": "Point",
        "coordinates": [
          6.647362823,
          44.904060907
        ]
      },
      "properties": {
        "name": "Chemin des Salettes / Chemin de la Via Ferrata La Croix de Toulouse",
        "context": "Briançon, Hautes-Alpes",
        "citycode": "05023",
        "depcode": "05"
      }
    },
    {
      "type": "Feature",
      "geometry": {
        "type": "Point",
        "coordinates": [
          6.646546197,
          44.903760968
        ]
      },
      "properties": {
        "name": "Chemin des Salettes / Chemin des Fontaines",
        "context": "Briançon, Hautes-Alpes",
        "citycode": "05023",
        "depcode": "05"
      }
    },
    {
      "type": "Feature",
      "geometry": {
        "type": "Point",
        "coordinates": [
          6.659702941,
          44.900459464
        ]
      },
      "properties": {
        "name": "Chemin des Traverses / Chemin de la Peyra",
        "context": "Briançon, Hautes-Alpes",
        "citycode": "05023",
        "depcode": "05"
      }
    },
    {
      "type": "Feature",
      "geometry": {
        "type": "Point",
        "coordinates": [
          6.642521937,
          44.901678841
        ]
      },
      "properties": {
        "name": "Chemin du Barry / Avenue Baldenberger N94",
        "context": "Briançon, Hautes-Alpes",
        "citycode": "05023",
        "depcode": "05"
      }
    },
    {
      "type": "Feature",
      "geometry": {
        "type": "Point",
        "coordinates": [
          6.64103036,
          44.89997831
        ]
      },
      "properties": {
        "name": "Chemin du Barry / Avenue de la Libération",
        "context": "Briançon, Hautes-Alpes",
        "citycode": "05023",
        "depcode": "05"
      }
    },
    {
      "type": "Feature",
      "geometry": {
        "type": "Point",
        "coordinates": [
          6.614639042,
          44.878056134
        ]
      },
      "properties": {
        "name": "Chemin du Canal Boulin / Chemin de Rif-Claret",
        "context": "Briançon, Hautes-Alpes",
        "citycode": "05023",
        "depcode": "05"
      }
    },
    {
      "type": "Feature",
      "geometry": {
        "type": "Point",
        "coordinates": [
          6.61259365,
          44.876351105
        ]
      },
      "properties": {
        "name": "Chemin du Canal Boulin / Chemin de Subeyran",
        "context": "Briançon, Hautes-Alpes",
        "citycode": "05023",
        "depcode": "05"
      }
    },
    {
      "type": "Feature",
      "geometry": {
        "type": "Point",
        "coordinates": [
          6.612557528,
          44.876285106
        ]
      },
      "properties": {
        "name": "Chemin du Canal Boulin / Route de Pierrefeu D235",
        "context": "Briançon, Hautes-Alpes",
        "citycode": "05023",
        "depcode": "05"
      }
    },
    {
      "type": "Feature",
      "geometry": {
        "type": "Point",
        "coordinates": [
          6.637015043,
          44.886486271
        ]
      },
      "properties": {
        "name": "Chemin du Canal du Four / Rue Saint-Roch",
        "context": "Briançon, Hautes-Alpes",
        "citycode": "05023",
        "depcode": "05"
      }
    },
    {
      "type": "Feature",
      "geometry": {
        "type": "Point",
        "coordinates": [
          6.636974274,
          44.886542495
        ]
      },
      "properties": {
        "name": "Chemin du Canal du Four / Ruelle de l'Infernet",
        "context": "Briançon, Hautes-Alpes",
        "citycode": "05023",
        "depcode": "05"
      }
    },
    {
      "type": "Feature",
      "geometry": {
        "type": "Point",
        "coordinates": [
          6.637001098,
          44.886509951
        ]
      },
      "properties": {
        "name": "Chemin du Canal du Four / Ruelle du Four",
        "context": "Briançon, Hautes-Alpes",
        "citycode": "05023",
        "depcode": "05"
      }
    },
    {
      "type": "Feature",
      "geometry": {
        "type": "Point",
        "coordinates": [
          6.628211232,
          44.887010152
        ]
      },
      "properties": {
        "name": "Chemin du Centre d'Oxygénation / Chemin de L'Emparre",
        "context": "Briançon, Hautes-Alpes",
        "citycode": "05023",
        "depcode": "05"
      }
    },
    {
      "type": "Feature",
      "geometry": {
        "type": "Point",
        "coordinates": [
          6.627599282,
          44.887597261
        ]
      },
      "properties": {
        "name": "Chemin du Centre d'Oxygénation / Rue Jean Moulin",
        "context": "Briançon, Hautes-Alpes",
        "citycode": "05023",
        "depcode": "05"
      }
    },
    {
      "type": "Feature",
      "geometry": {
        "type": "Point",
        "coordinates": [
          6.655341253,
          44.895338181
        ]
      },
      "properties": {
        "name": "Chemin du Fort Dauphin / Chemin des Traverses",
        "context": "Briançon, Hautes-Alpes",
        "citycode": "05023",
        "depcode": "05"
      }
    },
    {
      "type": "Feature",
      "geometry": {
        "type": "Point",
        "coordinates": [
          6.621832784,
          44.914757159
        ]
      },
      "properties": {
        "name": "Chemin du Mas Blais / Chemin de Mas de Blais",
        "context": "Briançon, Hautes-Alpes",
        "citycode": "05023",
        "depcode": "05"
      }
    },
    {
      "type": "Feature",
      "geometry": {
        "type": "Point",
        "coordinates": [
          6.621853815,
          44.914734612
        ]
      },
      "properties": {
        "name": "Chemin du Mas Blais / Rue des Beignets",
        "context": "Briançon, Hautes-Alpes",
        "citycode": "05023",
        "depcode": "05"
      }
    },
    {
      "type": "Feature",
      "geometry": {
        "type": "Point",
        "coordinates": [
          6.624164902,
          44.911316083
        ]
      },
      "properties": {
        "name": "Chemin du Mas de Blais / Avenue de Savoie D1091",
        "context": "Briançon, Hautes-Alpes",
        "citycode": "05023",
        "depcode": "05"
      }
    },
    {
      "type": "Feature",
      "geometry": {
        "type": "Point",
        "coordinates": [
          6.624148622,
          44.911223376
        ]
      },
      "properties": {
        "name": "Chemin du Mas de Blais / Chemin de Fortville",
        "context": "Briançon, Hautes-Alpes",
        "citycode": "05023",
        "depcode": "05"
      }
    },
    {
      "type": "Feature",
      "geometry": {
        "type": "Point",
        "coordinates": [
          6.621850118,
          44.914745137
        ]
      },
      "properties": {
        "name": "Chemin du Mas de Blais / Chemin de Mas de Blais",
        "context": "Briançon, Hautes-Alpes",
        "citycode": "05023",
        "depcode": "05"
      }
    },
    {
      "type": "Feature",
      "geometry": {
        "type": "Point",
        "coordinates": [
          6.621877505,
          44.914723904
        ]
      },
      "properties": {
        "name": "Chemin du Mas de Blais / Chemin du Mas Blais",
        "context": "Briançon, Hautes-Alpes",
        "citycode": "05023",
        "depcode": "05"
      }
    },
    {
      "type": "Feature",
      "geometry": {
        "type": "Point",
        "coordinates": [
          6.62186697,
          44.914722408
        ]
      },
      "properties": {
        "name": "Chemin du Mas de Blais / Rue des Beignets",
        "context": "Briançon, Hautes-Alpes",
        "citycode": "05023",
        "depcode": "05"
      }
    },
    {
      "type": "Feature",
      "geometry": {
        "type": "Point",
        "coordinates": [
          6.622221928,
          44.914443964
        ]
      },
      "properties": {
        "name": "Chemin du Mas de Blais / Ruine de Mas de Blais",
        "context": "Briançon, Hautes-Alpes",
        "citycode": "05023",
        "depcode": "05"
      }
    },
    {
      "type": "Feature",
      "geometry": {
        "type": "Point",
        "coordinates": [
          6.634952006,
          44.885314326
        ]
      },
      "properties": {
        "name": "Chemin du Pont Baldy / Chemin de Jacomit",
        "context": "Briançon, Hautes-Alpes",
        "citycode": "05023",
        "depcode": "05"
      }
    },
    {
      "type": "Feature",
      "geometry": {
        "type": "Point",
        "coordinates": [
          6.636999902,
          44.885228732
        ]
      },
      "properties": {
        "name": "Chemin du Pont Baldy / Impasse Challe Coute",
        "context": "Briançon, Hautes-Alpes",
        "citycode": "05023",
        "depcode": "05"
      }
    },
    {
      "type": "Feature",
      "geometry": {
        "type": "Point",
        "coordinates": [
          6.634059635,
          44.885514682
        ]
      },
      "properties": {
        "name": "Chemin du Pont Baldy / Rue Joseph Silvestre D36",
        "context": "Briançon, Hautes-Alpes",
        "citycode": "05023",
        "depcode": "05"
      }
    },
    {
      "type": "Feature",
      "geometry": {
        "type": "Point",
        "coordinates": [
          6.630184303,
          44.903408762
        ]
      },
      "properties": {
        "name": "Chemin Fanton / Avenue du Dauphiné N94",
        "context": "Briançon, Hautes-Alpes",
        "citycode": "05023",
        "depcode": "05"
      }
    },
    {
      "type": "Feature",
      "geometry": {
        "type": "Point",
        "coordinates": [
          6.63018436,
          44.905308277
        ]
      },
      "properties": {
        "name": "Chemin Fanton / Avenue du Lautaret Voiecommunale",
        "context": "Briançon, Hautes-Alpes",
        "citycode": "05023",
        "depcode": "05"
      }
    },
    {
      "type": "Feature",
      "geometry": {
        "type": "Point",
        "coordinates": [
          6.630215231,
          44.886865957
        ]
      },
      "properties": {
        "name": "Chemin Lateral du Quai Militaire / Chemin de L'Emparre",
        "context": "Briançon, Hautes-Alpes",
        "citycode": "05023",
        "depcode": "05"
      }
    },
    {
      "type": "Feature",
      "geometry": {
        "type": "Point",
        "coordinates": [
          6.633360061,
          44.892795422
        ]
      },
      "properties": {
        "name": "Chemin Lateral du Quai Militaire / Rue Georges Bermond Gonnet",
        "context": "Briançon, Hautes-Alpes",
        "citycode": "05023",
        "depcode": "05"
      }
    },
    {
      "type": "Feature",
      "geometry": {
        "type": "Point",
        "coordinates": [
          6.641137869,
          44.899020138
        ]
      },
      "properties": {
        "name": "Chemin Vieux / Avenue de la Libération",
        "context": "Briançon, Hautes-Alpes",
        "citycode": "05023",
        "depcode": "05"
      }
    },
    {
      "type": "Feature",
      "geometry": {
        "type": "Point",
        "coordinates": [
          6.641151997,
          44.899013292
        ]
      },
      "properties": {
        "name": "Chemin Vieux / Avenue de la République",
        "context": "Briançon, Hautes-Alpes",
        "citycode": "05023",
        "depcode": "05"
      }
    },
    {
      "type": "Feature",
      "geometry": {
        "type": "Point",
        "coordinates": [
          6.640872954,
          44.897620256
        ]
      },
      "properties": {
        "name": "Chemin Vieux / Chemin des Pommiers d'Antan",
        "context": "Briançon, Hautes-Alpes",
        "citycode": "05023",
        "depcode": "05"
      }
    },
    {
      "type": "Feature",
      "geometry": {
        "type": "Point",
        "coordinates": [
          6.636600807,
          44.896189243
        ]
      },
      "properties": {
        "name": "Chemin Vieux / Impasse Gallice Bey",
        "context": "Briançon, Hautes-Alpes",
        "citycode": "05023",
        "depcode": "05"
      }
    },
    {
      "type": "Feature",
      "geometry": {
        "type": "Point",
        "coordinates": [
          6.63623436,
          44.896126009
        ]
      },
      "properties": {
        "name": "Chemin Vieux / Rue Centrale",
        "context": "Briançon, Hautes-Alpes",
        "citycode": "05023",
        "depcode": "05"
      }
    },
    {
      "type": "Feature",
      "geometry": {
        "type": "Point",
        "coordinates": [
          6.636136262,
          44.896138035
        ]
      },
      "properties": {
        "name": "Chemin Vieux / Rue Général Rostolland",
        "context": "Briançon, Hautes-Alpes",
        "citycode": "05023",
        "depcode": "05"
      }
    },
    {
      "type": "Feature",
      "geometry": {
        "type": "Point",
        "coordinates": [
          6.64409071,
          44.900648968
        ]
      },
      "properties": {
        "name": "Grande Gargouille / Avenue Vauban",
        "context": "Briançon, Hautes-Alpes",
        "citycode": "05023",
        "depcode": "05"
      }
    },
    {
      "type": "Feature",
      "geometry": {
        "type": "Point",
        "coordinates": [
          6.644109942,
          44.900645497
        ]
      },
      "properties": {
        "name": "Grande Gargouille / Chemin de Ronde",
        "context": "Briançon, Hautes-Alpes",
        "citycode": "05023",
        "depcode": "05"
      }
    },
    {
      "type": "Feature",
      "geometry": {
        "type": "Point",
        "coordinates": [
          6.642946538,
          44.898097121
        ]
      },
      "properties": {
        "name": "Grande Gargouille / Place Médecin Général Blanchard",
        "context": "Briançon, Hautes-Alpes",
        "citycode": "05023",
        "depcode": "05"
      }
    },
    {
      "type": "Feature",
      "geometry": {
        "type": "Point",
        "coordinates": [
          6.64402631,
          44.900546197
        ]
      },
      "properties": {
        "name": "Grande Gargouille / Rue de Castres",
        "context": "Briançon, Hautes-Alpes",
        "citycode": "05023",
        "depcode": "05"
      }
    },
    {
      "type": "Feature",
      "geometry": {
        "type": "Point",
        "coordinates": [
          6.643057074,
          44.898516958
        ]
      },
      "properties": {
        "name": "Grande Gargouille / Rue de Ran",
        "context": "Briançon, Hautes-Alpes",
        "citycode": "05023",
        "depcode": "05"
      }
    },
    {
      "type": "Feature",
      "geometry": {
        "type": "Point",
        "coordinates": [
          6.64346946,
          44.899806693
        ]
      },
      "properties": {
        "name": "Grande Gargouille / Rue Docteur Vagnat",
        "context": "Briançon, Hautes-Alpes",
        "citycode": "05023",
        "depcode": "05"
      }
    },
    {
      "type": "Feature",
      "geometry": {
        "type": "Point",
        "coordinates": [
          6.643160298,
          44.898632383
        ]
      },
      "properties": {
        "name": "Grande Gargouille / Rue Dom Chautard",
        "context": "Briançon, Hautes-Alpes",
        "citycode": "05023",
        "depcode": "05"
      }
    },
    {
      "type": "Feature",
      "geometry": {
        "type": "Point",
        "coordinates": [
          6.643383945,
          44.89937532
        ]
      },
      "properties": {
        "name": "Grande Gargouille / Rue du Pont d'Asfeld",
        "context": "Briançon, Hautes-Alpes",
        "citycode": "05023",
        "depcode": "05"
      }
    },
    {
      "type": "Feature",
      "geometry": {
        "type": "Point",
        "coordinates": [
          6.643910683,
          44.900488423
        ]
      },
      "properties": {
        "name": "Grande Gargouille / Rue du Temple",
        "context": "Briançon, Hautes-Alpes",
        "citycode": "05023",
        "depcode": "05"
      }
    },
    {
      "type": "Feature",
      "geometry": {
        "type": "Point",
        "coordinates": [
          6.642998159,
          44.89825518
        ]
      },
      "properties": {
        "name": "Grande Gargouille / Rue Louis Faure",
        "context": "Briançon, Hautes-Alpes",
        "citycode": "05023",
        "depcode": "05"
      }
    },
    {
      "type": "Feature",
      "geometry": {
        "type": "Point",
        "coordinates": [
          6.643351495,
          44.899384809
        ]
      },
      "properties": {
        "name": "Grande Gargouille / Rue Porte Méane",
        "context": "Briançon, Hautes-Alpes",
        "citycode": "05023",
        "depcode": "05"
      }
    },
    {
      "type": "Feature",
      "geometry": {
        "type": "Point",
        "coordinates": [
          6.643544093,
          44.899915324
        ]
      },
      "properties": {
        "name": "Grande Gargouille / Ruelle Jourdan",
        "context": "Briançon, Hautes-Alpes",
        "citycode": "05023",
        "depcode": "05"
      }
    },
    {
      "type": "Feature",
      "geometry": {
        "type": "Point",
        "coordinates": [
          6.657577135,
          44.90328672
        ]
      },
      "properties": {
        "name": "Hameau le Fontenil VC11 / D 302",
        "context": "Briançon, Hautes-Alpes",
        "citycode": "05023",
        "depcode": "05"
      }
    },
    {
      "type": "Feature",
      "geometry": {
        "type": "Point",
        "coordinates": [
          6.663779544,
          44.909706332
        ]
      },
      "properties": {
        "name": "Hameau le Fontenil VC11 / La Vignette - Croix Malade N94",
        "context": "Briançon, Hautes-Alpes",
        "citycode": "05023",
        "depcode": "05"
      }
    },
    {
      "type": "Feature",
      "geometry": {
        "type": "Point",
        "coordinates": [
          6.663878208,
          44.9097447
        ]
      },
      "properties": {
        "name": "Hameau le Fontenil VC11 / Les Gipières",
        "context": "Briançon, Hautes-Alpes",
        "citycode": "05023",
        "depcode": "05"
      }
    },
    {
      "type": "Feature",
      "geometry": {
        "type": "Point",
        "coordinates": [
          6.61126934,
          44.877976479
        ]
      },
      "properties": {
        "name": "Impasse de la Rura / Chemin de Rif-Claret",
        "context": "Briançon, Hautes-Alpes",
        "citycode": "05023",
        "depcode": "05"
      }
    },
    {
      "type": "Feature",
      "geometry": {
        "type": "Point",
        "coordinates": [
          6.63001335,
          44.900289985
        ]
      },
      "properties": {
        "name": "Impasse des Amis / Impasse Pic Jean Rey",
        "context": "Briançon, Hautes-Alpes",
        "citycode": "05023",
        "depcode": "05"
      }
    },
    {
      "type": "Feature",
      "geometry": {
        "type": "Point",
        "coordinates": [
          6.630185269,
          44.900337463
        ]
      },
      "properties": {
        "name": "Impasse des Amis / Lotissement Le Serre-Paix Sud",
        "context": "Briançon, Hautes-Alpes",
        "citycode": "05023",
        "depcode": "05"
      }
    },
    {
      "type": "Feature",
      "geometry": {
        "type": "Point",
        "coordinates": [
          6.619795109,
          44.917004867
        ]
      },
      "properties": {
        "name": "Impasse du Mas des Cimes / Chemin de Mas de Blais",
        "context": "Briançon, Hautes-Alpes",
        "citycode": "05023",
        "depcode": "05"
      }
    },
    {
      "type": "Feature",
      "geometry": {
        "type": "Point",
        "coordinates": [
          6.637732461,
          44.896091106
        ]
      },
      "properties": {
        "name": "Impasse Gallice Bey / Place Galice Bey",
        "context": "Briançon, Hautes-Alpes",
        "citycode": "05023",
        "depcode": "05"
      }
    },
    {
      "type": "Feature",
      "geometry": {
        "type": "Point",
        "coordinates": [
          6.636386073,
          44.896115564
        ]
      },
      "properties": {
        "name": "Impasse Gallice Bey / Rue Centrale",
        "context": "Briançon, Hautes-Alpes",
        "citycode": "05023",
        "depcode": "05"
      }
    },
    {
      "type": "Feature",
      "geometry": {
        "type": "Point",
        "coordinates": [
          6.630187516,
          44.900335628
        ]
      },
      "properties": {
        "name": "Impasse Pic Jean Rey / Lotissement Le Serre-Paix Sud",
        "context": "Briançon, Hautes-Alpes",
        "citycode": "05023",
        "depcode": "05"
      }
    },
    {
      "type": "Feature",
      "geometry": {
        "type": "Point",
        "coordinates": [
          6.627466264,
          44.911029393
        ]
      },
      "properties": {
        "name": "Jouglaret / Avenue Georges Pompidou",
        "context": "Briançon, Hautes-Alpes",
        "citycode": "05023",
        "depcode": "05"
      }
    },
    {
      "type": "Feature",
      "geometry": {
        "type": "Point",
        "coordinates": [
          6.635402684,
          44.896829652
        ]
      },
      "properties": {
        "name": "Le Passage / Avenue de la République",
        "context": "Briançon, Hautes-Alpes",
        "citycode": "05023",
        "depcode": "05"
      }
    },
    {
      "type": "Feature",
      "geometry": {
        "type": "Point",
        "coordinates": [
          6.657707417,
          44.903117004
        ]
      },
      "properties": {
        "name": "Le Pont du Fontenil / D 302",
        "context": "Briançon, Hautes-Alpes",
        "citycode": "05023",
        "depcode": "05"
      }
    },
    {
      "type": "Feature",
      "geometry": {
        "type": "Point",
        "coordinates": [
          6.657806119,
          44.902918345
        ]
      },
      "properties": {
        "name": "Le Pont du Fontenil / L'Envers du Fontenil VC12",
        "context": "Briançon, Hautes-Alpes",
        "citycode": "05023",
        "depcode": "05"
      }
    },
    {
      "type": "Feature",
      "geometry": {
        "type": "Point",
        "coordinates": [
          6.664038622,
          44.909766521
        ]
      },
      "properties": {
        "name": "Les Gipières / La Vignette - Croix Malade N94",
        "context": "Briançon, Hautes-Alpes",
        "citycode": "05023",
        "depcode": "05"
      }
    },
    {
      "type": "Feature",
      "geometry": {
        "type": "Point",
        "coordinates": [
          6.645337948,
          44.892658073
        ]
      },
      "properties": {
        "name": "Lotissement du Gueyt / Avenue du Col d'Izoard D902",
        "context": "Briançon, Hautes-Alpes",
        "citycode": "05023",
        "depcode": "05"
      }
    },
    {
      "type": "Feature",
      "geometry": {
        "type": "Point",
        "coordinates": [
          6.626673896,
          44.910320348
        ]
      },
      "properties": {
        "name": "Lotissement du Jouglaret / Avenue Georges Pompidou",
        "context": "Briançon, Hautes-Alpes",
        "citycode": "05023",
        "depcode": "05"
      }
    },
    {
      "type": "Feature",
      "geometry": {
        "type": "Point",
        "coordinates": [
          6.640832769,
          44.898131024
        ]
      },
      "properties": {
        "name": "Passage Dom Bosco / Chemin Vieux",
        "context": "Briançon, Hautes-Alpes",
        "citycode": "05023",
        "depcode": "05"
      }
    },
    {
      "type": "Feature",
      "geometry": {
        "type": "Point",
        "coordinates": [
          6.631087785,
          44.893074161
        ]
      },
      "properties": {
        "name": "Passage Jean Moulin / Avenue Jean Moulin D36b",
        "context": "Briançon, Hautes-Alpes",
        "citycode": "05023",
        "depcode": "05"
      }
    },
    {
      "type": "Feature",
      "geometry": {
        "type": "Point",
        "coordinates": [
          6.632617591,
          44.892574826
        ]
      },
      "properties": {
        "name": "Passage Jean Moulin / Rue Georges Bermond Gonnet",
        "context": "Briançon, Hautes-Alpes",
        "citycode": "05023",
        "depcode": "05"
      }
    },
    {
      "type": "Feature",
      "geometry": {
        "type": "Point",
        "coordinates": [
          6.625356041,
          44.886101099
        ]
      },
      "properties": {
        "name": "Piste Auto École / Avenue Jean Moulin D36b",
        "context": "Briançon, Hautes-Alpes",
        "citycode": "05023",
        "depcode": "05"
      }
    },
    {
      "type": "Feature",
      "geometry": {
        "type": "Point",
        "coordinates": [
          6.6350249,
          44.896777448
        ]
      },
      "properties": {
        "name": "Place de l'Europe / Avenue de la République",
        "context": "Briançon, Hautes-Alpes",
        "citycode": "05023",
        "depcode": "05"
      }
    },
    {
      "type": "Feature",
      "geometry": {
        "type": "Point",
        "coordinates": [
          6.634618323,
          44.896698117
        ]
      },
      "properties": {
        "name": "Place de l'Europe / Avenue du 159e RIA",
        "context": "Briançon, Hautes-Alpes",
        "citycode": "05023",
        "depcode": "05"
      }
    },
    {
      "type": "Feature",
      "geometry": {
        "type": "Point",
        "coordinates": [
          6.635298888,
          44.896925442
        ]
      },
      "properties": {
        "name": "Place de l'Europe / Le Passage",
        "context": "Briançon, Hautes-Alpes",
        "citycode": "05023",
        "depcode": "05"
      }
    },
    {
      "type": "Feature",
      "geometry": {
        "type": "Point",
        "coordinates": [
          6.634639616,
          44.89668605
        ]
      },
      "properties": {
        "name": "Place de l'Europe / Rond-Point de La Chaussée",
        "context": "Briançon, Hautes-Alpes",
        "citycode": "05023",
        "depcode": "05"
      }
    },
    {
      "type": "Feature",
      "geometry": {
        "type": "Point",
        "coordinates": [
          6.636515094,
          44.895784961
        ]
      },
      "properties": {
        "name": "Place Galice Bey / Rue Centrale",
        "context": "Briançon, Hautes-Alpes",
        "citycode": "05023",
        "depcode": "05"
      }
    },
    {
      "type": "Feature",
      "geometry": {
        "type": "Point",
        "coordinates": [
          6.647123768,
          44.898902476
        ]
      },
      "properties": {
        "name": "Pont d'Asfeld / Rue du Pont d'Asfeld",
        "context": "Briançon, Hautes-Alpes",
        "citycode": "05023",
        "depcode": "05"
      }
    },
    {
      "type": "Feature",
      "geometry": {
        "type": "Point",
        "coordinates": [
          6.625583593,
          44.906930429
        ]
      },
      "properties": {
        "name": "Pont de la Ribière D402 / Projet de Voie Verte Briançon - Le Lauzet",
        "context": "Briançon, Hautes-Alpes",
        "citycode": "05023",
        "depcode": "05"
      }
    },
    {
      "type": "Feature",
      "geometry": {
        "type": "Point",
        "coordinates": [
          6.625322111,
          44.906832986
        ]
      },
      "properties": {
        "name": "Pont de la Ribière D402 / Route de Chabas Pramorel D402",
        "context": "Briançon, Hautes-Alpes",
        "citycode": "05023",
        "depcode": "05"
      }
    },
    {
      "type": "Feature",
      "geometry": {
        "type": "Point",
        "coordinates": [
          6.633359413,
          44.894274651
        ]
      },
      "properties": {
        "name": "Pont Jean-Yves Dusserre D136 / Avenue Général de Gaulle D136",
        "context": "Briançon, Hautes-Alpes",
        "citycode": "05023",
        "depcode": "05"
      }
    },
    {
      "type": "Feature",
      "geometry": {
        "type": "Point",
        "coordinates": [
          6.633342122,
          44.89426984
        ]
      },
      "properties": {
        "name": "Pont Jean-Yves Dusserre D136 / Projet de Voie Verte Briançon - Le Monetier",
        "context": "Briançon, Hautes-Alpes",
        "citycode": "05023",
        "depcode": "05"
      }
    },
    {
      "type": "Feature",
      "geometry": {
        "type": "Point",
        "coordinates": [
          6.622151535,
          44.909548052
        ]
      },
      "properties": {
        "name": "Projet de Voie Verte Briançon - Le Lauzet / 14 Le Martinet",
        "context": "Briançon, Hautes-Alpes",
        "citycode": "05023",
        "depcode": "05"
      }
    },
    {
      "type": "Feature",
      "geometry": {
        "type": "Point",
        "coordinates": [
          6.630521298,
          44.8959077
        ]
      },
      "properties": {
        "name": "Projet de Voie Verte Briançon - Le Monetier / Voie verte Briançon - Le Monetier (partie réalisé)",
        "context": "Briançon, Hautes-Alpes",
        "citycode": "05023",
        "depcode": "05"
      }
    },
    {
      "type": "Feature",
      "geometry": {
        "type": "Point",
        "coordinates": [
          6.625911329,
          44.910504514
        ]
      },
      "properties": {
        "name": "Résidence de Savoie / Avenue Georges Pompidou",
        "context": "Briançon, Hautes-Alpes",
        "citycode": "05023",
        "depcode": "05"
      }
    },
    {
      "type": "Feature",
      "geometry": {
        "type": "Point",
        "coordinates": [
          6.634716821,
          44.896603574
        ]
      },
      "properties": {
        "name": "Rond-Point de La Chaussée / Avenue de la République",
        "context": "Briançon, Hautes-Alpes",
        "citycode": "05023",
        "depcode": "05"
      }
    },
    {
      "type": "Feature",
      "geometry": {
        "type": "Point",
        "coordinates": [
          6.634645645,
          44.896648664
        ]
      },
      "properties": {
        "name": "Rond-Point de La Chaussée / Avenue du 159e RIA",
        "context": "Briançon, Hautes-Alpes",
        "citycode": "05023",
        "depcode": "05"
      }
    },
    {
      "type": "Feature",
      "geometry": {
        "type": "Point",
        "coordinates": [
          6.634511339,
          44.896527867
        ]
      },
      "properties": {
        "name": "Rond-Point de La Chaussée / Avenue Maurice Petsche",
        "context": "Briançon, Hautes-Alpes",
        "citycode": "05023",
        "depcode": "05"
      }
    },
    {
      "type": "Feature",
      "geometry": {
        "type": "Point",
        "coordinates": [
          6.634693394,
          44.896643369
        ]
      },
      "properties": {
        "name": "Rond-Point de La Chaussée / Place de l'Europe",
        "context": "Briançon, Hautes-Alpes",
        "citycode": "05023",
        "depcode": "05"
      }
    },
    {
      "type": "Feature",
      "geometry": {
        "type": "Point",
        "coordinates": [
          6.634667647,
          44.89652652
        ]
      },
      "properties": {
        "name": "Rond-Point de La Chaussée / Rue Centrale",
        "context": "Briançon, Hautes-Alpes",
        "citycode": "05023",
        "depcode": "05"
      }
    },
    {
      "type": "Feature",
      "geometry": {
        "type": "Point",
        "coordinates": [
          6.63451774,
          44.896498927
        ]
      },
      "properties": {
        "name": "Rond-Point de La Chaussée / Rue Evariste Chancel",
        "context": "Briançon, Hautes-Alpes",
        "citycode": "05023",
        "depcode": "05"
      }
    },
    {
      "type": "Feature",
      "geometry": {
        "type": "Point",
        "coordinates": [
          6.637142673,
          44.887590572
        ]
      },
      "properties": {
        "name": "Rond-Point des Garçins / Les Jardins du Mélézin",
        "context": "Briançon, Hautes-Alpes",
        "citycode": "05023",
        "depcode": "05"
      }
    },
    {
      "type": "Feature",
      "geometry": {
        "type": "Point",
        "coordinates": [
          6.622795564,
          44.882082675
        ]
      },
      "properties": {
        "name": "Rond-Point du Chaberton (Fort des Nuages) / Avenue Jean Moulin D36b",
        "context": "Briançon, Hautes-Alpes",
        "citycode": "05023",
        "depcode": "05"
      }
    },
    {
      "type": "Feature",
      "geometry": {
        "type": "Point",
        "coordinates": [
          6.622670409,
          44.881940498
        ]
      },
      "properties": {
        "name": "Rond-Point du Chaberton (Fort des Nuages) / Route des Maisons Blanches D36b",
        "context": "Briançon, Hautes-Alpes",
        "citycode": "05023",
        "depcode": "05"
      }
    },
    {
      "type": "Feature",
      "geometry": {
        "type": "Point",
        "coordinates": [
          6.643893058,
          44.901504829
        ]
      },
      "properties": {
        "name": "Rond-Point du Champ de Mars / Champ de Mars N94",
        "context": "Briançon, Hautes-Alpes",
        "citycode": "05023",
        "depcode": "05"
      }
    },
    {
      "type": "Feature",
      "geometry": {
        "type": "Point",
        "coordinates": [
          6.643707616,
          44.901301231
        ]
      },
      "properties": {
        "name": "Rond-Point du Champ de Mars / Rue Porte Dauphine",
        "context": "Briançon, Hautes-Alpes",
        "citycode": "05023",
        "depcode": "05"
      }
    },
    {
      "type": "Feature",
      "geometry": {
        "type": "Point",
        "coordinates": [
          6.636911842,
          44.894953781
        ]
      },
      "properties": {
        "name": "Rond-Point du Queyras / Avenue du Col d'Izoard D902",
        "context": "Briançon, Hautes-Alpes",
        "citycode": "05023",
        "depcode": "05"
      }
    },
    {
      "type": "Feature",
      "geometry": {
        "type": "Point",
        "coordinates": [
          6.636884858,
          44.895139204
        ]
      },
      "properties": {
        "name": "Rond-Point du Queyras / Chemin de la Schappe",
        "context": "Briançon, Hautes-Alpes",
        "citycode": "05023",
        "depcode": "05"
      }
    },
    {
      "type": "Feature",
      "geometry": {
        "type": "Point",
        "coordinates": [
          6.636806004,
          44.895121623
        ]
      },
      "properties": {
        "name": "Rond-Point du Queyras / Rue Centrale",
        "context": "Briançon, Hautes-Alpes",
        "citycode": "05023",
        "depcode": "05"
      }
    },
    {
      "type": "Feature",
      "geometry": {
        "type": "Point",
        "coordinates": [
          6.636657223,
          44.895042917
        ]
      },
      "properties": {
        "name": "Rond-Point du Queyras / Rue du 4e Régiment de Tirailleurs Marocains",
        "context": "Briançon, Hautes-Alpes",
        "citycode": "05023",
        "depcode": "05"
      }
    },
    {
      "type": "Feature",
      "geometry": {
        "type": "Point",
        "coordinates": [
          6.636698704,
          44.894952088
        ]
      },
      "properties": {
        "name": "Rond-Point du Queyras / Rue Pasteur D36B",
        "context": "Briançon, Hautes-Alpes",
        "citycode": "05023",
        "depcode": "05"
      }
    },
    {
      "type": "Feature",
      "geometry": {
        "type": "Point",
        "coordinates": [
          6.633447741,
          44.88709995
        ]
      },
      "properties": {
        "name": "Rond-Point Faure-Geors / Chemin de l'Emparre",
        "context": "Briançon, Hautes-Alpes",
        "citycode": "05023",
        "depcode": "05"
      }
    },
    {
      "type": "Feature",
      "geometry": {
        "type": "Point",
        "coordinates": [
          6.633650975,
          44.887109502
        ]
      },
      "properties": {
        "name": "Rond-Point Faure-Geors / Rue Alfred Mondet",
        "context": "Briançon, Hautes-Alpes",
        "citycode": "05023",
        "depcode": "05"
      }
    },
    {
      "type": "Feature",
      "geometry": {
        "type": "Point",
        "coordinates": [
          6.633588396,
          44.887074814
        ]
      },
      "properties": {
        "name": "Rond-Point Faure-Geors / Rue Joseph Silvestre D36",
        "context": "Briançon, Hautes-Alpes",
        "citycode": "05023",
        "depcode": "05"
      }
    },
    {
      "type": "Feature",
      "geometry": {
        "type": "Point",
        "coordinates": [
          6.634463331,
          44.88923196
        ]
      },
      "properties": {
        "name": "Rond-Point Oronce Fine / Rue des Toulouzannes",
        "context": "Briançon, Hautes-Alpes",
        "citycode": "05023",
        "depcode": "05"
      }
    },
    {
      "type": "Feature",
      "geometry": {
        "type": "Point",
        "coordinates": [
          6.634293477,
          44.889182298
        ]
      },
      "properties": {
        "name": "Rond-Point Oronce Fine / Rue du Colonel Patrice Blanc",
        "context": "Briançon, Hautes-Alpes",
        "citycode": "05023",
        "depcode": "05"
      }
    },
    {
      "type": "Feature",
      "geometry": {
        "type": "Point",
        "coordinates": [
          6.634358661,
          44.889151714
        ]
      },
      "properties": {
        "name": "Rond-Point Oronce Fine / Rue Joseph Silvestre D36",
        "context": "Briançon, Hautes-Alpes",
        "citycode": "05023",
        "depcode": "05"
      }
    },
    {
      "type": "Feature",
      "geometry": {
        "type": "Point",
        "coordinates": [
          6.634265,
          44.889221054
        ]
      },
      "properties": {
        "name": "Rond-Point Oronce Fine / Rue Oronce Fine D136",
        "context": "Briançon, Hautes-Alpes",
        "citycode": "05023",
        "depcode": "05"
      }
    },
    {
      "type": "Feature",
      "geometry": {
        "type": "Point",
        "coordinates": [
          6.634351281,
          44.889264823
        ]
      },
      "properties": {
        "name": "Rond-Point Oronce Fine / Rue Pasteur exD36",
        "context": "Briançon, Hautes-Alpes",
        "citycode": "05023",
        "depcode": "05"
      }
    },
    {
      "type": "Feature",
      "geometry": {
        "type": "Point",
        "coordinates": [
          6.649752277,
          44.903030124
        ]
      },
      "properties": {
        "name": "Route d'Italie N94 / Chemin des Salettes",
        "context": "Briançon, Hautes-Alpes",
        "citycode": "05023",
        "depcode": "05"
      }
    },
    {
      "type": "Feature",
      "geometry": {
        "type": "Point",
        "coordinates": [
          6.62031207,
          44.908150454
        ]
      },
      "properties": {
        "name": "Route de Chabas Pramorel D402 / Sentier du Canal des Queyrelles",
        "context": "Briançon, Hautes-Alpes",
        "citycode": "05023",
        "depcode": "05"
      }
    },
    {
      "type": "Feature",
      "geometry": {
        "type": "Point",
        "coordinates": [
          6.610186664,
          44.916744309
        ]
      },
      "properties": {
        "name": "Route de Chabas Pramorel D402 / Sentier du Canal Neuf",
        "context": "Briançon, Hautes-Alpes",
        "citycode": "05023",
        "depcode": "05"
      }
    },
    {
      "type": "Feature",
      "geometry": {
        "type": "Point",
        "coordinates": [
          6.63012359,
          44.894714598
        ]
      },
      "properties": {
        "name": "Route de Gap N94 / Avenue de Provence N94",
        "context": "Briançon, Hautes-Alpes",
        "citycode": "05023",
        "depcode": "05"
      }
    },
    {
      "type": "Feature",
      "geometry": {
        "type": "Point",
        "coordinates": [
          6.630003471,
          44.894388675
        ]
      },
      "properties": {
        "name": "Route de Gap N94 / Route de Puy Saint-Pierre D35",
        "context": "Briançon, Hautes-Alpes",
        "citycode": "05023",
        "depcode": "05"
      }
    },
    {
      "type": "Feature",
      "geometry": {
        "type": "Point",
        "coordinates": [
          6.643181449,
          44.901599849
        ]
      },
      "properties": {
        "name": "Route de Grenoble / Avenue Baldenberger N94",
        "context": "Briançon, Hautes-Alpes",
        "citycode": "05023",
        "depcode": "05"
      }
    },
    {
      "type": "Feature",
      "geometry": {
        "type": "Point",
        "coordinates": [
          6.622499984,
          44.916467571
        ]
      },
      "properties": {
        "name": "Route de Grenoble / Avenue de Savoie D1091",
        "context": "Briançon, Hautes-Alpes",
        "citycode": "05023",
        "depcode": "05"
      }
    },
    {
      "type": "Feature",
      "geometry": {
        "type": "Point",
        "coordinates": [
          6.643398036,
          44.901531291
        ]
      },
      "properties": {
        "name": "Route de Grenoble / Champ de Mars N94",
        "context": "Briançon, Hautes-Alpes",
        "citycode": "05023",
        "depcode": "05"
      }
    },
    {
      "type": "Feature",
      "geometry": {
        "type": "Point",
        "coordinates": [
          6.63301804,
          44.907376948
        ]
      },
      "properties": {
        "name": "Route de Grenoble / Fournerotte",
        "context": "Briançon, Hautes-Alpes",
        "citycode": "05023",
        "depcode": "05"
      }
    },
    {
      "type": "Feature",
      "geometry": {
        "type": "Point",
        "coordinates": [
          6.643674424,
          44.901524854
        ]
      },
      "properties": {
        "name": "Route de Grenoble / Rond-Point du Champ de Mars",
        "context": "Briançon, Hautes-Alpes",
        "citycode": "05023",
        "depcode": "05"
      }
    },
    {
      "type": "Feature",
      "geometry": {
        "type": "Point",
        "coordinates": [
          6.624979447,
          44.914923651
        ]
      },
      "properties": {
        "name": "Route de Grenoble / Ruine de Fortville",
        "context": "Briançon, Hautes-Alpes",
        "citycode": "05023",
        "depcode": "05"
      }
    },
    {
      "type": "Feature",
      "geometry": {
        "type": "Point",
        "coordinates": [
          6.624165777,
          44.915224776
        ]
      },
      "properties": {
        "name": "Route de Grenoble / Ruine de Mas de Blais",
        "context": "Briançon, Hautes-Alpes",
        "citycode": "05023",
        "depcode": "05"
      }
    },
    {
      "type": "Feature",
      "geometry": {
        "type": "Point",
        "coordinates": [
          6.642038121,
          44.902142868
        ]
      },
      "properties": {
        "name": "Route de Grenoble / Traverse Paul Caire",
        "context": "Briançon, Hautes-Alpes",
        "citycode": "05023",
        "depcode": "05"
      }
    },
    {
      "type": "Feature",
      "geometry": {
        "type": "Point",
        "coordinates": [
          6.628115425,
          44.892743823
        ]
      },
      "properties": {
        "name": "Route de Puy Saint-Pierre D35 / Chemin de Bermondet",
        "context": "Briançon, Hautes-Alpes",
        "citycode": "05023",
        "depcode": "05"
      }
    },
    {
      "type": "Feature",
      "geometry": {
        "type": "Point",
        "coordinates": [
          6.622905171,
          44.88195482
        ]
      },
      "properties": {
        "name": "Route des Maisons Blanches D36b / Rond-Point du Chaberton (Fort des Nuages)",
        "context": "Briançon, Hautes-Alpes",
        "citycode": "05023",
        "depcode": "05"
      }
    },
    {
      "type": "Feature",
      "geometry": {
        "type": "Point",
        "coordinates": [
          6.624988938,
          44.883403687
        ]
      },
      "properties": {
        "name": "Route des Maisons Blanches / Rue des Couteliers",
        "context": "Briançon, Hautes-Alpes",
        "citycode": "05023",
        "depcode": "05"
      }
    },
    {
      "type": "Feature",
      "geometry": {
        "type": "Point",
        "coordinates": [
          6.632985617,
          44.884770746
        ]
      },
      "properties": {
        "name": "Route des Maisons Blanches / Rue Joseph Silvestre D36",
        "context": "Briançon, Hautes-Alpes",
        "citycode": "05023",
        "depcode": "05"
      }
    },
    {
      "type": "Feature",
      "geometry": {
        "type": "Point",
        "coordinates": [
          6.624665864,
          44.883148314
        ]
      },
      "properties": {
        "name": "Route des Maisons Blanches / Rue Mal de Lattre de Tassigny",
        "context": "Briançon, Hautes-Alpes",
        "citycode": "05023",
        "depcode": "05"
      }
    },
    {
      "type": "Feature",
      "geometry": {
        "type": "Point",
        "coordinates": [
          6.617616084,
          44.918444579
        ]
      },
      "properties": {
        "name": "Route du Clos Jouffrey / Allée du Poncet",
        "context": "Briançon, Hautes-Alpes",
        "citycode": "05023",
        "depcode": "05"
      }
    },
    {
      "type": "Feature",
      "geometry": {
        "type": "Point",
        "coordinates": [
          6.618996796,
          44.917223144
        ]
      },
      "properties": {
        "name": "Route du Clos Jouffrey / Chemin de Mas de Blais",
        "context": "Briançon, Hautes-Alpes",
        "citycode": "05023",
        "depcode": "05"
      }
    },
    {
      "type": "Feature",
      "geometry": {
        "type": "Point",
        "coordinates": [
          6.618142608,
          44.917851992
        ]
      },
      "properties": {
        "name": "Route du Clos Jouffrey / Impasse de la Dour",
        "context": "Briançon, Hautes-Alpes",
        "citycode": "05023",
        "depcode": "05"
      }
    },
    {
      "type": "Feature",
      "geometry": {
        "type": "Point",
        "coordinates": [
          6.646102483,
          44.90184927
        ]
      },
      "properties": {
        "name": "Route du Fontenil D302 / Champ de Mars N94",
        "context": "Briançon, Hautes-Alpes",
        "citycode": "05023",
        "depcode": "05"
      }
    },
    {
      "type": "Feature",
      "geometry": {
        "type": "Point",
        "coordinates": [
          6.65756461,
          44.903283646
        ]
      },
      "properties": {
        "name": "Route du Fontenil D302 / D 302",
        "context": "Briançon, Hautes-Alpes",
        "citycode": "05023",
        "depcode": "05"
      }
    },
    {
      "type": "Feature",
      "geometry": {
        "type": "Point",
        "coordinates": [
          6.657565196,
          44.903286824
        ]
      },
      "properties": {
        "name": "Route du Fontenil D302 / Hameau le Fontenil VC11",
        "context": "Briançon, Hautes-Alpes",
        "citycode": "05023",
        "depcode": "05"
      }
    },
    {
      "type": "Feature",
      "geometry": {
        "type": "Point",
        "coordinates": [
          6.646446736,
          44.901919553
        ]
      },
      "properties": {
        "name": "Route du Fontenil D302 / Route d'Italie N94",
        "context": "Briançon, Hautes-Alpes",
        "citycode": "05023",
        "depcode": "05"
      }
    },
    {
      "type": "Feature",
      "geometry": {
        "type": "Point",
        "coordinates": [
          6.65433875,
          44.894894536
        ]
      },
      "properties": {
        "name": "Route du Fort des Tétes / Chemin de la Carrière",
        "context": "Briançon, Hautes-Alpes",
        "citycode": "05023",
        "depcode": "05"
      }
    },
    {
      "type": "Feature",
      "geometry": {
        "type": "Point",
        "coordinates": [
          6.65378116,
          44.893869173
        ]
      },
      "properties": {
        "name": "Route du Fort des Tétes / Chemin du Randouillet",
        "context": "Briançon, Hautes-Alpes",
        "citycode": "05023",
        "depcode": "05"
      }
    },
    {
      "type": "Feature",
      "geometry": {
        "type": "Point",
        "coordinates": [
          6.654251829,
          44.894688238
        ]
      },
      "properties": {
        "name": "Route du Fort des Tétes / Route Stratégique du Secteur Est",
        "context": "Briançon, Hautes-Alpes",
        "citycode": "05023",
        "depcode": "05"
      }
    },
    {
      "type": "Feature",
      "geometry": {
        "type": "Point",
        "coordinates": [
          6.629832516,
          44.916082727
        ]
      },
      "properties": {
        "name": "Route du Pouët Ollagnier D232T / Chemin des Fontaines",
        "context": "Briançon, Hautes-Alpes",
        "citycode": "05023",
        "depcode": "05"
      }
    },
    {
      "type": "Feature",
      "geometry": {
        "type": "Point",
        "coordinates": [
          6.625154813,
          44.914875986
        ]
      },
      "properties": {
        "name": "Route du Pouët Ollagnier D232 / Route de Grenoble",
        "context": "Briançon, Hautes-Alpes",
        "citycode": "05023",
        "depcode": "05"
      }
    },
    {
      "type": "Feature",
      "geometry": {
        "type": "Point",
        "coordinates": [
          6.625254761,
          44.915563574
        ]
      },
      "properties": {
        "name": "Route du Pouët Ollagnier D232 / Route du Pouët Ollagnier D232T",
        "context": "Briançon, Hautes-Alpes",
        "citycode": "05023",
        "depcode": "05"
      }
    },
    {
      "type": "Feature",
      "geometry": {
        "type": "Point",
        "coordinates": [
          6.625057444,
          44.914949868
        ]
      },
      "properties": {
        "name": "Route du Pouët Ollagnier D232 / Ruine de Fortville",
        "context": "Briançon, Hautes-Alpes",
        "citycode": "05023",
        "depcode": "05"
      }
    },
    {
      "type": "Feature",
      "geometry": {
        "type": "Point",
        "coordinates": [
          6.625381937,
          44.915827953
        ]
      },
      "properties": {
        "name": "Route du Pouët Ollagnier D232T / Ruine de Mas de Blais",
        "context": "Briançon, Hautes-Alpes",
        "citycode": "05023",
        "depcode": "05"
      }
    },
    {
      "type": "Feature",
      "geometry": {
        "type": "Point",
        "coordinates": [
          6.633454518,
          44.915461327
        ]
      },
      "properties": {
        "name": "Route du Pouët Ollagnier D232T / Sentier de Grande Racine",
        "context": "Briançon, Hautes-Alpes",
        "citycode": "05023",
        "depcode": "05"
      }
    },
    {
      "type": "Feature",
      "geometry": {
        "type": "Point",
        "coordinates": [
          6.654410588,
          44.890812666
        ]
      },
      "properties": {
        "name": "Route Stratégique du Secteur Est / Chemin du Randouillet",
        "context": "Briançon, Hautes-Alpes",
        "citycode": "05023",
        "depcode": "05"
      }
    },
    {
      "type": "Feature",
      "geometry": {
        "type": "Point",
        "coordinates": [
          6.6158796,
          44.8780143
        ]
      },
      "properties": {
        "name": "Route Traversée de Chamandrin / Ancienne Route Nationale",
        "context": "Briançon, Hautes-Alpes",
        "citycode": "05023",
        "depcode": "05"
      }
    },
    {
      "type": "Feature",
      "geometry": {
        "type": "Point",
        "coordinates": [
          6.61585745,
          44.87799105
        ]
      },
      "properties": {
        "name": "Route Traversée de Chamandrin / Route Traversée de Saint-Blaise",
        "context": "Briançon, Hautes-Alpes",
        "citycode": "05023",
        "depcode": "05"
      }
    },
    {
      "type": "Feature",
      "geometry": {
        "type": "Point",
        "coordinates": [
          6.614093046,
          44.876188908
        ]
      },
      "properties": {
        "name": "Route Traversée de Saint-Blaise / Route de Pierrefeu D235",
        "context": "Briançon, Hautes-Alpes",
        "citycode": "05023",
        "depcode": "05"
      }
    },
    {
      "type": "Feature",
      "geometry": {
        "type": "Point",
        "coordinates": [
          6.633670014,
          44.887147546
        ]
      },
      "properties": {
        "name": "Rue Alfred Mondet / Rond-Point Faure-Geors",
        "context": "Briançon, Hautes-Alpes",
        "citycode": "05023",
        "depcode": "05"
      }
    },
    {
      "type": "Feature",
      "geometry": {
        "type": "Point",
        "coordinates": [
          6.633658409,
          44.887135871
        ]
      },
      "properties": {
        "name": "Rue Alfred Mondet / Rue Joseph Silvestre D36",
        "context": "Briançon, Hautes-Alpes",
        "citycode": "05023",
        "depcode": "05"
      }
    },
    {
      "type": "Feature",
      "geometry": {
        "type": "Point",
        "coordinates": [
          6.636195762,
          44.89611747
        ]
      },
      "properties": {
        "name": "Rue Alphand / Chemin Vieux",
        "context": "Briançon, Hautes-Alpes",
        "citycode": "05023",
        "depcode": "05"
      }
    },
    {
      "type": "Feature",
      "geometry": {
        "type": "Point",
        "coordinates": [
          6.63304186,
          44.895101954
        ]
      },
      "properties": {
        "name": "Rue Alphand / Projet de Voie Verte Briançon - Le Monetier",
        "context": "Briançon, Hautes-Alpes",
        "citycode": "05023",
        "depcode": "05"
      }
    },
    {
      "type": "Feature",
      "geometry": {
        "type": "Point",
        "coordinates": [
          6.63615768,
          44.896104439
        ]
      },
      "properties": {
        "name": "Rue Alphand / Rue Centrale",
        "context": "Briançon, Hautes-Alpes",
        "citycode": "05023",
        "depcode": "05"
      }
    },
    {
      "type": "Feature",
      "geometry": {
        "type": "Point",
        "coordinates": [
          6.634979524,
          44.895645591
        ]
      },
      "properties": {
        "name": "Rue Alphand / Rue du Docteur",
        "context": "Briançon, Hautes-Alpes",
        "citycode": "05023",
        "depcode": "05"
      }
    },
    {
      "type": "Feature",
      "geometry": {
        "type": "Point",
        "coordinates": [
          6.634976672,
          44.895671704
        ]
      },
      "properties": {
        "name": "Rue Alphand / Rue Evariste Chancel",
        "context": "Briançon, Hautes-Alpes",
        "citycode": "05023",
        "depcode": "05"
      }
    },
    {
      "type": "Feature",
      "geometry": {
        "type": "Point",
        "coordinates": [
          6.636101825,
          44.896120696
        ]
      },
      "properties": {
        "name": "Rue Alphand / Rue Général Rostolland",
        "context": "Briançon, Hautes-Alpes",
        "citycode": "05023",
        "depcode": "05"
      }
    },
    {
      "type": "Feature",
      "geometry": {
        "type": "Point",
        "coordinates": [
          6.633058935,
          44.895120192
        ]
      },
      "properties": {
        "name": "Rue Alphand / Rue Moulin",
        "context": "Briançon, Hautes-Alpes",
        "citycode": "05023",
        "depcode": "05"
      }
    },
    {
      "type": "Feature",
      "geometry": {
        "type": "Point",
        "coordinates": [
          6.643919721,
          44.897861231
        ]
      },
      "properties": {
        "name": "Rue Aspirant Jan / Place Médecin Général Blanchard",
        "context": "Briançon, Hautes-Alpes",
        "citycode": "05023",
        "depcode": "05"
      }
    },
    {
      "type": "Feature",
      "geometry": {
        "type": "Point",
        "coordinates": [
          6.645406496,
          44.897857939
        ]
      },
      "properties": {
        "name": "Rue Aspirant Jan / Rue du Pont d'Asfeld",
        "context": "Briançon, Hautes-Alpes",
        "citycode": "05023",
        "depcode": "05"
      }
    },
    {
      "type": "Feature",
      "geometry": {
        "type": "Point",
        "coordinates": [
          6.64129247,
          44.899365547
        ]
      },
      "properties": {
        "name": "Rue Aspirant Jean / Avenue de la Libération",
        "context": "Briançon, Hautes-Alpes",
        "citycode": "05023",
        "depcode": "05"
      }
    },
    {
      "type": "Feature",
      "geometry": {
        "type": "Point",
        "coordinates": [
          6.64136286,
          44.899130578
        ]
      },
      "properties": {
        "name": "Rue Aspirant Jean / Avenue de la République",
        "context": "Briançon, Hautes-Alpes",
        "citycode": "05023",
        "depcode": "05"
      }
    },
    {
      "type": "Feature",
      "geometry": {
        "type": "Point",
        "coordinates": [
          6.634362617,
          44.897128579
        ]
      },
      "properties": {
        "name": "Rue Barthélémy Chaix / Avenue du 159e RIA",
        "context": "Briançon, Hautes-Alpes",
        "citycode": "05023",
        "depcode": "05"
      }
    },
    {
      "type": "Feature",
      "geometry": {
        "type": "Point",
        "coordinates": [
          6.633843521,
          44.89866229
        ]
      },
      "properties": {
        "name": "Rue Barthélémy Chaix / Square de Narwik",
        "context": "Briançon, Hautes-Alpes",
        "citycode": "05023",
        "depcode": "05"
      }
    },
    {
      "type": "Feature",
      "geometry": {
        "type": "Point",
        "coordinates": [
          6.634723576,
          44.896563636
        ]
      },
      "properties": {
        "name": "Rue Centrale / Avenue de la République",
        "context": "Briançon, Hautes-Alpes",
        "citycode": "05023",
        "depcode": "05"
      }
    },
    {
      "type": "Feature",
      "geometry": {
        "type": "Point",
        "coordinates": [
          6.636880493,
          44.895184509
        ]
      },
      "properties": {
        "name": "Rue Centrale / Chemin de la Schappe",
        "context": "Briançon, Hautes-Alpes",
        "citycode": "05023",
        "depcode": "05"
      }
    },
    {
      "type": "Feature",
      "geometry": {
        "type": "Point",
        "coordinates": [
          6.634646125,
          44.896545979
        ]
      },
      "properties": {
        "name": "Rue Centrale / Rond-Point de La Chaussée",
        "context": "Briançon, Hautes-Alpes",
        "citycode": "05023",
        "depcode": "05"
      }
    },
    {
      "type": "Feature",
      "geometry": {
        "type": "Point",
        "coordinates": [
          6.636745837,
          44.895334588
        ]
      },
      "properties": {
        "name": "Rue Centrale / Traverse Alphand",
        "context": "Briançon, Hautes-Alpes",
        "citycode": "05023",
        "depcode": "05"
      }
    },
    {
      "type": "Feature",
      "geometry": {
        "type": "Point",
        "coordinates": [
          6.642710715,
          44.899513181
        ]
      },
      "properties": {
        "name": "Rue Commandant Carlhan / Rue Porte Méane",
        "context": "Briançon, Hautes-Alpes",
        "citycode": "05023",
        "depcode": "05"
      }
    },
    {
      "type": "Feature",
      "geometry": {
        "type": "Point",
        "coordinates": [
          6.644052282,
          44.900603867
        ]
      },
      "properties": {
        "name": "Rue de Castres / Avenue Vauban",
        "context": "Briançon, Hautes-Alpes",
        "citycode": "05023",
        "depcode": "05"
      }
    },
    {
      "type": "Feature",
      "geometry": {
        "type": "Point",
        "coordinates": [
          6.644160247,
          44.900552039
        ]
      },
      "properties": {
        "name": "Rue de Castres / Chemin de Ronde",
        "context": "Briançon, Hautes-Alpes",
        "citycode": "05023",
        "depcode": "05"
      }
    },
    {
      "type": "Feature",
      "geometry": {
        "type": "Point",
        "coordinates": [
          6.644210315,
          44.900416674
        ]
      },
      "properties": {
        "name": "Rue de Castres / Rue du Son du Serre",
        "context": "Briançon, Hautes-Alpes",
        "citycode": "05023",
        "depcode": "05"
      }
    },
    {
      "type": "Feature",
      "geometry": {
        "type": "Point",
        "coordinates": [
          6.644018753,
          44.899642221
        ]
      },
      "properties": {
        "name": "Rue de Castres / Rue Haute de Castres",
        "context": "Briançon, Hautes-Alpes",
        "citycode": "05023",
        "depcode": "05"
      }
    },
    {
      "type": "Feature",
      "geometry": {
        "type": "Point",
        "coordinates": [
          6.644058143,
          44.898893812
        ]
      },
      "properties": {
        "name": "Rue de la Manutention / Rue du Pont d'Asfeld",
        "context": "Briançon, Hautes-Alpes",
        "citycode": "05023",
        "depcode": "05"
      }
    },
    {
      "type": "Feature",
      "geometry": {
        "type": "Point",
        "coordinates": [
          6.636323648,
          44.894276756
        ]
      },
      "properties": {
        "name": "Rue de la Soie D36B / Rue Pasteur exD36",
        "context": "Briançon, Hautes-Alpes",
        "citycode": "05023",
        "depcode": "05"
      }
    },
    {
      "type": "Feature",
      "geometry": {
        "type": "Point",
        "coordinates": [
          6.643322632,
          44.898083873
        ]
      },
      "properties": {
        "name": "Rue de Roche / Place Médecin Général Blanchard",
        "context": "Briançon, Hautes-Alpes",
        "citycode": "05023",
        "depcode": "05"
      }
    },
    {
      "type": "Feature",
      "geometry": {
        "type": "Point",
        "coordinates": [
          6.643946042,
          44.899597924
        ]
      },
      "properties": {
        "name": "Rue de Roche / Rue de Castres",
        "context": "Briançon, Hautes-Alpes",
        "citycode": "05023",
        "depcode": "05"
      }
    },
    {
      "type": "Feature",
      "geometry": {
        "type": "Point",
        "coordinates": [
          6.643531462,
          44.898546065
        ]
      },
      "properties": {
        "name": "Rue de Roche / Rue Dom Chautard",
        "context": "Briançon, Hautes-Alpes",
        "citycode": "05023",
        "depcode": "05"
      }
    },
    {
      "type": "Feature",
      "geometry": {
        "type": "Point",
        "coordinates": [
          6.643716887,
          44.899299145
        ]
      },
      "properties": {
        "name": "Rue de Roche / Rue du Pont d'Asfeld",
        "context": "Briançon, Hautes-Alpes",
        "citycode": "05023",
        "depcode": "05"
      }
    },
    {
      "type": "Feature",
      "geometry": {
        "type": "Point",
        "coordinates": [
          6.643973007,
          44.89959157
        ]
      },
      "properties": {
        "name": "Rue de Roche / Rue Haute de Castres",
        "context": "Briançon, Hautes-Alpes",
        "citycode": "05023",
        "depcode": "05"
      }
    },
    {
      "type": "Feature",
      "geometry": {
        "type": "Point",
        "coordinates": [
          6.62714191,
          44.883640465
        ]
      },
      "properties": {
        "name": "Rue des Barbiers / Route des Maisons Blanches",
        "context": "Briançon, Hautes-Alpes",
        "citycode": "05023",
        "depcode": "05"
      }
    },
    {
      "type": "Feature",
      "geometry": {
        "type": "Point",
        "coordinates": [
          6.628587291,
          44.886147715
        ]
      },
      "properties": {
        "name": "Rue des Barbiers / Rue des Lampiers",
        "context": "Briançon, Hautes-Alpes",
        "citycode": "05023",
        "depcode": "05"
      }
    },
    {
      "type": "Feature",
      "geometry": {
        "type": "Point",
        "coordinates": [
          6.621827461,
          44.914752215
        ]
      },
      "properties": {
        "name": "Rue des Beignets / Chemin de Mas de Blais",
        "context": "Briançon, Hautes-Alpes",
        "citycode": "05023",
        "depcode": "05"
      }
    },
    {
      "type": "Feature",
      "geometry": {
        "type": "Point",
        "coordinates": [
          6.625156401,
          44.883403463
        ]
      },
      "properties": {
        "name": "Rue des Couteliers / Route des Maisons Blanches",
        "context": "Briançon, Hautes-Alpes",
        "citycode": "05023",
        "depcode": "05"
      }
    },
    {
      "type": "Feature",
      "geometry": {
        "type": "Point",
        "coordinates": [
          6.627288116,
          44.886246366
        ]
      },
      "properties": {
        "name": "Rue des Couteliers / Rue des Lampiers",
        "context": "Briançon, Hautes-Alpes",
        "citycode": "05023",
        "depcode": "05"
      }
    },
    {
      "type": "Feature",
      "geometry": {
        "type": "Point",
        "coordinates": [
          6.62582197,
          44.886590764
        ]
      },
      "properties": {
        "name": "Rue des Lampiers / Avenue Jean Moulin D36b",
        "context": "Briançon, Hautes-Alpes",
        "citycode": "05023",
        "depcode": "05"
      }
    },
    {
      "type": "Feature",
      "geometry": {
        "type": "Point",
        "coordinates": [
          6.625816769,
          44.886613192
        ]
      },
      "properties": {
        "name": "Rue des Lampiers / Piste Auto École",
        "context": "Briançon, Hautes-Alpes",
        "citycode": "05023",
        "depcode": "05"
      }
    },
    {
      "type": "Feature",
      "geometry": {
        "type": "Point",
        "coordinates": [
          6.636908973,
          44.886916039
        ]
      },
      "properties": {
        "name": "Rue des Lapins / Ruelle de l'Infernet",
        "context": "Briançon, Hautes-Alpes",
        "citycode": "05023",
        "depcode": "05"
      }
    },
    {
      "type": "Feature",
      "geometry": {
        "type": "Point",
        "coordinates": [
          6.632846642,
          44.884054048
        ]
      },
      "properties": {
        "name": "Rue des Preyts Riboix / Rue Joseph Silvestre D36",
        "context": "Briançon, Hautes-Alpes",
        "citycode": "05023",
        "depcode": "05"
      }
    },
    {
      "type": "Feature",
      "geometry": {
        "type": "Point",
        "coordinates": [
          6.632837125,
          44.883968262
        ]
      },
      "properties": {
        "name": "Rue des Preyts Riboix / rue Joseph Sylvestre",
        "context": "Briançon, Hautes-Alpes",
        "citycode": "05023",
        "depcode": "05"
      }
    },
    {
      "type": "Feature",
      "geometry": {
        "type": "Point",
        "coordinates": [
          6.630383068,
          44.882925176
        ]
      },
      "properties": {
        "name": "Rue des Preyts Riboix / Ruelle de Bramefan",
        "context": "Briançon, Hautes-Alpes",
        "citycode": "05023",
        "depcode": "05"
      }
    },
    {
      "type": "Feature",
      "geometry": {
        "type": "Point",
        "coordinates": [
          6.625725104,
          44.880938981
        ]
      },
      "properties": {
        "name": "Rue des Tabellions / La Sagne",
        "context": "Briançon, Hautes-Alpes",
        "citycode": "05023",
        "depcode": "05"
      }
    },
    {
      "type": "Feature",
      "geometry": {
        "type": "Point",
        "coordinates": [
          6.625294606,
          44.88278437
        ]
      },
      "properties": {
        "name": "Rue des Tabellions / Rue des Veloutiers",
        "context": "Briançon, Hautes-Alpes",
        "citycode": "05023",
        "depcode": "05"
      }
    },
    {
      "type": "Feature",
      "geometry": {
        "type": "Point",
        "coordinates": [
          6.637723513,
          44.893577594
        ]
      },
      "properties": {
        "name": "Rue des Toulouzannes / Avenue du Col d'Izoard D902",
        "context": "Briançon, Hautes-Alpes",
        "citycode": "05023",
        "depcode": "05"
      }
    },
    {
      "type": "Feature",
      "geometry": {
        "type": "Point",
        "coordinates": [
          6.636144116,
          44.889848712
        ]
      },
      "properties": {
        "name": "Rue des Toulouzannes / Chemin de Chaix",
        "context": "Briançon, Hautes-Alpes",
        "citycode": "05023",
        "depcode": "05"
      }
    },
    {
      "type": "Feature",
      "geometry": {
        "type": "Point",
        "coordinates": [
          6.634434354,
          44.889169237
        ]
      },
      "properties": {
        "name": "Rue des Toulouzannes / Rond-Point Oronce Fine",
        "context": "Briançon, Hautes-Alpes",
        "citycode": "05023",
        "depcode": "05"
      }
    },
    {
      "type": "Feature",
      "geometry": {
        "type": "Point",
        "coordinates": [
          6.634397024,
          44.889139113
        ]
      },
      "properties": {
        "name": "Rue des Toulouzannes / Rue Joseph Silvestre D36",
        "context": "Briançon, Hautes-Alpes",
        "citycode": "05023",
        "depcode": "05"
      }
    },
    {
      "type": "Feature",
      "geometry": {
        "type": "Point",
        "coordinates": [
          6.634411207,
          44.889261683
        ]
      },
      "properties": {
        "name": "Rue des Toulouzannes / Rue Pasteur exD36",
        "context": "Briançon, Hautes-Alpes",
        "citycode": "05023",
        "depcode": "05"
      }
    },
    {
      "type": "Feature",
      "geometry": {
        "type": "Point",
        "coordinates": [
          6.624015374,
          44.881776951
        ]
      },
      "properties": {
        "name": "Rue des Veloutiers / 2",
        "context": "Briançon, Hautes-Alpes",
        "citycode": "05023",
        "depcode": "05"
      }
    },
    {
      "type": "Feature",
      "geometry": {
        "type": "Point",
        "coordinates": [
          6.623977297,
          44.881768619
        ]
      },
      "properties": {
        "name": "Rue des Veloutiers / 3",
        "context": "Briançon, Hautes-Alpes",
        "citycode": "05023",
        "depcode": "05"
      }
    },
    {
      "type": "Feature",
      "geometry": {
        "type": "Point",
        "coordinates": [
          6.62292229,
          44.881893008
        ]
      },
      "properties": {
        "name": "Rue des Veloutiers / Rond-Point du Chaberton (Fort des Nuages)",
        "context": "Briançon, Hautes-Alpes",
        "citycode": "05023",
        "depcode": "05"
      }
    },
    {
      "type": "Feature",
      "geometry": {
        "type": "Point",
        "coordinates": [
          6.622927522,
          44.881894303
        ]
      },
      "properties": {
        "name": "Rue des Veloutiers / Route des Maisons Blanches D36b",
        "context": "Briançon, Hautes-Alpes",
        "citycode": "05023",
        "depcode": "05"
      }
    },
    {
      "type": "Feature",
      "geometry": {
        "type": "Point",
        "coordinates": [
          6.64350724,
          44.899860155
        ]
      },
      "properties": {
        "name": "Rue Docteur Vagnat / Ruelle Jourdan",
        "context": "Briançon, Hautes-Alpes",
        "citycode": "05023",
        "depcode": "05"
      }
    },
    {
      "type": "Feature",
      "geometry": {
        "type": "Point",
        "coordinates": [
          6.643536813,
          44.898560173
        ]
      },
      "properties": {
        "name": "Rue Dom Chautard / Rue de Roche",
        "context": "Briançon, Hautes-Alpes",
        "citycode": "05023",
        "depcode": "05"
      }
    },
    {
      "type": "Feature",
      "geometry": {
        "type": "Point",
        "coordinates": [
          6.636741133,
          44.895072337
        ]
      },
      "properties": {
        "name": "Rue du 4e Régiment de Tirailleurs Marocains / Rue Centrale",
        "context": "Briançon, Hautes-Alpes",
        "citycode": "05023",
        "depcode": "05"
      }
    },
    {
      "type": "Feature",
      "geometry": {
        "type": "Point",
        "coordinates": [
          6.635577713,
          44.894790962
        ]
      },
      "properties": {
        "name": "Rue du 4e Régiment de Tirailleurs Marocains / Rue du Docteur",
        "context": "Briançon, Hautes-Alpes",
        "citycode": "05023",
        "depcode": "05"
      }
    },
    {
      "type": "Feature",
      "geometry": {
        "type": "Point",
        "coordinates": [
          6.636686832,
          44.895002986
        ]
      },
      "properties": {
        "name": "Rue du 4e Régiment de Tirailleurs Marocains / Rue Pasteur D36B",
        "context": "Briançon, Hautes-Alpes",
        "citycode": "05023",
        "depcode": "05"
      }
    },
    {
      "type": "Feature",
      "geometry": {
        "type": "Point",
        "coordinates": [
          6.63534298,
          44.885609739
        ]
      },
      "properties": {
        "name": "Rue du Bacchu Ber / Impasse Challe Coute",
        "context": "Briançon, Hautes-Alpes",
        "citycode": "05023",
        "depcode": "05"
      }
    },
    {
      "type": "Feature",
      "geometry": {
        "type": "Point",
        "coordinates": [
          6.636829973,
          44.886357785
        ]
      },
      "properties": {
        "name": "Rue du Bacchu Ber / Rue Alfred Mondet",
        "context": "Briançon, Hautes-Alpes",
        "citycode": "05023",
        "depcode": "05"
      }
    },
    {
      "type": "Feature",
      "geometry": {
        "type": "Point",
        "coordinates": [
          6.6342744,
          44.885828369
        ]
      },
      "properties": {
        "name": "Rue du Bacchu Ber / Rue Joseph Silvestre D36",
        "context": "Briançon, Hautes-Alpes",
        "citycode": "05023",
        "depcode": "05"
      }
    },
    {
      "type": "Feature",
      "geometry": {
        "type": "Point",
        "coordinates": [
          6.636852097,
          44.886360802
        ]
      },
      "properties": {
        "name": "Rue du Bacchu Ber / Rue Saint-Roch",
        "context": "Briançon, Hautes-Alpes",
        "citycode": "05023",
        "depcode": "05"
      }
    },
    {
      "type": "Feature",
      "geometry": {
        "type": "Point",
        "coordinates": [
          6.634272038,
          44.889153544
        ]
      },
      "properties": {
        "name": "Rue du Colonel Patrice Blanc / Rond-Point Oronce Fine",
        "context": "Briançon, Hautes-Alpes",
        "citycode": "05023",
        "depcode": "05"
      }
    },
    {
      "type": "Feature",
      "geometry": {
        "type": "Point",
        "coordinates": [
          6.63427935,
          44.889108883
        ]
      },
      "properties": {
        "name": "Rue du Colonel Patrice Blanc / Rue Joseph Silvestre D36",
        "context": "Briançon, Hautes-Alpes",
        "citycode": "05023",
        "depcode": "05"
      }
    },
    {
      "type": "Feature",
      "geometry": {
        "type": "Point",
        "coordinates": [
          6.634983869,
          44.895660607
        ]
      },
      "properties": {
        "name": "Rue du Docteur / Rue Evariste Chancel",
        "context": "Briançon, Hautes-Alpes",
        "citycode": "05023",
        "depcode": "05"
      }
    },
    {
      "type": "Feature",
      "geometry": {
        "type": "Point",
        "coordinates": [
          6.632970857,
          44.900061355
        ]
      },
      "properties": {
        "name": "Rue du Général Barbot / Accès Provisoire Altipolis",
        "context": "Briançon, Hautes-Alpes",
        "citycode": "05023",
        "depcode": "05"
      }
    },
    {
      "type": "Feature",
      "geometry": {
        "type": "Point",
        "coordinates": [
          6.632524968,
          44.900602885
        ]
      },
      "properties": {
        "name": "Rue du Général Barbot / Avenue René Froger",
        "context": "Briançon, Hautes-Alpes",
        "citycode": "05023",
        "depcode": "05"
      }
    },
    {
      "type": "Feature",
      "geometry": {
        "type": "Point",
        "coordinates": [
          6.632534944,
          44.900623988
        ]
      },
      "properties": {
        "name": "Rue du Général Barbot / Rue du Champs de Tir",
        "context": "Briançon, Hautes-Alpes",
        "citycode": "05023",
        "depcode": "05"
      }
    },
    {
      "type": "Feature",
      "geometry": {
        "type": "Point",
        "coordinates": [
          6.633866035,
          44.898822662
        ]
      },
      "properties": {
        "name": "Rue du Général Barbot / Square de Narwik",
        "context": "Briançon, Hautes-Alpes",
        "citycode": "05023",
        "depcode": "05"
      }
    },
    {
      "type": "Feature",
      "geometry": {
        "type": "Point",
        "coordinates": [
          6.640271727,
          44.889241737
        ]
      },
      "properties": {
        "name": "Rue du Lieutenant Miguet / Avenue du Col d'Izoard D902",
        "context": "Briançon, Hautes-Alpes",
        "citycode": "05023",
        "depcode": "05"
      }
    },
    {
      "type": "Feature",
      "geometry": {
        "type": "Point",
        "coordinates": [
          6.639506647,
          44.891765002
        ]
      },
      "properties": {
        "name": "Rue du Lieutenant Miguet / Chemin de la Croix du Frene",
        "context": "Briançon, Hautes-Alpes",
        "citycode": "05023",
        "depcode": "05"
      }
    },
    {
      "type": "Feature",
      "geometry": {
        "type": "Point",
        "coordinates": [
          6.645008488,
          44.897909084
        ]
      },
      "properties": {
        "name": "Rue du Pont d'Asfeld / Rue Aspirant Jan",
        "context": "Briançon, Hautes-Alpes",
        "citycode": "05023",
        "depcode": "05"
      }
    },
    {
      "type": "Feature",
      "geometry": {
        "type": "Point",
        "coordinates": [
          6.643757235,
          44.899185329
        ]
      },
      "properties": {
        "name": "Rue du Pont d'Asfeld / Rue de Roche",
        "context": "Briançon, Hautes-Alpes",
        "citycode": "05023",
        "depcode": "05"
      }
    },
    {
      "type": "Feature",
      "geometry": {
        "type": "Point",
        "coordinates": [
          6.628145773,
          44.902332422
        ]
      },
      "properties": {
        "name": "Rue du Serre Paix / Impasse des Sorbiers",
        "context": "Briançon, Hautes-Alpes",
        "citycode": "05023",
        "depcode": "05"
      }
    },
    {
      "type": "Feature",
      "geometry": {
        "type": "Point",
        "coordinates": [
          6.630006085,
          44.902218474
        ]
      },
      "properties": {
        "name": "Rue du Serre Paix / Lotissement Le Serre-Paix Sud",
        "context": "Briançon, Hautes-Alpes",
        "citycode": "05023",
        "depcode": "05"
      }
    },
    {
      "type": "Feature",
      "geometry": {
        "type": "Point",
        "coordinates": [
          6.629269264,
          44.901720164
        ]
      },
      "properties": {
        "name": "Rue du Serre Paix / Place des Quatre Vents",
        "context": "Briançon, Hautes-Alpes",
        "citycode": "05023",
        "depcode": "05"
      }
    },
    {
      "type": "Feature",
      "geometry": {
        "type": "Point",
        "coordinates": [
          6.64420537,
          44.900319723
        ]
      },
      "properties": {
        "name": "Rue du Son du Serre / Rue de Castres",
        "context": "Briançon, Hautes-Alpes",
        "citycode": "05023",
        "depcode": "05"
      }
    },
    {
      "type": "Feature",
      "geometry": {
        "type": "Point",
        "coordinates": [
          6.644174788,
          44.899998803
        ]
      },
      "properties": {
        "name": "Rue du Son du Serre / Rue Haute de Castres",
        "context": "Briançon, Hautes-Alpes",
        "citycode": "05023",
        "depcode": "05"
      }
    },
    {
      "type": "Feature",
      "geometry": {
        "type": "Point",
        "coordinates": [
          6.644000085,
          44.900537987
        ]
      },
      "properties": {
        "name": "Rue du Temple / Rue de Castres",
        "context": "Briançon, Hautes-Alpes",
        "citycode": "05023",
        "depcode": "05"
      }
    },
    {
      "type": "Feature",
      "geometry": {
        "type": "Point",
        "coordinates": [
          6.634480703,
          44.896518555
        ]
      },
      "properties": {
        "name": "Rue Evariste Chancel / Rond-Point de La Chaussée",
        "context": "Briançon, Hautes-Alpes",
        "citycode": "05023",
        "depcode": "05"
      }
    },
    {
      "type": "Feature",
      "geometry": {
        "type": "Point",
        "coordinates": [
          6.634590911,
          44.896486995
        ]
      },
      "properties": {
        "name": "Rue Evariste Chancel / Rue Centrale",
        "context": "Briançon, Hautes-Alpes",
        "citycode": "05023",
        "depcode": "05"
      }
    },
    {
      "type": "Feature",
      "geometry": {
        "type": "Point",
        "coordinates": [
          6.634972101,
          44.895657001
        ]
      },
      "properties": {
        "name": "Rue Evariste Chancel / Rue du Docteur",
        "context": "Briançon, Hautes-Alpes",
        "citycode": "05023",
        "depcode": "05"
      }
    },
    {
      "type": "Feature",
      "geometry": {
        "type": "Point",
        "coordinates": [
          6.620762402,
          44.916170138
        ]
      },
      "properties": {
        "name": "Rue François Chabas / Chemin de Mas de Blais",
        "context": "Briançon, Hautes-Alpes",
        "citycode": "05023",
        "depcode": "05"
      }
    },
    {
      "type": "Feature",
      "geometry": {
        "type": "Point",
        "coordinates": [
          6.621232983,
          44.916085346
        ]
      },
      "properties": {
        "name": "Rue François Chabas / Rue Hameau de Mas de Blais",
        "context": "Briançon, Hautes-Alpes",
        "citycode": "05023",
        "depcode": "05"
      }
    },
    {
      "type": "Feature",
      "geometry": {
        "type": "Point",
        "coordinates": [
          6.623106992,
          44.914657962
        ]
      },
      "properties": {
        "name": "Rue François Chabas / Ruine de Fortville",
        "context": "Briançon, Hautes-Alpes",
        "citycode": "05023",
        "depcode": "05"
      }
    },
    {
      "type": "Feature",
      "geometry": {
        "type": "Point",
        "coordinates": [
          6.622899784,
          44.914802181
        ]
      },
      "properties": {
        "name": "Rue François Chabas / Ruine de Mas de Blais",
        "context": "Briançon, Hautes-Alpes",
        "citycode": "05023",
        "depcode": "05"
      }
    },
    {
      "type": "Feature",
      "geometry": {
        "type": "Point",
        "coordinates": [
          6.634309471,
          44.898660543
        ]
      },
      "properties": {
        "name": "Rue Général Colaud / Charrière du Randonneur",
        "context": "Briançon, Hautes-Alpes",
        "citycode": "05023",
        "depcode": "05"
      }
    },
    {
      "type": "Feature",
      "geometry": {
        "type": "Point",
        "coordinates": [
          6.635535981,
          44.897094935
        ]
      },
      "properties": {
        "name": "Rue Général Colaud / Place de l'Europe",
        "context": "Briançon, Hautes-Alpes",
        "citycode": "05023",
        "depcode": "05"
      }
    },
    {
      "type": "Feature",
      "geometry": {
        "type": "Point",
        "coordinates": [
          6.636765611,
          44.897332393
        ]
      },
      "properties": {
        "name": "Rue Général Rostolland / Avenue de la République",
        "context": "Briançon, Hautes-Alpes",
        "citycode": "05023",
        "depcode": "05"
      }
    },
    {
      "type": "Feature",
      "geometry": {
        "type": "Point",
        "coordinates": [
          6.636030575,
          44.896174931
        ]
      },
      "properties": {
        "name": "Rue Général Rostolland / Rue Centrale",
        "context": "Briançon, Hautes-Alpes",
        "citycode": "05023",
        "depcode": "05"
      }
    },
    {
      "type": "Feature",
      "geometry": {
        "type": "Point",
        "coordinates": [
          6.629027888,
          44.8910545
        ]
      },
      "properties": {
        "name": "Rue Georges Bermond Gonnet / Avenue Jean Moulin D36b",
        "context": "Briançon, Hautes-Alpes",
        "citycode": "05023",
        "depcode": "05"
      }
    },
    {
      "type": "Feature",
      "geometry": {
        "type": "Point",
        "coordinates": [
          6.619854549,
          44.916973084
        ]
      },
      "properties": {
        "name": "Rue Hameau de Mas de Blais / Chemin de Mas de Blais",
        "context": "Briançon, Hautes-Alpes",
        "citycode": "05023",
        "depcode": "05"
      }
    },
    {
      "type": "Feature",
      "geometry": {
        "type": "Point",
        "coordinates": [
          6.619899794,
          44.91699816
        ]
      },
      "properties": {
        "name": "Rue Hameau de Mas de Blais / Impasse du Mas des Cimes",
        "context": "Briançon, Hautes-Alpes",
        "citycode": "05023",
        "depcode": "05"
      }
    },
    {
      "type": "Feature",
      "geometry": {
        "type": "Point",
        "coordinates": [
          6.644909888,
          44.898629636
        ]
      },
      "properties": {
        "name": "Rue Haute de Castres / Rue Aspirant Jan",
        "context": "Briançon, Hautes-Alpes",
        "citycode": "05023",
        "depcode": "05"
      }
    },
    {
      "type": "Feature",
      "geometry": {
        "type": "Point",
        "coordinates": [
          6.644034817,
          44.899424904
        ]
      },
      "properties": {
        "name": "Rue Haute de Castres / Rue de Castres",
        "context": "Briançon, Hautes-Alpes",
        "citycode": "05023",
        "depcode": "05"
      }
    },
    {
      "type": "Feature",
      "geometry": {
        "type": "Point",
        "coordinates": [
          6.644223244,
          44.898933729
        ]
      },
      "properties": {
        "name": "Rue Haute de Castres / Rue de la Manutention",
        "context": "Briançon, Hautes-Alpes",
        "citycode": "05023",
        "depcode": "05"
      }
    },
    {
      "type": "Feature",
      "geometry": {
        "type": "Point",
        "coordinates": [
          6.63344639,
          44.88709842
        ]
      },
      "properties": {
        "name": "Rue Joseph Silvestre D36 / Chemin de l'Emparre",
        "context": "Briançon, Hautes-Alpes",
        "citycode": "05023",
        "depcode": "05"
      }
    },
    {
      "type": "Feature",
      "geometry": {
        "type": "Point",
        "coordinates": [
          6.633587557,
          44.887157765
        ]
      },
      "properties": {
        "name": "Rue Joseph Silvestre D36 / Rond-Point Faure-Geors",
        "context": "Briançon, Hautes-Alpes",
        "citycode": "05023",
        "depcode": "05"
      }
    },
    {
      "type": "Feature",
      "geometry": {
        "type": "Point",
        "coordinates": [
          6.63431976,
          44.889130751
        ]
      },
      "properties": {
        "name": "Rue Joseph Silvestre D36 / Rond-Point Oronce Fine",
        "context": "Briançon, Hautes-Alpes",
        "citycode": "05023",
        "depcode": "05"
      }
    },
    {
      "type": "Feature",
      "geometry": {
        "type": "Point",
        "coordinates": [
          6.632979012,
          44.884759401
        ]
      },
      "properties": {
        "name": "Rue Joseph Silvestre D36 / Route des Maisons Blanches",
        "context": "Briançon, Hautes-Alpes",
        "citycode": "05023",
        "depcode": "05"
      }
    },
    {
      "type": "Feature",
      "geometry": {
        "type": "Point",
        "coordinates": [
          6.633649258,
          44.887114157
        ]
      },
      "properties": {
        "name": "Rue Joseph Silvestre D36 / Rue Alfred Mondet",
        "context": "Briançon, Hautes-Alpes",
        "citycode": "05023",
        "depcode": "05"
      }
    },
    {
      "type": "Feature",
      "geometry": {
        "type": "Point",
        "coordinates": [
          6.634253911,
          44.889125635
        ]
      },
      "properties": {
        "name": "Rue Joseph Silvestre D36 / Rue du Colonel Patrice Blanc",
        "context": "Briançon, Hautes-Alpes",
        "citycode": "05023",
        "depcode": "05"
      }
    },
    {
      "type": "Feature",
      "geometry": {
        "type": "Point",
        "coordinates": [
          6.632899721,
          44.882870024
        ]
      },
      "properties": {
        "name": "Rue Joseph Silvestre D36 / Rue Gatchelou",
        "context": "Briançon, Hautes-Alpes",
        "citycode": "05023",
        "depcode": "05"
      }
    },
    {
      "type": "Feature",
      "geometry": {
        "type": "Point",
        "coordinates": [
          6.63426525,
          44.889165551
        ]
      },
      "properties": {
        "name": "Rue Joseph Silvestre D36 / Rue Oronce Fine D136",
        "context": "Briançon, Hautes-Alpes",
        "citycode": "05023",
        "depcode": "05"
      }
    },
    {
      "type": "Feature",
      "geometry": {
        "type": "Point",
        "coordinates": [
          6.632893926,
          44.883946145
        ]
      },
      "properties": {
        "name": "rue Joseph Sylvestre / Rue Joseph Silvestre D36",
        "context": "Briançon, Hautes-Alpes",
        "citycode": "05023",
        "depcode": "05"
      }
    },
    {
      "type": "Feature",
      "geometry": {
        "type": "Point",
        "coordinates": [
          6.624630952,
          44.883098024
        ]
      },
      "properties": {
        "name": "Rue Mal de Lattre de Tassigny / Route des Maisons Blanches",
        "context": "Briançon, Hautes-Alpes",
        "citycode": "05023",
        "depcode": "05"
      }
    },
    {
      "type": "Feature",
      "geometry": {
        "type": "Point",
        "coordinates": [
          6.639253612,
          44.900343245
        ]
      },
      "properties": {
        "name": "Rue Marius Chancel / Chemin de la Tour",
        "context": "Briançon, Hautes-Alpes",
        "citycode": "05023",
        "depcode": "05"
      }
    },
    {
      "type": "Feature",
      "geometry": {
        "type": "Point",
        "coordinates": [
          6.642487707,
          44.898226503
        ]
      },
      "properties": {
        "name": "Rue Mercerie (Petite Gargouille) / Place Médecin Général Blanchard",
        "context": "Briançon, Hautes-Alpes",
        "citycode": "05023",
        "depcode": "05"
      }
    },
    {
      "type": "Feature",
      "geometry": {
        "type": "Point",
        "coordinates": [
          6.642714028,
          44.8995021
        ]
      },
      "properties": {
        "name": "Rue Mercerie (Petite Gargouille) / Rue Commandant Carlhan",
        "context": "Briançon, Hautes-Alpes",
        "citycode": "05023",
        "depcode": "05"
      }
    },
    {
      "type": "Feature",
      "geometry": {
        "type": "Point",
        "coordinates": [
          6.642651434,
          44.8985662
        ]
      },
      "properties": {
        "name": "Rue Mercerie (Petite Gargouille) / Rue de Ran",
        "context": "Briançon, Hautes-Alpes",
        "citycode": "05023",
        "depcode": "05"
      }
    },
    {
      "type": "Feature",
      "geometry": {
        "type": "Point",
        "coordinates": [
          6.642543165,
          44.89834892
        ]
      },
      "properties": {
        "name": "Rue Mercerie (Petite Gargouille) / Rue Louis Faure",
        "context": "Briançon, Hautes-Alpes",
        "citycode": "05023",
        "depcode": "05"
      }
    },
    {
      "type": "Feature",
      "geometry": {
        "type": "Point",
        "coordinates": [
          6.64272367,
          44.89948514
        ]
      },
      "properties": {
        "name": "Rue Mercerie (Petite Gargouille) / Rue Porte Méane",
        "context": "Briançon, Hautes-Alpes",
        "citycode": "05023",
        "depcode": "05"
      }
    },
    {
      "type": "Feature",
      "geometry": {
        "type": "Point",
        "coordinates": [
          6.631069273,
          44.895189976
        ]
      },
      "properties": {
        "name": "Rue Moulin / Avenue Maurice Petsche D2",
        "context": "Briançon, Hautes-Alpes",
        "citycode": "05023",
        "depcode": "05"
      }
    },
    {
      "type": "Feature",
      "geometry": {
        "type": "Point",
        "coordinates": [
          6.631842027,
          44.894855182
        ]
      },
      "properties": {
        "name": "Rue Moulin / Projet de Voie Verte Briançon - Le Monetier",
        "context": "Briançon, Hautes-Alpes",
        "citycode": "05023",
        "depcode": "05"
      }
    },
    {
      "type": "Feature",
      "geometry": {
        "type": "Point",
        "coordinates": [
          6.634064888,
          44.889266188
        ]
      },
      "properties": {
        "name": "Rue Oronce Fine D136 / Avenue Général de Gaulle D136",
        "context": "Briançon, Hautes-Alpes",
        "citycode": "05023",
        "depcode": "05"
      }
    },
    {
      "type": "Feature",
      "geometry": {
        "type": "Point",
        "coordinates": [
          6.634263208,
          44.889208309
        ]
      },
      "properties": {
        "name": "Rue Oronce Fine D136 / Rond-Point Oronce Fine",
        "context": "Briançon, Hautes-Alpes",
        "citycode": "05023",
        "depcode": "05"
      }
    },
    {
      "type": "Feature",
      "geometry": {
        "type": "Point",
        "coordinates": [
          6.634363249,
          44.889246651
        ]
      },
      "properties": {
        "name": "Rue Oronce Fine D136 / Rue des Toulouzannes",
        "context": "Briançon, Hautes-Alpes",
        "citycode": "05023",
        "depcode": "05"
      }
    },
    {
      "type": "Feature",
      "geometry": {
        "type": "Point",
        "coordinates": [
          6.634213958,
          44.889183249
        ]
      },
      "properties": {
        "name": "Rue Oronce Fine D136 / Rue du Colonel Patrice Blanc",
        "context": "Briançon, Hautes-Alpes",
        "citycode": "05023",
        "depcode": "05"
      }
    },
    {
      "type": "Feature",
      "geometry": {
        "type": "Point",
        "coordinates": [
          6.634285816,
          44.889172104
        ]
      },
      "properties": {
        "name": "Rue Oronce Fine D136 / Rue Joseph Silvestre D36",
        "context": "Briançon, Hautes-Alpes",
        "citycode": "05023",
        "depcode": "05"
      }
    },
    {
      "type": "Feature",
      "geometry": {
        "type": "Point",
        "coordinates": [
          6.634312865,
          44.889255085
        ]
      },
      "properties": {
        "name": "Rue Oronce Fine D136 / Rue Pasteur exD36",
        "context": "Briançon, Hautes-Alpes",
        "citycode": "05023",
        "depcode": "05"
      }
    },
    {
      "type": "Feature",
      "geometry": {
        "type": "Point",
        "coordinates": [
          6.635616929,
          44.892842713
        ]
      },
      "properties": {
        "name": "Rue Pasteur exD36 / Cité Barbot",
        "context": "Briançon, Hautes-Alpes",
        "citycode": "05023",
        "depcode": "05"
      }
    },
    {
      "type": "Feature",
      "geometry": {
        "type": "Point",
        "coordinates": [
          6.634321088,
          44.889263748
        ]
      },
      "properties": {
        "name": "Rue Pasteur exD36 / Rond-Point Oronce Fine",
        "context": "Briançon, Hautes-Alpes",
        "citycode": "05023",
        "depcode": "05"
      }
    },
    {
      "type": "Feature",
      "geometry": {
        "type": "Point",
        "coordinates": [
          6.636347702,
          44.894290796
        ]
      },
      "properties": {
        "name": "Rue Pasteur exD36 / Rue de la Soie D36B",
        "context": "Briançon, Hautes-Alpes",
        "citycode": "05023",
        "depcode": "05"
      }
    },
    {
      "type": "Feature",
      "geometry": {
        "type": "Point",
        "coordinates": [
          6.635206259,
          44.892142581
        ]
      },
      "properties": {
        "name": "Rue Pasteur exD36 / Rue Morand",
        "context": "Briançon, Hautes-Alpes",
        "citycode": "05023",
        "depcode": "05"
      }
    },
    {
      "type": "Feature",
      "geometry": {
        "type": "Point",
        "coordinates": [
          6.636356028,
          44.894275375
        ]
      },
      "properties": {
        "name": "Rue Pasteur exD36 / Rue Pasteur D36B",
        "context": "Briançon, Hautes-Alpes",
        "citycode": "05023",
        "depcode": "05"
      }
    },
    {
      "type": "Feature",
      "geometry": {
        "type": "Point",
        "coordinates": [
          6.634476015,
          44.890202408
        ]
      },
      "properties": {
        "name": "Rue Pasteur exD36 / Traverse de la MJC",
        "context": "Briançon, Hautes-Alpes",
        "citycode": "05023",
        "depcode": "05"
      }
    },
    {
      "type": "Feature",
      "geometry": {
        "type": "Point",
        "coordinates": [
          6.643673333,
          44.900860766
        ]
      },
      "properties": {
        "name": "Rue Porte Dauphine / Avenue Vauban",
        "context": "Briançon, Hautes-Alpes",
        "citycode": "05023",
        "depcode": "05"
      }
    },
    {
      "type": "Feature",
      "geometry": {
        "type": "Point",
        "coordinates": [
          6.643686569,
          44.901370053
        ]
      },
      "properties": {
        "name": "Rue Porte Dauphine / Champ de Mars N94",
        "context": "Briançon, Hautes-Alpes",
        "citycode": "05023",
        "depcode": "05"
      }
    },
    {
      "type": "Feature",
      "geometry": {
        "type": "Point",
        "coordinates": [
          6.643715118,
          44.901358999
        ]
      },
      "properties": {
        "name": "Rue Porte Dauphine / Rond-Point du Champ de Mars",
        "context": "Briançon, Hautes-Alpes",
        "citycode": "05023",
        "depcode": "05"
      }
    },
    {
      "type": "Feature",
      "geometry": {
        "type": "Point",
        "coordinates": [
          6.642383933,
          44.899541934
        ]
      },
      "properties": {
        "name": "Rue Porte Méane / Avenue Vauban",
        "context": "Briançon, Hautes-Alpes",
        "citycode": "05023",
        "depcode": "05"
      }
    },
    {
      "type": "Feature",
      "geometry": {
        "type": "Point",
        "coordinates": [
          6.643368098,
          44.899380296
        ]
      },
      "properties": {
        "name": "Rue Porte Méane / Rue du Pont d'Asfeld",
        "context": "Briançon, Hautes-Alpes",
        "citycode": "05023",
        "depcode": "05"
      }
    },
    {
      "type": "Feature",
      "geometry": {
        "type": "Point",
        "coordinates": [
          6.639406744,
          44.888748948
        ]
      },
      "properties": {
        "name": "Rue Saint-Roch / Avenue du Col d'Izoard D902",
        "context": "Briançon, Hautes-Alpes",
        "citycode": "05023",
        "depcode": "05"
      }
    },
    {
      "type": "Feature",
      "geometry": {
        "type": "Point",
        "coordinates": [
          6.638659459,
          44.887169862
        ]
      },
      "properties": {
        "name": "Rue Saint-Roch / Chemin Balpin VC4",
        "context": "Briançon, Hautes-Alpes",
        "citycode": "05023",
        "depcode": "05"
      }
    },
    {
      "type": "Feature",
      "geometry": {
        "type": "Point",
        "coordinates": [
          6.639583235,
          44.887712135
        ]
      },
      "properties": {
        "name": "Rue Saint-Roch / Chemin des Combes VC3",
        "context": "Briançon, Hautes-Alpes",
        "citycode": "05023",
        "depcode": "05"
      }
    },
    {
      "type": "Feature",
      "geometry": {
        "type": "Point",
        "coordinates": [
          6.63703377,
          44.886496221
        ]
      },
      "properties": {
        "name": "Rue Saint-Roch / Chemin du Canal du Four",
        "context": "Briançon, Hautes-Alpes",
        "citycode": "05023",
        "depcode": "05"
      }
    },
    {
      "type": "Feature",
      "geometry": {
        "type": "Point",
        "coordinates": [
          6.636850668,
          44.886365932
        ]
      },
      "properties": {
        "name": "Rue Saint-Roch / Rue Alfred Mondet",
        "context": "Briançon, Hautes-Alpes",
        "citycode": "05023",
        "depcode": "05"
      }
    },
    {
      "type": "Feature",
      "geometry": {
        "type": "Point",
        "coordinates": [
          6.637366476,
          44.88677298
        ]
      },
      "properties": {
        "name": "Rue Saint-Roch / Rue des Lapins",
        "context": "Briançon, Hautes-Alpes",
        "citycode": "05023",
        "depcode": "05"
      }
    },
    {
      "type": "Feature",
      "geometry": {
        "type": "Point",
        "coordinates": [
          6.636983789,
          44.8865599
        ]
      },
      "properties": {
        "name": "Rue Saint-Roch / Ruelle de l'Infernet",
        "context": "Briançon, Hautes-Alpes",
        "citycode": "05023",
        "depcode": "05"
      }
    },
    {
      "type": "Feature",
      "geometry": {
        "type": "Point",
        "coordinates": [
          6.636999715,
          44.886519241
        ]
      },
      "properties": {
        "name": "Rue Saint-Roch / Ruelle du Four",
        "context": "Briançon, Hautes-Alpes",
        "citycode": "05023",
        "depcode": "05"
      }
    },
    {
      "type": "Feature",
      "geometry": {
        "type": "Point",
        "coordinates": [
          6.628509222,
          44.883451837
        ]
      },
      "properties": {
        "name": "Ruelle de Bramefan / Route des Maisons Blanches",
        "context": "Briançon, Hautes-Alpes",
        "citycode": "05023",
        "depcode": "05"
      }
    },
    {
      "type": "Feature",
      "geometry": {
        "type": "Point",
        "coordinates": [
          6.628486469,
          44.883276175
        ]
      },
      "properties": {
        "name": "Ruelle de Bramefan / Rue des Preyts Riboix",
        "context": "Briançon, Hautes-Alpes",
        "citycode": "05023",
        "depcode": "05"
      }
    },
    {
      "type": "Feature",
      "geometry": {
        "type": "Point",
        "coordinates": [
          6.636902777,
          44.886620611
        ]
      },
      "properties": {
        "name": "Ruelle de l'Infernet / Ruelle du Four",
        "context": "Briançon, Hautes-Alpes",
        "citycode": "05023",
        "depcode": "05"
      }
    },
    {
      "type": "Feature",
      "geometry": {
        "type": "Point",
        "coordinates": [
          6.636934115,
          44.886589451
        ]
      },
      "properties": {
        "name": "Ruelle du Four / Ruelle de l'Infernet",
        "context": "Briançon, Hautes-Alpes",
        "citycode": "05023",
        "depcode": "05"
      }
    },
    {
      "type": "Feature",
      "geometry": {
        "type": "Point",
        "coordinates": [
          6.643913697,
          44.899861775
        ]
      },
      "properties": {
        "name": "Ruelle Jourdan / Rue de Castres",
        "context": "Briançon, Hautes-Alpes",
        "citycode": "05023",
        "depcode": "05"
      }
    },
    {
      "type": "Feature",
      "geometry": {
        "type": "Point",
        "coordinates": [
          6.643994737,
          44.899844029
        ]
      },
      "properties": {
        "name": "Ruelle Jourdan / Rue Haute de Castres",
        "context": "Briançon, Hautes-Alpes",
        "citycode": "05023",
        "depcode": "05"
      }
    },
    {
      "type": "Feature",
      "geometry": {
        "type": "Point",
        "coordinates": [
          6.623362498,
          44.913543875
        ]
      },
      "properties": {
        "name": "Ruine de Fortville / Avenue de Savoie D1091",
        "context": "Briançon, Hautes-Alpes",
        "citycode": "05023",
        "depcode": "05"
      }
    },
    {
      "type": "Feature",
      "geometry": {
        "type": "Point",
        "coordinates": [
          6.62185233,
          44.912108256
        ]
      },
      "properties": {
        "name": "Ruine de Fortville / Chemin de Fortville",
        "context": "Briançon, Hautes-Alpes",
        "citycode": "05023",
        "depcode": "05"
      }
    },
    {
      "type": "Feature",
      "geometry": {
        "type": "Point",
        "coordinates": [
          6.622828022,
          44.913037714
        ]
      },
      "properties": {
        "name": "Ruine de Fortville / Chemin du Mas de Blais",
        "context": "Briançon, Hautes-Alpes",
        "citycode": "05023",
        "depcode": "05"
      }
    },
    {
      "type": "Feature",
      "geometry": {
        "type": "Point",
        "coordinates": [
          6.623121661,
          44.914660205
        ]
      },
      "properties": {
        "name": "Ruine de Fortville / Rue François Chabas",
        "context": "Briançon, Hautes-Alpes",
        "citycode": "05023",
        "depcode": "05"
      }
    },
    {
      "type": "Feature",
      "geometry": {
        "type": "Point",
        "coordinates": [
          6.625045259,
          44.915715364
        ]
      },
      "properties": {
        "name": "Ruine de Mas de Blais / Chemin du Canal Gaillard",
        "context": "Briançon, Hautes-Alpes",
        "citycode": "05023",
        "depcode": "05"
      }
    },
    {
      "type": "Feature",
      "geometry": {
        "type": "Point",
        "coordinates": [
          6.622872275,
          44.914835099
        ]
      },
      "properties": {
        "name": "Ruine de Mas de Blais / Rue François Chabas",
        "context": "Briançon, Hautes-Alpes",
        "citycode": "05023",
        "depcode": "05"
      }
    },
    {
      "type": "Feature",
      "geometry": {
        "type": "Point",
        "coordinates": [
          6.626612328,
          44.909096002
        ]
      },
      "properties": {
        "name": "Ruine de Mas de Chaix / Avenue de Savoie D1091",
        "context": "Briançon, Hautes-Alpes",
        "citycode": "05023",
        "depcode": "05"
      }
    },
    {
      "type": "Feature",
      "geometry": {
        "type": "Point",
        "coordinates": [
          6.633945392,
          44.898632197
        ]
      },
      "properties": {
        "name": "Square de Narwik / Avenue du 159e RIA",
        "context": "Briançon, Hautes-Alpes",
        "citycode": "05023",
        "depcode": "05"
      }
    },
    {
      "type": "Feature",
      "geometry": {
        "type": "Point",
        "coordinates": [
          6.633880623,
          44.898665751
        ]
      },
      "properties": {
        "name": "Square de Narwik / Rue Barthélémy Chaix",
        "context": "Briançon, Hautes-Alpes",
        "citycode": "05023",
        "depcode": "05"
      }
    },
    {
      "type": "Feature",
      "geometry": {
        "type": "Point",
        "coordinates": [
          6.633874496,
          44.898827005
        ]
      },
      "properties": {
        "name": "Square de Narwik / Rue du Général Barbot",
        "context": "Briançon, Hautes-Alpes",
        "citycode": "05023",
        "depcode": "05"
      }
    },
    {
      "type": "Feature",
      "geometry": {
        "type": "Point",
        "coordinates": [
          6.634106702,
          44.898727309
        ]
      },
      "properties": {
        "name": "Square de Narwik / Rue Général Colaud",
        "context": "Briançon, Hautes-Alpes",
        "citycode": "05023",
        "depcode": "05"
      }
    },
    {
      "type": "Feature",
      "geometry": {
        "type": "Point",
        "coordinates": [
          6.63669017,
          44.895430468
        ]
      },
      "properties": {
        "name": "Traverse Alphand / Rue Centrale",
        "context": "Briançon, Hautes-Alpes",
        "citycode": "05023",
        "depcode": "05"
      }
    },
    {
      "type": "Feature",
      "geometry": {
        "type": "Point",
        "coordinates": [
          6.642426797,
          44.902800141
        ]
      },
      "properties": {
        "name": "Traverse Paul Caire / Chemin du Canal Gaillard",
        "context": "Briançon, Hautes-Alpes",
        "citycode": "05023",
        "depcode": "05"
      }
    },
    {
      "type": "Feature",
      "geometry": {
        "type": "Point",
        "coordinates": [
          6.613813997,
          44.875855402
        ]
      },
      "properties": {
        "name": "Traversée de Saint-Blaise / Route Traversée de Saint-Blaise",
        "context": "Briançon, Hautes-Alpes",
        "citycode": "05023",
        "depcode": "05"
      }
    },
    {
      "type": "Feature",
      "geometry": {
        "type": "Point",
        "coordinates": [
          6.6436699,
          44.8968532
        ]
      },
      "properties": {
        "name": "Tunnel de Roche Percée / Chemin de la Schappe",
        "context": "Briançon, Hautes-Alpes",
        "citycode": "05023",
        "depcode": "05"
      }
    },
    {
      "type": "Feature",
      "geometry": {
        "type": "Point",
        "coordinates": [
          6.643720957,
          44.896854989
        ]
      },
      "properties": {
        "name": "Tunnel de Roche Percée / Via Ferrata L'Arête de la Schappe",
        "context": "Briançon, Hautes-Alpes",
        "citycode": "05023",
        "depcode": "05"
      }
    },
    {
      "type": "Feature",
      "geometry": {
        "type": "Point",
        "coordinates": [
          6.629721827,
          44.905637568
        ]
      },
      "properties": {
        "name": "Voiecommunale / Avenue du Professeur Forgues N94",
        "context": "Briançon, Hautes-Alpes",
        "citycode": "05023",
        "depcode": "05"
      }
    },
    {
      "type": "Feature",
      "geometry": {
        "type": "Point",
        "coordinates": [
          6.660080613,
          44.902446968
        ]
      },
      "properties": {
        "name": "VC13 / L'Envers du Fontenil VC12",
        "context": "Briançon, Hautes-Alpes",
        "citycode": "05023",
        "depcode": "05"
      }
    },
    {
      "type": "Feature",
      "geometry": {
        "type": "Point",
        "coordinates": [
          6.622023064,
          44.880690794
        ]
      },
      "properties": {
        "name": "D136a / Route des Maisons Blanches D36b",
        "context": "Briançon, Hautes-Alpes",
        "citycode": "05023",
        "depcode": "05"
      }
    },
    {
      "type": "Feature",
      "geometry": {
        "type": "Point",
        "coordinates": [
          6.6216558,
          44.880786803
        ]
      },
      "properties": {
        "name": "D36b / N94",
        "context": "Briançon, Hautes-Alpes",
        "citycode": "05023",
        "depcode": "05"
      }
    },
    {
      "type": "Feature",
      "geometry": {
        "type": "Point",
        "coordinates": [
          6.62403537,
          44.881717667
        ]
      },
      "properties": {
        "name": "3 / 2",
        "context": "Briançon, Hautes-Alpes",
        "citycode": "05023",
        "depcode": "05"
      }
    },
    {
      "type": "Feature",
      "geometry": {
        "type": "Point",
        "coordinates": [
          6.637268655,
          44.887691916
        ]
      },
      "properties": {
        "name": "Allée Albert Bourges / Les Jardins du Mélézin",
        "context": "Briançon, Hautes-Alpes",
        "citycode": "05023",
        "depcode": "05"
      }
    },
    {
      "type": "Feature",
      "geometry": {
        "type": "Point",
        "coordinates": [
          6.637049865,
          44.887460313
        ]
      },
      "properties": {
        "name": "Allée Albert Bourges / Rond-Point des Garçins",
        "context": "Briançon, Hautes-Alpes",
        "citycode": "05023",
        "depcode": "05"
      }
    },
    {
      "type": "Feature",
      "geometry": {
        "type": "Point",
        "coordinates": [
          6.636303335,
          44.886569251
        ]
      },
      "properties": {
        "name": "Allée Albert Bourges / Rue Alfred Mondet",
        "context": "Briançon, Hautes-Alpes",
        "citycode": "05023",
        "depcode": "05"
      }
    },
    {
      "type": "Feature",
      "geometry": {
        "type": "Point",
        "coordinates": [
          6.636715517,
          44.886983591
        ]
      },
      "properties": {
        "name": "Allée Albert Bourges / Rue des Lapins",
        "context": "Briançon, Hautes-Alpes",
        "citycode": "05023",
        "depcode": "05"
      }
    },
    {
      "type": "Feature",
      "geometry": {
        "type": "Point",
        "coordinates": [
          6.636507567,
          44.886761152
        ]
      },
      "properties": {
        "name": "Allée Albert Bourges / Ruelle du Four",
        "context": "Briançon, Hautes-Alpes",
        "citycode": "05023",
        "depcode": "05"
      }
    },
    {
      "type": "Feature",
      "geometry": {
        "type": "Point",
        "coordinates": [
          6.634178462,
          44.885701451
        ]
      },
      "properties": {
        "name": "Allée de la Cerveyrette / Rue Joseph Silvestre D36",
        "context": "Briançon, Hautes-Alpes",
        "citycode": "05023",
        "depcode": "05"
      }
    },
    {
      "type": "Feature",
      "geometry": {
        "type": "Point",
        "coordinates": [
          6.611316641,
          44.877284424
        ]
      },
      "properties": {
        "name": "Allée des Groseilliers / Chemin de Subeyran",
        "context": "Briançon, Hautes-Alpes",
        "citycode": "05023",
        "depcode": "05"
      }
    },
    {
      "type": "Feature",
      "geometry": {
        "type": "Point",
        "coordinates": [
          6.620303814,
          44.881314535
        ]
      },
      "properties": {
        "name": "Ancienne Route Nationale / Route Traversée de Chamandrin",
        "context": "Briançon, Hautes-Alpes",
        "citycode": "05023",
        "depcode": "05"
      }
    },
    {
      "type": "Feature",
      "geometry": {
        "type": "Point",
        "coordinates": [
          6.6158353,
          44.8779678
        ]
      },
      "properties": {
        "name": "Ancienne Route Nationale / Route Traversée de Saint-Blaise",
        "context": "Briançon, Hautes-Alpes",
        "citycode": "05023",
        "depcode": "05"
      }
    },
    {
      "type": "Feature",
      "geometry": {
        "type": "Point",
        "coordinates": [
          6.615853664,
          44.87798592
        ]
      },
      "properties": {
        "name": "Ancienne Route Nationale / Ruisseau du Fossa",
        "context": "Briançon, Hautes-Alpes",
        "citycode": "05023",
        "depcode": "05"
      }
    },
    {
      "type": "Feature",
      "geometry": {
        "type": "Point",
        "coordinates": [
          6.632104784,
          44.905111799
        ]
      },
      "properties": {
        "name": "Avenue Adrien Daurelle / Avenue du Professeur Forgues N94",
        "context": "Briançon, Hautes-Alpes",
        "citycode": "05023",
        "depcode": "05"
      }
    },
    {
      "type": "Feature",
      "geometry": {
        "type": "Point",
        "coordinates": [
          6.63204461,
          44.906693361
        ]
      },
      "properties": {
        "name": "Avenue Adrien Daurelle / Chemin du Grand Canal",
        "context": "Briançon, Hautes-Alpes",
        "citycode": "05023",
        "depcode": "05"
      }
    },
    {
      "type": "Feature",
      "geometry": {
        "type": "Point",
        "coordinates": [
          6.633041583,
          44.907339727
        ]
      },
      "properties": {
        "name": "Avenue Adrien Daurelle / Fournerotte",
        "context": "Briançon, Hautes-Alpes",
        "citycode": "05023",
        "depcode": "05"
      }
    },
    {
      "type": "Feature",
      "geometry": {
        "type": "Point",
        "coordinates": [
          6.633130068,
          44.907225394
        ]
      },
      "properties": {
        "name": "Avenue Adrien Daurelle / Route de Grenoble",
        "context": "Briançon, Hautes-Alpes",
        "citycode": "05023",
        "depcode": "05"
      }
    },
    {
      "type": "Feature",
      "geometry": {
        "type": "Point",
        "coordinates": [
          6.639116242,
          44.90228955
        ]
      },
      "properties": {
        "name": "Avenue Baldenberger N94 / Avenue de la Libération",
        "context": "Briançon, Hautes-Alpes",
        "citycode": "05023",
        "depcode": "05"
      }
    },
    {
      "type": "Feature",
      "geometry": {
        "type": "Point",
        "coordinates": [
          6.63877128,
          44.902422211
        ]
      },
      "properties": {
        "name": "Avenue Baldenberger N94 / Avenue du Professeur Forgues N94",
        "context": "Briançon, Hautes-Alpes",
        "citycode": "05023",
        "depcode": "05"
      }
    },
    {
      "type": "Feature",
      "geometry": {
        "type": "Point",
        "coordinates": [
          6.642910342,
          44.901687046
        ]
      },
      "properties": {
        "name": "Avenue Baldenberger N94 / Route de Grenoble",
        "context": "Briançon, Hautes-Alpes",
        "citycode": "05023",
        "depcode": "05"
      }
    },
    {
      "type": "Feature",
      "geometry": {
        "type": "Point",
        "coordinates": [
          6.639072795,
          44.902314873
        ]
      },
      "properties": {
        "name": "Avenue de la Libération / Avenue Baldenberger N94",
        "context": "Briançon, Hautes-Alpes",
        "citycode": "05023",
        "depcode": "05"
      }
    },
    {
      "type": "Feature",
      "geometry": {
        "type": "Point",
        "coordinates": [
          6.641196541,
          44.899088839
        ]
      },
      "properties": {
        "name": "Avenue de la Libération / Avenue de la République",
        "context": "Briançon, Hautes-Alpes",
        "citycode": "05023",
        "depcode": "05"
      }
    },
    {
      "type": "Feature",
      "geometry": {
        "type": "Point",
        "coordinates": [
          6.63869598,
          44.90242849
        ]
      },
      "properties": {
        "name": "Avenue de la Libération / Avenue du Professeur Forgues N94",
        "context": "Briançon, Hautes-Alpes",
        "citycode": "05023",
        "depcode": "05"
      }
    },
    {
      "type": "Feature",
      "geometry": {
        "type": "Point",
        "coordinates": [
          6.640665286,
          44.900588287
        ]
      },
      "properties": {
        "name": "Avenue de la Libération / Chemin du Barry",
        "context": "Briançon, Hautes-Alpes",
        "citycode": "05023",
        "depcode": "05"
      }
    },
    {
      "type": "Feature",
      "geometry": {
        "type": "Point",
        "coordinates": [
          6.641286749,
          44.899333953
        ]
      },
      "properties": {
        "name": "Avenue de la Libération / Rue Aspirant Jean",
        "context": "Briançon, Hautes-Alpes",
        "citycode": "05023",
        "depcode": "05"
      }
    },
    {
      "type": "Feature",
      "geometry": {
        "type": "Point",
        "coordinates": [
          6.640992432,
          44.898957766
        ]
      },
      "properties": {
        "name": "Avenue de la République / Avenue de la Libération",
        "context": "Briançon, Hautes-Alpes",
        "citycode": "05023",
        "depcode": "05"
      }
    },
    {
      "type": "Feature",
      "geometry": {
        "type": "Point",
        "coordinates": [
          6.638828778,
          44.898151498
        ]
      },
      "properties": {
        "name": "Avenue de la République / Avenue du Lautaret Voiecommunale",
        "context": "Briançon, Hautes-Alpes",
        "citycode": "05023",
        "depcode": "05"
      }
    },
    {
      "type": "Feature",
      "geometry": {
        "type": "Point",
        "coordinates": [
          6.641070014,
          44.898978
        ]
      },
      "properties": {
        "name": "Avenue de la République / Chemin Vieux",
        "context": "Briançon, Hautes-Alpes",
        "citycode": "05023",
        "depcode": "05"
      }
    },
    {
      "type": "Feature",
      "geometry": {
        "type": "Point",
        "coordinates": [
          6.640053716,
          44.898596681
        ]
      },
      "properties": {
        "name": "Avenue de la République / Passage Dom Bosco",
        "context": "Briançon, Hautes-Alpes",
        "citycode": "05023",
        "depcode": "05"
      }
    },
    {
      "type": "Feature",
      "geometry": {
        "type": "Point",
        "coordinates": [
          6.634704416,
          44.896625934
        ]
      },
      "properties": {
        "name": "Avenue de la République / Rond-Point de La Chaussée",
        "context": "Briançon, Hautes-Alpes",
        "citycode": "05023",
        "depcode": "05"
      }
    },
    {
      "type": "Feature",
      "geometry": {
        "type": "Point",
        "coordinates": [
          6.641326928,
          44.899162409
        ]
      },
      "properties": {
        "name": "Avenue de la République / Rue Aspirant Jean",
        "context": "Briançon, Hautes-Alpes",
        "citycode": "05023",
        "depcode": "05"
      }
    },
    {
      "type": "Feature",
      "geometry": {
        "type": "Point",
        "coordinates": [
          6.640395599,
          44.898748945
        ]
      },
      "properties": {
        "name": "Avenue de la République / Rue Marius Chancel",
        "context": "Briançon, Hautes-Alpes",
        "citycode": "05023",
        "depcode": "05"
      }
    },
    {
      "type": "Feature",
      "geometry": {
        "type": "Point",
        "coordinates": [
          6.631172778,
          44.902708388
        ]
      },
      "properties": {
        "name": "Avenue de Provence N94 / Avenue du Dauphiné N94",
        "context": "Briançon, Hautes-Alpes",
        "citycode": "05023",
        "depcode": "05"
      }
    },
    {
      "type": "Feature",
      "geometry": {
        "type": "Point",
        "coordinates": [
          6.63152837,
          44.902270987
        ]
      },
      "properties": {
        "name": "Avenue de Provence N94 / Chemin de la Tour",
        "context": "Briançon, Hautes-Alpes",
        "citycode": "05023",
        "depcode": "05"
      }
    },
    {
      "type": "Feature",
      "geometry": {
        "type": "Point",
        "coordinates": [
          6.629905026,
          44.895011081
        ]
      },
      "properties": {
        "name": "Avenue de Provence N94 / Chemin de la Trinité",
        "context": "Briançon, Hautes-Alpes",
        "citycode": "05023",
        "depcode": "05"
      }
    },
    {
      "type": "Feature",
      "geometry": {
        "type": "Point",
        "coordinates": [
          6.628724851,
          44.89853251
        ]
      },
      "properties": {
        "name": "Avenue de Provence N94 / La Guisane",
        "context": "Briançon, Hautes-Alpes",
        "citycode": "05023",
        "depcode": "05"
      }
    },
    {
      "type": "Feature",
      "geometry": {
        "type": "Point",
        "coordinates": [
          6.630115322,
          44.894716948
        ]
      },
      "properties": {
        "name": "Avenue de Provence N94 / Route de Puy Saint-Pierre D35",
        "context": "Briançon, Hautes-Alpes",
        "citycode": "05023",
        "depcode": "05"
      }
    },
    {
      "type": "Feature",
      "geometry": {
        "type": "Point",
        "coordinates": [
          6.631407973,
          44.902362369
        ]
      },
      "properties": {
        "name": "Avenue de Provence N94 / Rue du Général Barbot",
        "context": "Briançon, Hautes-Alpes",
        "citycode": "05023",
        "depcode": "05"
      }
    },
    {
      "type": "Feature",
      "geometry": {
        "type": "Point",
        "coordinates": [
          6.627638212,
          44.907324278
        ]
      },
      "properties": {
        "name": "Avenue de Savoie D1091 / Avenue du Galibier Voiecommunale",
        "context": "Briançon, Hautes-Alpes",
        "citycode": "05023",
        "depcode": "05"
      }
    },
    {
      "type": "Feature",
      "geometry": {
        "type": "Point",
        "coordinates": [
          6.628316844,
          44.905597789
        ]
      },
      "properties": {
        "name": "Avenue de Savoie / Rond-Point des Alpes",
        "context": "Briançon, Hautes-Alpes",
        "citycode": "05023",
        "depcode": "05"
      }
    },
    {
      "type": "Feature",
      "geometry": {
        "type": "Point",
        "coordinates": [
          6.622387678,
          44.916617683
        ]
      },
      "properties": {
        "name": "Avenue de Savoie D1091 / Route de Grenoble",
        "context": "Briançon, Hautes-Alpes",
        "citycode": "05023",
        "depcode": "05"
      }
    },
    {
      "type": "Feature",
      "geometry": {
        "type": "Point",
        "coordinates": [
          6.622997397,
          44.914744071
        ]
      },
      "properties": {
        "name": "Avenue de Savoie D1091 / Rue François Chabas",
        "context": "Briançon, Hautes-Alpes",
        "citycode": "05023",
        "depcode": "05"
      }
    },
    {
      "type": "Feature",
      "geometry": {
        "type": "Point",
        "coordinates": [
          6.623393561,
          44.913887282
        ]
      },
      "properties": {
        "name": "Avenue de Savoie D1091 / Ruine de Fortville",
        "context": "Briançon, Hautes-Alpes",
        "citycode": "05023",
        "depcode": "05"
      }
    },
    {
      "type": "Feature",
      "geometry": {
        "type": "Point",
        "coordinates": [
          6.623001087,
          44.914910832
        ]
      },
      "properties": {
        "name": "Avenue de Savoie D1091 / Ruine de Mas de Blais",
        "context": "Briançon, Hautes-Alpes",
        "citycode": "05023",
        "depcode": "05"
      }
    },
    {
      "type": "Feature",
      "geometry": {
        "type": "Point",
        "coordinates": [
          6.623690513,
          44.913212816
        ]
      },
      "properties": {
        "name": "Avenue de Savoie D1091 / Torrent de l'Adoux",
        "context": "Briançon, Hautes-Alpes",
        "citycode": "05023",
        "depcode": "05"
      }
    },
    {
      "type": "Feature",
      "geometry": {
        "type": "Point",
        "coordinates": [
          6.619534258,
          44.918811169
        ]
      },
      "properties": {
        "name": "Avenue de Savoie D1091 / Torrent du Réguignier",
        "context": "Briançon, Hautes-Alpes",
        "citycode": "05023",
        "depcode": "05"
      }
    },
    {
      "type": "Feature",
      "geometry": {
        "type": "Point",
        "coordinates": [
          6.634666606,
          44.896656824
        ]
      },
      "properties": {
        "name": "Avenue du 159e RIA / Avenue de la République",
        "context": "Briançon, Hautes-Alpes",
        "citycode": "05023",
        "depcode": "05"
      }
    },
    {
      "type": "Feature",
      "geometry": {
        "type": "Point",
        "coordinates": [
          6.634546283,
          44.896689431
        ]
      },
      "properties": {
        "name": "Avenue du 159e RIA / Rond-Point de La Chaussée",
        "context": "Briançon, Hautes-Alpes",
        "citycode": "05023",
        "depcode": "05"
      }
    },
    {
      "type": "Feature",
      "geometry": {
        "type": "Point",
        "coordinates": [
          6.634136276,
          44.897788157
        ]
      },
      "properties": {
        "name": "Avenue du 159e RIA / Rue Barthélémy Chaix",
        "context": "Briançon, Hautes-Alpes",
        "citycode": "05023",
        "depcode": "05"
      }
    },
    {
      "type": "Feature",
      "geometry": {
        "type": "Point",
        "coordinates": [
          6.633934991,
          44.898632678
        ]
      },
      "properties": {
        "name": "Avenue du 159e RIA / Square de Narwik",
        "context": "Briançon, Hautes-Alpes",
        "citycode": "05023",
        "depcode": "05"
      }
    },
    {
      "type": "Feature",
      "geometry": {
        "type": "Point",
        "coordinates": [
          6.666084322,
          44.881928438
        ]
      },
      "properties": {
        "name": "Avenue du Col d'Izoard D902 / Canal de Fontchristiane",
        "context": "Briançon, Hautes-Alpes",
        "citycode": "05023",
        "depcode": "05"
      }
    },
    {
      "type": "Feature",
      "geometry": {
        "type": "Point",
        "coordinates": [
          6.640622983,
          44.891581374
        ]
      },
      "properties": {
        "name": "Avenue du Col d'Izoard D902 / Chemin de la Croix du Frene",
        "context": "Briançon, Hautes-Alpes",
        "citycode": "05023",
        "depcode": "05"
      }
    },
    {
      "type": "Feature",
      "geometry": {
        "type": "Point",
        "coordinates": [
          6.669339236,
          44.881945516
        ]
      },
      "properties": {
        "name": "Avenue du Col d'Izoard D902 / Ravin du Randon",
        "context": "Briançon, Hautes-Alpes",
        "citycode": "05023",
        "depcode": "05"
      }
    },
    {
      "type": "Feature",
      "geometry": {
        "type": "Point",
        "coordinates": [
          6.686776396,
          44.877092166
        ]
      },
      "properties": {
        "name": "Avenue du Col d'Izoard D902 / Ravin Mioillon",
        "context": "Briançon, Hautes-Alpes",
        "citycode": "05023",
        "depcode": "05"
      }
    },
    {
      "type": "Feature",
      "geometry": {
        "type": "Point",
        "coordinates": [
          6.648327693,
          44.886672003
        ]
      },
      "properties": {
        "name": "Avenue du Col d'Izoard D902 / Route du Fort des Tétes",
        "context": "Briançon, Hautes-Alpes",
        "citycode": "05023",
        "depcode": "05"
      }
    },
    {
      "type": "Feature",
      "geometry": {
        "type": "Point",
        "coordinates": [
          6.659767905,
          44.883529445
        ]
      },
      "properties": {
        "name": "Avenue du Col d'Izoard D902 / Route Stratégique de la Cerveyrette",
        "context": "Briançon, Hautes-Alpes",
        "citycode": "05023",
        "depcode": "05"
      }
    },
    {
      "type": "Feature",
      "geometry": {
        "type": "Point",
        "coordinates": [
          6.64857056,
          44.886464348
        ]
      },
      "properties": {
        "name": "Avenue du Col d'Izoard D902 / VC4",
        "context": "Briançon, Hautes-Alpes",
        "citycode": "05023",
        "depcode": "05"
      }
    },
    {
      "type": "Feature",
      "geometry": {
        "type": "Point",
        "coordinates": [
          6.628221898,
          44.90548555
        ]
      },
      "properties": {
        "name": "Avenue du Dauphiné N94 / Avenue de Savoie",
        "context": "Briançon, Hautes-Alpes",
        "citycode": "05023",
        "depcode": "05"
      }
    },
    {
      "type": "Feature",
      "geometry": {
        "type": "Point",
        "coordinates": [
          6.628541301,
          44.90537935
        ]
      },
      "properties": {
        "name": "Avenue du Dauphiné N94 / Avenue du Professeur Forgues N94",
        "context": "Briançon, Hautes-Alpes",
        "citycode": "05023",
        "depcode": "05"
      }
    },
    {
      "type": "Feature",
      "geometry": {
        "type": "Point",
        "coordinates": [
          6.627978087,
          44.904367165
        ]
      },
      "properties": {
        "name": "Avenue du Dauphiné N94 / Chemin de Fortvile D402",
        "context": "Briançon, Hautes-Alpes",
        "citycode": "05023",
        "depcode": "05"
      }
    },
    {
      "type": "Feature",
      "geometry": {
        "type": "Point",
        "coordinates": [
          6.630186061,
          44.903390066
        ]
      },
      "properties": {
        "name": "Avenue du Dauphiné N94 / Chemin Fanton",
        "context": "Briançon, Hautes-Alpes",
        "citycode": "05023",
        "depcode": "05"
      }
    },
    {
      "type": "Feature",
      "geometry": {
        "type": "Point",
        "coordinates": [
          6.628350475,
          44.905382834
        ]
      },
      "properties": {
        "name": "Avenue du Dauphiné N94 / Rond-Point des Alpes",
        "context": "Briançon, Hautes-Alpes",
        "citycode": "05023",
        "depcode": "05"
      }
    },
    {
      "type": "Feature",
      "geometry": {
        "type": "Point",
        "coordinates": [
          6.631173244,
          44.902708965
        ]
      },
      "properties": {
        "name": "Avenue du Dauphiné N94 / Rue du Général Barbot",
        "context": "Briançon, Hautes-Alpes",
        "citycode": "05023",
        "depcode": "05"
      }
    },
    {
      "type": "Feature",
      "geometry": {
        "type": "Point",
        "coordinates": [
          6.62763075,
          44.907337428
        ]
      },
      "properties": {
        "name": "Avenue du Galibier Voiecommunale / Avenue de Savoie D1091",
        "context": "Briançon, Hautes-Alpes",
        "citycode": "05023",
        "depcode": "05"
      }
    },
    {
      "type": "Feature",
      "geometry": {
        "type": "Point",
        "coordinates": [
          6.62975857,
          44.905600226
        ]
      },
      "properties": {
        "name": "Avenue du Lautaret Voiecommunale / Avenue du Professeur Forgues N94",
        "context": "Briançon, Hautes-Alpes",
        "citycode": "05023",
        "depcode": "05"
      }
    },
    {
      "type": "Feature",
      "geometry": {
        "type": "Point",
        "coordinates": [
          6.629997278,
          44.905433976
        ]
      },
      "properties": {
        "name": "Avenue du Lautaret Voiecommunale / Chemin Fanton",
        "context": "Briançon, Hautes-Alpes",
        "citycode": "05023",
        "depcode": "05"
      }
    },
    {
      "type": "Feature",
      "geometry": {
        "type": "Point",
        "coordinates": [
          6.63872461,
          44.902431768
        ]
      },
      "properties": {
        "name": "Avenue du Professeur Forgues N94 / Avenue Baldenberger N94",
        "context": "Briançon, Hautes-Alpes",
        "citycode": "05023",
        "depcode": "05"
      }
    },
    {
      "type": "Feature",
      "geometry": {
        "type": "Point",
        "coordinates": [
          6.638596385,
          44.902454187
        ]
      },
      "properties": {
        "name": "Avenue du Professeur Forgues N94 / Avenue de la Libération",
        "context": "Briançon, Hautes-Alpes",
        "citycode": "05023",
        "depcode": "05"
      }
    },
    {
      "type": "Feature",
      "geometry": {
        "type": "Point",
        "coordinates": [
          6.62849335,
          44.905628602
        ]
      },
      "properties": {
        "name": "Avenue du Professeur Forgues N94 / Avenue de Savoie",
        "context": "Briançon, Hautes-Alpes",
        "citycode": "05023",
        "depcode": "05"
      }
    },
    {
      "type": "Feature",
      "geometry": {
        "type": "Point",
        "coordinates": [
          6.63710296,
          44.903280361
        ]
      },
      "properties": {
        "name": "Avenue du Professeur Forgues N94 / Chemin du Grand Canal",
        "context": "Briançon, Hautes-Alpes",
        "citycode": "05023",
        "depcode": "05"
      }
    },
    {
      "type": "Feature",
      "geometry": {
        "type": "Point",
        "coordinates": [
          6.628592933,
          44.905513381
        ]
      },
      "properties": {
        "name": "Avenue du Professeur Forgues N94 / Rond-Point des Alpes",
        "context": "Briançon, Hautes-Alpes",
        "citycode": "05023",
        "depcode": "05"
      }
    },
    {
      "type": "Feature",
      "geometry": {
        "type": "Point",
        "coordinates": [
          6.629359784,
          44.905626088
        ]
      },
      "properties": {
        "name": "Avenue du Professeur Forgues N94 / Voiecommunale",
        "context": "Briançon, Hautes-Alpes",
        "citycode": "05023",
        "depcode": "05"
      }
    },
    {
      "type": "Feature",
      "geometry": {
        "type": "Point",
        "coordinates": [
          6.633423099,
          44.893998524
        ]
      },
      "properties": {
        "name": "Avenue Général de Gaulle D136 / Avenue Jean Moulin D36b",
        "context": "Briançon, Hautes-Alpes",
        "citycode": "05023",
        "depcode": "05"
      }
    },
    {
      "type": "Feature",
      "geometry": {
        "type": "Point",
        "coordinates": [
          6.632799953,
          44.895731876
        ]
      },
      "properties": {
        "name": "Avenue Général de Gaulle D136 / Avenue Maurice Petsche D2",
        "context": "Briançon, Hautes-Alpes",
        "citycode": "05023",
        "depcode": "05"
      }
    },
    {
      "type": "Feature",
      "geometry": {
        "type": "Point",
        "coordinates": [
          6.63321009,
          44.894608398
        ]
      },
      "properties": {
        "name": "Avenue Général de Gaulle D136 / Projet de Voie Verte Briançon - Le Monetier",
        "context": "Briançon, Hautes-Alpes",
        "citycode": "05023",
        "depcode": "05"
      }
    },
    {
      "type": "Feature",
      "geometry": {
        "type": "Point",
        "coordinates": [
          6.633078906,
          44.895117687
        ]
      },
      "properties": {
        "name": "Avenue Général de Gaulle D136 / Rue Alphand",
        "context": "Briançon, Hautes-Alpes",
        "citycode": "05023",
        "depcode": "05"
      }
    },
    {
      "type": "Feature",
      "geometry": {
        "type": "Point",
        "coordinates": [
          6.633504697,
          44.894123124
        ]
      },
      "properties": {
        "name": "Avenue Général de Gaulle D136 / Rue de la Soie D36B",
        "context": "Briançon, Hautes-Alpes",
        "citycode": "05023",
        "depcode": "05"
      }
    },
    {
      "type": "Feature",
      "geometry": {
        "type": "Point",
        "coordinates": [
          6.633356213,
          44.889496568
        ]
      },
      "properties": {
        "name": "Avenue Général de Gaulle D136 / Rue du Colonel Patrice Blanc",
        "context": "Briançon, Hautes-Alpes",
        "citycode": "05023",
        "depcode": "05"
      }
    },
    {
      "type": "Feature",
      "geometry": {
        "type": "Point",
        "coordinates": [
          6.63377427,
          44.893041088
        ]
      },
      "properties": {
        "name": "Avenue Général de Gaulle D136 / Rue Georges Bermond Gonnet",
        "context": "Briançon, Hautes-Alpes",
        "citycode": "05023",
        "depcode": "05"
      }
    },
    {
      "type": "Feature",
      "geometry": {
        "type": "Point",
        "coordinates": [
          6.633929801,
          44.892483354
        ]
      },
      "properties": {
        "name": "Avenue Général de Gaulle D136 / Rue Morand",
        "context": "Briançon, Hautes-Alpes",
        "citycode": "05023",
        "depcode": "05"
      }
    },
    {
      "type": "Feature",
      "geometry": {
        "type": "Point",
        "coordinates": [
          6.633044468,
          44.895111502
        ]
      },
      "properties": {
        "name": "Avenue Général de Gaulle D136 / Rue Moulin",
        "context": "Briançon, Hautes-Alpes",
        "citycode": "05023",
        "depcode": "05"
      }
    },
    {
      "type": "Feature",
      "geometry": {
        "type": "Point",
        "coordinates": [
          6.626199735,
          44.909675463
        ]
      },
      "properties": {
        "name": "Avenue Georges Pompidou / Avenue de Savoie D1091",
        "context": "Briançon, Hautes-Alpes",
        "citycode": "05023",
        "depcode": "05"
      }
    },
    {
      "type": "Feature",
      "geometry": {
        "type": "Point",
        "coordinates": [
          6.628218249,
          44.911568307
        ]
      },
      "properties": {
        "name": "Avenue Georges Pompidou / Lotissement Les Chaumes",
        "context": "Briançon, Hautes-Alpes",
        "citycode": "05023",
        "depcode": "05"
      }
    },
    {
      "type": "Feature",
      "geometry": {
        "type": "Point",
        "coordinates": [
          6.628891839,
          44.91136885
        ]
      },
      "properties": {
        "name": "Avenue Georges Pompidou / Route de Grenoble",
        "context": "Briançon, Hautes-Alpes",
        "citycode": "05023",
        "depcode": "05"
      }
    },
    {
      "type": "Feature",
      "geometry": {
        "type": "Point",
        "coordinates": [
          6.627324979,
          44.910168098
        ]
      },
      "properties": {
        "name": "Avenue Georges Pompidou / Ruine de Mas de Chaix",
        "context": "Briançon, Hautes-Alpes",
        "citycode": "05023",
        "depcode": "05"
      }
    },
    {
      "type": "Feature",
      "geometry": {
        "type": "Point",
        "coordinates": [
          6.633385391,
          44.894086798
        ]
      },
      "properties": {
        "name": "Avenue Jean Moulin D36b / Avenue Général de Gaulle D136",
        "context": "Briançon, Hautes-Alpes",
        "citycode": "05023",
        "depcode": "05"
      }
    },
    {
      "type": "Feature",
      "geometry": {
        "type": "Point",
        "coordinates": [
          6.630924374,
          44.893085179
        ]
      },
      "properties": {
        "name": "Avenue Jean Moulin D36b / La Durance",
        "context": "Briançon, Hautes-Alpes",
        "citycode": "05023",
        "depcode": "05"
      }
    },
    {
      "type": "Feature",
      "geometry": {
        "type": "Point",
        "coordinates": [
          6.625842695,
          44.886664827
        ]
      },
      "properties": {
        "name": "Avenue Jean Moulin D36b / Piste Auto École",
        "context": "Briançon, Hautes-Alpes",
        "citycode": "05023",
        "depcode": "05"
      }
    },
    {
      "type": "Feature",
      "geometry": {
        "type": "Point",
        "coordinates": [
          6.633182249,
          44.894019616
        ]
      },
      "properties": {
        "name": "Avenue Jean Moulin D36b / Projet de Voie Verte Briançon - Le Monetier",
        "context": "Briançon, Hautes-Alpes",
        "citycode": "05023",
        "depcode": "05"
      }
    },
    {
      "type": "Feature",
      "geometry": {
        "type": "Point",
        "coordinates": [
          6.622890173,
          44.882064192
        ]
      },
      "properties": {
        "name": "Avenue Jean Moulin D36b / Rond-Point du Chaberton (Fort des Nuages)",
        "context": "Briançon, Hautes-Alpes",
        "citycode": "05023",
        "depcode": "05"
      }
    },
    {
      "type": "Feature",
      "geometry": {
        "type": "Point",
        "coordinates": [
          6.622951308,
          44.882035501
        ]
      },
      "properties": {
        "name": "Avenue Jean Moulin D36b / Route des Maisons Blanches",
        "context": "Briançon, Hautes-Alpes",
        "citycode": "05023",
        "depcode": "05"
      }
    },
    {
      "type": "Feature",
      "geometry": {
        "type": "Point",
        "coordinates": [
          6.630131536,
          44.894732936
        ]
      },
      "properties": {
        "name": "Avenue Maurice Petsche D2 / Avenue de Provence N94",
        "context": "Briançon, Hautes-Alpes",
        "citycode": "05023",
        "depcode": "05"
      }
    },
    {
      "type": "Feature",
      "geometry": {
        "type": "Point",
        "coordinates": [
          6.634478345,
          44.896623138
        ]
      },
      "properties": {
        "name": "Avenue Maurice Petsche / Avenue du 159e RIA",
        "context": "Briançon, Hautes-Alpes",
        "citycode": "05023",
        "depcode": "05"
      }
    },
    {
      "type": "Feature",
      "geometry": {
        "type": "Point",
        "coordinates": [
          6.632894539,
          44.895785339
        ]
      },
      "properties": {
        "name": "Avenue Maurice Petsche D2 / Avenue Général de Gaulle D136",
        "context": "Briançon, Hautes-Alpes",
        "citycode": "05023",
        "depcode": "05"
      }
    },
    {
      "type": "Feature",
      "geometry": {
        "type": "Point",
        "coordinates": [
          6.633710759,
          44.896242416
        ]
      },
      "properties": {
        "name": "Avenue Maurice Petsche / Chemin Alphonse Blanchard",
        "context": "Briançon, Hautes-Alpes",
        "citycode": "05023",
        "depcode": "05"
      }
    },
    {
      "type": "Feature",
      "geometry": {
        "type": "Point",
        "coordinates": [
          6.630652386,
          44.895061728
        ]
      },
      "properties": {
        "name": "Avenue Maurice Petsche D2 / La Guisane",
        "context": "Briançon, Hautes-Alpes",
        "citycode": "05023",
        "depcode": "05"
      }
    },
    {
      "type": "Feature",
      "geometry": {
        "type": "Point",
        "coordinates": [
          6.630890427,
          44.895150286
        ]
      },
      "properties": {
        "name": "Avenue Maurice Petsche D2 / Projet de Voie Verte Briançon - Le Monetier",
        "context": "Briançon, Hautes-Alpes",
        "citycode": "05023",
        "depcode": "05"
      }
    },
    {
      "type": "Feature",
      "geometry": {
        "type": "Point",
        "coordinates": [
          6.634474241,
          44.896555654
        ]
      },
      "properties": {
        "name": "Avenue Maurice Petsche / Rond-Point de La Chaussée",
        "context": "Briançon, Hautes-Alpes",
        "citycode": "05023",
        "depcode": "05"
      }
    },
    {
      "type": "Feature",
      "geometry": {
        "type": "Point",
        "coordinates": [
          6.630129663,
          44.894712667
        ]
      },
      "properties": {
        "name": "Avenue Maurice Petsche D2 / Route de Gap N94",
        "context": "Briançon, Hautes-Alpes",
        "citycode": "05023",
        "depcode": "05"
      }
    },
    {
      "type": "Feature",
      "geometry": {
        "type": "Point",
        "coordinates": [
          6.630123605,
          44.894714593
        ]
      },
      "properties": {
        "name": "Avenue Maurice Petsche D2 / Route de Puy Saint-Pierre D35",
        "context": "Briançon, Hautes-Alpes",
        "citycode": "05023",
        "depcode": "05"
      }
    },
    {
      "type": "Feature",
      "geometry": {
        "type": "Point",
        "coordinates": [
          6.634587856,
          44.896522643
        ]
      },
      "properties": {
        "name": "Avenue Maurice Petsche / Rue Centrale",
        "context": "Briançon, Hautes-Alpes",
        "citycode": "05023",
        "depcode": "05"
      }
    },
    {
      "type": "Feature",
      "geometry": {
        "type": "Point",
        "coordinates": [
          6.63446389,
          44.896498794
        ]
      },
      "properties": {
        "name": "Avenue Maurice Petsche / Rue Evariste Chancel",
        "context": "Briançon, Hautes-Alpes",
        "citycode": "05023",
        "depcode": "05"
      }
    },
    {
      "type": "Feature",
      "geometry": {
        "type": "Point",
        "coordinates": [
          6.631540204,
          44.895400703
        ]
      },
      "properties": {
        "name": "Avenue René Froger / Avenue Maurice Petsche D2",
        "context": "Briançon, Hautes-Alpes",
        "citycode": "05023",
        "depcode": "05"
      }
    },
    {
      "type": "Feature",
      "geometry": {
        "type": "Point",
        "coordinates": [
          6.632529174,
          44.900614723
        ]
      },
      "properties": {
        "name": "Avenue René Froger / Rue du Champs de Tir",
        "context": "Briançon, Hautes-Alpes",
        "citycode": "05023",
        "depcode": "05"
      }
    },
    {
      "type": "Feature",
      "geometry": {
        "type": "Point",
        "coordinates": [
          6.632520736,
          44.900616353
        ]
      },
      "properties": {
        "name": "Avenue René Froger / Rue du Général Barbot",
        "context": "Briançon, Hautes-Alpes",
        "citycode": "05023",
        "depcode": "05"
      }
    },
    {
      "type": "Feature",
      "geometry": {
        "type": "Point",
        "coordinates": [
          6.644107802,
          44.900651803
        ]
      },
      "properties": {
        "name": "Avenue Vauban / Chemin de Ronde",
        "context": "Briançon, Hautes-Alpes",
        "citycode": "05023",
        "depcode": "05"
      }
    },
    {
      "type": "Feature",
      "geometry": {
        "type": "Point",
        "coordinates": [
          6.64366363,
          44.900875265
        ]
      },
      "properties": {
        "name": "Avenue Vauban / Rue Porte Dauphine",
        "context": "Briançon, Hautes-Alpes",
        "citycode": "05023",
        "depcode": "05"
      }
    },
    {
      "type": "Feature",
      "geometry": {
        "type": "Point",
        "coordinates": [
          6.688891839,
          44.876847734
        ]
      },
      "properties": {
        "name": "Canal de Fontchristiane / Avenue du Col d'Izoard D902",
        "context": "Briançon, Hautes-Alpes",
        "citycode": "05023",
        "depcode": "05"
      }
    },
    {
      "type": "Feature",
      "geometry": {
        "type": "Point",
        "coordinates": [
          6.669542777,
          44.882428866
        ]
      },
      "properties": {
        "name": "Canal de Fontchristiane / Ravin du Randon",
        "context": "Briançon, Hautes-Alpes",
        "citycode": "05023",
        "depcode": "05"
      }
    },
    {
      "type": "Feature",
      "geometry": {
        "type": "Point",
        "coordinates": [
          6.688066219,
          44.877703937
        ]
      },
      "properties": {
        "name": "Canal de Fontchristiane / Ravin Mioillon",
        "context": "Briançon, Hautes-Alpes",
        "citycode": "05023",
        "depcode": "05"
      }
    },
    {
      "type": "Feature",
      "geometry": {
        "type": "Point",
        "coordinates": [
          6.663455975,
          44.882832606
        ]
      },
      "properties": {
        "name": "Canal de Fontchristiane / Route Stratégique de la Cerveyrette",
        "context": "Briançon, Hautes-Alpes",
        "citycode": "05023",
        "depcode": "05"
      }
    },
    {
      "type": "Feature",
      "geometry": {
        "type": "Point",
        "coordinates": [
          6.618771246,
          44.906268828
        ]
      },
      "properties": {
        "name": "Canal Neuf / Sentier du Canal Neuf",
        "context": "Briançon, Hautes-Alpes",
        "citycode": "05023",
        "depcode": "05"
      }
    },
    {
      "type": "Feature",
      "geometry": {
        "type": "Point",
        "coordinates": [
          6.643266689,
          44.901510484
        ]
      },
      "properties": {
        "name": "Champ de Mars N94 / Avenue Baldenberger N94",
        "context": "Briançon, Hautes-Alpes",
        "citycode": "05023",
        "depcode": "05"
      }
    },
    {
      "type": "Feature",
      "geometry": {
        "type": "Point",
        "coordinates": [
          6.643753216,
          44.901437602
        ]
      },
      "properties": {
        "name": "Champ de Mars N94 / Rond-Point du Champ de Mars",
        "context": "Briançon, Hautes-Alpes",
        "citycode": "05023",
        "depcode": "05"
      }
    },
    {
      "type": "Feature",
      "geometry": {
        "type": "Point",
        "coordinates": [
          6.646105586,
          44.901859014
        ]
      },
      "properties": {
        "name": "Champ de Mars N94 / Route d'Italie N94",
        "context": "Briançon, Hautes-Alpes",
        "citycode": "05023",
        "depcode": "05"
      }
    },
    {
      "type": "Feature",
      "geometry": {
        "type": "Point",
        "coordinates": [
          6.636446986,
          44.890148872
        ]
      },
      "properties": {
        "name": "Chemin de Chaix / Rue des Toulouzannes",
        "context": "Briançon, Hautes-Alpes",
        "citycode": "05023",
        "depcode": "05"
      }
    },
    {
      "type": "Feature",
      "geometry": {
        "type": "Point",
        "coordinates": [
          6.646921969,
          44.891359725
        ]
      },
      "properties": {
        "name": "Chemin de Fontchristiane / Avenue du Col d'Izoard D902",
        "context": "Briançon, Hautes-Alpes",
        "citycode": "05023",
        "depcode": "05"
      }
    },
    {
      "type": "Feature",
      "geometry": {
        "type": "Point",
        "coordinates": [
          6.641917593,
          44.891911156
        ]
      },
      "properties": {
        "name": "Chemin de Fontchristiane / Chemin de la Croix du Frene",
        "context": "Briançon, Hautes-Alpes",
        "citycode": "05023",
        "depcode": "05"
      }
    },
    {
      "type": "Feature",
      "geometry": {
        "type": "Point",
        "coordinates": [
          6.644604057,
          44.891093112
        ]
      },
      "properties": {
        "name": "Chemin de Fontchristiane / Chemin des Combes VC3",
        "context": "Briançon, Hautes-Alpes",
        "citycode": "05023",
        "depcode": "05"
      }
    },
    {
      "type": "Feature",
      "geometry": {
        "type": "Point",
        "coordinates": [
          6.650600925,
          44.891850657
        ]
      },
      "properties": {
        "name": "Chemin de Fontchristiane / Route du Fort des Tétes",
        "context": "Briançon, Hautes-Alpes",
        "citycode": "05023",
        "depcode": "05"
      }
    },
    {
      "type": "Feature",
      "geometry": {
        "type": "Point",
        "coordinates": [
          6.62795879,
          44.904395781
        ]
      },
      "properties": {
        "name": "Chemin de Fortvile D402 / Avenue du Dauphiné N94",
        "context": "Briançon, Hautes-Alpes",
        "citycode": "05023",
        "depcode": "05"
      }
    },
    {
      "type": "Feature",
      "geometry": {
        "type": "Point",
        "coordinates": [
          6.625657241,
          44.906955135
        ]
      },
      "properties": {
        "name": "Chemin de Fortvile D402 / Chemin de Fortville",
        "context": "Briançon, Hautes-Alpes",
        "citycode": "05023",
        "depcode": "05"
      }
    },
    {
      "type": "Feature",
      "geometry": {
        "type": "Point",
        "coordinates": [
          6.625656511,
          44.906951735
        ]
      },
      "properties": {
        "name": "Chemin de Fortvile D402 / Pont de la Ribière D402",
        "context": "Briançon, Hautes-Alpes",
        "citycode": "05023",
        "depcode": "05"
      }
    },
    {
      "type": "Feature",
      "geometry": {
        "type": "Point",
        "coordinates": [
          6.625998943,
          44.906673205
        ]
      },
      "properties": {
        "name": "Chemin de Fortvile D402 / Projet de Voie Verte Briançon - Le Lauzet",
        "context": "Briançon, Hautes-Alpes",
        "citycode": "05023",
        "depcode": "05"
      }
    },
    {
      "type": "Feature",
      "geometry": {
        "type": "Point",
        "coordinates": [
          6.622191761,
          44.909574679
        ]
      },
      "properties": {
        "name": "Chemin de Fortville / 14 Le Martinet",
        "context": "Briançon, Hautes-Alpes",
        "citycode": "05023",
        "depcode": "05"
      }
    },
    {
      "type": "Feature",
      "geometry": {
        "type": "Point",
        "coordinates": [
          6.624234916,
          44.911221125
        ]
      },
      "properties": {
        "name": "Chemin de Fortville / Avenue de Savoie D1091",
        "context": "Briançon, Hautes-Alpes",
        "citycode": "05023",
        "depcode": "05"
      }
    },
    {
      "type": "Feature",
      "geometry": {
        "type": "Point",
        "coordinates": [
          6.621513023,
          44.912110614
        ]
      },
      "properties": {
        "name": "Chemin de Fortville / Chemin de Serre de Maure",
        "context": "Briançon, Hautes-Alpes",
        "citycode": "05023",
        "depcode": "05"
      }
    },
    {
      "type": "Feature",
      "geometry": {
        "type": "Point",
        "coordinates": [
          6.622743794,
          44.909154487
        ]
      },
      "properties": {
        "name": "Chemin de Fortville / La Guisane",
        "context": "Briançon, Hautes-Alpes",
        "citycode": "05023",
        "depcode": "05"
      }
    },
    {
      "type": "Feature",
      "geometry": {
        "type": "Point",
        "coordinates": [
          6.625645444,
          44.906957746
        ]
      },
      "properties": {
        "name": "Chemin de Fortville / Pont de la Ribière D402",
        "context": "Briançon, Hautes-Alpes",
        "citycode": "05023",
        "depcode": "05"
      }
    },
    {
      "type": "Feature",
      "geometry": {
        "type": "Point",
        "coordinates": [
          6.623736604,
          44.908663575
        ]
      },
      "properties": {
        "name": "Chemin de Fortville / Projet de Voie Verte Briançon - Le Lauzet",
        "context": "Briançon, Hautes-Alpes",
        "citycode": "05023",
        "depcode": "05"
      }
    },
    {
      "type": "Feature",
      "geometry": {
        "type": "Point",
        "coordinates": [
          6.621989157,
          44.911552616
        ]
      },
      "properties": {
        "name": "Chemin de Fortville / Torrent de l'Adoux",
        "context": "Briançon, Hautes-Alpes",
        "citycode": "05023",
        "depcode": "05"
      }
    },
    {
      "type": "Feature",
      "geometry": {
        "type": "Point",
        "coordinates": [
          6.615222895,
          44.877995205
        ]
      },
      "properties": {
        "name": "Chemin de l'École / Chemin de Rif-Claret",
        "context": "Briançon, Hautes-Alpes",
        "citycode": "05023",
        "depcode": "05"
      }
    },
    {
      "type": "Feature",
      "geometry": {
        "type": "Point",
        "coordinates": [
          6.613270411,
          44.876028614
        ]
      },
      "properties": {
        "name": "Chemin de l'École / Route de Pierrefeu D235",
        "context": "Briançon, Hautes-Alpes",
        "citycode": "05023",
        "depcode": "05"
      }
    },
    {
      "type": "Feature",
      "geometry": {
        "type": "Point",
        "coordinates": [
          6.615256828,
          44.878047458
        ]
      },
      "properties": {
        "name": "Chemin de l'École / Ruisseau du Fossa",
        "context": "Briançon, Hautes-Alpes",
        "citycode": "05023",
        "depcode": "05"
      }
    },
    {
      "type": "Feature",
      "geometry": {
        "type": "Point",
        "coordinates": [
          6.633376299,
          44.887139012
        ]
      },
      "properties": {
        "name": "Chemin de l'Emparre / Rond-Point Faure-Geors",
        "context": "Briançon, Hautes-Alpes",
        "citycode": "05023",
        "depcode": "05"
      }
    },
    {
      "type": "Feature",
      "geometry": {
        "type": "Point",
        "coordinates": [
          6.655265554,
          44.894953385
        ]
      },
      "properties": {
        "name": "Chemin de la Carrière / Chemin du Fort Dauphin",
        "context": "Briançon, Hautes-Alpes",
        "citycode": "05023",
        "depcode": "05"
      }
    },
    {
      "type": "Feature",
      "geometry": {
        "type": "Point",
        "coordinates": [
          6.638415054,
          44.893236079
        ]
      },
      "properties": {
        "name": "Chemin de la Croix du Frene / Avenue du Col d'Izoard D902",
        "context": "Briançon, Hautes-Alpes",
        "citycode": "05023",
        "depcode": "05"
      }
    },
    {
      "type": "Feature",
      "geometry": {
        "type": "Point",
        "coordinates": [
          6.637778331,
          44.893682176
        ]
      },
      "properties": {
        "name": "Chemin de la Croix du Frene / Rue des Toulouzannes",
        "context": "Briançon, Hautes-Alpes",
        "citycode": "05023",
        "depcode": "05"
      }
    },
    {
      "type": "Feature",
      "geometry": {
        "type": "Point",
        "coordinates": [
          6.639489858,
          44.891780861
        ]
      },
      "properties": {
        "name": "Chemin de la Croix du Frene / Rue du Lieutenant Miguet",
        "context": "Briançon, Hautes-Alpes",
        "citycode": "05023",
        "depcode": "05"
      }
    },
    {
      "type": "Feature",
      "geometry": {
        "type": "Point",
        "coordinates": [
          6.60813463,
          44.88039168
        ]
      },
      "properties": {
        "name": "Chemin de la Grande Terre / Ruisseau du Fossa",
        "context": "Briançon, Hautes-Alpes",
        "citycode": "05023",
        "depcode": "05"
      }
    },
    {
      "type": "Feature",
      "geometry": {
        "type": "Point",
        "coordinates": [
          6.659649686,
          44.902260258
        ]
      },
      "properties": {
        "name": "Chemin de la Montagne / L'Envers du Fontenil VC12",
        "context": "Briançon, Hautes-Alpes",
        "citycode": "05023",
        "depcode": "05"
      }
    },
    {
      "type": "Feature",
      "geometry": {
        "type": "Point",
        "coordinates": [
          6.643651326,
          44.896845505
        ]
      },
      "properties": {
        "name": "Chemin de la Schappe / Via Ferrata L'Arête de la Schappe",
        "context": "Briançon, Hautes-Alpes",
        "citycode": "05023",
        "depcode": "05"
      }
    },
    {
      "type": "Feature",
      "geometry": {
        "type": "Point",
        "coordinates": [
          6.640643596,
          44.900586662
        ]
      },
      "properties": {
        "name": "Chemin de la Tour / Avenue de la Libération",
        "context": "Briançon, Hautes-Alpes",
        "citycode": "05023",
        "depcode": "05"
      }
    },
    {
      "type": "Feature",
      "geometry": {
        "type": "Point",
        "coordinates": [
          6.63660027,
          44.900969135
        ]
      },
      "properties": {
        "name": "Chemin de la Tour / Avenue du Lautaret Voiecommunale",
        "context": "Briançon, Hautes-Alpes",
        "citycode": "05023",
        "depcode": "05"
      }
    },
    {
      "type": "Feature",
      "geometry": {
        "type": "Point",
        "coordinates": [
          6.640655499,
          44.900588103
        ]
      },
      "properties": {
        "name": "Chemin de la Tour / Chemin du Barry",
        "context": "Briançon, Hautes-Alpes",
        "citycode": "05023",
        "depcode": "05"
      }
    },
    {
      "type": "Feature",
      "geometry": {
        "type": "Point",
        "coordinates": [
          6.634190591,
          44.901730542
        ]
      },
      "properties": {
        "name": "Chemin de la Tour / Rue du Champs de Tir",
        "context": "Briançon, Hautes-Alpes",
        "citycode": "05023",
        "depcode": "05"
      }
    },
    {
      "type": "Feature",
      "geometry": {
        "type": "Point",
        "coordinates": [
          6.631596323,
          44.902272082
        ]
      },
      "properties": {
        "name": "Chemin de la Tour / Rue du Général Barbot",
        "context": "Briançon, Hautes-Alpes",
        "citycode": "05023",
        "depcode": "05"
      }
    },
    {
      "type": "Feature",
      "geometry": {
        "type": "Point",
        "coordinates": [
          6.647548372,
          44.907232035
        ]
      },
      "properties": {
        "name": "Chemin de la Via Ferrata La Croix de Toulouse / Via ferrata de la Croix de Toulouse",
        "context": "Briançon, Hautes-Alpes",
        "citycode": "05023",
        "depcode": "05"
      }
    },
    {
      "type": "Feature",
      "geometry": {
        "type": "Point",
        "coordinates": [
          6.609291101,
          44.879156
        ]
      },
      "properties": {
        "name": "Chemin de la Vignette / Chemin de Rif-Claret",
        "context": "Briançon, Hautes-Alpes",
        "citycode": "05023",
        "depcode": "05"
      }
    },
    {
      "type": "Feature",
      "geometry": {
        "type": "Point",
        "coordinates": [
          6.609336516,
          44.879201792
        ]
      },
      "properties": {
        "name": "Chemin de la Vignette / Chemin la Vignette",
        "context": "Briançon, Hautes-Alpes",
        "citycode": "05023",
        "depcode": "05"
      }
    },
    {
      "type": "Feature",
      "geometry": {
        "type": "Point",
        "coordinates": [
          6.609316638,
          44.879182401
        ]
      },
      "properties": {
        "name": "Chemin de la Vignette / Ruisseau du Fossa",
        "context": "Briançon, Hautes-Alpes",
        "citycode": "05023",
        "depcode": "05"
      }
    },
    {
      "type": "Feature",
      "geometry": {
        "type": "Point",
        "coordinates": [
          6.619868446,
          44.916955
        ]
      },
      "properties": {
        "name": "Chemin de Mas de Blais / Impasse du Mas des Cimes",
        "context": "Briançon, Hautes-Alpes",
        "citycode": "05023",
        "depcode": "05"
      }
    },
    {
      "type": "Feature",
      "geometry": {
        "type": "Point",
        "coordinates": [
          6.619963143,
          44.916914831
        ]
      },
      "properties": {
        "name": "Chemin de Mas de Blais / Rue Hameau de Mas de Blais",
        "context": "Briançon, Hautes-Alpes",
        "citycode": "05023",
        "depcode": "05"
      }
    },
    {
      "type": "Feature",
      "geometry": {
        "type": "Point",
        "coordinates": [
          6.61902514,
          44.917213348
        ]
      },
      "properties": {
        "name": "Chemin de Mas de Blais / Torrent du Réguignier",
        "context": "Briançon, Hautes-Alpes",
        "citycode": "05023",
        "depcode": "05"
      }
    },
    {
      "type": "Feature",
      "geometry": {
        "type": "Point",
        "coordinates": [
          6.612816808,
          44.878126897
        ]
      },
      "properties": {
        "name": "Chemin de Rif-Claret / Allée des Groseilliers",
        "context": "Briançon, Hautes-Alpes",
        "citycode": "05023",
        "depcode": "05"
      }
    },
    {
      "type": "Feature",
      "geometry": {
        "type": "Point",
        "coordinates": [
          6.615787413,
          44.877935156
        ]
      },
      "properties": {
        "name": "Chemin de Rif-Claret / Ancienne Route Nationale",
        "context": "Briançon, Hautes-Alpes",
        "citycode": "05023",
        "depcode": "05"
      }
    },
    {
      "type": "Feature",
      "geometry": {
        "type": "Point",
        "coordinates": [
          6.609114257,
          44.878962052
        ]
      },
      "properties": {
        "name": "Chemin de Rif-Claret / Chemin de la Grande Terre",
        "context": "Briançon, Hautes-Alpes",
        "citycode": "05023",
        "depcode": "05"
      }
    },
    {
      "type": "Feature",
      "geometry": {
        "type": "Point",
        "coordinates": [
          6.610216523,
          44.878120038
        ]
      },
      "properties": {
        "name": "Chemin de Rif-Claret / Chemin des Clapieres",
        "context": "Briançon, Hautes-Alpes",
        "citycode": "05023",
        "depcode": "05"
      }
    },
    {
      "type": "Feature",
      "geometry": {
        "type": "Point",
        "coordinates": [
          6.609245691,
          44.879110205
        ]
      },
      "properties": {
        "name": "Chemin de Rif-Claret / Chemin la Vignette",
        "context": "Briançon, Hautes-Alpes",
        "citycode": "05023",
        "depcode": "05"
      }
    },
    {
      "type": "Feature",
      "geometry": {
        "type": "Point",
        "coordinates": [
          6.615738885,
          44.877888395
        ]
      },
      "properties": {
        "name": "Chemin de Rif-Claret / Route Traversée de Saint-Blaise",
        "context": "Briançon, Hautes-Alpes",
        "citycode": "05023",
        "depcode": "05"
      }
    },
    {
      "type": "Feature",
      "geometry": {
        "type": "Point",
        "coordinates": [
          6.613068944,
          44.878397361
        ]
      },
      "properties": {
        "name": "Chemin de Rif-Claret / Ruisseau du Fossa",
        "context": "Briançon, Hautes-Alpes",
        "citycode": "05023",
        "depcode": "05"
      }
    },
    {
      "type": "Feature",
      "geometry": {
        "type": "Point",
        "coordinates": [
          6.645036945,
          44.89876224
        ]
      },
      "properties": {
        "name": "Chemin de Ronde / Rue Aspirant Jan",
        "context": "Briançon, Hautes-Alpes",
        "citycode": "05023",
        "depcode": "05"
      }
    },
    {
      "type": "Feature",
      "geometry": {
        "type": "Point",
        "coordinates": [
          6.644355978,
          44.900512782
        ]
      },
      "properties": {
        "name": "Chemin de Ronde / Rue de Castres",
        "context": "Briançon, Hautes-Alpes",
        "citycode": "05023",
        "depcode": "05"
      }
    },
    {
      "type": "Feature",
      "geometry": {
        "type": "Point",
        "coordinates": [
          6.644486691,
          44.899906348
        ]
      },
      "properties": {
        "name": "Chemin de Ronde / Rue des Sentinelles",
        "context": "Briançon, Hautes-Alpes",
        "citycode": "05023",
        "depcode": "05"
      }
    },
    {
      "type": "Feature",
      "geometry": {
        "type": "Point",
        "coordinates": [
          6.626274515,
          44.896660738
        ]
      },
      "properties": {
        "name": "Chemin de Saint-Jean / Canal des Queyrelles",
        "context": "Briançon, Hautes-Alpes",
        "citycode": "05023",
        "depcode": "05"
      }
    },
    {
      "type": "Feature",
      "geometry": {
        "type": "Point",
        "coordinates": [
          6.61257601,
          44.876309986
        ]
      },
      "properties": {
        "name": "Chemin de Subeyran / Route de Pierrefeu D235",
        "context": "Briançon, Hautes-Alpes",
        "citycode": "05023",
        "depcode": "05"
      }
    },
    {
      "type": "Feature",
      "geometry": {
        "type": "Point",
        "coordinates": [
          6.610219925,
          44.878129006
        ]
      },
      "properties": {
        "name": "Chemin des Clapieres / Chemin de Rif-Claret",
        "context": "Briançon, Hautes-Alpes",
        "citycode": "05023",
        "depcode": "05"
      }
    },
    {
      "type": "Feature",
      "geometry": {
        "type": "Point",
        "coordinates": [
          6.646586315,
          44.903781267
        ]
      },
      "properties": {
        "name": "Chemin des Fontaines / Chemin des Salettes",
        "context": "Briançon, Hautes-Alpes",
        "citycode": "05023",
        "depcode": "05"
      }
    },
    {
      "type": "Feature",
      "geometry": {
        "type": "Point",
        "coordinates": [
          6.636541796,
          44.907047657
        ]
      },
      "properties": {
        "name": "Chemin des Fontaines / Sentier de Grande Racine",
        "context": "Briançon, Hautes-Alpes",
        "citycode": "05023",
        "depcode": "05"
      }
    },
    {
      "type": "Feature",
      "geometry": {
        "type": "Point",
        "coordinates": [
          6.641388606,
          44.90398434
        ]
      },
      "properties": {
        "name": "Chemin des Fontaines / Sentier du Bois de la Pinée",
        "context": "Briançon, Hautes-Alpes",
        "citycode": "05023",
        "depcode": "05"
      }
    },
    {
      "type": "Feature",
      "geometry": {
        "type": "Point",
        "coordinates": [
          6.640910049,
          44.897585219
        ]
      },
      "properties": {
        "name": "Chemin des Pommiers d'Antan / Chemin Vieux",
        "context": "Briançon, Hautes-Alpes",
        "citycode": "05023",
        "depcode": "05"
      }
    },
    {
      "type": "Feature",
      "geometry": {
        "type": "Point",
        "coordinates": [
          6.644934848,
          44.901516169
        ]
      },
      "properties": {
        "name": "Chemin des Salettes / Champ de Mars N94",
        "context": "Briançon, Hautes-Alpes",
        "citycode": "05023",
        "depcode": "05"
      }
    },
    {
      "type": "Feature",
      "geometry": {
        "type": "Point",
        "coordinates": [
          6.647362823,
          44.904060907
        ]
      },
      "properties": {
        "name": "Chemin des Salettes / Chemin de la Via Ferrata La Croix de Toulouse",
        "context": "Briançon, Hautes-Alpes",
        "citycode": "05023",
        "depcode": "05"
      }
    },
    {
      "type": "Feature",
      "geometry": {
        "type": "Point",
        "coordinates": [
          6.646546197,
          44.903760968
        ]
      },
      "properties": {
        "name": "Chemin des Salettes / Chemin des Fontaines",
        "context": "Briançon, Hautes-Alpes",
        "citycode": "05023",
        "depcode": "05"
      }
    },
    {
      "type": "Feature",
      "geometry": {
        "type": "Point",
        "coordinates": [
          6.659702941,
          44.900459464
        ]
      },
      "properties": {
        "name": "Chemin des Traverses / Chemin de la Peyra",
        "context": "Briançon, Hautes-Alpes",
        "citycode": "05023",
        "depcode": "05"
      }
    },
    {
      "type": "Feature",
      "geometry": {
        "type": "Point",
        "coordinates": [
          6.642521937,
          44.901678841
        ]
      },
      "properties": {
        "name": "Chemin du Barry / Avenue Baldenberger N94",
        "context": "Briançon, Hautes-Alpes",
        "citycode": "05023",
        "depcode": "05"
      }
    },
    {
      "type": "Feature",
      "geometry": {
        "type": "Point",
        "coordinates": [
          6.64103036,
          44.89997831
        ]
      },
      "properties": {
        "name": "Chemin du Barry / Avenue de la Libération",
        "context": "Briançon, Hautes-Alpes",
        "citycode": "05023",
        "depcode": "05"
      }
    },
    {
      "type": "Feature",
      "geometry": {
        "type": "Point",
        "coordinates": [
          6.614639042,
          44.878056134
        ]
      },
      "properties": {
        "name": "Chemin du Canal Boulin / Chemin de Rif-Claret",
        "context": "Briançon, Hautes-Alpes",
        "citycode": "05023",
        "depcode": "05"
      }
    },
    {
      "type": "Feature",
      "geometry": {
        "type": "Point",
        "coordinates": [
          6.61259365,
          44.876351105
        ]
      },
      "properties": {
        "name": "Chemin du Canal Boulin / Chemin de Subeyran",
        "context": "Briançon, Hautes-Alpes",
        "citycode": "05023",
        "depcode": "05"
      }
    },
    {
      "type": "Feature",
      "geometry": {
        "type": "Point",
        "coordinates": [
          6.612557528,
          44.876285106
        ]
      },
      "properties": {
        "name": "Chemin du Canal Boulin / Route de Pierrefeu D235",
        "context": "Briançon, Hautes-Alpes",
        "citycode": "05023",
        "depcode": "05"
      }
    },
    {
      "type": "Feature",
      "geometry": {
        "type": "Point",
        "coordinates": [
          6.614693066,
          44.878096543
        ]
      },
      "properties": {
        "name": "Chemin du Canal Boulin / Ruisseau du Fossa",
        "context": "Briançon, Hautes-Alpes",
        "citycode": "05023",
        "depcode": "05"
      }
    },
    {
      "type": "Feature",
      "geometry": {
        "type": "Point",
        "coordinates": [
          6.641133985,
          44.885250726
        ]
      },
      "properties": {
        "name": "Chemin du Canal du Four / Canal du Four",
        "context": "Briançon, Hautes-Alpes",
        "citycode": "05023",
        "depcode": "05"
      }
    },
    {
      "type": "Feature",
      "geometry": {
        "type": "Point",
        "coordinates": [
          6.637015043,
          44.886486271
        ]
      },
      "properties": {
        "name": "Chemin du Canal du Four / Rue Saint-Roch",
        "context": "Briançon, Hautes-Alpes",
        "citycode": "05023",
        "depcode": "05"
      }
    },
    {
      "type": "Feature",
      "geometry": {
        "type": "Point",
        "coordinates": [
          6.636974274,
          44.886542495
        ]
      },
      "properties": {
        "name": "Chemin du Canal du Four / Ruelle de l'Infernet",
        "context": "Briançon, Hautes-Alpes",
        "citycode": "05023",
        "depcode": "05"
      }
    },
    {
      "type": "Feature",
      "geometry": {
        "type": "Point",
        "coordinates": [
          6.637001098,
          44.886509951
        ]
      },
      "properties": {
        "name": "Chemin du Canal du Four / Ruelle du Four",
        "context": "Briançon, Hautes-Alpes",
        "citycode": "05023",
        "depcode": "05"
      }
    },
    {
      "type": "Feature",
      "geometry": {
        "type": "Point",
        "coordinates": [
          6.628211232,
          44.887010152
        ]
      },
      "properties": {
        "name": "Chemin du Centre d'Oxygénation / Chemin de L'Emparre",
        "context": "Briançon, Hautes-Alpes",
        "citycode": "05023",
        "depcode": "05"
      }
    },
    {
      "type": "Feature",
      "geometry": {
        "type": "Point",
        "coordinates": [
          6.627599282,
          44.887597261
        ]
      },
      "properties": {
        "name": "Chemin du Centre d'Oxygénation / Rue Jean Moulin",
        "context": "Briançon, Hautes-Alpes",
        "citycode": "05023",
        "depcode": "05"
      }
    },
    {
      "type": "Feature",
      "geometry": {
        "type": "Point",
        "coordinates": [
          6.655341253,
          44.895338181
        ]
      },
      "properties": {
        "name": "Chemin du Fort Dauphin / Chemin des Traverses",
        "context": "Briançon, Hautes-Alpes",
        "citycode": "05023",
        "depcode": "05"
      }
    },
    {
      "type": "Feature",
      "geometry": {
        "type": "Point",
        "coordinates": [
          6.621832784,
          44.914757159
        ]
      },
      "properties": {
        "name": "Chemin du Mas Blais / Chemin de Mas de Blais",
        "context": "Briançon, Hautes-Alpes",
        "citycode": "05023",
        "depcode": "05"
      }
    },
    {
      "type": "Feature",
      "geometry": {
        "type": "Point",
        "coordinates": [
          6.621853815,
          44.914734612
        ]
      },
      "properties": {
        "name": "Chemin du Mas Blais / Rue des Beignets",
        "context": "Briançon, Hautes-Alpes",
        "citycode": "05023",
        "depcode": "05"
      }
    },
    {
      "type": "Feature",
      "geometry": {
        "type": "Point",
        "coordinates": [
          6.624164902,
          44.911316083
        ]
      },
      "properties": {
        "name": "Chemin du Mas de Blais / Avenue de Savoie D1091",
        "context": "Briançon, Hautes-Alpes",
        "citycode": "05023",
        "depcode": "05"
      }
    },
    {
      "type": "Feature",
      "geometry": {
        "type": "Point",
        "coordinates": [
          6.624148622,
          44.911223376
        ]
      },
      "properties": {
        "name": "Chemin du Mas de Blais / Chemin de Fortville",
        "context": "Briançon, Hautes-Alpes",
        "citycode": "05023",
        "depcode": "05"
      }
    },
    {
      "type": "Feature",
      "geometry": {
        "type": "Point",
        "coordinates": [
          6.621850118,
          44.914745137
        ]
      },
      "properties": {
        "name": "Chemin du Mas de Blais / Chemin de Mas de Blais",
        "context": "Briançon, Hautes-Alpes",
        "citycode": "05023",
        "depcode": "05"
      }
    },
    {
      "type": "Feature",
      "geometry": {
        "type": "Point",
        "coordinates": [
          6.621877505,
          44.914723904
        ]
      },
      "properties": {
        "name": "Chemin du Mas de Blais / Chemin du Mas Blais",
        "context": "Briançon, Hautes-Alpes",
        "citycode": "05023",
        "depcode": "05"
      }
    },
    {
      "type": "Feature",
      "geometry": {
        "type": "Point",
        "coordinates": [
          6.62186697,
          44.914722408
        ]
      },
      "properties": {
        "name": "Chemin du Mas de Blais / Rue des Beignets",
        "context": "Briançon, Hautes-Alpes",
        "citycode": "05023",
        "depcode": "05"
      }
    },
    {
      "type": "Feature",
      "geometry": {
        "type": "Point",
        "coordinates": [
          6.622221928,
          44.914443964
        ]
      },
      "properties": {
        "name": "Chemin du Mas de Blais / Ruine de Mas de Blais",
        "context": "Briançon, Hautes-Alpes",
        "citycode": "05023",
        "depcode": "05"
      }
    },
    {
      "type": "Feature",
      "geometry": {
        "type": "Point",
        "coordinates": [
          6.623183925,
          44.912733896
        ]
      },
      "properties": {
        "name": "Chemin du Mas de Blais / Torrent de l'Adoux",
        "context": "Briançon, Hautes-Alpes",
        "citycode": "05023",
        "depcode": "05"
      }
    },
    {
      "type": "Feature",
      "geometry": {
        "type": "Point",
        "coordinates": [
          6.634952006,
          44.885314326
        ]
      },
      "properties": {
        "name": "Chemin du Pont Baldy / Chemin de Jacomit",
        "context": "Briançon, Hautes-Alpes",
        "citycode": "05023",
        "depcode": "05"
      }
    },
    {
      "type": "Feature",
      "geometry": {
        "type": "Point",
        "coordinates": [
          6.636999902,
          44.885228732
        ]
      },
      "properties": {
        "name": "Chemin du Pont Baldy / Impasse Challe Coute",
        "context": "Briançon, Hautes-Alpes",
        "citycode": "05023",
        "depcode": "05"
      }
    },
    {
      "type": "Feature",
      "geometry": {
        "type": "Point",
        "coordinates": [
          6.637349088,
          44.885099132
        ]
      },
      "properties": {
        "name": "Chemin du Pont Baldy / La Cerveyrette",
        "context": "Briançon, Hautes-Alpes",
        "citycode": "05023",
        "depcode": "05"
      }
    },
    {
      "type": "Feature",
      "geometry": {
        "type": "Point",
        "coordinates": [
          6.634059635,
          44.885514682
        ]
      },
      "properties": {
        "name": "Chemin du Pont Baldy / Rue Joseph Silvestre D36",
        "context": "Briançon, Hautes-Alpes",
        "citycode": "05023",
        "depcode": "05"
      }
    },
    {
      "type": "Feature",
      "geometry": {
        "type": "Point",
        "coordinates": [
          6.630184303,
          44.903408762
        ]
      },
      "properties": {
        "name": "Chemin Fanton / Avenue du Dauphiné N94",
        "context": "Briançon, Hautes-Alpes",
        "citycode": "05023",
        "depcode": "05"
      }
    },
    {
      "type": "Feature",
      "geometry": {
        "type": "Point",
        "coordinates": [
          6.63018436,
          44.905308277
        ]
      },
      "properties": {
        "name": "Chemin Fanton / Avenue du Lautaret Voiecommunale",
        "context": "Briançon, Hautes-Alpes",
        "citycode": "05023",
        "depcode": "05"
      }
    },
    {
      "type": "Feature",
      "geometry": {
        "type": "Point",
        "coordinates": [
          6.609278977,
          44.87914439
        ]
      },
      "properties": {
        "name": "Chemin la Vignette / Ruisseau du Fossa",
        "context": "Briançon, Hautes-Alpes",
        "citycode": "05023",
        "depcode": "05"
      }
    },
    {
      "type": "Feature",
      "geometry": {
        "type": "Point",
        "coordinates": [
          6.630215231,
          44.886865957
        ]
      },
      "properties": {
        "name": "Chemin Lateral du Quai Militaire / Chemin de L'Emparre",
        "context": "Briançon, Hautes-Alpes",
        "citycode": "05023",
        "depcode": "05"
      }
    },
    {
      "type": "Feature",
      "geometry": {
        "type": "Point",
        "coordinates": [
          6.633360061,
          44.892795422
        ]
      },
      "properties": {
        "name": "Chemin Lateral du Quai Militaire / Rue Georges Bermond Gonnet",
        "context": "Briançon, Hautes-Alpes",
        "citycode": "05023",
        "depcode": "05"
      }
    },
    {
      "type": "Feature",
      "geometry": {
        "type": "Point",
        "coordinates": [
          6.641137869,
          44.899020138
        ]
      },
      "properties": {
        "name": "Chemin Vieux / Avenue de la Libération",
        "context": "Briançon, Hautes-Alpes",
        "citycode": "05023",
        "depcode": "05"
      }
    },
    {
      "type": "Feature",
      "geometry": {
        "type": "Point",
        "coordinates": [
          6.641151997,
          44.899013292
        ]
      },
      "properties": {
        "name": "Chemin Vieux / Avenue de la République",
        "context": "Briançon, Hautes-Alpes",
        "citycode": "05023",
        "depcode": "05"
      }
    },
    {
      "type": "Feature",
      "geometry": {
        "type": "Point",
        "coordinates": [
          6.640872954,
          44.897620256
        ]
      },
      "properties": {
        "name": "Chemin Vieux / Chemin des Pommiers d'Antan",
        "context": "Briançon, Hautes-Alpes",
        "citycode": "05023",
        "depcode": "05"
      }
    },
    {
      "type": "Feature",
      "geometry": {
        "type": "Point",
        "coordinates": [
          6.636600807,
          44.896189243
        ]
      },
      "properties": {
        "name": "Chemin Vieux / Impasse Gallice Bey",
        "context": "Briançon, Hautes-Alpes",
        "citycode": "05023",
        "depcode": "05"
      }
    },
    {
      "type": "Feature",
      "geometry": {
        "type": "Point",
        "coordinates": [
          6.63623436,
          44.896126009
        ]
      },
      "properties": {
        "name": "Chemin Vieux / Rue Centrale",
        "context": "Briançon, Hautes-Alpes",
        "citycode": "05023",
        "depcode": "05"
      }
    },
    {
      "type": "Feature",
      "geometry": {
        "type": "Point",
        "coordinates": [
          6.636136262,
          44.896138035
        ]
      },
      "properties": {
        "name": "Chemin Vieux / Rue Général Rostolland",
        "context": "Briançon, Hautes-Alpes",
        "citycode": "05023",
        "depcode": "05"
      }
    },
    {
      "type": "Feature",
      "geometry": {
        "type": "Point",
        "coordinates": [
          6.64409071,
          44.900648968
        ]
      },
      "properties": {
        "name": "Grande Gargouille / Avenue Vauban",
        "context": "Briançon, Hautes-Alpes",
        "citycode": "05023",
        "depcode": "05"
      }
    },
    {
      "type": "Feature",
      "geometry": {
        "type": "Point",
        "coordinates": [
          6.644109942,
          44.900645497
        ]
      },
      "properties": {
        "name": "Grande Gargouille / Chemin de Ronde",
        "context": "Briançon, Hautes-Alpes",
        "citycode": "05023",
        "depcode": "05"
      }
    },
    {
      "type": "Feature",
      "geometry": {
        "type": "Point",
        "coordinates": [
          6.642946538,
          44.898097121
        ]
      },
      "properties": {
        "name": "Grande Gargouille / Place Médecin Général Blanchard",
        "context": "Briançon, Hautes-Alpes",
        "citycode": "05023",
        "depcode": "05"
      }
    },
    {
      "type": "Feature",
      "geometry": {
        "type": "Point",
        "coordinates": [
          6.64402631,
          44.900546197
        ]
      },
      "properties": {
        "name": "Grande Gargouille / Rue de Castres",
        "context": "Briançon, Hautes-Alpes",
        "citycode": "05023",
        "depcode": "05"
      }
    },
    {
      "type": "Feature",
      "geometry": {
        "type": "Point",
        "coordinates": [
          6.643057074,
          44.898516958
        ]
      },
      "properties": {
        "name": "Grande Gargouille / Rue de Ran",
        "context": "Briançon, Hautes-Alpes",
        "citycode": "05023",
        "depcode": "05"
      }
    },
    {
      "type": "Feature",
      "geometry": {
        "type": "Point",
        "coordinates": [
          6.64346946,
          44.899806693
        ]
      },
      "properties": {
        "name": "Grande Gargouille / Rue Docteur Vagnat",
        "context": "Briançon, Hautes-Alpes",
        "citycode": "05023",
        "depcode": "05"
      }
    },
    {
      "type": "Feature",
      "geometry": {
        "type": "Point",
        "coordinates": [
          6.643160298,
          44.898632383
        ]
      },
      "properties": {
        "name": "Grande Gargouille / Rue Dom Chautard",
        "context": "Briançon, Hautes-Alpes",
        "citycode": "05023",
        "depcode": "05"
      }
    },
    {
      "type": "Feature",
      "geometry": {
        "type": "Point",
        "coordinates": [
          6.643383945,
          44.89937532
        ]
      },
      "properties": {
        "name": "Grande Gargouille / Rue du Pont d'Asfeld",
        "context": "Briançon, Hautes-Alpes",
        "citycode": "05023",
        "depcode": "05"
      }
    },
    {
      "type": "Feature",
      "geometry": {
        "type": "Point",
        "coordinates": [
          6.643910683,
          44.900488423
        ]
      },
      "properties": {
        "name": "Grande Gargouille / Rue du Temple",
        "context": "Briançon, Hautes-Alpes",
        "citycode": "05023",
        "depcode": "05"
      }
    },
    {
      "type": "Feature",
      "geometry": {
        "type": "Point",
        "coordinates": [
          6.642998159,
          44.89825518
        ]
      },
      "properties": {
        "name": "Grande Gargouille / Rue Louis Faure",
        "context": "Briançon, Hautes-Alpes",
        "citycode": "05023",
        "depcode": "05"
      }
    },
    {
      "type": "Feature",
      "geometry": {
        "type": "Point",
        "coordinates": [
          6.643351495,
          44.899384809
        ]
      },
      "properties": {
        "name": "Grande Gargouille / Rue Porte Méane",
        "context": "Briançon, Hautes-Alpes",
        "citycode": "05023",
        "depcode": "05"
      }
    },
    {
      "type": "Feature",
      "geometry": {
        "type": "Point",
        "coordinates": [
          6.643544093,
          44.899915324
        ]
      },
      "properties": {
        "name": "Grande Gargouille / Ruelle Jourdan",
        "context": "Briançon, Hautes-Alpes",
        "citycode": "05023",
        "depcode": "05"
      }
    },
    {
      "type": "Feature",
      "geometry": {
        "type": "Point",
        "coordinates": [
          6.657577135,
          44.90328672
        ]
      },
      "properties": {
        "name": "Hameau le Fontenil VC11 / D 302",
        "context": "Briançon, Hautes-Alpes",
        "citycode": "05023",
        "depcode": "05"
      }
    },
    {
      "type": "Feature",
      "geometry": {
        "type": "Point",
        "coordinates": [
          6.663779544,
          44.909706332
        ]
      },
      "properties": {
        "name": "Hameau le Fontenil VC11 / La Vignette - Croix Malade N94",
        "context": "Briançon, Hautes-Alpes",
        "citycode": "05023",
        "depcode": "05"
      }
    },
    {
      "type": "Feature",
      "geometry": {
        "type": "Point",
        "coordinates": [
          6.663878208,
          44.9097447
        ]
      },
      "properties": {
        "name": "Hameau le Fontenil VC11 / Les Gipières",
        "context": "Briançon, Hautes-Alpes",
        "citycode": "05023",
        "depcode": "05"
      }
    },
    {
      "type": "Feature",
      "geometry": {
        "type": "Point",
        "coordinates": [
          6.61126934,
          44.877976479
        ]
      },
      "properties": {
        "name": "Impasse de la Rura / Chemin de Rif-Claret",
        "context": "Briançon, Hautes-Alpes",
        "citycode": "05023",
        "depcode": "05"
      }
    },
    {
      "type": "Feature",
      "geometry": {
        "type": "Point",
        "coordinates": [
          6.611346006,
          44.878680731
        ]
      },
      "properties": {
        "name": "Impasse de la Rura / Ruisseau du Fossa",
        "context": "Briançon, Hautes-Alpes",
        "citycode": "05023",
        "depcode": "05"
      }
    },
    {
      "type": "Feature",
      "geometry": {
        "type": "Point",
        "coordinates": [
          6.63001335,
          44.900289985
        ]
      },
      "properties": {
        "name": "Impasse des Amis / Impasse Pic Jean Rey",
        "context": "Briançon, Hautes-Alpes",
        "citycode": "05023",
        "depcode": "05"
      }
    },
    {
      "type": "Feature",
      "geometry": {
        "type": "Point",
        "coordinates": [
          6.630185269,
          44.900337463
        ]
      },
      "properties": {
        "name": "Impasse des Amis / Lotissement Le Serre-Paix Sud",
        "context": "Briançon, Hautes-Alpes",
        "citycode": "05023",
        "depcode": "05"
      }
    },
    {
      "type": "Feature",
      "geometry": {
        "type": "Point",
        "coordinates": [
          6.619795109,
          44.917004867
        ]
      },
      "properties": {
        "name": "Impasse du Mas des Cimes / Chemin de Mas de Blais",
        "context": "Briançon, Hautes-Alpes",
        "citycode": "05023",
        "depcode": "05"
      }
    },
    {
      "type": "Feature",
      "geometry": {
        "type": "Point",
        "coordinates": [
          6.637732461,
          44.896091106
        ]
      },
      "properties": {
        "name": "Impasse Gallice Bey / Place Galice Bey",
        "context": "Briançon, Hautes-Alpes",
        "citycode": "05023",
        "depcode": "05"
      }
    },
    {
      "type": "Feature",
      "geometry": {
        "type": "Point",
        "coordinates": [
          6.636386073,
          44.896115564
        ]
      },
      "properties": {
        "name": "Impasse Gallice Bey / Rue Centrale",
        "context": "Briançon, Hautes-Alpes",
        "citycode": "05023",
        "depcode": "05"
      }
    },
    {
      "type": "Feature",
      "geometry": {
        "type": "Point",
        "coordinates": [
          6.630187516,
          44.900335628
        ]
      },
      "properties": {
        "name": "Impasse Pic Jean Rey / Lotissement Le Serre-Paix Sud",
        "context": "Briançon, Hautes-Alpes",
        "citycode": "05023",
        "depcode": "05"
      }
    },
    {
      "type": "Feature",
      "geometry": {
        "type": "Point",
        "coordinates": [
          6.627466264,
          44.911029393
        ]
      },
      "properties": {
        "name": "Jouglaret / Avenue Georges Pompidou",
        "context": "Briançon, Hautes-Alpes",
        "citycode": "05023",
        "depcode": "05"
      }
    },
    {
      "type": "Feature",
      "geometry": {
        "type": "Point",
        "coordinates": [
          6.633743886,
          44.885777479
        ]
      },
      "properties": {
        "name": "La Cerveyrette / Allée de la Cerveyrette",
        "context": "Briançon, Hautes-Alpes",
        "citycode": "05023",
        "depcode": "05"
      }
    },
    {
      "type": "Feature",
      "geometry": {
        "type": "Point",
        "coordinates": [
          6.625960432,
          44.88681424
        ]
      },
      "properties": {
        "name": "La Cerveyrette / Avenue Jean Moulin D36b",
        "context": "Briançon, Hautes-Alpes",
        "citycode": "05023",
        "depcode": "05"
      }
    },
    {
      "type": "Feature",
      "geometry": {
        "type": "Point",
        "coordinates": [
          6.65315714,
          44.882669287
        ]
      },
      "properties": {
        "name": "La Cerveyrette / Barrage de Pont Baldy",
        "context": "Briançon, Hautes-Alpes",
        "citycode": "05023",
        "depcode": "05"
      }
    },
    {
      "type": "Feature",
      "geometry": {
        "type": "Point",
        "coordinates": [
          6.643499967,
          44.884561227
        ]
      },
      "properties": {
        "name": "La Cerveyrette / Canal du Four",
        "context": "Briançon, Hautes-Alpes",
        "citycode": "05023",
        "depcode": "05"
      }
    },
    {
      "type": "Feature",
      "geometry": {
        "type": "Point",
        "coordinates": [
          6.629150561,
          44.886707483
        ]
      },
      "properties": {
        "name": "La Cerveyrette / Chemin de L'Emparre",
        "context": "Briançon, Hautes-Alpes",
        "citycode": "05023",
        "depcode": "05"
      }
    },
    {
      "type": "Feature",
      "geometry": {
        "type": "Point",
        "coordinates": [
          6.643191544,
          44.884656243
        ]
      },
      "properties": {
        "name": "La Cerveyrette / Chemin du Canal du Four",
        "context": "Briançon, Hautes-Alpes",
        "citycode": "05023",
        "depcode": "05"
      }
    },
    {
      "type": "Feature",
      "geometry": {
        "type": "Point",
        "coordinates": [
          6.641150418,
          44.884620544
        ]
      },
      "properties": {
        "name": "La Cerveyrette / Chemin du Pont Baldy",
        "context": "Briançon, Hautes-Alpes",
        "citycode": "05023",
        "depcode": "05"
      }
    },
    {
      "type": "Feature",
      "geometry": {
        "type": "Point",
        "coordinates": [
          6.636515249,
          44.885312407
        ]
      },
      "properties": {
        "name": "La Cerveyrette / Impasse Challe Coute",
        "context": "Briançon, Hautes-Alpes",
        "citycode": "05023",
        "depcode": "05"
      }
    },
    {
      "type": "Feature",
      "geometry": {
        "type": "Point",
        "coordinates": [
          6.625748914,
          44.88670174
        ]
      },
      "properties": {
        "name": "La Cerveyrette / Piste Auto École",
        "context": "Briançon, Hautes-Alpes",
        "citycode": "05023",
        "depcode": "05"
      }
    },
    {
      "type": "Feature",
      "geometry": {
        "type": "Point",
        "coordinates": [
          6.634216787,
          44.885741424
        ]
      },
      "properties": {
        "name": "La Cerveyrette / Rue Joseph Silvestre D36",
        "context": "Briançon, Hautes-Alpes",
        "citycode": "05023",
        "depcode": "05"
      }
    },
    {
      "type": "Feature",
      "geometry": {
        "type": "Point",
        "coordinates": [
          6.633369636,
          44.894248741
        ]
      },
      "properties": {
        "name": "La Durance / Avenue Général de Gaulle D136",
        "context": "Briançon, Hautes-Alpes",
        "citycode": "05023",
        "depcode": "05"
      }
    },
    {
      "type": "Feature",
      "geometry": {
        "type": "Point",
        "coordinates": [
          6.632551268,
          44.893797285
        ]
      },
      "properties": {
        "name": "La Durance / Avenue Jean Moulin D36b",
        "context": "Briançon, Hautes-Alpes",
        "citycode": "05023",
        "depcode": "05"
      }
    },
    {
      "type": "Feature",
      "geometry": {
        "type": "Point",
        "coordinates": [
          6.64058605,
          44.896262469
        ]
      },
      "properties": {
        "name": "La Durance / Chemin de la Schappe",
        "context": "Briançon, Hautes-Alpes",
        "citycode": "05023",
        "depcode": "05"
      }
    },
    {
      "type": "Feature",
      "geometry": {
        "type": "Point",
        "coordinates": [
          6.639567051,
          44.896089527
        ]
      },
      "properties": {
        "name": "La Durance / Chemin des Pommiers d'Antan",
        "context": "Briançon, Hautes-Alpes",
        "citycode": "05023",
        "depcode": "05"
      }
    },
    {
      "type": "Feature",
      "geometry": {
        "type": "Point",
        "coordinates": [
          6.657812358,
          44.902919953
        ]
      },
      "properties": {
        "name": "La Durance / L'Envers du Fontenil VC12",
        "context": "Briançon, Hautes-Alpes",
        "citycode": "05023",
        "depcode": "05"
      }
    },
    {
      "type": "Feature",
      "geometry": {
        "type": "Point",
        "coordinates": [
          6.625246007,
          44.886732052
        ]
      },
      "properties": {
        "name": "La Durance / La Cerveyrette",
        "context": "Briançon, Hautes-Alpes",
        "citycode": "05023",
        "depcode": "05"
      }
    },
    {
      "type": "Feature",
      "geometry": {
        "type": "Point",
        "coordinates": [
          6.62963965,
          44.89247391
        ]
      },
      "properties": {
        "name": "La Durance / La Guisane",
        "context": "Briançon, Hautes-Alpes",
        "citycode": "05023",
        "depcode": "05"
      }
    },
    {
      "type": "Feature",
      "geometry": {
        "type": "Point",
        "coordinates": [
          6.657793637,
          44.902947439
        ]
      },
      "properties": {
        "name": "La Durance / Le Pont du Fontenil",
        "context": "Briançon, Hautes-Alpes",
        "citycode": "05023",
        "depcode": "05"
      }
    },
    {
      "type": "Feature",
      "geometry": {
        "type": "Point",
        "coordinates": [
          6.647367651,
          44.898782295
        ]
      },
      "properties": {
        "name": "La Durance / Pont d'Asfeld",
        "context": "Briançon, Hautes-Alpes",
        "citycode": "05023",
        "depcode": "05"
      }
    },
    {
      "type": "Feature",
      "geometry": {
        "type": "Point",
        "coordinates": [
          6.633369803,
          44.894249065
        ]
      },
      "properties": {
        "name": "La Durance / Pont Jean-Yves Dusserre D136",
        "context": "Briançon, Hautes-Alpes",
        "citycode": "05023",
        "depcode": "05"
      }
    },
    {
      "type": "Feature",
      "geometry": {
        "type": "Point",
        "coordinates": [
          6.633234595,
          44.894167127
        ]
      },
      "properties": {
        "name": "La Durance / Projet de Voie Verte Briançon - Le Monetier",
        "context": "Briançon, Hautes-Alpes",
        "citycode": "05023",
        "depcode": "05"
      }
    },
    {
      "type": "Feature",
      "geometry": {
        "type": "Point",
        "coordinates": [
          6.628981859,
          44.891640544
        ]
      },
      "properties": {
        "name": "La Durance / Route de Gap N94",
        "context": "Briançon, Hautes-Alpes",
        "citycode": "05023",
        "depcode": "05"
      }
    },
    {
      "type": "Feature",
      "geometry": {
        "type": "Point",
        "coordinates": [
          6.636742323,
          44.895348881
        ]
      },
      "properties": {
        "name": "La Durance / Rue Centrale",
        "context": "Briançon, Hautes-Alpes",
        "citycode": "05023",
        "depcode": "05"
      }
    },
    {
      "type": "Feature",
      "geometry": {
        "type": "Point",
        "coordinates": [
          6.633893551,
          44.894318663
        ]
      },
      "properties": {
        "name": "La Durance / Rue de la Soie D36B",
        "context": "Briançon, Hautes-Alpes",
        "citycode": "05023",
        "depcode": "05"
      }
    },
    {
      "type": "Feature",
      "geometry": {
        "type": "Point",
        "coordinates": [
          6.635497073,
          44.894890929
        ]
      },
      "properties": {
        "name": "La Durance / Rue du Docteur",
        "context": "Briançon, Hautes-Alpes",
        "citycode": "05023",
        "depcode": "05"
      }
    },
    {
      "type": "Feature",
      "geometry": {
        "type": "Point",
        "coordinates": [
          6.618458376,
          44.877075513
        ]
      },
      "properties": {
        "name": "La Durance / Ruisseau du Fossa",
        "context": "Briançon, Hautes-Alpes",
        "citycode": "05023",
        "depcode": "05"
      }
    },
    {
      "type": "Feature",
      "geometry": {
        "type": "Point",
        "coordinates": [
          6.61930117,
          44.878841382
        ]
      },
      "properties": {
        "name": "La Durance / Torrent des Ayes",
        "context": "Briançon, Hautes-Alpes",
        "citycode": "05023",
        "depcode": "05"
      }
    },
    {
      "type": "Feature",
      "geometry": {
        "type": "Point",
        "coordinates": [
          6.6367341,
          44.895345088
        ]
      },
      "properties": {
        "name": "La Durance / Traverse Alphand",
        "context": "Briançon, Hautes-Alpes",
        "citycode": "05023",
        "depcode": "05"
      }
    },
    {
      "type": "Feature",
      "geometry": {
        "type": "Point",
        "coordinates": [
          6.643744214,
          44.896916738
        ]
      },
      "properties": {
        "name": "La Durance / Tunnel de Roche Percée",
        "context": "Briançon, Hautes-Alpes",
        "citycode": "05023",
        "depcode": "05"
      }
    },
    {
      "type": "Feature",
      "geometry": {
        "type": "Point",
        "coordinates": [
          6.643734985,
          44.896908083
        ]
      },
      "properties": {
        "name": "La Durance / Via Ferrata L'Arête de la Schappe",
        "context": "Briançon, Hautes-Alpes",
        "citycode": "05023",
        "depcode": "05"
      }
    },
    {
      "type": "Feature",
      "geometry": {
        "type": "Point",
        "coordinates": [
          6.630724681,
          44.895087103
        ]
      },
      "properties": {
        "name": "La Guisane / Avenue Maurice Petsche D2",
        "context": "Briançon, Hautes-Alpes",
        "citycode": "05023",
        "depcode": "05"
      }
    },
    {
      "type": "Feature",
      "geometry": {
        "type": "Point",
        "coordinates": [
          6.629702725,
          44.892570109
        ]
      },
      "properties": {
        "name": "La Guisane / La Durance",
        "context": "Briançon, Hautes-Alpes",
        "citycode": "05023",
        "depcode": "05"
      }
    },
    {
      "type": "Feature",
      "geometry": {
        "type": "Point",
        "coordinates": [
          6.623161448,
          44.907501572
        ]
      },
      "properties": {
        "name": "La Guisane / Projet de Voie Verte Briançon - Le Lauzet",
        "context": "Briançon, Hautes-Alpes",
        "citycode": "05023",
        "depcode": "05"
      }
    },
    {
      "type": "Feature",
      "geometry": {
        "type": "Point",
        "coordinates": [
          6.630717598,
          44.895257734
        ]
      },
      "properties": {
        "name": "La Guisane / Projet de Voie Verte Briançon - Le Monetier",
        "context": "Briançon, Hautes-Alpes",
        "citycode": "05023",
        "depcode": "05"
      }
    },
    {
      "type": "Feature",
      "geometry": {
        "type": "Point",
        "coordinates": [
          6.629687678,
          44.892956881
        ]
      },
      "properties": {
        "name": "La Guisane / Route de Gap N94",
        "context": "Briançon, Hautes-Alpes",
        "citycode": "05023",
        "depcode": "05"
      }
    },
    {
      "type": "Feature",
      "geometry": {
        "type": "Point",
        "coordinates": [
          6.621210998,
          44.910006573
        ]
      },
      "properties": {
        "name": "La Guisane / Rue des Pyjamasques",
        "context": "Briançon, Hautes-Alpes",
        "citycode": "05023",
        "depcode": "05"
      }
    },
    {
      "type": "Feature",
      "geometry": {
        "type": "Point",
        "coordinates": [
          6.62127395,
          44.910163221
        ]
      },
      "properties": {
        "name": "La Guisane / Torrent de l'Adoux",
        "context": "Briançon, Hautes-Alpes",
        "citycode": "05023",
        "depcode": "05"
      }
    },
    {
      "type": "Feature",
      "geometry": {
        "type": "Point",
        "coordinates": [
          6.617447898,
          44.914998018
        ]
      },
      "properties": {
        "name": "La Guisane / Torrent du Réguignier",
        "context": "Briançon, Hautes-Alpes",
        "citycode": "05023",
        "depcode": "05"
      }
    },
    {
      "type": "Feature",
      "geometry": {
        "type": "Point",
        "coordinates": [
          6.630149979,
          44.89717768
        ]
      },
      "properties": {
        "name": "La Guisane / Voie verte Briançon - Le Monetier (partie réalisé)",
        "context": "Briançon, Hautes-Alpes",
        "citycode": "05023",
        "depcode": "05"
      }
    },
    {
      "type": "Feature",
      "geometry": {
        "type": "Point",
        "coordinates": [
          6.635402684,
          44.896829652
        ]
      },
      "properties": {
        "name": "Le Passage / Avenue de la République",
        "context": "Briançon, Hautes-Alpes",
        "citycode": "05023",
        "depcode": "05"
      }
    },
    {
      "type": "Feature",
      "geometry": {
        "type": "Point",
        "coordinates": [
          6.657707417,
          44.903117004
        ]
      },
      "properties": {
        "name": "Le Pont du Fontenil / D 302",
        "context": "Briançon, Hautes-Alpes",
        "citycode": "05023",
        "depcode": "05"
      }
    },
    {
      "type": "Feature",
      "geometry": {
        "type": "Point",
        "coordinates": [
          6.657806119,
          44.902918345
        ]
      },
      "properties": {
        "name": "Le Pont du Fontenil / L'Envers du Fontenil VC12",
        "context": "Briançon, Hautes-Alpes",
        "citycode": "05023",
        "depcode": "05"
      }
    },
    {
      "type": "Feature",
      "geometry": {
        "type": "Point",
        "coordinates": [
          6.664038622,
          44.909766521
        ]
      },
      "properties": {
        "name": "Les Gipières / La Vignette - Croix Malade N94",
        "context": "Briançon, Hautes-Alpes",
        "citycode": "05023",
        "depcode": "05"
      }
    },
    {
      "type": "Feature",
      "geometry": {
        "type": "Point",
        "coordinates": [
          6.645337948,
          44.892658073
        ]
      },
      "properties": {
        "name": "Lotissement du Gueyt / Avenue du Col d'Izoard D902",
        "context": "Briançon, Hautes-Alpes",
        "citycode": "05023",
        "depcode": "05"
      }
    },
    {
      "type": "Feature",
      "geometry": {
        "type": "Point",
        "coordinates": [
          6.626673896,
          44.910320348
        ]
      },
      "properties": {
        "name": "Lotissement du Jouglaret / Avenue Georges Pompidou",
        "context": "Briançon, Hautes-Alpes",
        "citycode": "05023",
        "depcode": "05"
      }
    },
    {
      "type": "Feature",
      "geometry": {
        "type": "Point",
        "coordinates": [
          6.640832769,
          44.898131024
        ]
      },
      "properties": {
        "name": "Passage Dom Bosco / Chemin Vieux",
        "context": "Briançon, Hautes-Alpes",
        "citycode": "05023",
        "depcode": "05"
      }
    },
    {
      "type": "Feature",
      "geometry": {
        "type": "Point",
        "coordinates": [
          6.631087785,
          44.893074161
        ]
      },
      "properties": {
        "name": "Passage Jean Moulin / Avenue Jean Moulin D36b",
        "context": "Briançon, Hautes-Alpes",
        "citycode": "05023",
        "depcode": "05"
      }
    },
    {
      "type": "Feature",
      "geometry": {
        "type": "Point",
        "coordinates": [
          6.632617591,
          44.892574826
        ]
      },
      "properties": {
        "name": "Passage Jean Moulin / Rue Georges Bermond Gonnet",
        "context": "Briançon, Hautes-Alpes",
        "citycode": "05023",
        "depcode": "05"
      }
    },
    {
      "type": "Feature",
      "geometry": {
        "type": "Point",
        "coordinates": [
          6.625356041,
          44.886101099
        ]
      },
      "properties": {
        "name": "Piste Auto École / Avenue Jean Moulin D36b",
        "context": "Briançon, Hautes-Alpes",
        "citycode": "05023",
        "depcode": "05"
      }
    },
    {
      "type": "Feature",
      "geometry": {
        "type": "Point",
        "coordinates": [
          6.6350249,
          44.896777448
        ]
      },
      "properties": {
        "name": "Place de l'Europe / Avenue de la République",
        "context": "Briançon, Hautes-Alpes",
        "citycode": "05023",
        "depcode": "05"
      }
    },
    {
      "type": "Feature",
      "geometry": {
        "type": "Point",
        "coordinates": [
          6.634618323,
          44.896698117
        ]
      },
      "properties": {
        "name": "Place de l'Europe / Avenue du 159e RIA",
        "context": "Briançon, Hautes-Alpes",
        "citycode": "05023",
        "depcode": "05"
      }
    },
    {
      "type": "Feature",
      "geometry": {
        "type": "Point",
        "coordinates": [
          6.635298888,
          44.896925442
        ]
      },
      "properties": {
        "name": "Place de l'Europe / Le Passage",
        "context": "Briançon, Hautes-Alpes",
        "citycode": "05023",
        "depcode": "05"
      }
    },
    {
      "type": "Feature",
      "geometry": {
        "type": "Point",
        "coordinates": [
          6.634639616,
          44.89668605
        ]
      },
      "properties": {
        "name": "Place de l'Europe / Rond-Point de La Chaussée",
        "context": "Briançon, Hautes-Alpes",
        "citycode": "05023",
        "depcode": "05"
      }
    },
    {
      "type": "Feature",
      "geometry": {
        "type": "Point",
        "coordinates": [
          6.636515094,
          44.895784961
        ]
      },
      "properties": {
        "name": "Place Galice Bey / Rue Centrale",
        "context": "Briançon, Hautes-Alpes",
        "citycode": "05023",
        "depcode": "05"
      }
    },
    {
      "type": "Feature",
      "geometry": {
        "type": "Point",
        "coordinates": [
          6.647123768,
          44.898902476
        ]
      },
      "properties": {
        "name": "Pont d'Asfeld / Rue du Pont d'Asfeld",
        "context": "Briançon, Hautes-Alpes",
        "citycode": "05023",
        "depcode": "05"
      }
    },
    {
      "type": "Feature",
      "geometry": {
        "type": "Point",
        "coordinates": [
          6.625395799,
          44.906859142
        ]
      },
      "properties": {
        "name": "Pont de la Ribière D402 / La Guisane",
        "context": "Briançon, Hautes-Alpes",
        "citycode": "05023",
        "depcode": "05"
      }
    },
    {
      "type": "Feature",
      "geometry": {
        "type": "Point",
        "coordinates": [
          6.625583593,
          44.906930429
        ]
      },
      "properties": {
        "name": "Pont de la Ribière D402 / Projet de Voie Verte Briançon - Le Lauzet",
        "context": "Briançon, Hautes-Alpes",
        "citycode": "05023",
        "depcode": "05"
      }
    },
    {
      "type": "Feature",
      "geometry": {
        "type": "Point",
        "coordinates": [
          6.625322111,
          44.906832986
        ]
      },
      "properties": {
        "name": "Pont de la Ribière D402 / Route de Chabas Pramorel D402",
        "context": "Briançon, Hautes-Alpes",
        "citycode": "05023",
        "depcode": "05"
      }
    },
    {
      "type": "Feature",
      "geometry": {
        "type": "Point",
        "coordinates": [
          6.633359413,
          44.894274651
        ]
      },
      "properties": {
        "name": "Pont Jean-Yves Dusserre D136 / Avenue Général de Gaulle D136",
        "context": "Briançon, Hautes-Alpes",
        "citycode": "05023",
        "depcode": "05"
      }
    },
    {
      "type": "Feature",
      "geometry": {
        "type": "Point",
        "coordinates": [
          6.633342122,
          44.89426984
        ]
      },
      "properties": {
        "name": "Pont Jean-Yves Dusserre D136 / Projet de Voie Verte Briançon - Le Monetier",
        "context": "Briançon, Hautes-Alpes",
        "citycode": "05023",
        "depcode": "05"
      }
    },
    {
      "type": "Feature",
      "geometry": {
        "type": "Point",
        "coordinates": [
          6.622151535,
          44.909548052
        ]
      },
      "properties": {
        "name": "Projet de Voie Verte Briançon - Le Lauzet / 14 Le Martinet",
        "context": "Briançon, Hautes-Alpes",
        "citycode": "05023",
        "depcode": "05"
      }
    },
    {
      "type": "Feature",
      "geometry": {
        "type": "Point",
        "coordinates": [
          6.617615376,
          44.915224446
        ]
      },
      "properties": {
        "name": "Projet de Voie Verte Briançon - Le Lauzet / Torrent du Réguignier",
        "context": "Briançon, Hautes-Alpes",
        "citycode": "05023",
        "depcode": "05"
      }
    },
    {
      "type": "Feature",
      "geometry": {
        "type": "Point",
        "coordinates": [
          6.630521298,
          44.8959077
        ]
      },
      "properties": {
        "name": "Projet de Voie Verte Briançon - Le Monetier / Voie verte Briançon - Le Monetier (partie réalisé)",
        "context": "Briançon, Hautes-Alpes",
        "citycode": "05023",
        "depcode": "05"
      }
    },
    {
      "type": "Feature",
      "geometry": {
        "type": "Point",
        "coordinates": [
          6.625911329,
          44.910504514
        ]
      },
      "properties": {
        "name": "Résidence de Savoie / Avenue Georges Pompidou",
        "context": "Briançon, Hautes-Alpes",
        "citycode": "05023",
        "depcode": "05"
      }
    },
    {
      "type": "Feature",
      "geometry": {
        "type": "Point",
        "coordinates": [
          6.634716821,
          44.896603574
        ]
      },
      "properties": {
        "name": "Rond-Point de La Chaussée / Avenue de la République",
        "context": "Briançon, Hautes-Alpes",
        "citycode": "05023",
        "depcode": "05"
      }
    },
    {
      "type": "Feature",
      "geometry": {
        "type": "Point",
        "coordinates": [
          6.634645645,
          44.896648664
        ]
      },
      "properties": {
        "name": "Rond-Point de La Chaussée / Avenue du 159e RIA",
        "context": "Briançon, Hautes-Alpes",
        "citycode": "05023",
        "depcode": "05"
      }
    },
    {
      "type": "Feature",
      "geometry": {
        "type": "Point",
        "coordinates": [
          6.634511339,
          44.896527867
        ]
      },
      "properties": {
        "name": "Rond-Point de La Chaussée / Avenue Maurice Petsche",
        "context": "Briançon, Hautes-Alpes",
        "citycode": "05023",
        "depcode": "05"
      }
    },
    {
      "type": "Feature",
      "geometry": {
        "type": "Point",
        "coordinates": [
          6.634693394,
          44.896643369
        ]
      },
      "properties": {
        "name": "Rond-Point de La Chaussée / Place de l'Europe",
        "context": "Briançon, Hautes-Alpes",
        "citycode": "05023",
        "depcode": "05"
      }
    },
    {
      "type": "Feature",
      "geometry": {
        "type": "Point",
        "coordinates": [
          6.634667647,
          44.89652652
        ]
      },
      "properties": {
        "name": "Rond-Point de La Chaussée / Rue Centrale",
        "context": "Briançon, Hautes-Alpes",
        "citycode": "05023",
        "depcode": "05"
      }
    },
    {
      "type": "Feature",
      "geometry": {
        "type": "Point",
        "coordinates": [
          6.63451774,
          44.896498927
        ]
      },
      "properties": {
        "name": "Rond-Point de La Chaussée / Rue Evariste Chancel",
        "context": "Briançon, Hautes-Alpes",
        "citycode": "05023",
        "depcode": "05"
      }
    },
    {
      "type": "Feature",
      "geometry": {
        "type": "Point",
        "coordinates": [
          6.637142673,
          44.887590572
        ]
      },
      "properties": {
        "name": "Rond-Point des Garçins / Les Jardins du Mélézin",
        "context": "Briançon, Hautes-Alpes",
        "citycode": "05023",
        "depcode": "05"
      }
    },
    {
      "type": "Feature",
      "geometry": {
        "type": "Point",
        "coordinates": [
          6.622795564,
          44.882082675
        ]
      },
      "properties": {
        "name": "Rond-Point du Chaberton (Fort des Nuages) / Avenue Jean Moulin D36b",
        "context": "Briançon, Hautes-Alpes",
        "citycode": "05023",
        "depcode": "05"
      }
    },
    {
      "type": "Feature",
      "geometry": {
        "type": "Point",
        "coordinates": [
          6.622670409,
          44.881940498
        ]
      },
      "properties": {
        "name": "Rond-Point du Chaberton (Fort des Nuages) / Route des Maisons Blanches D36b",
        "context": "Briançon, Hautes-Alpes",
        "citycode": "05023",
        "depcode": "05"
      }
    },
    {
      "type": "Feature",
      "geometry": {
        "type": "Point",
        "coordinates": [
          6.643893058,
          44.901504829
        ]
      },
      "properties": {
        "name": "Rond-Point du Champ de Mars / Champ de Mars N94",
        "context": "Briançon, Hautes-Alpes",
        "citycode": "05023",
        "depcode": "05"
      }
    },
    {
      "type": "Feature",
      "geometry": {
        "type": "Point",
        "coordinates": [
          6.643707616,
          44.901301231
        ]
      },
      "properties": {
        "name": "Rond-Point du Champ de Mars / Rue Porte Dauphine",
        "context": "Briançon, Hautes-Alpes",
        "citycode": "05023",
        "depcode": "05"
      }
    },
    {
      "type": "Feature",
      "geometry": {
        "type": "Point",
        "coordinates": [
          6.636911842,
          44.894953781
        ]
      },
      "properties": {
        "name": "Rond-Point du Queyras / Avenue du Col d'Izoard D902",
        "context": "Briançon, Hautes-Alpes",
        "citycode": "05023",
        "depcode": "05"
      }
    },
    {
      "type": "Feature",
      "geometry": {
        "type": "Point",
        "coordinates": [
          6.636884858,
          44.895139204
        ]
      },
      "properties": {
        "name": "Rond-Point du Queyras / Chemin de la Schappe",
        "context": "Briançon, Hautes-Alpes",
        "citycode": "05023",
        "depcode": "05"
      }
    },
    {
      "type": "Feature",
      "geometry": {
        "type": "Point",
        "coordinates": [
          6.636806004,
          44.895121623
        ]
      },
      "properties": {
        "name": "Rond-Point du Queyras / Rue Centrale",
        "context": "Briançon, Hautes-Alpes",
        "citycode": "05023",
        "depcode": "05"
      }
    },
    {
      "type": "Feature",
      "geometry": {
        "type": "Point",
        "coordinates": [
          6.636657223,
          44.895042917
        ]
      },
      "properties": {
        "name": "Rond-Point du Queyras / Rue du 4e Régiment de Tirailleurs Marocains",
        "context": "Briançon, Hautes-Alpes",
        "citycode": "05023",
        "depcode": "05"
      }
    },
    {
      "type": "Feature",
      "geometry": {
        "type": "Point",
        "coordinates": [
          6.636698704,
          44.894952088
        ]
      },
      "properties": {
        "name": "Rond-Point du Queyras / Rue Pasteur D36B",
        "context": "Briançon, Hautes-Alpes",
        "citycode": "05023",
        "depcode": "05"
      }
    },
    {
      "type": "Feature",
      "geometry": {
        "type": "Point",
        "coordinates": [
          6.633447741,
          44.88709995
        ]
      },
      "properties": {
        "name": "Rond-Point Faure-Geors / Chemin de l'Emparre",
        "context": "Briançon, Hautes-Alpes",
        "citycode": "05023",
        "depcode": "05"
      }
    },
    {
      "type": "Feature",
      "geometry": {
        "type": "Point",
        "coordinates": [
          6.633650975,
          44.887109502
        ]
      },
      "properties": {
        "name": "Rond-Point Faure-Geors / Rue Alfred Mondet",
        "context": "Briançon, Hautes-Alpes",
        "citycode": "05023",
        "depcode": "05"
      }
    },
    {
      "type": "Feature",
      "geometry": {
        "type": "Point",
        "coordinates": [
          6.633588396,
          44.887074814
        ]
      },
      "properties": {
        "name": "Rond-Point Faure-Geors / Rue Joseph Silvestre D36",
        "context": "Briançon, Hautes-Alpes",
        "citycode": "05023",
        "depcode": "05"
      }
    },
    {
      "type": "Feature",
      "geometry": {
        "type": "Point",
        "coordinates": [
          6.634463331,
          44.88923196
        ]
      },
      "properties": {
        "name": "Rond-Point Oronce Fine / Rue des Toulouzannes",
        "context": "Briançon, Hautes-Alpes",
        "citycode": "05023",
        "depcode": "05"
      }
    },
    {
      "type": "Feature",
      "geometry": {
        "type": "Point",
        "coordinates": [
          6.634293477,
          44.889182298
        ]
      },
      "properties": {
        "name": "Rond-Point Oronce Fine / Rue du Colonel Patrice Blanc",
        "context": "Briançon, Hautes-Alpes",
        "citycode": "05023",
        "depcode": "05"
      }
    },
    {
      "type": "Feature",
      "geometry": {
        "type": "Point",
        "coordinates": [
          6.634358661,
          44.889151714
        ]
      },
      "properties": {
        "name": "Rond-Point Oronce Fine / Rue Joseph Silvestre D36",
        "context": "Briançon, Hautes-Alpes",
        "citycode": "05023",
        "depcode": "05"
      }
    },
    {
      "type": "Feature",
      "geometry": {
        "type": "Point",
        "coordinates": [
          6.634265,
          44.889221054
        ]
      },
      "properties": {
        "name": "Rond-Point Oronce Fine / Rue Oronce Fine D136",
        "context": "Briançon, Hautes-Alpes",
        "citycode": "05023",
        "depcode": "05"
      }
    },
    {
      "type": "Feature",
      "geometry": {
        "type": "Point",
        "coordinates": [
          6.634351281,
          44.889264823
        ]
      },
      "properties": {
        "name": "Rond-Point Oronce Fine / Rue Pasteur exD36",
        "context": "Briançon, Hautes-Alpes",
        "citycode": "05023",
        "depcode": "05"
      }
    },
    {
      "type": "Feature",
      "geometry": {
        "type": "Point",
        "coordinates": [
          6.649752277,
          44.903030124
        ]
      },
      "properties": {
        "name": "Route d'Italie N94 / Chemin des Salettes",
        "context": "Briançon, Hautes-Alpes",
        "citycode": "05023",
        "depcode": "05"
      }
    },
    {
      "type": "Feature",
      "geometry": {
        "type": "Point",
        "coordinates": [
          6.621024848,
          44.907276886
        ]
      },
      "properties": {
        "name": "Route de Chabas Pramorel D402 / Canal des Queyrelles",
        "context": "Briançon, Hautes-Alpes",
        "citycode": "05023",
        "depcode": "05"
      }
    },
    {
      "type": "Feature",
      "geometry": {
        "type": "Point",
        "coordinates": [
          6.625342327,
          44.90684134
        ]
      },
      "properties": {
        "name": "Route de Chabas Pramorel D402 / La Guisane",
        "context": "Briançon, Hautes-Alpes",
        "citycode": "05023",
        "depcode": "05"
      }
    },
    {
      "type": "Feature",
      "geometry": {
        "type": "Point",
        "coordinates": [
          6.62031207,
          44.908150454
        ]
      },
      "properties": {
        "name": "Route de Chabas Pramorel D402 / Sentier du Canal des Queyrelles",
        "context": "Briançon, Hautes-Alpes",
        "citycode": "05023",
        "depcode": "05"
      }
    },
    {
      "type": "Feature",
      "geometry": {
        "type": "Point",
        "coordinates": [
          6.610186664,
          44.916744309
        ]
      },
      "properties": {
        "name": "Route de Chabas Pramorel D402 / Sentier du Canal Neuf",
        "context": "Briançon, Hautes-Alpes",
        "citycode": "05023",
        "depcode": "05"
      }
    },
    {
      "type": "Feature",
      "geometry": {
        "type": "Point",
        "coordinates": [
          6.63012359,
          44.894714598
        ]
      },
      "properties": {
        "name": "Route de Gap N94 / Avenue de Provence N94",
        "context": "Briançon, Hautes-Alpes",
        "citycode": "05023",
        "depcode": "05"
      }
    },
    {
      "type": "Feature",
      "geometry": {
        "type": "Point",
        "coordinates": [
          6.630003471,
          44.894388675
        ]
      },
      "properties": {
        "name": "Route de Gap N94 / Route de Puy Saint-Pierre D35",
        "context": "Briançon, Hautes-Alpes",
        "citycode": "05023",
        "depcode": "05"
      }
    },
    {
      "type": "Feature",
      "geometry": {
        "type": "Point",
        "coordinates": [
          6.643181449,
          44.901599849
        ]
      },
      "properties": {
        "name": "Route de Grenoble / Avenue Baldenberger N94",
        "context": "Briançon, Hautes-Alpes",
        "citycode": "05023",
        "depcode": "05"
      }
    },
    {
      "type": "Feature",
      "geometry": {
        "type": "Point",
        "coordinates": [
          6.622499984,
          44.916467571
        ]
      },
      "properties": {
        "name": "Route de Grenoble / Avenue de Savoie D1091",
        "context": "Briançon, Hautes-Alpes",
        "citycode": "05023",
        "depcode": "05"
      }
    },
    {
      "type": "Feature",
      "geometry": {
        "type": "Point",
        "coordinates": [
          6.643398036,
          44.901531291
        ]
      },
      "properties": {
        "name": "Route de Grenoble / Champ de Mars N94",
        "context": "Briançon, Hautes-Alpes",
        "citycode": "05023",
        "depcode": "05"
      }
    },
    {
      "type": "Feature",
      "geometry": {
        "type": "Point",
        "coordinates": [
          6.63301804,
          44.907376948
        ]
      },
      "properties": {
        "name": "Route de Grenoble / Fournerotte",
        "context": "Briançon, Hautes-Alpes",
        "citycode": "05023",
        "depcode": "05"
      }
    },
    {
      "type": "Feature",
      "geometry": {
        "type": "Point",
        "coordinates": [
          6.643674424,
          44.901524854
        ]
      },
      "properties": {
        "name": "Route de Grenoble / Rond-Point du Champ de Mars",
        "context": "Briançon, Hautes-Alpes",
        "citycode": "05023",
        "depcode": "05"
      }
    },
    {
      "type": "Feature",
      "geometry": {
        "type": "Point",
        "coordinates": [
          6.624979447,
          44.914923651
        ]
      },
      "properties": {
        "name": "Route de Grenoble / Ruine de Fortville",
        "context": "Briançon, Hautes-Alpes",
        "citycode": "05023",
        "depcode": "05"
      }
    },
    {
      "type": "Feature",
      "geometry": {
        "type": "Point",
        "coordinates": [
          6.624165777,
          44.915224776
        ]
      },
      "properties": {
        "name": "Route de Grenoble / Ruine de Mas de Blais",
        "context": "Briançon, Hautes-Alpes",
        "citycode": "05023",
        "depcode": "05"
      }
    },
    {
      "type": "Feature",
      "geometry": {
        "type": "Point",
        "coordinates": [
          6.625325163,
          44.914736092
        ]
      },
      "properties": {
        "name": "Route de Grenoble / Torrent de l'Adoux",
        "context": "Briançon, Hautes-Alpes",
        "citycode": "05023",
        "depcode": "05"
      }
    },
    {
      "type": "Feature",
      "geometry": {
        "type": "Point",
        "coordinates": [
          6.642038121,
          44.902142868
        ]
      },
      "properties": {
        "name": "Route de Grenoble / Traverse Paul Caire",
        "context": "Briançon, Hautes-Alpes",
        "citycode": "05023",
        "depcode": "05"
      }
    },
    {
      "type": "Feature",
      "geometry": {
        "type": "Point",
        "coordinates": [
          6.628115425,
          44.892743823
        ]
      },
      "properties": {
        "name": "Route de Puy Saint-Pierre D35 / Chemin de Bermondet",
        "context": "Briançon, Hautes-Alpes",
        "citycode": "05023",
        "depcode": "05"
      }
    },
    {
      "type": "Feature",
      "geometry": {
        "type": "Point",
        "coordinates": [
          6.622905171,
          44.88195482
        ]
      },
      "properties": {
        "name": "Route des Maisons Blanches D36b / Rond-Point du Chaberton (Fort des Nuages)",
        "context": "Briançon, Hautes-Alpes",
        "citycode": "05023",
        "depcode": "05"
      }
    },
    {
      "type": "Feature",
      "geometry": {
        "type": "Point",
        "coordinates": [
          6.624988938,
          44.883403687
        ]
      },
      "properties": {
        "name": "Route des Maisons Blanches / Rue des Couteliers",
        "context": "Briançon, Hautes-Alpes",
        "citycode": "05023",
        "depcode": "05"
      }
    },
    {
      "type": "Feature",
      "geometry": {
        "type": "Point",
        "coordinates": [
          6.632985617,
          44.884770746
        ]
      },
      "properties": {
        "name": "Route des Maisons Blanches / Rue Joseph Silvestre D36",
        "context": "Briançon, Hautes-Alpes",
        "citycode": "05023",
        "depcode": "05"
      }
    },
    {
      "type": "Feature",
      "geometry": {
        "type": "Point",
        "coordinates": [
          6.624665864,
          44.883148314
        ]
      },
      "properties": {
        "name": "Route des Maisons Blanches / Rue Mal de Lattre de Tassigny",
        "context": "Briançon, Hautes-Alpes",
        "citycode": "05023",
        "depcode": "05"
      }
    },
    {
      "type": "Feature",
      "geometry": {
        "type": "Point",
        "coordinates": [
          6.617616084,
          44.918444579
        ]
      },
      "properties": {
        "name": "Route du Clos Jouffrey / Allée du Poncet",
        "context": "Briançon, Hautes-Alpes",
        "citycode": "05023",
        "depcode": "05"
      }
    },
    {
      "type": "Feature",
      "geometry": {
        "type": "Point",
        "coordinates": [
          6.618996796,
          44.917223144
        ]
      },
      "properties": {
        "name": "Route du Clos Jouffrey / Chemin de Mas de Blais",
        "context": "Briançon, Hautes-Alpes",
        "citycode": "05023",
        "depcode": "05"
      }
    },
    {
      "type": "Feature",
      "geometry": {
        "type": "Point",
        "coordinates": [
          6.618142608,
          44.917851992
        ]
      },
      "properties": {
        "name": "Route du Clos Jouffrey / Impasse de la Dour",
        "context": "Briançon, Hautes-Alpes",
        "citycode": "05023",
        "depcode": "05"
      }
    },
    {
      "type": "Feature",
      "geometry": {
        "type": "Point",
        "coordinates": [
          6.618965399,
          44.917232976
        ]
      },
      "properties": {
        "name": "Route du Clos Jouffrey / Torrent du Réguignier",
        "context": "Briançon, Hautes-Alpes",
        "citycode": "05023",
        "depcode": "05"
      }
    },
    {
      "type": "Feature",
      "geometry": {
        "type": "Point",
        "coordinates": [
          6.646102483,
          44.90184927
        ]
      },
      "properties": {
        "name": "Route du Fontenil D302 / Champ de Mars N94",
        "context": "Briançon, Hautes-Alpes",
        "citycode": "05023",
        "depcode": "05"
      }
    },
    {
      "type": "Feature",
      "geometry": {
        "type": "Point",
        "coordinates": [
          6.65756461,
          44.903283646
        ]
      },
      "properties": {
        "name": "Route du Fontenil D302 / D 302",
        "context": "Briançon, Hautes-Alpes",
        "citycode": "05023",
        "depcode": "05"
      }
    },
    {
      "type": "Feature",
      "geometry": {
        "type": "Point",
        "coordinates": [
          6.657565196,
          44.903286824
        ]
      },
      "properties": {
        "name": "Route du Fontenil D302 / Hameau le Fontenil VC11",
        "context": "Briançon, Hautes-Alpes",
        "citycode": "05023",
        "depcode": "05"
      }
    },
    {
      "type": "Feature",
      "geometry": {
        "type": "Point",
        "coordinates": [
          6.646446736,
          44.901919553
        ]
      },
      "properties": {
        "name": "Route du Fontenil D302 / Route d'Italie N94",
        "context": "Briançon, Hautes-Alpes",
        "citycode": "05023",
        "depcode": "05"
      }
    },
    {
      "type": "Feature",
      "geometry": {
        "type": "Point",
        "coordinates": [
          6.65433875,
          44.894894536
        ]
      },
      "properties": {
        "name": "Route du Fort des Tétes / Chemin de la Carrière",
        "context": "Briançon, Hautes-Alpes",
        "citycode": "05023",
        "depcode": "05"
      }
    },
    {
      "type": "Feature",
      "geometry": {
        "type": "Point",
        "coordinates": [
          6.65378116,
          44.893869173
        ]
      },
      "properties": {
        "name": "Route du Fort des Tétes / Chemin du Randouillet",
        "context": "Briançon, Hautes-Alpes",
        "citycode": "05023",
        "depcode": "05"
      }
    },
    {
      "type": "Feature",
      "geometry": {
        "type": "Point",
        "coordinates": [
          6.654251829,
          44.894688238
        ]
      },
      "properties": {
        "name": "Route du Fort des Tétes / Route Stratégique du Secteur Est",
        "context": "Briançon, Hautes-Alpes",
        "citycode": "05023",
        "depcode": "05"
      }
    },
    {
      "type": "Feature",
      "geometry": {
        "type": "Point",
        "coordinates": [
          6.629832516,
          44.916082727
        ]
      },
      "properties": {
        "name": "Route du Pouët Ollagnier D232T / Chemin des Fontaines",
        "context": "Briançon, Hautes-Alpes",
        "citycode": "05023",
        "depcode": "05"
      }
    },
    {
      "type": "Feature",
      "geometry": {
        "type": "Point",
        "coordinates": [
          6.625154813,
          44.914875986
        ]
      },
      "properties": {
        "name": "Route du Pouët Ollagnier D232 / Route de Grenoble",
        "context": "Briançon, Hautes-Alpes",
        "citycode": "05023",
        "depcode": "05"
      }
    },
    {
      "type": "Feature",
      "geometry": {
        "type": "Point",
        "coordinates": [
          6.625254761,
          44.915563574
        ]
      },
      "properties": {
        "name": "Route du Pouët Ollagnier D232 / Route du Pouët Ollagnier D232T",
        "context": "Briançon, Hautes-Alpes",
        "citycode": "05023",
        "depcode": "05"
      }
    },
    {
      "type": "Feature",
      "geometry": {
        "type": "Point",
        "coordinates": [
          6.625057444,
          44.914949868
        ]
      },
      "properties": {
        "name": "Route du Pouët Ollagnier D232 / Ruine de Fortville",
        "context": "Briançon, Hautes-Alpes",
        "citycode": "05023",
        "depcode": "05"
      }
    },
    {
      "type": "Feature",
      "geometry": {
        "type": "Point",
        "coordinates": [
          6.625381937,
          44.915827953
        ]
      },
      "properties": {
        "name": "Route du Pouët Ollagnier D232T / Ruine de Mas de Blais",
        "context": "Briançon, Hautes-Alpes",
        "citycode": "05023",
        "depcode": "05"
      }
    },
    {
      "type": "Feature",
      "geometry": {
        "type": "Point",
        "coordinates": [
          6.633454518,
          44.915461327
        ]
      },
      "properties": {
        "name": "Route du Pouët Ollagnier D232T / Sentier de Grande Racine",
        "context": "Briançon, Hautes-Alpes",
        "citycode": "05023",
        "depcode": "05"
      }
    },
    {
      "type": "Feature",
      "geometry": {
        "type": "Point",
        "coordinates": [
          6.627747297,
          44.917304629
        ]
      },
      "properties": {
        "name": "Route du Pouët Ollagnier D232T / Torrent de l'Adoux",
        "context": "Briançon, Hautes-Alpes",
        "citycode": "05023",
        "depcode": "05"
      }
    },
    {
      "type": "Feature",
      "geometry": {
        "type": "Point",
        "coordinates": [
          6.671669034,
          44.8849318
        ]
      },
      "properties": {
        "name": "Route Stratégique de la Cerveyrette / Ravin du Randon",
        "context": "Briançon, Hautes-Alpes",
        "citycode": "05023",
        "depcode": "05"
      }
    },
    {
      "type": "Feature",
      "geometry": {
        "type": "Point",
        "coordinates": [
          6.654410588,
          44.890812666
        ]
      },
      "properties": {
        "name": "Route Stratégique du Secteur Est / Chemin du Randouillet",
        "context": "Briançon, Hautes-Alpes",
        "citycode": "05023",
        "depcode": "05"
      }
    },
    {
      "type": "Feature",
      "geometry": {
        "type": "Point",
        "coordinates": [
          6.6158796,
          44.8780143
        ]
      },
      "properties": {
        "name": "Route Traversée de Chamandrin / Ancienne Route Nationale",
        "context": "Briançon, Hautes-Alpes",
        "citycode": "05023",
        "depcode": "05"
      }
    },
    {
      "type": "Feature",
      "geometry": {
        "type": "Point",
        "coordinates": [
          6.61585745,
          44.87799105
        ]
      },
      "properties": {
        "name": "Route Traversée de Chamandrin / Route Traversée de Saint-Blaise",
        "context": "Briançon, Hautes-Alpes",
        "citycode": "05023",
        "depcode": "05"
      }
    },
    {
      "type": "Feature",
      "geometry": {
        "type": "Point",
        "coordinates": [
          6.615882264,
          44.878007561
        ]
      },
      "properties": {
        "name": "Route Traversée de Chamandrin / Ruisseau du Fossa",
        "context": "Briançon, Hautes-Alpes",
        "citycode": "05023",
        "depcode": "05"
      }
    },
    {
      "type": "Feature",
      "geometry": {
        "type": "Point",
        "coordinates": [
          6.614093046,
          44.876188908
        ]
      },
      "properties": {
        "name": "Route Traversée de Saint-Blaise / Route de Pierrefeu D235",
        "context": "Briançon, Hautes-Alpes",
        "citycode": "05023",
        "depcode": "05"
      }
    },
    {
      "type": "Feature",
      "geometry": {
        "type": "Point",
        "coordinates": [
          6.615825835,
          44.877966446
        ]
      },
      "properties": {
        "name": "Route Traversée de Saint-Blaise / Ruisseau du Fossa",
        "context": "Briançon, Hautes-Alpes",
        "citycode": "05023",
        "depcode": "05"
      }
    },
    {
      "type": "Feature",
      "geometry": {
        "type": "Point",
        "coordinates": [
          6.633670014,
          44.887147546
        ]
      },
      "properties": {
        "name": "Rue Alfred Mondet / Rond-Point Faure-Geors",
        "context": "Briançon, Hautes-Alpes",
        "citycode": "05023",
        "depcode": "05"
      }
    },
    {
      "type": "Feature",
      "geometry": {
        "type": "Point",
        "coordinates": [
          6.633658409,
          44.887135871
        ]
      },
      "properties": {
        "name": "Rue Alfred Mondet / Rue Joseph Silvestre D36",
        "context": "Briançon, Hautes-Alpes",
        "citycode": "05023",
        "depcode": "05"
      }
    },
    {
      "type": "Feature",
      "geometry": {
        "type": "Point",
        "coordinates": [
          6.636195762,
          44.89611747
        ]
      },
      "properties": {
        "name": "Rue Alphand / Chemin Vieux",
        "context": "Briançon, Hautes-Alpes",
        "citycode": "05023",
        "depcode": "05"
      }
    },
    {
      "type": "Feature",
      "geometry": {
        "type": "Point",
        "coordinates": [
          6.63304186,
          44.895101954
        ]
      },
      "properties": {
        "name": "Rue Alphand / Projet de Voie Verte Briançon - Le Monetier",
        "context": "Briançon, Hautes-Alpes",
        "citycode": "05023",
        "depcode": "05"
      }
    },
    {
      "type": "Feature",
      "geometry": {
        "type": "Point",
        "coordinates": [
          6.63615768,
          44.896104439
        ]
      },
      "properties": {
        "name": "Rue Alphand / Rue Centrale",
        "context": "Briançon, Hautes-Alpes",
        "citycode": "05023",
        "depcode": "05"
      }
    },
    {
      "type": "Feature",
      "geometry": {
        "type": "Point",
        "coordinates": [
          6.634979524,
          44.895645591
        ]
      },
      "properties": {
        "name": "Rue Alphand / Rue du Docteur",
        "context": "Briançon, Hautes-Alpes",
        "citycode": "05023",
        "depcode": "05"
      }
    },
    {
      "type": "Feature",
      "geometry": {
        "type": "Point",
        "coordinates": [
          6.634976672,
          44.895671704
        ]
      },
      "properties": {
        "name": "Rue Alphand / Rue Evariste Chancel",
        "context": "Briançon, Hautes-Alpes",
        "citycode": "05023",
        "depcode": "05"
      }
    },
    {
      "type": "Feature",
      "geometry": {
        "type": "Point",
        "coordinates": [
          6.636101825,
          44.896120696
        ]
      },
      "properties": {
        "name": "Rue Alphand / Rue Général Rostolland",
        "context": "Briançon, Hautes-Alpes",
        "citycode": "05023",
        "depcode": "05"
      }
    },
    {
      "type": "Feature",
      "geometry": {
        "type": "Point",
        "coordinates": [
          6.633058935,
          44.895120192
        ]
      },
      "properties": {
        "name": "Rue Alphand / Rue Moulin",
        "context": "Briançon, Hautes-Alpes",
        "citycode": "05023",
        "depcode": "05"
      }
    },
    {
      "type": "Feature",
      "geometry": {
        "type": "Point",
        "coordinates": [
          6.643919721,
          44.897861231
        ]
      },
      "properties": {
        "name": "Rue Aspirant Jan / Place Médecin Général Blanchard",
        "context": "Briançon, Hautes-Alpes",
        "citycode": "05023",
        "depcode": "05"
      }
    },
    {
      "type": "Feature",
      "geometry": {
        "type": "Point",
        "coordinates": [
          6.645406496,
          44.897857939
        ]
      },
      "properties": {
        "name": "Rue Aspirant Jan / Rue du Pont d'Asfeld",
        "context": "Briançon, Hautes-Alpes",
        "citycode": "05023",
        "depcode": "05"
      }
    },
    {
      "type": "Feature",
      "geometry": {
        "type": "Point",
        "coordinates": [
          6.64129247,
          44.899365547
        ]
      },
      "properties": {
        "name": "Rue Aspirant Jean / Avenue de la Libération",
        "context": "Briançon, Hautes-Alpes",
        "citycode": "05023",
        "depcode": "05"
      }
    },
    {
      "type": "Feature",
      "geometry": {
        "type": "Point",
        "coordinates": [
          6.64136286,
          44.899130578
        ]
      },
      "properties": {
        "name": "Rue Aspirant Jean / Avenue de la République",
        "context": "Briançon, Hautes-Alpes",
        "citycode": "05023",
        "depcode": "05"
      }
    },
    {
      "type": "Feature",
      "geometry": {
        "type": "Point",
        "coordinates": [
          6.634362617,
          44.897128579
        ]
      },
      "properties": {
        "name": "Rue Barthélémy Chaix / Avenue du 159e RIA",
        "context": "Briançon, Hautes-Alpes",
        "citycode": "05023",
        "depcode": "05"
      }
    },
    {
      "type": "Feature",
      "geometry": {
        "type": "Point",
        "coordinates": [
          6.633843521,
          44.89866229
        ]
      },
      "properties": {
        "name": "Rue Barthélémy Chaix / Square de Narwik",
        "context": "Briançon, Hautes-Alpes",
        "citycode": "05023",
        "depcode": "05"
      }
    },
    {
      "type": "Feature",
      "geometry": {
        "type": "Point",
        "coordinates": [
          6.634723576,
          44.896563636
        ]
      },
      "properties": {
        "name": "Rue Centrale / Avenue de la République",
        "context": "Briançon, Hautes-Alpes",
        "citycode": "05023",
        "depcode": "05"
      }
    },
    {
      "type": "Feature",
      "geometry": {
        "type": "Point",
        "coordinates": [
          6.636880493,
          44.895184509
        ]
      },
      "properties": {
        "name": "Rue Centrale / Chemin de la Schappe",
        "context": "Briançon, Hautes-Alpes",
        "citycode": "05023",
        "depcode": "05"
      }
    },
    {
      "type": "Feature",
      "geometry": {
        "type": "Point",
        "coordinates": [
          6.634646125,
          44.896545979
        ]
      },
      "properties": {
        "name": "Rue Centrale / Rond-Point de La Chaussée",
        "context": "Briançon, Hautes-Alpes",
        "citycode": "05023",
        "depcode": "05"
      }
    },
    {
      "type": "Feature",
      "geometry": {
        "type": "Point",
        "coordinates": [
          6.636745837,
          44.895334588
        ]
      },
      "properties": {
        "name": "Rue Centrale / Traverse Alphand",
        "context": "Briançon, Hautes-Alpes",
        "citycode": "05023",
        "depcode": "05"
      }
    },
    {
      "type": "Feature",
      "geometry": {
        "type": "Point",
        "coordinates": [
          6.642710715,
          44.899513181
        ]
      },
      "properties": {
        "name": "Rue Commandant Carlhan / Rue Porte Méane",
        "context": "Briançon, Hautes-Alpes",
        "citycode": "05023",
        "depcode": "05"
      }
    },
    {
      "type": "Feature",
      "geometry": {
        "type": "Point",
        "coordinates": [
          6.644052282,
          44.900603867
        ]
      },
      "properties": {
        "name": "Rue de Castres / Avenue Vauban",
        "context": "Briançon, Hautes-Alpes",
        "citycode": "05023",
        "depcode": "05"
      }
    },
    {
      "type": "Feature",
      "geometry": {
        "type": "Point",
        "coordinates": [
          6.644160247,
          44.900552039
        ]
      },
      "properties": {
        "name": "Rue de Castres / Chemin de Ronde",
        "context": "Briançon, Hautes-Alpes",
        "citycode": "05023",
        "depcode": "05"
      }
    },
    {
      "type": "Feature",
      "geometry": {
        "type": "Point",
        "coordinates": [
          6.644210315,
          44.900416674
        ]
      },
      "properties": {
        "name": "Rue de Castres / Rue du Son du Serre",
        "context": "Briançon, Hautes-Alpes",
        "citycode": "05023",
        "depcode": "05"
      }
    },
    {
      "type": "Feature",
      "geometry": {
        "type": "Point",
        "coordinates": [
          6.644018753,
          44.899642221
        ]
      },
      "properties": {
        "name": "Rue de Castres / Rue Haute de Castres",
        "context": "Briançon, Hautes-Alpes",
        "citycode": "05023",
        "depcode": "05"
      }
    },
    {
      "type": "Feature",
      "geometry": {
        "type": "Point",
        "coordinates": [
          6.644058143,
          44.898893812
        ]
      },
      "properties": {
        "name": "Rue de la Manutention / Rue du Pont d'Asfeld",
        "context": "Briançon, Hautes-Alpes",
        "citycode": "05023",
        "depcode": "05"
      }
    },
    {
      "type": "Feature",
      "geometry": {
        "type": "Point",
        "coordinates": [
          6.636323648,
          44.894276756
        ]
      },
      "properties": {
        "name": "Rue de la Soie D36B / Rue Pasteur exD36",
        "context": "Briançon, Hautes-Alpes",
        "citycode": "05023",
        "depcode": "05"
      }
    },
    {
      "type": "Feature",
      "geometry": {
        "type": "Point",
        "coordinates": [
          6.643322632,
          44.898083873
        ]
      },
      "properties": {
        "name": "Rue de Roche / Place Médecin Général Blanchard",
        "context": "Briançon, Hautes-Alpes",
        "citycode": "05023",
        "depcode": "05"
      }
    },
    {
      "type": "Feature",
      "geometry": {
        "type": "Point",
        "coordinates": [
          6.643946042,
          44.899597924
        ]
      },
      "properties": {
        "name": "Rue de Roche / Rue de Castres",
        "context": "Briançon, Hautes-Alpes",
        "citycode": "05023",
        "depcode": "05"
      }
    },
    {
      "type": "Feature",
      "geometry": {
        "type": "Point",
        "coordinates": [
          6.643531462,
          44.898546065
        ]
      },
      "properties": {
        "name": "Rue de Roche / Rue Dom Chautard",
        "context": "Briançon, Hautes-Alpes",
        "citycode": "05023",
        "depcode": "05"
      }
    },
    {
      "type": "Feature",
      "geometry": {
        "type": "Point",
        "coordinates": [
          6.643716887,
          44.899299145
        ]
      },
      "properties": {
        "name": "Rue de Roche / Rue du Pont d'Asfeld",
        "context": "Briançon, Hautes-Alpes",
        "citycode": "05023",
        "depcode": "05"
      }
    },
    {
      "type": "Feature",
      "geometry": {
        "type": "Point",
        "coordinates": [
          6.643973007,
          44.89959157
        ]
      },
      "properties": {
        "name": "Rue de Roche / Rue Haute de Castres",
        "context": "Briançon, Hautes-Alpes",
        "citycode": "05023",
        "depcode": "05"
      }
    },
    {
      "type": "Feature",
      "geometry": {
        "type": "Point",
        "coordinates": [
          6.62714191,
          44.883640465
        ]
      },
      "properties": {
        "name": "Rue des Barbiers / Route des Maisons Blanches",
        "context": "Briançon, Hautes-Alpes",
        "citycode": "05023",
        "depcode": "05"
      }
    },
    {
      "type": "Feature",
      "geometry": {
        "type": "Point",
        "coordinates": [
          6.628587291,
          44.886147715
        ]
      },
      "properties": {
        "name": "Rue des Barbiers / Rue des Lampiers",
        "context": "Briançon, Hautes-Alpes",
        "citycode": "05023",
        "depcode": "05"
      }
    },
    {
      "type": "Feature",
      "geometry": {
        "type": "Point",
        "coordinates": [
          6.621827461,
          44.914752215
        ]
      },
      "properties": {
        "name": "Rue des Beignets / Chemin de Mas de Blais",
        "context": "Briançon, Hautes-Alpes",
        "citycode": "05023",
        "depcode": "05"
      }
    },
    {
      "type": "Feature",
      "geometry": {
        "type": "Point",
        "coordinates": [
          6.625156401,
          44.883403463
        ]
      },
      "properties": {
        "name": "Rue des Couteliers / Route des Maisons Blanches",
        "context": "Briançon, Hautes-Alpes",
        "citycode": "05023",
        "depcode": "05"
      }
    },
    {
      "type": "Feature",
      "geometry": {
        "type": "Point",
        "coordinates": [
          6.627288116,
          44.886246366
        ]
      },
      "properties": {
        "name": "Rue des Couteliers / Rue des Lampiers",
        "context": "Briançon, Hautes-Alpes",
        "citycode": "05023",
        "depcode": "05"
      }
    },
    {
      "type": "Feature",
      "geometry": {
        "type": "Point",
        "coordinates": [
          6.62582197,
          44.886590764
        ]
      },
      "properties": {
        "name": "Rue des Lampiers / Avenue Jean Moulin D36b",
        "context": "Briançon, Hautes-Alpes",
        "citycode": "05023",
        "depcode": "05"
      }
    },
    {
      "type": "Feature",
      "geometry": {
        "type": "Point",
        "coordinates": [
          6.625816769,
          44.886613192
        ]
      },
      "properties": {
        "name": "Rue des Lampiers / Piste Auto École",
        "context": "Briançon, Hautes-Alpes",
        "citycode": "05023",
        "depcode": "05"
      }
    },
    {
      "type": "Feature",
      "geometry": {
        "type": "Point",
        "coordinates": [
          6.636908973,
          44.886916039
        ]
      },
      "properties": {
        "name": "Rue des Lapins / Ruelle de l'Infernet",
        "context": "Briançon, Hautes-Alpes",
        "citycode": "05023",
        "depcode": "05"
      }
    },
    {
      "type": "Feature",
      "geometry": {
        "type": "Point",
        "coordinates": [
          6.632846642,
          44.884054048
        ]
      },
      "properties": {
        "name": "Rue des Preyts Riboix / Rue Joseph Silvestre D36",
        "context": "Briançon, Hautes-Alpes",
        "citycode": "05023",
        "depcode": "05"
      }
    },
    {
      "type": "Feature",
      "geometry": {
        "type": "Point",
        "coordinates": [
          6.632837125,
          44.883968262
        ]
      },
      "properties": {
        "name": "Rue des Preyts Riboix / rue Joseph Sylvestre",
        "context": "Briançon, Hautes-Alpes",
        "citycode": "05023",
        "depcode": "05"
      }
    },
    {
      "type": "Feature",
      "geometry": {
        "type": "Point",
        "coordinates": [
          6.630383068,
          44.882925176
        ]
      },
      "properties": {
        "name": "Rue des Preyts Riboix / Ruelle de Bramefan",
        "context": "Briançon, Hautes-Alpes",
        "citycode": "05023",
        "depcode": "05"
      }
    },
    {
      "type": "Feature",
      "geometry": {
        "type": "Point",
        "coordinates": [
          6.625725104,
          44.880938981
        ]
      },
      "properties": {
        "name": "Rue des Tabellions / La Sagne",
        "context": "Briançon, Hautes-Alpes",
        "citycode": "05023",
        "depcode": "05"
      }
    },
    {
      "type": "Feature",
      "geometry": {
        "type": "Point",
        "coordinates": [
          6.625294606,
          44.88278437
        ]
      },
      "properties": {
        "name": "Rue des Tabellions / Rue des Veloutiers",
        "context": "Briançon, Hautes-Alpes",
        "citycode": "05023",
        "depcode": "05"
      }
    },
    {
      "type": "Feature",
      "geometry": {
        "type": "Point",
        "coordinates": [
          6.637723513,
          44.893577594
        ]
      },
      "properties": {
        "name": "Rue des Toulouzannes / Avenue du Col d'Izoard D902",
        "context": "Briançon, Hautes-Alpes",
        "citycode": "05023",
        "depcode": "05"
      }
    },
    {
      "type": "Feature",
      "geometry": {
        "type": "Point",
        "coordinates": [
          6.636144116,
          44.889848712
        ]
      },
      "properties": {
        "name": "Rue des Toulouzannes / Chemin de Chaix",
        "context": "Briançon, Hautes-Alpes",
        "citycode": "05023",
        "depcode": "05"
      }
    },
    {
      "type": "Feature",
      "geometry": {
        "type": "Point",
        "coordinates": [
          6.634434354,
          44.889169237
        ]
      },
      "properties": {
        "name": "Rue des Toulouzannes / Rond-Point Oronce Fine",
        "context": "Briançon, Hautes-Alpes",
        "citycode": "05023",
        "depcode": "05"
      }
    },
    {
      "type": "Feature",
      "geometry": {
        "type": "Point",
        "coordinates": [
          6.634397024,
          44.889139113
        ]
      },
      "properties": {
        "name": "Rue des Toulouzannes / Rue Joseph Silvestre D36",
        "context": "Briançon, Hautes-Alpes",
        "citycode": "05023",
        "depcode": "05"
      }
    },
    {
      "type": "Feature",
      "geometry": {
        "type": "Point",
        "coordinates": [
          6.634411207,
          44.889261683
        ]
      },
      "properties": {
        "name": "Rue des Toulouzannes / Rue Pasteur exD36",
        "context": "Briançon, Hautes-Alpes",
        "citycode": "05023",
        "depcode": "05"
      }
    },
    {
      "type": "Feature",
      "geometry": {
        "type": "Point",
        "coordinates": [
          6.624015374,
          44.881776951
        ]
      },
      "properties": {
        "name": "Rue des Veloutiers / 2",
        "context": "Briançon, Hautes-Alpes",
        "citycode": "05023",
        "depcode": "05"
      }
    },
    {
      "type": "Feature",
      "geometry": {
        "type": "Point",
        "coordinates": [
          6.623977297,
          44.881768619
        ]
      },
      "properties": {
        "name": "Rue des Veloutiers / 3",
        "context": "Briançon, Hautes-Alpes",
        "citycode": "05023",
        "depcode": "05"
      }
    },
    {
      "type": "Feature",
      "geometry": {
        "type": "Point",
        "coordinates": [
          6.62292229,
          44.881893008
        ]
      },
      "properties": {
        "name": "Rue des Veloutiers / Rond-Point du Chaberton (Fort des Nuages)",
        "context": "Briançon, Hautes-Alpes",
        "citycode": "05023",
        "depcode": "05"
      }
    },
    {
      "type": "Feature",
      "geometry": {
        "type": "Point",
        "coordinates": [
          6.622927522,
          44.881894303
        ]
      },
      "properties": {
        "name": "Rue des Veloutiers / Route des Maisons Blanches D36b",
        "context": "Briançon, Hautes-Alpes",
        "citycode": "05023",
        "depcode": "05"
      }
    },
    {
      "type": "Feature",
      "geometry": {
        "type": "Point",
        "coordinates": [
          6.64350724,
          44.899860155
        ]
      },
      "properties": {
        "name": "Rue Docteur Vagnat / Ruelle Jourdan",
        "context": "Briançon, Hautes-Alpes",
        "citycode": "05023",
        "depcode": "05"
      }
    },
    {
      "type": "Feature",
      "geometry": {
        "type": "Point",
        "coordinates": [
          6.643536813,
          44.898560173
        ]
      },
      "properties": {
        "name": "Rue Dom Chautard / Rue de Roche",
        "context": "Briançon, Hautes-Alpes",
        "citycode": "05023",
        "depcode": "05"
      }
    },
    {
      "type": "Feature",
      "geometry": {
        "type": "Point",
        "coordinates": [
          6.636741133,
          44.895072337
        ]
      },
      "properties": {
        "name": "Rue du 4e Régiment de Tirailleurs Marocains / Rue Centrale",
        "context": "Briançon, Hautes-Alpes",
        "citycode": "05023",
        "depcode": "05"
      }
    },
    {
      "type": "Feature",
      "geometry": {
        "type": "Point",
        "coordinates": [
          6.635577713,
          44.894790962
        ]
      },
      "properties": {
        "name": "Rue du 4e Régiment de Tirailleurs Marocains / Rue du Docteur",
        "context": "Briançon, Hautes-Alpes",
        "citycode": "05023",
        "depcode": "05"
      }
    },
    {
      "type": "Feature",
      "geometry": {
        "type": "Point",
        "coordinates": [
          6.636686832,
          44.895002986
        ]
      },
      "properties": {
        "name": "Rue du 4e Régiment de Tirailleurs Marocains / Rue Pasteur D36B",
        "context": "Briançon, Hautes-Alpes",
        "citycode": "05023",
        "depcode": "05"
      }
    },
    {
      "type": "Feature",
      "geometry": {
        "type": "Point",
        "coordinates": [
          6.63534298,
          44.885609739
        ]
      },
      "properties": {
        "name": "Rue du Bacchu Ber / Impasse Challe Coute",
        "context": "Briançon, Hautes-Alpes",
        "citycode": "05023",
        "depcode": "05"
      }
    },
    {
      "type": "Feature",
      "geometry": {
        "type": "Point",
        "coordinates": [
          6.634586877,
          44.885704942
        ]
      },
      "properties": {
        "name": "Rue du Bacchu Ber / La Cerveyrette",
        "context": "Briançon, Hautes-Alpes",
        "citycode": "05023",
        "depcode": "05"
      }
    },
    {
      "type": "Feature",
      "geometry": {
        "type": "Point",
        "coordinates": [
          6.636829973,
          44.886357785
        ]
      },
      "properties": {
        "name": "Rue du Bacchu Ber / Rue Alfred Mondet",
        "context": "Briançon, Hautes-Alpes",
        "citycode": "05023",
        "depcode": "05"
      }
    },
    {
      "type": "Feature",
      "geometry": {
        "type": "Point",
        "coordinates": [
          6.6342744,
          44.885828369
        ]
      },
      "properties": {
        "name": "Rue du Bacchu Ber / Rue Joseph Silvestre D36",
        "context": "Briançon, Hautes-Alpes",
        "citycode": "05023",
        "depcode": "05"
      }
    },
    {
      "type": "Feature",
      "geometry": {
        "type": "Point",
        "coordinates": [
          6.636852097,
          44.886360802
        ]
      },
      "properties": {
        "name": "Rue du Bacchu Ber / Rue Saint-Roch",
        "context": "Briançon, Hautes-Alpes",
        "citycode": "05023",
        "depcode": "05"
      }
    },
    {
      "type": "Feature",
      "geometry": {
        "type": "Point",
        "coordinates": [
          6.634272038,
          44.889153544
        ]
      },
      "properties": {
        "name": "Rue du Colonel Patrice Blanc / Rond-Point Oronce Fine",
        "context": "Briançon, Hautes-Alpes",
        "citycode": "05023",
        "depcode": "05"
      }
    },
    {
      "type": "Feature",
      "geometry": {
        "type": "Point",
        "coordinates": [
          6.63427935,
          44.889108883
        ]
      },
      "properties": {
        "name": "Rue du Colonel Patrice Blanc / Rue Joseph Silvestre D36",
        "context": "Briançon, Hautes-Alpes",
        "citycode": "05023",
        "depcode": "05"
      }
    },
    {
      "type": "Feature",
      "geometry": {
        "type": "Point",
        "coordinates": [
          6.634983869,
          44.895660607
        ]
      },
      "properties": {
        "name": "Rue du Docteur / Rue Evariste Chancel",
        "context": "Briançon, Hautes-Alpes",
        "citycode": "05023",
        "depcode": "05"
      }
    },
    {
      "type": "Feature",
      "geometry": {
        "type": "Point",
        "coordinates": [
          6.632970857,
          44.900061355
        ]
      },
      "properties": {
        "name": "Rue du Général Barbot / Accès Provisoire Altipolis",
        "context": "Briançon, Hautes-Alpes",
        "citycode": "05023",
        "depcode": "05"
      }
    },
    {
      "type": "Feature",
      "geometry": {
        "type": "Point",
        "coordinates": [
          6.632524968,
          44.900602885
        ]
      },
      "properties": {
        "name": "Rue du Général Barbot / Avenue René Froger",
        "context": "Briançon, Hautes-Alpes",
        "citycode": "05023",
        "depcode": "05"
      }
    },
    {
      "type": "Feature",
      "geometry": {
        "type": "Point",
        "coordinates": [
          6.632534944,
          44.900623988
        ]
      },
      "properties": {
        "name": "Rue du Général Barbot / Rue du Champs de Tir",
        "context": "Briançon, Hautes-Alpes",
        "citycode": "05023",
        "depcode": "05"
      }
    },
    {
      "type": "Feature",
      "geometry": {
        "type": "Point",
        "coordinates": [
          6.633866035,
          44.898822662
        ]
      },
      "properties": {
        "name": "Rue du Général Barbot / Square de Narwik",
        "context": "Briançon, Hautes-Alpes",
        "citycode": "05023",
        "depcode": "05"
      }
    },
    {
      "type": "Feature",
      "geometry": {
        "type": "Point",
        "coordinates": [
          6.640271727,
          44.889241737
        ]
      },
      "properties": {
        "name": "Rue du Lieutenant Miguet / Avenue du Col d'Izoard D902",
        "context": "Briançon, Hautes-Alpes",
        "citycode": "05023",
        "depcode": "05"
      }
    },
    {
      "type": "Feature",
      "geometry": {
        "type": "Point",
        "coordinates": [
          6.639506647,
          44.891765002
        ]
      },
      "properties": {
        "name": "Rue du Lieutenant Miguet / Chemin de la Croix du Frene",
        "context": "Briançon, Hautes-Alpes",
        "citycode": "05023",
        "depcode": "05"
      }
    },
    {
      "type": "Feature",
      "geometry": {
        "type": "Point",
        "coordinates": [
          6.645008488,
          44.897909084
        ]
      },
      "properties": {
        "name": "Rue du Pont d'Asfeld / Rue Aspirant Jan",
        "context": "Briançon, Hautes-Alpes",
        "citycode": "05023",
        "depcode": "05"
      }
    },
    {
      "type": "Feature",
      "geometry": {
        "type": "Point",
        "coordinates": [
          6.643757235,
          44.899185329
        ]
      },
      "properties": {
        "name": "Rue du Pont d'Asfeld / Rue de Roche",
        "context": "Briançon, Hautes-Alpes",
        "citycode": "05023",
        "depcode": "05"
      }
    },
    {
      "type": "Feature",
      "geometry": {
        "type": "Point",
        "coordinates": [
          6.628145773,
          44.902332422
        ]
      },
      "properties": {
        "name": "Rue du Serre Paix / Impasse des Sorbiers",
        "context": "Briançon, Hautes-Alpes",
        "citycode": "05023",
        "depcode": "05"
      }
    },
    {
      "type": "Feature",
      "geometry": {
        "type": "Point",
        "coordinates": [
          6.630006085,
          44.902218474
        ]
      },
      "properties": {
        "name": "Rue du Serre Paix / Lotissement Le Serre-Paix Sud",
        "context": "Briançon, Hautes-Alpes",
        "citycode": "05023",
        "depcode": "05"
      }
    },
    {
      "type": "Feature",
      "geometry": {
        "type": "Point",
        "coordinates": [
          6.629269264,
          44.901720164
        ]
      },
      "properties": {
        "name": "Rue du Serre Paix / Place des Quatre Vents",
        "context": "Briançon, Hautes-Alpes",
        "citycode": "05023",
        "depcode": "05"
      }
    },
    {
      "type": "Feature",
      "geometry": {
        "type": "Point",
        "coordinates": [
          6.64420537,
          44.900319723
        ]
      },
      "properties": {
        "name": "Rue du Son du Serre / Rue de Castres",
        "context": "Briançon, Hautes-Alpes",
        "citycode": "05023",
        "depcode": "05"
      }
    },
    {
      "type": "Feature",
      "geometry": {
        "type": "Point",
        "coordinates": [
          6.644174788,
          44.899998803
        ]
      },
      "properties": {
        "name": "Rue du Son du Serre / Rue Haute de Castres",
        "context": "Briançon, Hautes-Alpes",
        "citycode": "05023",
        "depcode": "05"
      }
    },
    {
      "type": "Feature",
      "geometry": {
        "type": "Point",
        "coordinates": [
          6.644000085,
          44.900537987
        ]
      },
      "properties": {
        "name": "Rue du Temple / Rue de Castres",
        "context": "Briançon, Hautes-Alpes",
        "citycode": "05023",
        "depcode": "05"
      }
    },
    {
      "type": "Feature",
      "geometry": {
        "type": "Point",
        "coordinates": [
          6.634480703,
          44.896518555
        ]
      },
      "properties": {
        "name": "Rue Evariste Chancel / Rond-Point de La Chaussée",
        "context": "Briançon, Hautes-Alpes",
        "citycode": "05023",
        "depcode": "05"
      }
    },
    {
      "type": "Feature",
      "geometry": {
        "type": "Point",
        "coordinates": [
          6.634590911,
          44.896486995
        ]
      },
      "properties": {
        "name": "Rue Evariste Chancel / Rue Centrale",
        "context": "Briançon, Hautes-Alpes",
        "citycode": "05023",
        "depcode": "05"
      }
    },
    {
      "type": "Feature",
      "geometry": {
        "type": "Point",
        "coordinates": [
          6.634972101,
          44.895657001
        ]
      },
      "properties": {
        "name": "Rue Evariste Chancel / Rue du Docteur",
        "context": "Briançon, Hautes-Alpes",
        "citycode": "05023",
        "depcode": "05"
      }
    },
    {
      "type": "Feature",
      "geometry": {
        "type": "Point",
        "coordinates": [
          6.620762402,
          44.916170138
        ]
      },
      "properties": {
        "name": "Rue François Chabas / Chemin de Mas de Blais",
        "context": "Briançon, Hautes-Alpes",
        "citycode": "05023",
        "depcode": "05"
      }
    },
    {
      "type": "Feature",
      "geometry": {
        "type": "Point",
        "coordinates": [
          6.621232983,
          44.916085346
        ]
      },
      "properties": {
        "name": "Rue François Chabas / Rue Hameau de Mas de Blais",
        "context": "Briançon, Hautes-Alpes",
        "citycode": "05023",
        "depcode": "05"
      }
    },
    {
      "type": "Feature",
      "geometry": {
        "type": "Point",
        "coordinates": [
          6.623106992,
          44.914657962
        ]
      },
      "properties": {
        "name": "Rue François Chabas / Ruine de Fortville",
        "context": "Briançon, Hautes-Alpes",
        "citycode": "05023",
        "depcode": "05"
      }
    },
    {
      "type": "Feature",
      "geometry": {
        "type": "Point",
        "coordinates": [
          6.622899784,
          44.914802181
        ]
      },
      "properties": {
        "name": "Rue François Chabas / Ruine de Mas de Blais",
        "context": "Briançon, Hautes-Alpes",
        "citycode": "05023",
        "depcode": "05"
      }
    },
    {
      "type": "Feature",
      "geometry": {
        "type": "Point",
        "coordinates": [
          6.634309471,
          44.898660543
        ]
      },
      "properties": {
        "name": "Rue Général Colaud / Charrière du Randonneur",
        "context": "Briançon, Hautes-Alpes",
        "citycode": "05023",
        "depcode": "05"
      }
    },
    {
      "type": "Feature",
      "geometry": {
        "type": "Point",
        "coordinates": [
          6.635535981,
          44.897094935
        ]
      },
      "properties": {
        "name": "Rue Général Colaud / Place de l'Europe",
        "context": "Briançon, Hautes-Alpes",
        "citycode": "05023",
        "depcode": "05"
      }
    },
    {
      "type": "Feature",
      "geometry": {
        "type": "Point",
        "coordinates": [
          6.636765611,
          44.897332393
        ]
      },
      "properties": {
        "name": "Rue Général Rostolland / Avenue de la République",
        "context": "Briançon, Hautes-Alpes",
        "citycode": "05023",
        "depcode": "05"
      }
    },
    {
      "type": "Feature",
      "geometry": {
        "type": "Point",
        "coordinates": [
          6.636030575,
          44.896174931
        ]
      },
      "properties": {
        "name": "Rue Général Rostolland / Rue Centrale",
        "context": "Briançon, Hautes-Alpes",
        "citycode": "05023",
        "depcode": "05"
      }
    },
    {
      "type": "Feature",
      "geometry": {
        "type": "Point",
        "coordinates": [
          6.629027888,
          44.8910545
        ]
      },
      "properties": {
        "name": "Rue Georges Bermond Gonnet / Avenue Jean Moulin D36b",
        "context": "Briançon, Hautes-Alpes",
        "citycode": "05023",
        "depcode": "05"
      }
    },
    {
      "type": "Feature",
      "geometry": {
        "type": "Point",
        "coordinates": [
          6.619854549,
          44.916973084
        ]
      },
      "properties": {
        "name": "Rue Hameau de Mas de Blais / Chemin de Mas de Blais",
        "context": "Briançon, Hautes-Alpes",
        "citycode": "05023",
        "depcode": "05"
      }
    },
    {
      "type": "Feature",
      "geometry": {
        "type": "Point",
        "coordinates": [
          6.619899794,
          44.91699816
        ]
      },
      "properties": {
        "name": "Rue Hameau de Mas de Blais / Impasse du Mas des Cimes",
        "context": "Briançon, Hautes-Alpes",
        "citycode": "05023",
        "depcode": "05"
      }
    },
    {
      "type": "Feature",
      "geometry": {
        "type": "Point",
        "coordinates": [
          6.644909888,
          44.898629636
        ]
      },
      "properties": {
        "name": "Rue Haute de Castres / Rue Aspirant Jan",
        "context": "Briançon, Hautes-Alpes",
        "citycode": "05023",
        "depcode": "05"
      }
    },
    {
      "type": "Feature",
      "geometry": {
        "type": "Point",
        "coordinates": [
          6.644034817,
          44.899424904
        ]
      },
      "properties": {
        "name": "Rue Haute de Castres / Rue de Castres",
        "context": "Briançon, Hautes-Alpes",
        "citycode": "05023",
        "depcode": "05"
      }
    },
    {
      "type": "Feature",
      "geometry": {
        "type": "Point",
        "coordinates": [
          6.644223244,
          44.898933729
        ]
      },
      "properties": {
        "name": "Rue Haute de Castres / Rue de la Manutention",
        "context": "Briançon, Hautes-Alpes",
        "citycode": "05023",
        "depcode": "05"
      }
    },
    {
      "type": "Feature",
      "geometry": {
        "type": "Point",
        "coordinates": [
          6.63344639,
          44.88709842
        ]
      },
      "properties": {
        "name": "Rue Joseph Silvestre D36 / Chemin de l'Emparre",
        "context": "Briançon, Hautes-Alpes",
        "citycode": "05023",
        "depcode": "05"
      }
    },
    {
      "type": "Feature",
      "geometry": {
        "type": "Point",
        "coordinates": [
          6.633587557,
          44.887157765
        ]
      },
      "properties": {
        "name": "Rue Joseph Silvestre D36 / Rond-Point Faure-Geors",
        "context": "Briançon, Hautes-Alpes",
        "citycode": "05023",
        "depcode": "05"
      }
    },
    {
      "type": "Feature",
      "geometry": {
        "type": "Point",
        "coordinates": [
          6.63431976,
          44.889130751
        ]
      },
      "properties": {
        "name": "Rue Joseph Silvestre D36 / Rond-Point Oronce Fine",
        "context": "Briançon, Hautes-Alpes",
        "citycode": "05023",
        "depcode": "05"
      }
    },
    {
      "type": "Feature",
      "geometry": {
        "type": "Point",
        "coordinates": [
          6.632979012,
          44.884759401
        ]
      },
      "properties": {
        "name": "Rue Joseph Silvestre D36 / Route des Maisons Blanches",
        "context": "Briançon, Hautes-Alpes",
        "citycode": "05023",
        "depcode": "05"
      }
    },
    {
      "type": "Feature",
      "geometry": {
        "type": "Point",
        "coordinates": [
          6.633649258,
          44.887114157
        ]
      },
      "properties": {
        "name": "Rue Joseph Silvestre D36 / Rue Alfred Mondet",
        "context": "Briançon, Hautes-Alpes",
        "citycode": "05023",
        "depcode": "05"
      }
    },
    {
      "type": "Feature",
      "geometry": {
        "type": "Point",
        "coordinates": [
          6.634253911,
          44.889125635
        ]
      },
      "properties": {
        "name": "Rue Joseph Silvestre D36 / Rue du Colonel Patrice Blanc",
        "context": "Briançon, Hautes-Alpes",
        "citycode": "05023",
        "depcode": "05"
      }
    },
    {
      "type": "Feature",
      "geometry": {
        "type": "Point",
        "coordinates": [
          6.632899721,
          44.882870024
        ]
      },
      "properties": {
        "name": "Rue Joseph Silvestre D36 / Rue Gatchelou",
        "context": "Briançon, Hautes-Alpes",
        "citycode": "05023",
        "depcode": "05"
      }
    },
    {
      "type": "Feature",
      "geometry": {
        "type": "Point",
        "coordinates": [
          6.63426525,
          44.889165551
        ]
      },
      "properties": {
        "name": "Rue Joseph Silvestre D36 / Rue Oronce Fine D136",
        "context": "Briançon, Hautes-Alpes",
        "citycode": "05023",
        "depcode": "05"
      }
    },
    {
      "type": "Feature",
      "geometry": {
        "type": "Point",
        "coordinates": [
          6.632893926,
          44.883946145
        ]
      },
      "properties": {
        "name": "rue Joseph Sylvestre / Rue Joseph Silvestre D36",
        "context": "Briançon, Hautes-Alpes",
        "citycode": "05023",
        "depcode": "05"
      }
    },
    {
      "type": "Feature",
      "geometry": {
        "type": "Point",
        "coordinates": [
          6.624630952,
          44.883098024
        ]
      },
      "properties": {
        "name": "Rue Mal de Lattre de Tassigny / Route des Maisons Blanches",
        "context": "Briançon, Hautes-Alpes",
        "citycode": "05023",
        "depcode": "05"
      }
    },
    {
      "type": "Feature",
      "geometry": {
        "type": "Point",
        "coordinates": [
          6.639253612,
          44.900343245
        ]
      },
      "properties": {
        "name": "Rue Marius Chancel / Chemin de la Tour",
        "context": "Briançon, Hautes-Alpes",
        "citycode": "05023",
        "depcode": "05"
      }
    },
    {
      "type": "Feature",
      "geometry": {
        "type": "Point",
        "coordinates": [
          6.642487707,
          44.898226503
        ]
      },
      "properties": {
        "name": "Rue Mercerie (Petite Gargouille) / Place Médecin Général Blanchard",
        "context": "Briançon, Hautes-Alpes",
        "citycode": "05023",
        "depcode": "05"
      }
    },
    {
      "type": "Feature",
      "geometry": {
        "type": "Point",
        "coordinates": [
          6.642714028,
          44.8995021
        ]
      },
      "properties": {
        "name": "Rue Mercerie (Petite Gargouille) / Rue Commandant Carlhan",
        "context": "Briançon, Hautes-Alpes",
        "citycode": "05023",
        "depcode": "05"
      }
    },
    {
      "type": "Feature",
      "geometry": {
        "type": "Point",
        "coordinates": [
          6.642651434,
          44.8985662
        ]
      },
      "properties": {
        "name": "Rue Mercerie (Petite Gargouille) / Rue de Ran",
        "context": "Briançon, Hautes-Alpes",
        "citycode": "05023",
        "depcode": "05"
      }
    },
    {
      "type": "Feature",
      "geometry": {
        "type": "Point",
        "coordinates": [
          6.642543165,
          44.89834892
        ]
      },
      "properties": {
        "name": "Rue Mercerie (Petite Gargouille) / Rue Louis Faure",
        "context": "Briançon, Hautes-Alpes",
        "citycode": "05023",
        "depcode": "05"
      }
    },
    {
      "type": "Feature",
      "geometry": {
        "type": "Point",
        "coordinates": [
          6.64272367,
          44.89948514
        ]
      },
      "properties": {
        "name": "Rue Mercerie (Petite Gargouille) / Rue Porte Méane",
        "context": "Briançon, Hautes-Alpes",
        "citycode": "05023",
        "depcode": "05"
      }
    },
    {
      "type": "Feature",
      "geometry": {
        "type": "Point",
        "coordinates": [
          6.631069273,
          44.895189976
        ]
      },
      "properties": {
        "name": "Rue Moulin / Avenue Maurice Petsche D2",
        "context": "Briançon, Hautes-Alpes",
        "citycode": "05023",
        "depcode": "05"
      }
    },
    {
      "type": "Feature",
      "geometry": {
        "type": "Point",
        "coordinates": [
          6.631082141,
          44.894707612
        ]
      },
      "properties": {
        "name": "Rue Moulin / La Guisane",
        "context": "Briançon, Hautes-Alpes",
        "citycode": "05023",
        "depcode": "05"
      }
    },
    {
      "type": "Feature",
      "geometry": {
        "type": "Point",
        "coordinates": [
          6.631842027,
          44.894855182
        ]
      },
      "properties": {
        "name": "Rue Moulin / Projet de Voie Verte Briançon - Le Monetier",
        "context": "Briançon, Hautes-Alpes",
        "citycode": "05023",
        "depcode": "05"
      }
    },
    {
      "type": "Feature",
      "geometry": {
        "type": "Point",
        "coordinates": [
          6.634064888,
          44.889266188
        ]
      },
      "properties": {
        "name": "Rue Oronce Fine D136 / Avenue Général de Gaulle D136",
        "context": "Briançon, Hautes-Alpes",
        "citycode": "05023",
        "depcode": "05"
      }
    },
    {
      "type": "Feature",
      "geometry": {
        "type": "Point",
        "coordinates": [
          6.634263208,
          44.889208309
        ]
      },
      "properties": {
        "name": "Rue Oronce Fine D136 / Rond-Point Oronce Fine",
        "context": "Briançon, Hautes-Alpes",
        "citycode": "05023",
        "depcode": "05"
      }
    },
    {
      "type": "Feature",
      "geometry": {
        "type": "Point",
        "coordinates": [
          6.634363249,
          44.889246651
        ]
      },
      "properties": {
        "name": "Rue Oronce Fine D136 / Rue des Toulouzannes",
        "context": "Briançon, Hautes-Alpes",
        "citycode": "05023",
        "depcode": "05"
      }
    },
    {
      "type": "Feature",
      "geometry": {
        "type": "Point",
        "coordinates": [
          6.634213958,
          44.889183249
        ]
      },
      "properties": {
        "name": "Rue Oronce Fine D136 / Rue du Colonel Patrice Blanc",
        "context": "Briançon, Hautes-Alpes",
        "citycode": "05023",
        "depcode": "05"
      }
    },
    {
      "type": "Feature",
      "geometry": {
        "type": "Point",
        "coordinates": [
          6.634285816,
          44.889172104
        ]
      },
      "properties": {
        "name": "Rue Oronce Fine D136 / Rue Joseph Silvestre D36",
        "context": "Briançon, Hautes-Alpes",
        "citycode": "05023",
        "depcode": "05"
      }
    },
    {
      "type": "Feature",
      "geometry": {
        "type": "Point",
        "coordinates": [
          6.634312865,
          44.889255085
        ]
      },
      "properties": {
        "name": "Rue Oronce Fine D136 / Rue Pasteur exD36",
        "context": "Briançon, Hautes-Alpes",
        "citycode": "05023",
        "depcode": "05"
      }
    },
    {
      "type": "Feature",
      "geometry": {
        "type": "Point",
        "coordinates": [
          6.635616929,
          44.892842713
        ]
      },
      "properties": {
        "name": "Rue Pasteur exD36 / Cité Barbot",
        "context": "Briançon, Hautes-Alpes",
        "citycode": "05023",
        "depcode": "05"
      }
    },
    {
      "type": "Feature",
      "geometry": {
        "type": "Point",
        "coordinates": [
          6.634321088,
          44.889263748
        ]
      },
      "properties": {
        "name": "Rue Pasteur exD36 / Rond-Point Oronce Fine",
        "context": "Briançon, Hautes-Alpes",
        "citycode": "05023",
        "depcode": "05"
      }
    },
    {
      "type": "Feature",
      "geometry": {
        "type": "Point",
        "coordinates": [
          6.636347702,
          44.894290796
        ]
      },
      "properties": {
        "name": "Rue Pasteur exD36 / Rue de la Soie D36B",
        "context": "Briançon, Hautes-Alpes",
        "citycode": "05023",
        "depcode": "05"
      }
    },
    {
      "type": "Feature",
      "geometry": {
        "type": "Point",
        "coordinates": [
          6.635206259,
          44.892142581
        ]
      },
      "properties": {
        "name": "Rue Pasteur exD36 / Rue Morand",
        "context": "Briançon, Hautes-Alpes",
        "citycode": "05023",
        "depcode": "05"
      }
    },
    {
      "type": "Feature",
      "geometry": {
        "type": "Point",
        "coordinates": [
          6.636356028,
          44.894275375
        ]
      },
      "properties": {
        "name": "Rue Pasteur exD36 / Rue Pasteur D36B",
        "context": "Briançon, Hautes-Alpes",
        "citycode": "05023",
        "depcode": "05"
      }
    },
    {
      "type": "Feature",
      "geometry": {
        "type": "Point",
        "coordinates": [
          6.634476015,
          44.890202408
        ]
      },
      "properties": {
        "name": "Rue Pasteur exD36 / Traverse de la MJC",
        "context": "Briançon, Hautes-Alpes",
        "citycode": "05023",
        "depcode": "05"
      }
    },
    {
      "type": "Feature",
      "geometry": {
        "type": "Point",
        "coordinates": [
          6.643673333,
          44.900860766
        ]
      },
      "properties": {
        "name": "Rue Porte Dauphine / Avenue Vauban",
        "context": "Briançon, Hautes-Alpes",
        "citycode": "05023",
        "depcode": "05"
      }
    },
    {
      "type": "Feature",
      "geometry": {
        "type": "Point",
        "coordinates": [
          6.643686569,
          44.901370053
        ]
      },
      "properties": {
        "name": "Rue Porte Dauphine / Champ de Mars N94",
        "context": "Briançon, Hautes-Alpes",
        "citycode": "05023",
        "depcode": "05"
      }
    },
    {
      "type": "Feature",
      "geometry": {
        "type": "Point",
        "coordinates": [
          6.643715118,
          44.901358999
        ]
      },
      "properties": {
        "name": "Rue Porte Dauphine / Rond-Point du Champ de Mars",
        "context": "Briançon, Hautes-Alpes",
        "citycode": "05023",
        "depcode": "05"
      }
    },
    {
      "type": "Feature",
      "geometry": {
        "type": "Point",
        "coordinates": [
          6.642383933,
          44.899541934
        ]
      },
      "properties": {
        "name": "Rue Porte Méane / Avenue Vauban",
        "context": "Briançon, Hautes-Alpes",
        "citycode": "05023",
        "depcode": "05"
      }
    },
    {
      "type": "Feature",
      "geometry": {
        "type": "Point",
        "coordinates": [
          6.643368098,
          44.899380296
        ]
      },
      "properties": {
        "name": "Rue Porte Méane / Rue du Pont d'Asfeld",
        "context": "Briançon, Hautes-Alpes",
        "citycode": "05023",
        "depcode": "05"
      }
    },
    {
      "type": "Feature",
      "geometry": {
        "type": "Point",
        "coordinates": [
          6.639406744,
          44.888748948
        ]
      },
      "properties": {
        "name": "Rue Saint-Roch / Avenue du Col d'Izoard D902",
        "context": "Briançon, Hautes-Alpes",
        "citycode": "05023",
        "depcode": "05"
      }
    },
    {
      "type": "Feature",
      "geometry": {
        "type": "Point",
        "coordinates": [
          6.638659459,
          44.887169862
        ]
      },
      "properties": {
        "name": "Rue Saint-Roch / Chemin Balpin VC4",
        "context": "Briançon, Hautes-Alpes",
        "citycode": "05023",
        "depcode": "05"
      }
    },
    {
      "type": "Feature",
      "geometry": {
        "type": "Point",
        "coordinates": [
          6.639583235,
          44.887712135
        ]
      },
      "properties": {
        "name": "Rue Saint-Roch / Chemin des Combes VC3",
        "context": "Briançon, Hautes-Alpes",
        "citycode": "05023",
        "depcode": "05"
      }
    },
    {
      "type": "Feature",
      "geometry": {
        "type": "Point",
        "coordinates": [
          6.63703377,
          44.886496221
        ]
      },
      "properties": {
        "name": "Rue Saint-Roch / Chemin du Canal du Four",
        "context": "Briançon, Hautes-Alpes",
        "citycode": "05023",
        "depcode": "05"
      }
    },
    {
      "type": "Feature",
      "geometry": {
        "type": "Point",
        "coordinates": [
          6.636850668,
          44.886365932
        ]
      },
      "properties": {
        "name": "Rue Saint-Roch / Rue Alfred Mondet",
        "context": "Briançon, Hautes-Alpes",
        "citycode": "05023",
        "depcode": "05"
      }
    },
    {
      "type": "Feature",
      "geometry": {
        "type": "Point",
        "coordinates": [
          6.637366476,
          44.88677298
        ]
      },
      "properties": {
        "name": "Rue Saint-Roch / Rue des Lapins",
        "context": "Briançon, Hautes-Alpes",
        "citycode": "05023",
        "depcode": "05"
      }
    },
    {
      "type": "Feature",
      "geometry": {
        "type": "Point",
        "coordinates": [
          6.636983789,
          44.8865599
        ]
      },
      "properties": {
        "name": "Rue Saint-Roch / Ruelle de l'Infernet",
        "context": "Briançon, Hautes-Alpes",
        "citycode": "05023",
        "depcode": "05"
      }
    },
    {
      "type": "Feature",
      "geometry": {
        "type": "Point",
        "coordinates": [
          6.636999715,
          44.886519241
        ]
      },
      "properties": {
        "name": "Rue Saint-Roch / Ruelle du Four",
        "context": "Briançon, Hautes-Alpes",
        "citycode": "05023",
        "depcode": "05"
      }
    },
    {
      "type": "Feature",
      "geometry": {
        "type": "Point",
        "coordinates": [
          6.628509222,
          44.883451837
        ]
      },
      "properties": {
        "name": "Ruelle de Bramefan / Route des Maisons Blanches",
        "context": "Briançon, Hautes-Alpes",
        "citycode": "05023",
        "depcode": "05"
      }
    },
    {
      "type": "Feature",
      "geometry": {
        "type": "Point",
        "coordinates": [
          6.628486469,
          44.883276175
        ]
      },
      "properties": {
        "name": "Ruelle de Bramefan / Rue des Preyts Riboix",
        "context": "Briançon, Hautes-Alpes",
        "citycode": "05023",
        "depcode": "05"
      }
    },
    {
      "type": "Feature",
      "geometry": {
        "type": "Point",
        "coordinates": [
          6.636902777,
          44.886620611
        ]
      },
      "properties": {
        "name": "Ruelle de l'Infernet / Ruelle du Four",
        "context": "Briançon, Hautes-Alpes",
        "citycode": "05023",
        "depcode": "05"
      }
    },
    {
      "type": "Feature",
      "geometry": {
        "type": "Point",
        "coordinates": [
          6.636934115,
          44.886589451
        ]
      },
      "properties": {
        "name": "Ruelle du Four / Ruelle de l'Infernet",
        "context": "Briançon, Hautes-Alpes",
        "citycode": "05023",
        "depcode": "05"
      }
    },
    {
      "type": "Feature",
      "geometry": {
        "type": "Point",
        "coordinates": [
          6.643913697,
          44.899861775
        ]
      },
      "properties": {
        "name": "Ruelle Jourdan / Rue de Castres",
        "context": "Briançon, Hautes-Alpes",
        "citycode": "05023",
        "depcode": "05"
      }
    },
    {
      "type": "Feature",
      "geometry": {
        "type": "Point",
        "coordinates": [
          6.643994737,
          44.899844029
        ]
      },
      "properties": {
        "name": "Ruelle Jourdan / Rue Haute de Castres",
        "context": "Briançon, Hautes-Alpes",
        "citycode": "05023",
        "depcode": "05"
      }
    },
    {
      "type": "Feature",
      "geometry": {
        "type": "Point",
        "coordinates": [
          6.623362498,
          44.913543875
        ]
      },
      "properties": {
        "name": "Ruine de Fortville / Avenue de Savoie D1091",
        "context": "Briançon, Hautes-Alpes",
        "citycode": "05023",
        "depcode": "05"
      }
    },
    {
      "type": "Feature",
      "geometry": {
        "type": "Point",
        "coordinates": [
          6.62185233,
          44.912108256
        ]
      },
      "properties": {
        "name": "Ruine de Fortville / Chemin de Fortville",
        "context": "Briançon, Hautes-Alpes",
        "citycode": "05023",
        "depcode": "05"
      }
    },
    {
      "type": "Feature",
      "geometry": {
        "type": "Point",
        "coordinates": [
          6.622828022,
          44.913037714
        ]
      },
      "properties": {
        "name": "Ruine de Fortville / Chemin du Mas de Blais",
        "context": "Briançon, Hautes-Alpes",
        "citycode": "05023",
        "depcode": "05"
      }
    },
    {
      "type": "Feature",
      "geometry": {
        "type": "Point",
        "coordinates": [
          6.623121661,
          44.914660205
        ]
      },
      "properties": {
        "name": "Ruine de Fortville / Rue François Chabas",
        "context": "Briançon, Hautes-Alpes",
        "citycode": "05023",
        "depcode": "05"
      }
    },
    {
      "type": "Feature",
      "geometry": {
        "type": "Point",
        "coordinates": [
          6.625045259,
          44.915715364
        ]
      },
      "properties": {
        "name": "Ruine de Mas de Blais / Chemin du Canal Gaillard",
        "context": "Briançon, Hautes-Alpes",
        "citycode": "05023",
        "depcode": "05"
      }
    },
    {
      "type": "Feature",
      "geometry": {
        "type": "Point",
        "coordinates": [
          6.622872275,
          44.914835099
        ]
      },
      "properties": {
        "name": "Ruine de Mas de Blais / Rue François Chabas",
        "context": "Briançon, Hautes-Alpes",
        "citycode": "05023",
        "depcode": "05"
      }
    },
    {
      "type": "Feature",
      "geometry": {
        "type": "Point",
        "coordinates": [
          6.626612328,
          44.909096002
        ]
      },
      "properties": {
        "name": "Ruine de Mas de Chaix / Avenue de Savoie D1091",
        "context": "Briançon, Hautes-Alpes",
        "citycode": "05023",
        "depcode": "05"
      }
    },
    {
      "type": "Feature",
      "geometry": {
        "type": "Point",
        "coordinates": [
          6.61515035,
          44.914789489
        ]
      },
      "properties": {
        "name": "Sentier du Canal des Queyrelles / Canal des Queyrelles",
        "context": "Briançon, Hautes-Alpes",
        "citycode": "05023",
        "depcode": "05"
      }
    },
    {
      "type": "Feature",
      "geometry": {
        "type": "Point",
        "coordinates": [
          6.633945392,
          44.898632197
        ]
      },
      "properties": {
        "name": "Square de Narwik / Avenue du 159e RIA",
        "context": "Briançon, Hautes-Alpes",
        "citycode": "05023",
        "depcode": "05"
      }
    },
    {
      "type": "Feature",
      "geometry": {
        "type": "Point",
        "coordinates": [
          6.633880623,
          44.898665751
        ]
      },
      "properties": {
        "name": "Square de Narwik / Rue Barthélémy Chaix",
        "context": "Briançon, Hautes-Alpes",
        "citycode": "05023",
        "depcode": "05"
      }
    },
    {
      "type": "Feature",
      "geometry": {
        "type": "Point",
        "coordinates": [
          6.633874496,
          44.898827005
        ]
      },
      "properties": {
        "name": "Square de Narwik / Rue du Général Barbot",
        "context": "Briançon, Hautes-Alpes",
        "citycode": "05023",
        "depcode": "05"
      }
    },
    {
      "type": "Feature",
      "geometry": {
        "type": "Point",
        "coordinates": [
          6.634106702,
          44.898727309
        ]
      },
      "properties": {
        "name": "Square de Narwik / Rue Général Colaud",
        "context": "Briançon, Hautes-Alpes",
        "citycode": "05023",
        "depcode": "05"
      }
    },
    {
      "type": "Feature",
      "geometry": {
        "type": "Point",
        "coordinates": [
          6.62131487,
          44.910231282
        ]
      },
      "properties": {
        "name": "Torrent de l'Adoux / Projet de Voie Verte Briançon - Le Lauzet",
        "context": "Briançon, Hautes-Alpes",
        "citycode": "05023",
        "depcode": "05"
      }
    },
    {
      "type": "Feature",
      "geometry": {
        "type": "Point",
        "coordinates": [
          6.623779031,
          44.913284441
        ]
      },
      "properties": {
        "name": "Torrent de l'Adoux / Ruine de Fortville",
        "context": "Briançon, Hautes-Alpes",
        "citycode": "05023",
        "depcode": "05"
      }
    },
    {
      "type": "Feature",
      "geometry": {
        "type": "Point",
        "coordinates": [
          6.63669017,
          44.895430468
        ]
      },
      "properties": {
        "name": "Traverse Alphand / Rue Centrale",
        "context": "Briançon, Hautes-Alpes",
        "citycode": "05023",
        "depcode": "05"
      }
    },
    {
      "type": "Feature",
      "geometry": {
        "type": "Point",
        "coordinates": [
          6.642426797,
          44.902800141
        ]
      },
      "properties": {
        "name": "Traverse Paul Caire / Chemin du Canal Gaillard",
        "context": "Briançon, Hautes-Alpes",
        "citycode": "05023",
        "depcode": "05"
      }
    },
    {
      "type": "Feature",
      "geometry": {
        "type": "Point",
        "coordinates": [
          6.613813997,
          44.875855402
        ]
      },
      "properties": {
        "name": "Traversée de Saint-Blaise / Route Traversée de Saint-Blaise",
        "context": "Briançon, Hautes-Alpes",
        "citycode": "05023",
        "depcode": "05"
      }
    },
    {
      "type": "Feature",
      "geometry": {
        "type": "Point",
        "coordinates": [
          6.6436699,
          44.8968532
        ]
      },
      "properties": {
        "name": "Tunnel de Roche Percée / Chemin de la Schappe",
        "context": "Briançon, Hautes-Alpes",
        "citycode": "05023",
        "depcode": "05"
      }
    },
    {
      "type": "Feature",
      "geometry": {
        "type": "Point",
        "coordinates": [
          6.643720957,
          44.896854989
        ]
      },
      "properties": {
        "name": "Tunnel de Roche Percée / Via Ferrata L'Arête de la Schappe",
        "context": "Briançon, Hautes-Alpes",
        "citycode": "05023",
        "depcode": "05"
      }
    },
    {
      "type": "Feature",
      "geometry": {
        "type": "Point",
        "coordinates": [
          6.629721827,
          44.905637568
        ]
      },
      "properties": {
        "name": "Voiecommunale / Avenue du Professeur Forgues N94",
        "context": "Briançon, Hautes-Alpes",
        "citycode": "05023",
        "depcode": "05"
      }
    },
    {
      "type": "Feature",
      "geometry": {
        "type": "Point",
        "coordinates": [
          6.660080613,
          44.902446968
        ]
      },
      "properties": {
        "name": "VC13 / L'Envers du Fontenil VC12",
        "context": "Briançon, Hautes-Alpes",
        "citycode": "05023",
        "depcode": "05"
      }
    },
    {
      "type": "Feature",
      "geometry": {
        "type": "Point",
        "coordinates": [
          6.622023064,
          44.880690794
        ]
      },
      "properties": {
        "name": "D136a / Route des Maisons Blanches D36b",
        "context": "Briançon, Hautes-Alpes",
        "citycode": "05023",
        "depcode": "05"
      }
    },
    {
      "type": "Feature",
      "geometry": {
        "type": "Point",
        "coordinates": [
          6.6216558,
          44.880786803
        ]
      },
      "properties": {
        "name": "D36b / N94",
        "context": "Briançon, Hautes-Alpes",
        "citycode": "05023",
        "depcode": "05"
      }
    }
  ]
}