{
  "type": "FeatureCollection",
  "features": [
    {
      "type": "Feature",
      "geometry": {
        "type": "Point",
        "coordinates": [
          2.237486106,
          48.829740477
        ]
      },
      "properties": {
        "name": "Allée Ahmed Boughera El Ouafi / Rue du Vieux Pont de Sèvres",
        "context": "Boulogne-Billancourt, Hauts-de-Seine",
        "citycode": "92012",
        "depcode": "92"
      }
    },
    {
      "type": "Feature",
      "geometry": {
        "type": "Point",
        "coordinates": [
          2.235340345,
          48.82598983
        ]
      },
      "properties": {
        "name": "Allée Alfred Costes / Allée Georges Askinazi",
        "context": "Boulogne-Billancourt, Hauts-de-Seine",
        "citycode": "92012",
        "depcode": "92"
      }
    },
    {
      "type": "Feature",
      "geometry": {
        "type": "Point",
        "coordinates": [
          2.236062483,
          48.826735955
        ]
      },
      "properties": {
        "name": "Allée Alfred Costes / Allée Robert Doisneau",
        "context": "Boulogne-Billancourt, Hauts-de-Seine",
        "citycode": "92012",
        "depcode": "92"
      }
    },
    {
      "type": "Feature",
      "geometry": {
        "type": "Point",
        "coordinates": [
          2.236058516,
          48.82673243
        ]
      },
      "properties": {
        "name": "Allée Alfred Costes / Avenue Pierre Lefaucheux",
        "context": "Boulogne-Billancourt, Hauts-de-Seine",
        "citycode": "92012",
        "depcode": "92"
      }
    },
    {
      "type": "Feature",
      "geometry": {
        "type": "Point",
        "coordinates": [
          2.234508251,
          48.85105487
        ]
      },
      "properties": {
        "name": "Allée de Longchamp / Boulevard Anatole France",
        "context": "Boulogne-Billancourt, Hauts-de-Seine",
        "citycode": "92012",
        "depcode": "92"
      }
    },
    {
      "type": "Feature",
      "geometry": {
        "type": "Point",
        "coordinates": [
          2.242810315,
          48.830295595
        ]
      },
      "properties": {
        "name": "Allée des Dominicaines / Allée des Blanchisseuses",
        "context": "Boulogne-Billancourt, Hauts-de-Seine",
        "citycode": "92012",
        "depcode": "92"
      }
    },
    {
      "type": "Feature",
      "geometry": {
        "type": "Point",
        "coordinates": [
          2.243706421,
          48.846478679
        ]
      },
      "properties": {
        "name": "Allée des Pins / Rue Denfert-Rochereau",
        "context": "Boulogne-Billancourt, Hauts-de-Seine",
        "citycode": "92012",
        "depcode": "92"
      }
    },
    {
      "type": "Feature",
      "geometry": {
        "type": "Point",
        "coordinates": [
          2.245108874,
          48.846163716
        ]
      },
      "properties": {
        "name": "Allée des Pins / Rue des Arts",
        "context": "Boulogne-Billancourt, Hauts-de-Seine",
        "citycode": "92012",
        "depcode": "92"
      }
    },
    {
      "type": "Feature",
      "geometry": {
        "type": "Point",
        "coordinates": [
          2.246061561,
          48.845931724
        ]
      },
      "properties": {
        "name": "Allée des Pins / Rue des Pins",
        "context": "Boulogne-Billancourt, Hauts-de-Seine",
        "citycode": "92012",
        "depcode": "92"
      }
    },
    {
      "type": "Feature",
      "geometry": {
        "type": "Point",
        "coordinates": [
          2.226329919,
          48.852853634
        ]
      },
      "properties": {
        "name": "Allée du Bord de l'Eau D1 / Boulevard Anatole France",
        "context": "Boulogne-Billancourt, Hauts-de-Seine",
        "citycode": "92012",
        "depcode": "92"
      }
    },
    {
      "type": "Feature",
      "geometry": {
        "type": "Point",
        "coordinates": [
          2.239604245,
          48.830233832
        ]
      },
      "properties": {
        "name": "Allée Émile Pouget / Place Bir-Hakeim",
        "context": "Boulogne-Billancourt, Hauts-de-Seine",
        "citycode": "92012",
        "depcode": "92"
      }
    },
    {
      "type": "Feature",
      "geometry": {
        "type": "Point",
        "coordinates": [
          2.237817887,
          48.824973953
        ]
      },
      "properties": {
        "name": "Allée Georges Askinazi / Avenue Émile Zola",
        "context": "Boulogne-Billancourt, Hauts-de-Seine",
        "citycode": "92012",
        "depcode": "92"
      }
    },
    {
      "type": "Feature",
      "geometry": {
        "type": "Point",
        "coordinates": [
          2.240978915,
          48.835272138
        ]
      },
      "properties": {
        "name": "Allée Gustave Delory / Avenue André Morizet D50",
        "context": "Boulogne-Billancourt, Hauts-de-Seine",
        "citycode": "92012",
        "depcode": "92"
      }
    },
    {
      "type": "Feature",
      "geometry": {
        "type": "Point",
        "coordinates": [
          2.233144006,
          48.842726894
        ]
      },
      "properties": {
        "name": "Allée Jean-Baptiste Dumas / Allée Marcelin Berthelot",
        "context": "Boulogne-Billancourt, Hauts-de-Seine",
        "citycode": "92012",
        "depcode": "92"
      }
    },
    {
      "type": "Feature",
      "geometry": {
        "type": "Point",
        "coordinates": [
          2.233381489,
          48.841521674
        ]
      },
      "properties": {
        "name": "Allée Jean-Baptiste Dumas / Rue de Paris D102",
        "context": "Boulogne-Billancourt, Hauts-de-Seine",
        "citycode": "92012",
        "depcode": "92"
      }
    },
    {
      "type": "Feature",
      "geometry": {
        "type": "Point",
        "coordinates": [
          2.242746413,
          48.834090734
        ]
      },
      "properties": {
        "name": "Allée Maillasson / Avenue André Morizet D50",
        "context": "Boulogne-Billancourt, Hauts-de-Seine",
        "citycode": "92012",
        "depcode": "92"
      }
    },
    {
      "type": "Feature",
      "geometry": {
        "type": "Point",
        "coordinates": [
          2.238885467,
          48.82921102
        ]
      },
      "properties": {
        "name": "Allée Marc Chagall / Allée Ahmed Boughera El Ouafi",
        "context": "Boulogne-Billancourt, Hauts-de-Seine",
        "citycode": "92012",
        "depcode": "92"
      }
    },
    {
      "type": "Feature",
      "geometry": {
        "type": "Point",
        "coordinates": [
          2.238902019,
          48.829208664
        ]
      },
      "properties": {
        "name": "Allée Marc Chagall / Avenue Émile Zola",
        "context": "Boulogne-Billancourt, Hauts-de-Seine",
        "citycode": "92012",
        "depcode": "92"
      }
    },
    {
      "type": "Feature",
      "geometry": {
        "type": "Point",
        "coordinates": [
          2.239982199,
          48.829095304
        ]
      },
      "properties": {
        "name": "Allée Marc Chagall / Place Paul Verlaine",
        "context": "Boulogne-Billancourt, Hauts-de-Seine",
        "citycode": "92012",
        "depcode": "92"
      }
    },
    {
      "type": "Feature",
      "geometry": {
        "type": "Point",
        "coordinates": [
          2.232926672,
          48.842697597
        ]
      },
      "properties": {
        "name": "Allée Marcelin Berthelot / Allée des Lavandières",
        "context": "Boulogne-Billancourt, Hauts-de-Seine",
        "citycode": "92012",
        "depcode": "92"
      }
    },
    {
      "type": "Feature",
      "geometry": {
        "type": "Point",
        "coordinates": [
          2.232956508,
          48.841486828
        ]
      },
      "properties": {
        "name": "Allée Marcelin Berthelot / Rue de Paris D102",
        "context": "Boulogne-Billancourt, Hauts-de-Seine",
        "citycode": "92012",
        "depcode": "92"
      }
    },
    {
      "type": "Feature",
      "geometry": {
        "type": "Point",
        "coordinates": [
          2.238477924,
          48.829355527
        ]
      },
      "properties": {
        "name": "Allée Robert Doisneau / Allée Ahmed Boughera El Ouafi",
        "context": "Boulogne-Billancourt, Hauts-de-Seine",
        "citycode": "92012",
        "depcode": "92"
      }
    },
    {
      "type": "Feature",
      "geometry": {
        "type": "Point",
        "coordinates": [
          2.236083278,
          48.826758715
        ]
      },
      "properties": {
        "name": "Allée Robert Doisneau / Avenue Pierre Lefaucheux",
        "context": "Boulogne-Billancourt, Hauts-de-Seine",
        "citycode": "92012",
        "depcode": "92"
      }
    },
    {
      "type": "Feature",
      "geometry": {
        "type": "Point",
        "coordinates": [
          2.236959546,
          48.827610305
        ]
      },
      "properties": {
        "name": "Allée Robert Doisneau / Rue Marcel Bontemps",
        "context": "Boulogne-Billancourt, Hauts-de-Seine",
        "citycode": "92012",
        "depcode": "92"
      }
    },
    {
      "type": "Feature",
      "geometry": {
        "type": "Point",
        "coordinates": [
          2.237971244,
          48.828798361
        ]
      },
      "properties": {
        "name": "Allée Robert Doisneau / Rue Yves Kermen",
        "context": "Boulogne-Billancourt, Hauts-de-Seine",
        "citycode": "92012",
        "depcode": "92"
      }
    },
    {
      "type": "Feature",
      "geometry": {
        "type": "Point",
        "coordinates": [
          2.243326526,
          48.833809009
        ]
      },
      "properties": {
        "name": "Avenue André Morizet D50 / Boulevard Jean Jaurès D2",
        "context": "Boulogne-Billancourt, Hauts-de-Seine",
        "citycode": "92012",
        "depcode": "92"
      }
    },
    {
      "type": "Feature",
      "geometry": {
        "type": "Point",
        "coordinates": [
          2.243354233,
          48.83371724
        ]
      },
      "properties": {
        "name": "Avenue André Morizet D50 / Place Marcel Sembat",
        "context": "Boulogne-Billancourt, Hauts-de-Seine",
        "citycode": "92012",
        "depcode": "92"
      }
    },
    {
      "type": "Feature",
      "geometry": {
        "type": "Point",
        "coordinates": [
          2.228780797,
          48.840569881
        ]
      },
      "properties": {
        "name": "Avenue André Morizet D50 / Rond-Point Rhin et Danube",
        "context": "Boulogne-Billancourt, Hauts-de-Seine",
        "citycode": "92012",
        "depcode": "92"
      }
    },
    {
      "type": "Feature",
      "geometry": {
        "type": "Point",
        "coordinates": [
          2.230254521,
          48.839902794
        ]
      },
      "properties": {
        "name": "Avenue André Morizet D50 / Rue de Bellevue",
        "context": "Boulogne-Billancourt, Hauts-de-Seine",
        "citycode": "92012",
        "depcode": "92"
      }
    },
    {
      "type": "Feature",
      "geometry": {
        "type": "Point",
        "coordinates": [
          2.236461303,
          48.836946894
        ]
      },
      "properties": {
        "name": "Avenue André Morizet D50 / Rue de Billancourt",
        "context": "Boulogne-Billancourt, Hauts-de-Seine",
        "citycode": "92012",
        "depcode": "92"
      }
    },
    {
      "type": "Feature",
      "geometry": {
        "type": "Point",
        "coordinates": [
          2.228679324,
          48.840511321
        ]
      },
      "properties": {
        "name": "Avenue André Morizet D50 / Rue de Sèvres",
        "context": "Boulogne-Billancourt, Hauts-de-Seine",
        "citycode": "92012",
        "depcode": "92"
      }
    },
    {
      "type": "Feature",
      "geometry": {
        "type": "Point",
        "coordinates": [
          2.231877476,
          48.839074793
        ]
      },
      "properties": {
        "name": "Avenue André Morizet D50 / Rue de Silly",
        "context": "Boulogne-Billancourt, Hauts-de-Seine",
        "citycode": "92012",
        "depcode": "92"
      }
    },
    {
      "type": "Feature",
      "geometry": {
        "type": "Point",
        "coordinates": [
          2.237970282,
          48.836331316
        ]
      },
      "properties": {
        "name": "Avenue André Morizet D50 / Rue Gallieni",
        "context": "Boulogne-Billancourt, Hauts-de-Seine",
        "citycode": "92012",
        "depcode": "92"
      }
    },
    {
      "type": "Feature",
      "geometry": {
        "type": "Point",
        "coordinates": [
          2.239256118,
          48.83582204
        ]
      },
      "properties": {
        "name": "Avenue André Morizet D50 / Rue Paul Bert",
        "context": "Boulogne-Billancourt, Hauts-de-Seine",
        "citycode": "92012",
        "depcode": "92"
      }
    },
    {
      "type": "Feature",
      "geometry": {
        "type": "Point",
        "coordinates": [
          2.237028852,
          48.845884109
        ]
      },
      "properties": {
        "name": "Avenue Charles de Gaulle D2 / Avenue Jean Baptiste Clément D103",
        "context": "Boulogne-Billancourt, Hauts-de-Seine",
        "citycode": "92012",
        "depcode": "92"
      }
    },
    {
      "type": "Feature",
      "geometry": {
        "type": "Point",
        "coordinates": [
          2.237781986,
          48.85034045
        ]
      },
      "properties": {
        "name": "Avenue Charles de Gaulle D2 / Boulevard Anatole France",
        "context": "Boulogne-Billancourt, Hauts-de-Seine",
        "citycode": "92012",
        "depcode": "92"
      }
    },
    {
      "type": "Feature",
      "geometry": {
        "type": "Point",
        "coordinates": [
          2.237774345,
          48.850347101
        ]
      },
      "properties": {
        "name": "Avenue Charles de Gaulle D2 / Route de Sèvres à Neuilly",
        "context": "Boulogne-Billancourt, Hauts-de-Seine",
        "citycode": "92012",
        "depcode": "92"
      }
    },
    {
      "type": "Feature",
      "geometry": {
        "type": "Point",
        "coordinates": [
          2.236836477,
          48.846725143
        ]
      },
      "properties": {
        "name": "Avenue Charles de Gaulle D2 / Rue du Parchamp",
        "context": "Boulogne-Billancourt, Hauts-de-Seine",
        "citycode": "92012",
        "depcode": "92"
      }
    },
    {
      "type": "Feature",
      "geometry": {
        "type": "Point",
        "coordinates": [
          2.260478709,
          48.83332821
        ]
      },
      "properties": {
        "name": "Avenue de la Voie Lactée / Quai du Point du Jour D1",
        "context": "Boulogne-Billancourt, Hauts-de-Seine",
        "citycode": "92012",
        "depcode": "92"
      }
    },
    {
      "type": "Feature",
      "geometry": {
        "type": "Point",
        "coordinates": [
          2.259093374,
          48.833619692
        ]
      },
      "properties": {
        "name": "Avenue de la Voie Lactée / Rue La Grande Illusion",
        "context": "Boulogne-Billancourt, Hauts-de-Seine",
        "citycode": "92012",
        "depcode": "92"
      }
    },
    {
      "type": "Feature",
      "geometry": {
        "type": "Point",
        "coordinates": [
          2.229522091,
          48.835047808
        ]
      },
      "properties": {
        "name": "Avenue des Mimosas / Avenue des Fougères",
        "context": "Boulogne-Billancourt, Hauts-de-Seine",
        "citycode": "92012",
        "depcode": "92"
      }
    },
    {
      "type": "Feature",
      "geometry": {
        "type": "Point",
        "coordinates": [
          2.22811402,
          48.834889395
        ]
      },
      "properties": {
        "name": "Avenue des Mimosas / Rue de Sèvres",
        "context": "Boulogne-Billancourt, Hauts-de-Seine",
        "citycode": "92012",
        "depcode": "92"
      }
    },
    {
      "type": "Feature",
      "geometry": {
        "type": "Point",
        "coordinates": [
          2.241381949,
          48.832898719
        ]
      },
      "properties": {
        "name": "Avenue Desfeux / Avenue du Général Leclerc D910",
        "context": "Boulogne-Billancourt, Hauts-de-Seine",
        "citycode": "92012",
        "depcode": "92"
      }
    },
    {
      "type": "Feature",
      "geometry": {
        "type": "Point",
        "coordinates": [
          2.242176756,
          48.831502178
        ]
      },
      "properties": {
        "name": "Avenue Desfeux / Rue du Vieux Pont de Sèvres",
        "context": "Boulogne-Billancourt, Hauts-de-Seine",
        "citycode": "92012",
        "depcode": "92"
      }
    },
    {
      "type": "Feature",
      "geometry": {
        "type": "Point",
        "coordinates": [
          2.242244224,
          48.83150376
        ]
      },
      "properties": {
        "name": "Avenue Desfeux / Rue Victor Griffuelhes",
        "context": "Boulogne-Billancourt, Hauts-de-Seine",
        "citycode": "92012",
        "depcode": "92"
      }
    },
    {
      "type": "Feature",
      "geometry": {
        "type": "Point",
        "coordinates": [
          2.243321531,
          48.83367953
        ]
      },
      "properties": {
        "name": "Avenue du Général Leclerc D910 / Avenue André Morizet D50",
        "context": "Boulogne-Billancourt, Hauts-de-Seine",
        "citycode": "92012",
        "depcode": "92"
      }
    },
    {
      "type": "Feature",
      "geometry": {
        "type": "Point",
        "coordinates": [
          2.243595096,
          48.833644705
        ]
      },
      "properties": {
        "name": "Avenue du Général Leclerc D910 / Avenue Édouard Vaillant D910",
        "context": "Boulogne-Billancourt, Hauts-de-Seine",
        "citycode": "92012",
        "depcode": "92"
      }
    },
    {
      "type": "Feature",
      "geometry": {
        "type": "Point",
        "coordinates": [
          2.232744214,
          48.83004087
        ]
      },
      "properties": {
        "name": "Avenue du Général Leclerc / Passage Aquitaine",
        "context": "Boulogne-Billancourt, Hauts-de-Seine",
        "citycode": "92012",
        "depcode": "92"
      }
    },
    {
      "type": "Feature",
      "geometry": {
        "type": "Point",
        "coordinates": [
          2.243350238,
          48.83357052
        ]
      },
      "properties": {
        "name": "Avenue du Général Leclerc D910 / Place Marcel Sembat",
        "context": "Boulogne-Billancourt, Hauts-de-Seine",
        "citycode": "92012",
        "depcode": "92"
      }
    },
    {
      "type": "Feature",
      "geometry": {
        "type": "Point",
        "coordinates": [
          2.228416362,
          48.828869828
        ]
      },
      "properties": {
        "name": "Avenue du Général Leclerc D910 / Pont de Sèvres D910",
        "context": "Boulogne-Billancourt, Hauts-de-Seine",
        "citycode": "92012",
        "depcode": "92"
      }
    },
    {
      "type": "Feature",
      "geometry": {
        "type": "Point",
        "coordinates": [
          2.228491265,
          48.8289238
        ]
      },
      "properties": {
        "name": "Avenue du Général Leclerc D910 / Quai Alphonse Le Gallo D910",
        "context": "Boulogne-Billancourt, Hauts-de-Seine",
        "citycode": "92012",
        "depcode": "92"
      }
    },
    {
      "type": "Feature",
      "geometry": {
        "type": "Point",
        "coordinates": [
          2.238168986,
          48.831982183
        ]
      },
      "properties": {
        "name": "Avenue du Général Leclerc D910 / Rue de Billancourt",
        "context": "Boulogne-Billancourt, Hauts-de-Seine",
        "citycode": "92012",
        "depcode": "92"
      }
    },
    {
      "type": "Feature",
      "geometry": {
        "type": "Point",
        "coordinates": [
          2.231431,
          48.82973508
        ]
      },
      "properties": {
        "name": "Avenue du Général Leclerc / Rue de Sèvres",
        "context": "Boulogne-Billancourt, Hauts-de-Seine",
        "citycode": "92012",
        "depcode": "92"
      }
    },
    {
      "type": "Feature",
      "geometry": {
        "type": "Point",
        "coordinates": [
          2.234632899,
          48.830917616
        ]
      },
      "properties": {
        "name": "Avenue du Général Leclerc D910 / Rue de Silly",
        "context": "Boulogne-Billancourt, Hauts-de-Seine",
        "citycode": "92012",
        "depcode": "92"
      }
    },
    {
      "type": "Feature",
      "geometry": {
        "type": "Point",
        "coordinates": [
          2.23385512,
          48.830706968
        ]
      },
      "properties": {
        "name": "Avenue du Général Leclerc D910 / Rue Esnault Pelterie",
        "context": "Boulogne-Billancourt, Hauts-de-Seine",
        "citycode": "92012",
        "depcode": "92"
      }
    },
    {
      "type": "Feature",
      "geometry": {
        "type": "Point",
        "coordinates": [
          2.239514526,
          48.832320329
        ]
      },
      "properties": {
        "name": "Avenue du Général Leclerc D910 / Rue Heyrault",
        "context": "Boulogne-Billancourt, Hauts-de-Seine",
        "citycode": "92012",
        "depcode": "92"
      }
    },
    {
      "type": "Feature",
      "geometry": {
        "type": "Point",
        "coordinates": [
          2.240511731,
          48.832612454
        ]
      },
      "properties": {
        "name": "Avenue du Général Leclerc / Rue Liot",
        "context": "Boulogne-Billancourt, Hauts-de-Seine",
        "citycode": "92012",
        "depcode": "92"
      }
    },
    {
      "type": "Feature",
      "geometry": {
        "type": "Point",
        "coordinates": [
          2.234727483,
          48.830781401
        ]
      },
      "properties": {
        "name": "Avenue du Général Leclerc D910 / Rue Yves Kermen",
        "context": "Boulogne-Billancourt, Hauts-de-Seine",
        "citycode": "92012",
        "depcode": "92"
      }
    },
    {
      "type": "Feature",
      "geometry": {
        "type": "Point",
        "coordinates": [
          2.224704338,
          48.841244284
        ]
      },
      "properties": {
        "name": "Avenue du Maréchal de Lattre de Tassigny D907 / Pont de Saint-Cloud D907",
        "context": "Boulogne-Billancourt, Hauts-de-Seine",
        "citycode": "92012",
        "depcode": "92"
      }
    },
    {
      "type": "Feature",
      "geometry": {
        "type": "Point",
        "coordinates": [
          2.225215249,
          48.841111755
        ]
      },
      "properties": {
        "name": "Avenue du Maréchal de Lattre de Tassigny D907 / Quai Alphonse Le Gallo",
        "context": "Boulogne-Billancourt, Hauts-de-Seine",
        "citycode": "92012",
        "depcode": "92"
      }
    },
    {
      "type": "Feature",
      "geometry": {
        "type": "Point",
        "coordinates": [
          2.225285911,
          48.841186473
        ]
      },
      "properties": {
        "name": "Avenue du Maréchal de Lattre de Tassigny D907 / Quai du Quatre Septembre",
        "context": "Boulogne-Billancourt, Hauts-de-Seine",
        "citycode": "92012",
        "depcode": "92"
      }
    },
    {
      "type": "Feature",
      "geometry": {
        "type": "Point",
        "coordinates": [
          2.228057095,
          48.840880863
        ]
      },
      "properties": {
        "name": "Avenue du Maréchal de Lattre de Tassigny D907 / Rond-Point Rhin et Danube",
        "context": "Boulogne-Billancourt, Hauts-de-Seine",
        "citycode": "92012",
        "depcode": "92"
      }
    },
    {
      "type": "Feature",
      "geometry": {
        "type": "Point",
        "coordinates": [
          2.227568273,
          48.832435199
        ]
      },
      "properties": {
        "name": "Avenue du Maréchal Juin / Quai Alphonse Le Gallo D1",
        "context": "Boulogne-Billancourt, Hauts-de-Seine",
        "citycode": "92012",
        "depcode": "92"
      }
    },
    {
      "type": "Feature",
      "geometry": {
        "type": "Point",
        "coordinates": [
          2.231505038,
          48.833126733
        ]
      },
      "properties": {
        "name": "Avenue du Maréchal Juin / Rue de Bellevue",
        "context": "Boulogne-Billancourt, Hauts-de-Seine",
        "citycode": "92012",
        "depcode": "92"
      }
    },
    {
      "type": "Feature",
      "geometry": {
        "type": "Point",
        "coordinates": [
          2.229196135,
          48.832676593
        ]
      },
      "properties": {
        "name": "Avenue du Maréchal Juin / Rue de Sèvres",
        "context": "Boulogne-Billancourt, Hauts-de-Seine",
        "citycode": "92012",
        "depcode": "92"
      }
    },
    {
      "type": "Feature",
      "geometry": {
        "type": "Point",
        "coordinates": [
          2.233414085,
          48.833374706
        ]
      },
      "properties": {
        "name": "Avenue du Maréchal Juin / Rue de Silly",
        "context": "Boulogne-Billancourt, Hauts-de-Seine",
        "citycode": "92012",
        "depcode": "92"
      }
    },
    {
      "type": "Feature",
      "geometry": {
        "type": "Point",
        "coordinates": [
          2.255340281,
          48.834828394
        ]
      },
      "properties": {
        "name": "Avenue du Stade de Coubertin / Avenue Félix d'Hérelle",
        "context": "Boulogne-Billancourt, Hauts-de-Seine",
        "citycode": "92012",
        "depcode": "92"
      }
    },
    {
      "type": "Feature",
      "geometry": {
        "type": "Point",
        "coordinates": [
          2.255481479,
          48.83463884
        ]
      },
      "properties": {
        "name": "Avenue du Stade de Coubertin / Parking Indigo",
        "context": "Boulogne-Billancourt, Hauts-de-Seine",
        "citycode": "92012",
        "depcode": "92"
      }
    },
    {
      "type": "Feature",
      "geometry": {
        "type": "Point",
        "coordinates": [
          2.255941119,
          48.834010868
        ]
      },
      "properties": {
        "name": "Avenue du Stade de Coubertin / Place René Clair",
        "context": "Boulogne-Billancourt, Hauts-de-Seine",
        "citycode": "92012",
        "depcode": "92"
      }
    },
    {
      "type": "Feature",
      "geometry": {
        "type": "Point",
        "coordinates": [
          2.255927981,
          48.833964902
        ]
      },
      "properties": {
        "name": "Avenue du Stade de Coubertin / Rue du Point du Jour",
        "context": "Boulogne-Billancourt, Hauts-de-Seine",
        "citycode": "92012",
        "depcode": "92"
      }
    },
    {
      "type": "Feature",
      "geometry": {
        "type": "Point",
        "coordinates": [
          2.2536151,
          48.836794932
        ]
      },
      "properties": {
        "name": "Avenue Édouard Vaillant D910 / Avenue Ferdinand Buisson",
        "context": "Boulogne-Billancourt, Hauts-de-Seine",
        "citycode": "92012",
        "depcode": "92"
      }
    },
    {
      "type": "Feature",
      "geometry": {
        "type": "Point",
        "coordinates": [
          2.243712867,
          48.83378524
        ]
      },
      "properties": {
        "name": "Avenue Édouard Vaillant D910 / Avenue Victor Hugo",
        "context": "Boulogne-Billancourt, Hauts-de-Seine",
        "citycode": "92012",
        "depcode": "92"
      }
    },
    {
      "type": "Feature",
      "geometry": {
        "type": "Point",
        "coordinates": [
          2.2438467,
          48.833584191
        ]
      },
      "properties": {
        "name": "Avenue Édouard Vaillant D910 / Boulevard de la République D50",
        "context": "Boulogne-Billancourt, Hauts-de-Seine",
        "citycode": "92012",
        "depcode": "92"
      }
    },
    {
      "type": "Feature",
      "geometry": {
        "type": "Point",
        "coordinates": [
          2.245567814,
          48.834225626
        ]
      },
      "properties": {
        "name": "Avenue Édouard Vaillant D910 / Passage Legrand",
        "context": "Boulogne-Billancourt, Hauts-de-Seine",
        "citycode": "92012",
        "depcode": "92"
      }
    },
    {
      "type": "Feature",
      "geometry": {
        "type": "Point",
        "coordinates": [
          2.243757755,
          48.833683122
        ]
      },
      "properties": {
        "name": "Avenue Édouard Vaillant D910 / Place Marcel Sembat",
        "context": "Boulogne-Billancourt, Hauts-de-Seine",
        "citycode": "92012",
        "depcode": "92"
      }
    },
    {
      "type": "Feature",
      "geometry": {
        "type": "Point",
        "coordinates": [
          2.250198186,
          48.83562302
        ]
      },
      "properties": {
        "name": "Avenue Édouard Vaillant D910 / Rue Cacheux",
        "context": "Boulogne-Billancourt, Hauts-de-Seine",
        "citycode": "92012",
        "depcode": "92"
      }
    },
    {
      "type": "Feature",
      "geometry": {
        "type": "Point",
        "coordinates": [
          2.253141291,
          48.836596679
        ]
      },
      "properties": {
        "name": "Avenue Édouard Vaillant D910 / Rue des Peupliers",
        "context": "Boulogne-Billancourt, Hauts-de-Seine",
        "citycode": "92012",
        "depcode": "92"
      }
    },
    {
      "type": "Feature",
      "geometry": {
        "type": "Point",
        "coordinates": [
          2.246976914,
          48.834699766
        ]
      },
      "properties": {
        "name": "Avenue Édouard Vaillant / Rue Émile Landrin",
        "context": "Boulogne-Billancourt, Hauts-de-Seine",
        "citycode": "92012",
        "depcode": "92"
      }
    },
    {
      "type": "Feature",
      "geometry": {
        "type": "Point",
        "coordinates": [
          2.248044989,
          48.835087893
        ]
      },
      "properties": {
        "name": "Avenue Édouard Vaillant D910 / Rue Paul-Adolphe Souriau",
        "context": "Boulogne-Billancourt, Hauts-de-Seine",
        "citycode": "92012",
        "depcode": "92"
      }
    },
    {
      "type": "Feature",
      "geometry": {
        "type": "Point",
        "coordinates": [
          2.245924668,
          48.834440444
        ]
      },
      "properties": {
        "name": "Avenue Édouard Vaillant D910 / Rue Rieux",
        "context": "Boulogne-Billancourt, Hauts-de-Seine",
        "citycode": "92012",
        "depcode": "92"
      }
    },
    {
      "type": "Feature",
      "geometry": {
        "type": "Point",
        "coordinates": [
          2.238868612,
          48.829227389
        ]
      },
      "properties": {
        "name": "Avenue Émile Zola / Allée Ahmed Boughera El Ouafi",
        "context": "Boulogne-Billancourt, Hauts-de-Seine",
        "citycode": "92012",
        "depcode": "92"
      }
    },
    {
      "type": "Feature",
      "geometry": {
        "type": "Point",
        "coordinates": [
          2.238124951,
          48.825933444
        ]
      },
      "properties": {
        "name": "Avenue Émile Zola / Avenue Pierre Lefaucheux",
        "context": "Boulogne-Billancourt, Hauts-de-Seine",
        "citycode": "92012",
        "depcode": "92"
      }
    },
    {
      "type": "Feature",
      "geometry": {
        "type": "Point",
        "coordinates": [
          2.2383428,
          48.825669526
        ]
      },
      "properties": {
        "name": "Avenue Émile Zola / Rue Gabrielle",
        "context": "Boulogne-Billancourt, Hauts-de-Seine",
        "citycode": "92012",
        "depcode": "92"
      }
    },
    {
      "type": "Feature",
      "geometry": {
        "type": "Point",
        "coordinates": [
          2.23851962,
          48.826974876
        ]
      },
      "properties": {
        "name": "Avenue Émile Zola / Rue Marcel Bontemps",
        "context": "Boulogne-Billancourt, Hauts-de-Seine",
        "citycode": "92012",
        "depcode": "92"
      }
    },
    {
      "type": "Feature",
      "geometry": {
        "type": "Point",
        "coordinates": [
          2.238773809,
          48.828482597
        ]
      },
      "properties": {
        "name": "Avenue Émile Zola / Rue Yves Kermen",
        "context": "Boulogne-Billancourt, Hauts-de-Seine",
        "citycode": "92012",
        "depcode": "92"
      }
    },
    {
      "type": "Feature",
      "geometry": {
        "type": "Point",
        "coordinates": [
          2.241754449,
          48.847987473
        ]
      },
      "properties": {
        "name": "Avenue Jean Baptiste Clément D103 / Carrefour des Anciens Combattants",
        "context": "Boulogne-Billancourt, Hauts-de-Seine",
        "citycode": "92012",
        "depcode": "92"
      }
    },
    {
      "type": "Feature",
      "geometry": {
        "type": "Point",
        "coordinates": [
          2.228749799,
          48.840932177
        ]
      },
      "properties": {
        "name": "Avenue Jean Baptiste Clément D103 / Rond-Point Rhin et Danube",
        "context": "Boulogne-Billancourt, Hauts-de-Seine",
        "citycode": "92012",
        "depcode": "92"
      }
    },
    {
      "type": "Feature",
      "geometry": {
        "type": "Point",
        "coordinates": [
          2.236132018,
          48.845486272
        ]
      },
      "properties": {
        "name": "Avenue Jean Baptiste Clément D103 / Rue d'Aguesseau",
        "context": "Boulogne-Billancourt, Hauts-de-Seine",
        "citycode": "92012",
        "depcode": "92"
      }
    },
    {
      "type": "Feature",
      "geometry": {
        "type": "Point",
        "coordinates": [
          2.230820898,
          48.842512828
        ]
      },
      "properties": {
        "name": "Avenue Jean Baptiste Clément D103 / Rue de Silly",
        "context": "Boulogne-Billancourt, Hauts-de-Seine",
        "citycode": "92012",
        "depcode": "92"
      }
    },
    {
      "type": "Feature",
      "geometry": {
        "type": "Point",
        "coordinates": [
          2.229096116,
          48.841272779
        ]
      },
      "properties": {
        "name": "Avenue Jean Baptiste Clément D103 / Rue des Abondances",
        "context": "Boulogne-Billancourt, Hauts-de-Seine",
        "citycode": "92012",
        "depcode": "92"
      }
    },
    {
      "type": "Feature",
      "geometry": {
        "type": "Point",
        "coordinates": [
          2.232072808,
          48.843397783
        ]
      },
      "properties": {
        "name": "Avenue Jean Baptiste Clément D103 / Rue Escudier",
        "context": "Boulogne-Billancourt, Hauts-de-Seine",
        "citycode": "92012",
        "depcode": "92"
      }
    },
    {
      "type": "Feature",
      "geometry": {
        "type": "Point",
        "coordinates": [
          2.230845613,
          48.842560199
        ]
      },
      "properties": {
        "name": "Avenue Jean Baptiste Clément D103 / Rue Saint-Denis",
        "context": "Boulogne-Billancourt, Hauts-de-Seine",
        "citycode": "92012",
        "depcode": "92"
      }
    },
    {
      "type": "Feature",
      "geometry": {
        "type": "Point",
        "coordinates": [
          2.248311687,
          48.846114905
        ]
      },
      "properties": {
        "name": "Avenue Joséphine / Boulevard d'Auteuil",
        "context": "Boulogne-Billancourt, Hauts-de-Seine",
        "citycode": "92012",
        "depcode": "92"
      }
    },
    {
      "type": "Feature",
      "geometry": {
        "type": "Point",
        "coordinates": [
          2.257007923,
          48.834582993
        ]
      },
      "properties": {
        "name": "Avenue Le Jour-Se-Lève / Avenue Félix d'Hérelle",
        "context": "Boulogne-Billancourt, Hauts-de-Seine",
        "citycode": "92012",
        "depcode": "92"
      }
    },
    {
      "type": "Feature",
      "geometry": {
        "type": "Point",
        "coordinates": [
          2.261081576,
          48.833950944
        ]
      },
      "properties": {
        "name": "Avenue Le Jour-Se-Lève / Quai du Point du Jour",
        "context": "Boulogne-Billancourt, Hauts-de-Seine",
        "citycode": "92012",
        "depcode": "92"
      }
    },
    {
      "type": "Feature",
      "geometry": {
        "type": "Point",
        "coordinates": [
          2.261105395,
          48.834015946
        ]
      },
      "properties": {
        "name": "Avenue Le Jour-Se-Lève / Quai Saint-Exupéry",
        "context": "Boulogne-Billancourt, Hauts-de-Seine",
        "citycode": "92012",
        "depcode": "92"
      }
    },
    {
      "type": "Feature",
      "geometry": {
        "type": "Point",
        "coordinates": [
          2.257008122,
          48.834579552
        ]
      },
      "properties": {
        "name": "Avenue Le Jour-Se-Lève / Rue Fanfan La Tulipe",
        "context": "Boulogne-Billancourt, Hauts-de-Seine",
        "citycode": "92012",
        "depcode": "92"
      }
    },
    {
      "type": "Feature",
      "geometry": {
        "type": "Point",
        "coordinates": [
          2.247583477,
          48.846299471
        ]
      },
      "properties": {
        "name": "Avenue Marguerite / Boulevard d'Auteuil",
        "context": "Boulogne-Billancourt, Hauts-de-Seine",
        "citycode": "92012",
        "depcode": "92"
      }
    },
    {
      "type": "Feature",
      "geometry": {
        "type": "Point",
        "coordinates": [
          2.247118279,
          48.845544687
        ]
      },
      "properties": {
        "name": "Avenue Marguerite / Rue Jacqueline",
        "context": "Boulogne-Billancourt, Hauts-de-Seine",
        "citycode": "92012",
        "depcode": "92"
      }
    },
    {
      "type": "Feature",
      "geometry": {
        "type": "Point",
        "coordinates": [
          2.255128585,
          48.834981368
        ]
      },
      "properties": {
        "name": "Avenue Pierre Grenier D101 / Avenue Ferdinand Buisson",
        "context": "Boulogne-Billancourt, Hauts-de-Seine",
        "citycode": "92012",
        "depcode": "92"
      }
    },
    {
      "type": "Feature",
      "geometry": {
        "type": "Point",
        "coordinates": [
          2.253069509,
          48.832062404
        ]
      },
      "properties": {
        "name": "Avenue Pierre Grenier D101 / Boulevard de la République D50",
        "context": "Boulogne-Billancourt, Hauts-de-Seine",
        "citycode": "92012",
        "depcode": "92"
      }
    },
    {
      "type": "Feature",
      "geometry": {
        "type": "Point",
        "coordinates": [
          2.254053199,
          48.833449917
        ]
      },
      "properties": {
        "name": "Avenue Pierre Grenier D101 / Passage du Fief",
        "context": "Boulogne-Billancourt, Hauts-de-Seine",
        "citycode": "92012",
        "depcode": "92"
      }
    },
    {
      "type": "Feature",
      "geometry": {
        "type": "Point",
        "coordinates": [
          2.248422393,
          48.825376104
        ]
      },
      "properties": {
        "name": "Avenue Pierre Grenier D101 / Place du Pont de Billancourt",
        "context": "Boulogne-Billancourt, Hauts-de-Seine",
        "citycode": "92012",
        "depcode": "92"
      }
    },
    {
      "type": "Feature",
      "geometry": {
        "type": "Point",
        "coordinates": [
          2.248496437,
          48.825355293
        ]
      },
      "properties": {
        "name": "Avenue Pierre Grenier D101 / Quai du Point du Jour",
        "context": "Boulogne-Billancourt, Hauts-de-Seine",
        "citycode": "92012",
        "depcode": "92"
      }
    },
    {
      "type": "Feature",
      "geometry": {
        "type": "Point",
        "coordinates": [
          2.252660115,
          48.831497249
        ]
      },
      "properties": {
        "name": "Avenue Pierre Grenier D101 / Rue du Point du Jour",
        "context": "Boulogne-Billancourt, Hauts-de-Seine",
        "citycode": "92012",
        "depcode": "92"
      }
    },
    {
      "type": "Feature",
      "geometry": {
        "type": "Point",
        "coordinates": [
          2.252520499,
          48.831344684
        ]
      },
      "properties": {
        "name": "Avenue Pierre Grenier D101 / Rue Thiers",
        "context": "Boulogne-Billancourt, Hauts-de-Seine",
        "citycode": "92012",
        "depcode": "92"
      }
    },
    {
      "type": "Feature",
      "geometry": {
        "type": "Point",
        "coordinates": [
          2.249339684,
          48.826678512
        ]
      },
      "properties": {
        "name": "Avenue Pierre Grenier D101 / Sente du Halage",
        "context": "Boulogne-Billancourt, Hauts-de-Seine",
        "citycode": "92012",
        "depcode": "92"
      }
    },
    {
      "type": "Feature",
      "geometry": {
        "type": "Point",
        "coordinates": [
          2.23822357,
          48.825880971
        ]
      },
      "properties": {
        "name": "Avenue Pierre Lefaucheux / Avenue Émile Zola",
        "context": "Boulogne-Billancourt, Hauts-de-Seine",
        "citycode": "92012",
        "depcode": "92"
      }
    },
    {
      "type": "Feature",
      "geometry": {
        "type": "Point",
        "coordinates": [
          2.234443192,
          48.827463632
        ]
      },
      "properties": {
        "name": "Avenue Pierre Lefaucheux / Cours de l'Île Seguin",
        "context": "Boulogne-Billancourt, Hauts-de-Seine",
        "citycode": "92012",
        "depcode": "92"
      }
    },
    {
      "type": "Feature",
      "geometry": {
        "type": "Point",
        "coordinates": [
          2.24331423,
          48.823550203
        ]
      },
      "properties": {
        "name": "Avenue Pierre Lefaucheux / Quai de Stalingrad D1",
        "context": "Boulogne-Billancourt, Hauts-de-Seine",
        "citycode": "92012",
        "depcode": "92"
      }
    },
    {
      "type": "Feature",
      "geometry": {
        "type": "Point",
        "coordinates": [
          2.239023061,
          48.825579436
        ]
      },
      "properties": {
        "name": "Avenue Pierre Lefaucheux / Rue Gabrielle",
        "context": "Boulogne-Billancourt, Hauts-de-Seine",
        "citycode": "92012",
        "depcode": "92"
      }
    },
    {
      "type": "Feature",
      "geometry": {
        "type": "Point",
        "coordinates": [
          2.241841864,
          48.82437229
        ]
      },
      "properties": {
        "name": "Avenue Pierre Lefaucheux / Rue Traversière",
        "context": "Boulogne-Billancourt, Hauts-de-Seine",
        "citycode": "92012",
        "depcode": "92"
      }
    },
    {
      "type": "Feature",
      "geometry": {
        "type": "Point",
        "coordinates": [
          2.239687827,
          48.825403949
        ]
      },
      "properties": {
        "name": "Avenue Pierre Lefaucheux / Traverse Jules Guesde",
        "context": "Boulogne-Billancourt, Hauts-de-Seine",
        "citycode": "92012",
        "depcode": "92"
      }
    },
    {
      "type": "Feature",
      "geometry": {
        "type": "Point",
        "coordinates": [
          2.2506368,
          48.8455378
        ]
      },
      "properties": {
        "name": "Avenue Robert Schuman / Avenue Gordon-Bennett",
        "context": "Boulogne-Billancourt, Hauts-de-Seine",
        "citycode": "92012",
        "depcode": "92"
      }
    },
    {
      "type": "Feature",
      "geometry": {
        "type": "Point",
        "coordinates": [
          2.247679046,
          48.840506254
        ]
      },
      "properties": {
        "name": "Avenue Robert Schuman / Avenue Victor Hugo",
        "context": "Boulogne-Billancourt, Hauts-de-Seine",
        "citycode": "92012",
        "depcode": "92"
      }
    },
    {
      "type": "Feature",
      "geometry": {
        "type": "Point",
        "coordinates": [
          2.250630943,
          48.845533933
        ]
      },
      "properties": {
        "name": "Avenue Robert Schuman / Boulevard d'Auteuil",
        "context": "Boulogne-Billancourt, Hauts-de-Seine",
        "citycode": "92012",
        "depcode": "92"
      }
    },
    {
      "type": "Feature",
      "geometry": {
        "type": "Point",
        "coordinates": [
          2.247693633,
          48.840507686
        ]
      },
      "properties": {
        "name": "Avenue Robert Schuman / Rue Denfert-Rochereau",
        "context": "Boulogne-Billancourt, Hauts-de-Seine",
        "citycode": "92012",
        "depcode": "92"
      }
    },
    {
      "type": "Feature",
      "geometry": {
        "type": "Point",
        "coordinates": [
          2.249824656,
          48.844168041
        ]
      },
      "properties": {
        "name": "Avenue Robert Schuman / Rue du Château D102",
        "context": "Boulogne-Billancourt, Hauts-de-Seine",
        "citycode": "92012",
        "depcode": "92"
      }
    },
    {
      "type": "Feature",
      "geometry": {
        "type": "Point",
        "coordinates": [
          2.248927106,
          48.842704344
        ]
      },
      "properties": {
        "name": "Avenue Robert Schuman / Rue Salomon Reinach",
        "context": "Boulogne-Billancourt, Hauts-de-Seine",
        "citycode": "92012",
        "depcode": "92"
      }
    },
    {
      "type": "Feature",
      "geometry": {
        "type": "Point",
        "coordinates": [
          2.247704449,
          48.840502164
        ]
      },
      "properties": {
        "name": "Avenue Victor Hugo / Avenue Robert Schuman",
        "context": "Boulogne-Billancourt, Hauts-de-Seine",
        "citycode": "92012",
        "depcode": "92"
      }
    },
    {
      "type": "Feature",
      "geometry": {
        "type": "Point",
        "coordinates": [
          2.243671807,
          48.833778843
        ]
      },
      "properties": {
        "name": "Avenue Victor Hugo / Place Marcel Sembat",
        "context": "Boulogne-Billancourt, Hauts-de-Seine",
        "citycode": "92012",
        "depcode": "92"
      }
    },
    {
      "type": "Feature",
      "geometry": {
        "type": "Point",
        "coordinates": [
          2.246902317,
          48.839087121
        ]
      },
      "properties": {
        "name": "Avenue Victor Hugo / Route de la Reine D907",
        "context": "Boulogne-Billancourt, Hauts-de-Seine",
        "citycode": "92012",
        "depcode": "92"
      }
    },
    {
      "type": "Feature",
      "geometry": {
        "type": "Point",
        "coordinates": [
          2.247219908,
          48.839748807
        ]
      },
      "properties": {
        "name": "Avenue Victor Hugo / Rue de Paris",
        "context": "Boulogne-Billancourt, Hauts-de-Seine",
        "citycode": "92012",
        "depcode": "92"
      }
    },
    {
      "type": "Feature",
      "geometry": {
        "type": "Point",
        "coordinates": [
          2.247689294,
          48.840500693
        ]
      },
      "properties": {
        "name": "Avenue Victor Hugo / Rue Denfert-Rochereau",
        "context": "Boulogne-Billancourt, Hauts-de-Seine",
        "citycode": "92012",
        "depcode": "92"
      }
    },
    {
      "type": "Feature",
      "geometry": {
        "type": "Point",
        "coordinates": [
          2.24574848,
          48.837288107
        ]
      },
      "properties": {
        "name": "Avenue Victor Hugo / Rue Gallieni",
        "context": "Boulogne-Billancourt, Hauts-de-Seine",
        "citycode": "92012",
        "depcode": "92"
      }
    },
    {
      "type": "Feature",
      "geometry": {
        "type": "Point",
        "coordinates": [
          2.226349589,
          48.852824614
        ]
      },
      "properties": {
        "name": "Boulevard Anatole France / Allée du Bord de l'Eau D1",
        "context": "Boulogne-Billancourt, Hauts-de-Seine",
        "citycode": "92012",
        "depcode": "92"
      }
    },
    {
      "type": "Feature",
      "geometry": {
        "type": "Point",
        "coordinates": [
          2.237777064,
          48.850338069
        ]
      },
      "properties": {
        "name": "Boulevard Anatole France / Avenue Charles de Gaulle D2",
        "context": "Boulogne-Billancourt, Hauts-de-Seine",
        "citycode": "92012",
        "depcode": "92"
      }
    },
    {
      "type": "Feature",
      "geometry": {
        "type": "Point",
        "coordinates": [
          2.241826004,
          48.848228769
        ]
      },
      "properties": {
        "name": "Boulevard Anatole France / Carrefour des Anciens Combattants",
        "context": "Boulogne-Billancourt, Hauts-de-Seine",
        "citycode": "92012",
        "depcode": "92"
      }
    },
    {
      "type": "Feature",
      "geometry": {
        "type": "Point",
        "coordinates": [
          2.226229984,
          48.852712984
        ]
      },
      "properties": {
        "name": "Boulevard Anatole France / Quai du Quatre Septembre D1",
        "context": "Boulogne-Billancourt, Hauts-de-Seine",
        "citycode": "92012",
        "depcode": "92"
      }
    },
    {
      "type": "Feature",
      "geometry": {
        "type": "Point",
        "coordinates": [
          2.23777467,
          48.850353091
        ]
      },
      "properties": {
        "name": "Boulevard Anatole France / Route de Sèvres à Neuilly",
        "context": "Boulogne-Billancourt, Hauts-de-Seine",
        "citycode": "92012",
        "depcode": "92"
      }
    },
    {
      "type": "Feature",
      "geometry": {
        "type": "Point",
        "coordinates": [
          2.241708874,
          48.848277242
        ]
      },
      "properties": {
        "name": "Boulevard Anatole France / Tunnel Ambroise Paré A13",
        "context": "Boulogne-Billancourt, Hauts-de-Seine",
        "citycode": "92012",
        "depcode": "92"
      }
    },
    {
      "type": "Feature",
      "geometry": {
        "type": "Point",
        "coordinates": [
          2.246682521,
          48.84655566
        ]
      },
      "properties": {
        "name": "Boulevard d'Auteuil / Allée Clubs des Loges",
        "context": "Boulogne-Billancourt, Hauts-de-Seine",
        "citycode": "92012",
        "depcode": "92"
      }
    },
    {
      "type": "Feature",
      "geometry": {
        "type": "Point",
        "coordinates": [
          2.247846564,
          48.846261295
        ]
      },
      "properties": {
        "name": "Boulevard d'Auteuil / Allée Suzanne Lenglen",
        "context": "Boulogne-Billancourt, Hauts-de-Seine",
        "citycode": "92012",
        "depcode": "92"
      }
    },
    {
      "type": "Feature",
      "geometry": {
        "type": "Point",
        "coordinates": [
          2.250646455,
          48.845545993
        ]
      },
      "properties": {
        "name": "Boulevard d'Auteuil / Avenue Gordon-Bennett",
        "context": "Boulogne-Billancourt, Hauts-de-Seine",
        "citycode": "92012",
        "depcode": "92"
      }
    },
    {
      "type": "Feature",
      "geometry": {
        "type": "Point",
        "coordinates": [
          2.242385782,
          48.847633718
        ]
      },
      "properties": {
        "name": "Boulevard d'Auteuil / Rue Denfert-Rochereau",
        "context": "Boulogne-Billancourt, Hauts-de-Seine",
        "citycode": "92012",
        "depcode": "92"
      }
    },
    {
      "type": "Feature",
      "geometry": {
        "type": "Point",
        "coordinates": [
          2.243818922,
          48.83361744
        ]
      },
      "properties": {
        "name": "Boulevard de la République D50 / Avenue Édouard Vaillant D910",
        "context": "Boulogne-Billancourt, Hauts-de-Seine",
        "citycode": "92012",
        "depcode": "92"
      }
    },
    {
      "type": "Feature",
      "geometry": {
        "type": "Point",
        "coordinates": [
          2.253073441,
          48.832045488
        ]
      },
      "properties": {
        "name": "Boulevard de la République / Avenue Pierre Grenier D101",
        "context": "Boulogne-Billancourt, Hauts-de-Seine",
        "citycode": "92012",
        "depcode": "92"
      }
    },
    {
      "type": "Feature",
      "geometry": {
        "type": "Point",
        "coordinates": [
          2.243692521,
          48.833492112
        ]
      },
      "properties": {
        "name": "Boulevard de la République D50 / Boulevard Jean Jaurès D2",
        "context": "Boulogne-Billancourt, Hauts-de-Seine",
        "citycode": "92012",
        "depcode": "92"
      }
    },
    {
      "type": "Feature",
      "geometry": {
        "type": "Point",
        "coordinates": [
          2.243788984,
          48.833563003
        ]
      },
      "properties": {
        "name": "Boulevard de la République D50 / Place Marcel Sembat",
        "context": "Boulogne-Billancourt, Hauts-de-Seine",
        "citycode": "92012",
        "depcode": "92"
      }
    },
    {
      "type": "Feature",
      "geometry": {
        "type": "Point",
        "coordinates": [
          2.258125546,
          48.830895361
        ]
      },
      "properties": {
        "name": "Boulevard de la République D50 / Pont d'Issy D50",
        "context": "Boulogne-Billancourt, Hauts-de-Seine",
        "citycode": "92012",
        "depcode": "92"
      }
    },
    {
      "type": "Feature",
      "geometry": {
        "type": "Point",
        "coordinates": [
          2.257278567,
          48.831106246
        ]
      },
      "properties": {
        "name": "Boulevard de la République D50 / Quai du Point du Jour",
        "context": "Boulogne-Billancourt, Hauts-de-Seine",
        "citycode": "92012",
        "depcode": "92"
      }
    },
    {
      "type": "Feature",
      "geometry": {
        "type": "Point",
        "coordinates": [
          2.249703093,
          48.832539958
        ]
      },
      "properties": {
        "name": "Boulevard de la République D50 / Rue du Dôme",
        "context": "Boulogne-Billancourt, Hauts-de-Seine",
        "citycode": "92012",
        "depcode": "92"
      }
    },
    {
      "type": "Feature",
      "geometry": {
        "type": "Point",
        "coordinates": [
          2.251803969,
          48.832351354
        ]
      },
      "properties": {
        "name": "Boulevard de la République D50 / Rue Thiers",
        "context": "Boulogne-Billancourt, Hauts-de-Seine",
        "citycode": "92012",
        "depcode": "92"
      }
    },
    {
      "type": "Feature",
      "geometry": {
        "type": "Point",
        "coordinates": [
          2.248391617,
          48.825072721
        ]
      },
      "properties": {
        "name": "Boulevard des Îles D2 / Place du Pont de Billancourt",
        "context": "Boulogne-Billancourt, Hauts-de-Seine",
        "citycode": "92012",
        "depcode": "92"
      }
    },
    {
      "type": "Feature",
      "geometry": {
        "type": "Point",
        "coordinates": [
          2.248339378,
          48.825054018
        ]
      },
      "properties": {
        "name": "Boulevard des Îles D2 / Quai de Stalingrad D1",
        "context": "Boulogne-Billancourt, Hauts-de-Seine",
        "citycode": "92012",
        "depcode": "92"
      }
    },
    {
      "type": "Feature",
      "geometry": {
        "type": "Point",
        "coordinates": [
          2.248423525,
          48.825006922
        ]
      },
      "properties": {
        "name": "Boulevard des Îles D2 / D1",
        "context": "Boulogne-Billancourt, Hauts-de-Seine",
        "citycode": "92012",
        "depcode": "92"
      }
    },
    {
      "type": "Feature",
      "geometry": {
        "type": "Point",
        "coordinates": [
          2.241517322,
          48.837146565
        ]
      },
      "properties": {
        "name": "Boulevard Jean Jaurès D2 / Allée de la Belle Feuille",
        "context": "Boulogne-Billancourt, Hauts-de-Seine",
        "citycode": "92012",
        "depcode": "92"
      }
    },
    {
      "type": "Feature",
      "geometry": {
        "type": "Point",
        "coordinates": [
          2.237023206,
          48.8458727
        ]
      },
      "properties": {
        "name": "Boulevard Jean Jaurès D2 / Avenue Charles de Gaulle D2",
        "context": "Boulogne-Billancourt, Hauts-de-Seine",
        "citycode": "92012",
        "depcode": "92"
      }
    },
    {
      "type": "Feature",
      "geometry": {
        "type": "Point",
        "coordinates": [
          2.237018089,
          48.845861822
        ]
      },
      "properties": {
        "name": "Boulevard Jean Jaurès D2 / Avenue Jean Baptiste Clément D103",
        "context": "Boulogne-Billancourt, Hauts-de-Seine",
        "citycode": "92012",
        "depcode": "92"
      }
    },
    {
      "type": "Feature",
      "geometry": {
        "type": "Point",
        "coordinates": [
          2.24199551,
          48.836308862
        ]
      },
      "properties": {
        "name": "Boulevard Jean Jaurès D2 / Passage Belle Feuille",
        "context": "Boulogne-Billancourt, Hauts-de-Seine",
        "citycode": "92012",
        "depcode": "92"
      }
    },
    {
      "type": "Feature",
      "geometry": {
        "type": "Point",
        "coordinates": [
          2.246984359,
          48.827475703
        ]
      },
      "properties": {
        "name": "Boulevard Jean Jaurès D2 / Passage Deschandeliers",
        "context": "Boulogne-Billancourt, Hauts-de-Seine",
        "citycode": "92012",
        "depcode": "92"
      }
    },
    {
      "type": "Feature",
      "geometry": {
        "type": "Point",
        "coordinates": [
          2.23731213,
          48.844779392
        ]
      },
      "properties": {
        "name": "Boulevard Jean Jaurès D2 / Passage Johannot",
        "context": "Boulogne-Billancourt, Hauts-de-Seine",
        "citycode": "92012",
        "depcode": "92"
      }
    },
    {
      "type": "Feature",
      "geometry": {
        "type": "Point",
        "coordinates": [
          2.248200813,
          48.825346193
        ]
      },
      "properties": {
        "name": "Boulevard Jean Jaurès D2 / Place du Pont de Billancourt",
        "context": "Boulogne-Billancourt, Hauts-de-Seine",
        "citycode": "92012",
        "depcode": "92"
      }
    },
    {
      "type": "Feature",
      "geometry": {
        "type": "Point",
        "coordinates": [
          2.243525353,
          48.833604633
        ]
      },
      "properties": {
        "name": "Boulevard Jean Jaurès D2 / Place Marcel Sembat",
        "context": "Boulogne-Billancourt, Hauts-de-Seine",
        "citycode": "92012",
        "depcode": "92"
      }
    },
    {
      "type": "Feature",
      "geometry": {
        "type": "Point",
        "coordinates": [
          2.239904144,
          48.839719946
        ]
      },
      "properties": {
        "name": "Boulevard Jean Jaurès D2 / Route de la Reine D907",
        "context": "Boulogne-Billancourt, Hauts-de-Seine",
        "citycode": "92012",
        "depcode": "92"
      }
    },
    {
      "type": "Feature",
      "geometry": {
        "type": "Point",
        "coordinates": [
          2.242851786,
          48.834764491
        ]
      },
      "properties": {
        "name": "Boulevard Jean Jaurès D2 / Rue Carnot",
        "context": "Boulogne-Billancourt, Hauts-de-Seine",
        "citycode": "92012",
        "depcode": "92"
      }
    },
    {
      "type": "Feature",
      "geometry": {
        "type": "Point",
        "coordinates": [
          2.23913242,
          48.841393258
        ]
      },
      "properties": {
        "name": "Boulevard Jean Jaurès D2 / Rue de Paris",
        "context": "Boulogne-Billancourt, Hauts-de-Seine",
        "citycode": "92012",
        "depcode": "92"
      }
    },
    {
      "type": "Feature",
      "geometry": {
        "type": "Point",
        "coordinates": [
          2.246196762,
          48.828856023
        ]
      },
      "properties": {
        "name": "Boulevard Jean Jaurès D2 / Rue du Point du Jour",
        "context": "Boulogne-Billancourt, Hauts-de-Seine",
        "citycode": "92012",
        "depcode": "92"
      }
    },
    {
      "type": "Feature",
      "geometry": {
        "type": "Point",
        "coordinates": [
          2.237952764,
          48.843510305
        ]
      },
      "properties": {
        "name": "Boulevard Jean Jaurès D2 / Rue Escudier",
        "context": "Boulogne-Billancourt, Hauts-de-Seine",
        "citycode": "92012",
        "depcode": "92"
      }
    },
    {
      "type": "Feature",
      "geometry": {
        "type": "Point",
        "coordinates": [
          2.241712136,
          48.836788152
        ]
      },
      "properties": {
        "name": "Boulevard Jean Jaurès D2 / Rue Gallieni",
        "context": "Boulogne-Billancourt, Hauts-de-Seine",
        "citycode": "92012",
        "depcode": "92"
      }
    },
    {
      "type": "Feature",
      "geometry": {
        "type": "Point",
        "coordinates": [
          2.242557829,
          48.835309826
        ]
      },
      "properties": {
        "name": "Boulevard Jean Jaurès D2 / Rue Georges Sorel",
        "context": "Boulogne-Billancourt, Hauts-de-Seine",
        "citycode": "92012",
        "depcode": "92"
      }
    },
    {
      "type": "Feature",
      "geometry": {
        "type": "Point",
        "coordinates": [
          2.241115145,
          48.837815009
        ]
      },
      "properties": {
        "name": "Boulevard Jean Jaurès D2 / Rue Le Corbusier",
        "context": "Boulogne-Billancourt, Hauts-de-Seine",
        "citycode": "92012",
        "depcode": "92"
      }
    },
    {
      "type": "Feature",
      "geometry": {
        "type": "Point",
        "coordinates": [
          2.247016645,
          48.82748331
        ]
      },
      "properties": {
        "name": "Boulevard Jean Jaurès D2 / Sente Deschandeliers",
        "context": "Boulogne-Billancourt, Hauts-de-Seine",
        "citycode": "92012",
        "depcode": "92"
      }
    },
    {
      "type": "Feature",
      "geometry": {
        "type": "Point",
        "coordinates": [
          2.242300145,
          48.835789585
        ]
      },
      "properties": {
        "name": "Boulevard Jean Jaurès D2 / Villa Louis Lumière",
        "context": "Boulogne-Billancourt, Hauts-de-Seine",
        "citycode": "92012",
        "depcode": "92"
      }
    },
    {
      "type": "Feature",
      "geometry": {
        "type": "Point",
        "coordinates": [
          2.245929881,
          48.829392352
        ]
      },
      "properties": {
        "name": "Boulevard Jean Jaurès D2 / Villa Ronsard",
        "context": "Boulogne-Billancourt, Hauts-de-Seine",
        "citycode": "92012",
        "depcode": "92"
      }
    },
    {
      "type": "Feature",
      "geometry": {
        "type": "Point",
        "coordinates": [
          2.241815686,
          48.847923634
        ]
      },
      "properties": {
        "name": "Carrefour des Anciens Combattants / Avenue Jean Baptiste Clément D103",
        "context": "Boulogne-Billancourt, Hauts-de-Seine",
        "citycode": "92012",
        "depcode": "92"
      }
    },
    {
      "type": "Feature",
      "geometry": {
        "type": "Point",
        "coordinates": [
          2.241809812,
          48.848234535
        ]
      },
      "properties": {
        "name": "Carrefour des Anciens Combattants / Boulevard Anatole France",
        "context": "Boulogne-Billancourt, Hauts-de-Seine",
        "citycode": "92012",
        "depcode": "92"
      }
    },
    {
      "type": "Feature",
      "geometry": {
        "type": "Point",
        "coordinates": [
          2.24184076,
          48.84825592
        ]
      },
      "properties": {
        "name": "Carrefour des Anciens Combattants / Tunnel Ambroise Paré A13",
        "context": "Boulogne-Billancourt, Hauts-de-Seine",
        "citycode": "92012",
        "depcode": "92"
      }
    },
    {
      "type": "Feature",
      "geometry": {
        "type": "Point",
        "coordinates": [
          2.235197451,
          48.846883408
        ]
      },
      "properties": {
        "name": "Cour du Puits / Rue du Parchamp",
        "context": "Boulogne-Billancourt, Hauts-de-Seine",
        "citycode": "92012",
        "depcode": "92"
      }
    },
    {
      "type": "Feature",
      "geometry": {
        "type": "Point",
        "coordinates": [
          2.234488855,
          48.82737369
        ]
      },
      "properties": {
        "name": "Cours de l'Île Seguin / Avenue Pierre Lefaucheux",
        "context": "Boulogne-Billancourt, Hauts-de-Seine",
        "citycode": "92012",
        "depcode": "92"
      }
    },
    {
      "type": "Feature",
      "geometry": {
        "type": "Point",
        "coordinates": [
          2.235236161,
          48.828309967
        ]
      },
      "properties": {
        "name": "Cours de l'Île Seguin / Place Joseph Frantz",
        "context": "Boulogne-Billancourt, Hauts-de-Seine",
        "citycode": "92012",
        "depcode": "92"
      }
    },
    {
      "type": "Feature",
      "geometry": {
        "type": "Point",
        "coordinates": [
          2.233504624,
          48.826520201
        ]
      },
      "properties": {
        "name": "Cours de l'Île Seguin / Pont Renault",
        "context": "Boulogne-Billancourt, Hauts-de-Seine",
        "citycode": "92012",
        "depcode": "92"
      }
    },
    {
      "type": "Feature",
      "geometry": {
        "type": "Point",
        "coordinates": [
          2.232924115,
          48.82614926
        ]
      },
      "properties": {
        "name": "Cours de l'Île Seguin / Quai Georges Gorse D1",
        "context": "Boulogne-Billancourt, Hauts-de-Seine",
        "citycode": "92012",
        "depcode": "92"
      }
    },
    {
      "type": "Feature",
      "geometry": {
        "type": "Point",
        "coordinates": [
          2.236255641,
          48.829308985
        ]
      },
      "properties": {
        "name": "Cours de l'Île Seguin / Rue du Vieux Pont de Sèvres",
        "context": "Boulogne-Billancourt, Hauts-de-Seine",
        "citycode": "92012",
        "depcode": "92"
      }
    },
    {
      "type": "Feature",
      "geometry": {
        "type": "Point",
        "coordinates": [
          2.235409033,
          48.828245219
        ]
      },
      "properties": {
        "name": "Cours de l'Île Seguin / Rue Marcel Bontemps",
        "context": "Boulogne-Billancourt, Hauts-de-Seine",
        "citycode": "92012",
        "depcode": "92"
      }
    },
    {
      "type": "Feature",
      "geometry": {
        "type": "Point",
        "coordinates": [
          2.236452247,
          48.829264818
        ]
      },
      "properties": {
        "name": "Cours de l'Île Seguin / Rue Yves Kermen",
        "context": "Boulogne-Billancourt, Hauts-de-Seine",
        "citycode": "92012",
        "depcode": "92"
      }
    },
    {
      "type": "Feature",
      "geometry": {
        "type": "Point",
        "coordinates": [
          2.248041835,
          48.829185779
        ]
      },
      "properties": {
        "name": "Cours des Longs Prés / Rue du Point du Jour",
        "context": "Boulogne-Billancourt, Hauts-de-Seine",
        "citycode": "92012",
        "depcode": "92"
      }
    },
    {
      "type": "Feature",
      "geometry": {
        "type": "Point",
        "coordinates": [
          2.239734425,
          48.847010524
        ]
      },
      "properties": {
        "name": "Impasse Durvie / Avenue Jean Baptiste Clément D103",
        "context": "Boulogne-Billancourt, Hauts-de-Seine",
        "citycode": "92012",
        "depcode": "92"
      }
    },
    {
      "type": "Feature",
      "geometry": {
        "type": "Point",
        "coordinates": [
          2.239814164,
          48.847038865
        ]
      },
      "properties": {
        "name": "Impasse Durvie / Impasse Trancart",
        "context": "Boulogne-Billancourt, Hauts-de-Seine",
        "citycode": "92012",
        "depcode": "92"
      }
    },
    {
      "type": "Feature",
      "geometry": {
        "type": "Point",
        "coordinates": [
          2.239817807,
          48.847090376
        ]
      },
      "properties": {
        "name": "Impasse Trancart / Avenue Jean Baptiste Clément D103",
        "context": "Boulogne-Billancourt, Hauts-de-Seine",
        "citycode": "92012",
        "depcode": "92"
      }
    },
    {
      "type": "Feature",
      "geometry": {
        "type": "Point",
        "coordinates": [
          2.230160542,
          48.826664546
        ]
      },
      "properties": {
        "name": "La Seine / Passerelle Nord",
        "context": "Boulogne-Billancourt, Hauts-de-Seine",
        "citycode": "92012",
        "depcode": "92"
      }
    },
    {
      "type": "Feature",
      "geometry": {
        "type": "Point",
        "coordinates": [
          2.230503103,
          48.823979087
        ]
      },
      "properties": {
        "name": "La Seine / Passerelle Sud",
        "context": "Boulogne-Billancourt, Hauts-de-Seine",
        "citycode": "92012",
        "depcode": "92"
      }
    },
    {
      "type": "Feature",
      "geometry": {
        "type": "Point",
        "coordinates": [
          2.236822214,
          48.823433074
        ]
      },
      "properties": {
        "name": "La Seine / Pont Daydé",
        "context": "Boulogne-Billancourt, Hauts-de-Seine",
        "citycode": "92012",
        "depcode": "92"
      }
    },
    {
      "type": "Feature",
      "geometry": {
        "type": "Point",
        "coordinates": [
          2.227148763,
          48.828408624
        ]
      },
      "properties": {
        "name": "La Seine / Pont de Sèvres",
        "context": "Boulogne-Billancourt, Hauts-de-Seine",
        "citycode": "92012",
        "depcode": "92"
      }
    },
    {
      "type": "Feature",
      "geometry": {
        "type": "Point",
        "coordinates": [
          2.232311957,
          48.825543796
        ]
      },
      "properties": {
        "name": "La Seine / Pont Renault",
        "context": "Boulogne-Billancourt, Hauts-de-Seine",
        "citycode": "92012",
        "depcode": "92"
      }
    },
    {
      "type": "Feature",
      "geometry": {
        "type": "Point",
        "coordinates": [
          2.235369691,
          48.821706961
        ]
      },
      "properties": {
        "name": "La Seine / Pont Seibert",
        "context": "Boulogne-Billancourt, Hauts-de-Seine",
        "citycode": "92012",
        "depcode": "92"
      }
    },
    {
      "type": "Feature",
      "geometry": {
        "type": "Point",
        "coordinates": [
          2.255391519,
          48.834775764
        ]
      },
      "properties": {
        "name": "Parking Indigo / Avenue Félix d'Hérelle",
        "context": "Boulogne-Billancourt, Hauts-de-Seine",
        "citycode": "92012",
        "depcode": "92"
      }
    },
    {
      "type": "Feature",
      "geometry": {
        "type": "Point",
        "coordinates": [
          2.232692734,
          48.830102759
        ]
      },
      "properties": {
        "name": "Passage Aquitaine / Avenue du Général Leclerc D910",
        "context": "Boulogne-Billancourt, Hauts-de-Seine",
        "citycode": "92012",
        "depcode": "92"
      }
    },
    {
      "type": "Feature",
      "geometry": {
        "type": "Point",
        "coordinates": [
          2.243828001,
          48.83651695
        ]
      },
      "properties": {
        "name": "Passage Belle Feuille / Rue de La Belle Feuille",
        "context": "Boulogne-Billancourt, Hauts-de-Seine",
        "citycode": "92012",
        "depcode": "92"
      }
    },
    {
      "type": "Feature",
      "geometry": {
        "type": "Point",
        "coordinates": [
          2.236050696,
          48.839169551
        ]
      },
      "properties": {
        "name": "Passage de Châteaudun / Rue de Billancourt",
        "context": "Boulogne-Billancourt, Hauts-de-Seine",
        "citycode": "92012",
        "depcode": "92"
      }
    },
    {
      "type": "Feature",
      "geometry": {
        "type": "Point",
        "coordinates": [
          2.257325365,
          48.834503383
        ]
      },
      "properties": {
        "name": "Passage de l'Arroseur Arrosé / Avenue Le Jour-Se-Lève",
        "context": "Boulogne-Billancourt, Hauts-de-Seine",
        "citycode": "92012",
        "depcode": "92"
      }
    },
    {
      "type": "Feature",
      "geometry": {
        "type": "Point",
        "coordinates": [
          2.257154303,
          48.833921639
        ]
      },
      "properties": {
        "name": "Passage de l'Arroseur Arrosé / Place Marcel Pagnol",
        "context": "Boulogne-Billancourt, Hauts-de-Seine",
        "citycode": "92012",
        "depcode": "92"
      }
    },
    {
      "type": "Feature",
      "geometry": {
        "type": "Point",
        "coordinates": [
          2.257114137,
          48.833774042
        ]
      },
      "properties": {
        "name": "Passage des Enfants du Paradis / Place Marcel Pagnol",
        "context": "Boulogne-Billancourt, Hauts-de-Seine",
        "citycode": "92012",
        "depcode": "92"
      }
    },
    {
      "type": "Feature",
      "geometry": {
        "type": "Point",
        "coordinates": [
          2.257108321,
          48.833155
        ]
      },
      "properties": {
        "name": "Passage des Enfants du Paradis / Rue Les Enfants du Paradis",
        "context": "Boulogne-Billancourt, Hauts-de-Seine",
        "citycode": "92012",
        "depcode": "92"
      }
    },
    {
      "type": "Feature",
      "geometry": {
        "type": "Point",
        "coordinates": [
          2.242966855,
          48.845855484
        ]
      },
      "properties": {
        "name": "Passage des Nymphéas / Rue Bartholdi",
        "context": "Boulogne-Billancourt, Hauts-de-Seine",
        "citycode": "92012",
        "depcode": "92"
      }
    },
    {
      "type": "Feature",
      "geometry": {
        "type": "Point",
        "coordinates": [
          2.242905876,
          48.845872458
        ]
      },
      "properties": {
        "name": "Passage des Nymphéas / Rue de la Rochefoucauld",
        "context": "Boulogne-Billancourt, Hauts-de-Seine",
        "citycode": "92012",
        "depcode": "92"
      }
    },
    {
      "type": "Feature",
      "geometry": {
        "type": "Point",
        "coordinates": [
          2.234714005,
          48.828766742
        ]
      },
      "properties": {
        "name": "Passage des Renault / Rue du Vieux Pont de Sèvres",
        "context": "Boulogne-Billancourt, Hauts-de-Seine",
        "citycode": "92012",
        "depcode": "92"
      }
    },
    {
      "type": "Feature",
      "geometry": {
        "type": "Point",
        "coordinates": [
          2.246374822,
          48.827292544
        ]
      },
      "properties": {
        "name": "Passage Deschandeliers / Rue Jules Ferry",
        "context": "Boulogne-Billancourt, Hauts-de-Seine",
        "citycode": "92012",
        "depcode": "92"
      }
    },
    {
      "type": "Feature",
      "geometry": {
        "type": "Point",
        "coordinates": [
          2.247000502,
          48.827479796
        ]
      },
      "properties": {
        "name": "Passage Deschandeliers / Sente Deschandeliers",
        "context": "Boulogne-Billancourt, Hauts-de-Seine",
        "citycode": "92012",
        "depcode": "92"
      }
    },
    {
      "type": "Feature",
      "geometry": {
        "type": "Point",
        "coordinates": [
          2.233939003,
          48.828475101
        ]
      },
      "properties": {
        "name": "Passage du Vieux Pont de Sèvres / Passage Pierre Bézier",
        "context": "Boulogne-Billancourt, Hauts-de-Seine",
        "citycode": "92012",
        "depcode": "92"
      }
    },
    {
      "type": "Feature",
      "geometry": {
        "type": "Point",
        "coordinates": [
          2.233934316,
          48.828480296
        ]
      },
      "properties": {
        "name": "Passage du Vieux Pont de Sèvres / Rue du Vieux Pont de Sèvres",
        "context": "Boulogne-Billancourt, Hauts-de-Seine",
        "citycode": "92012",
        "depcode": "92"
      }
    },
    {
      "type": "Feature",
      "geometry": {
        "type": "Point",
        "coordinates": [
          2.245573821,
          48.834229927
        ]
      },
      "properties": {
        "name": "Passage Legrand / Avenue Édouard Vaillant D910",
        "context": "Boulogne-Billancourt, Hauts-de-Seine",
        "citycode": "92012",
        "depcode": "92"
      }
    },
    {
      "type": "Feature",
      "geometry": {
        "type": "Point",
        "coordinates": [
          2.246357565,
          48.833046989
        ]
      },
      "properties": {
        "name": "Passage Legrand / Boulevard de la République D50",
        "context": "Boulogne-Billancourt, Hauts-de-Seine",
        "citycode": "92012",
        "depcode": "92"
      }
    },
    {
      "type": "Feature",
      "geometry": {
        "type": "Point",
        "coordinates": [
          2.24638759,
          48.833057436
        ]
      },
      "properties": {
        "name": "Passage Legrand / Rue Marcel Dassault",
        "context": "Boulogne-Billancourt, Hauts-de-Seine",
        "citycode": "92012",
        "depcode": "92"
      }
    },
    {
      "type": "Feature",
      "geometry": {
        "type": "Point",
        "coordinates": [
          2.234597652,
          48.827789553
        ]
      },
      "properties": {
        "name": "Passage Pierre Bézier / Cours de l'Île Seguin",
        "context": "Boulogne-Billancourt, Hauts-de-Seine",
        "citycode": "92012",
        "depcode": "92"
      }
    },
    {
      "type": "Feature",
      "geometry": {
        "type": "Point",
        "coordinates": [
          2.233943926,
          48.828470024
        ]
      },
      "properties": {
        "name": "Passage Pierre Bézier / Rue du Vieux Pont de Sèvres",
        "context": "Boulogne-Billancourt, Hauts-de-Seine",
        "citycode": "92012",
        "depcode": "92"
      }
    },
    {
      "type": "Feature",
      "geometry": {
        "type": "Point",
        "coordinates": [
          2.231538834,
          48.843199941
        ]
      },
      "properties": {
        "name": "Passage Saint-Denis / Avenue Jean Baptiste Clément D103",
        "context": "Boulogne-Billancourt, Hauts-de-Seine",
        "citycode": "92012",
        "depcode": "92"
      }
    },
    {
      "type": "Feature",
      "geometry": {
        "type": "Point",
        "coordinates": [
          2.231130795,
          48.843304582
        ]
      },
      "properties": {
        "name": "Passage Saint-Denis / Rue Saint-Denis",
        "context": "Boulogne-Billancourt, Hauts-de-Seine",
        "citycode": "92012",
        "depcode": "92"
      }
    },
    {
      "type": "Feature",
      "geometry": {
        "type": "Point",
        "coordinates": [
          2.245399135,
          48.836833939
        ]
      },
      "properties": {
        "name": "Passage Victor Hugo / Avenue Victor Hugo",
        "context": "Boulogne-Billancourt, Hauts-de-Seine",
        "citycode": "92012",
        "depcode": "92"
      }
    },
    {
      "type": "Feature",
      "geometry": {
        "type": "Point",
        "coordinates": [
          2.245448873,
          48.836872007
        ]
      },
      "properties": {
        "name": "Passage Victor Hugo / Rue Émile Landrin",
        "context": "Boulogne-Billancourt, Hauts-de-Seine",
        "citycode": "92012",
        "depcode": "92"
      }
    },
    {
      "type": "Feature",
      "geometry": {
        "type": "Point",
        "coordinates": [
          2.230185912,
          48.82371081
        ]
      },
      "properties": {
        "name": "Passerelle Sud / Chemin de Halage",
        "context": "Boulogne-Billancourt, Hauts-de-Seine",
        "citycode": "92012",
        "depcode": "92"
      }
    },
    {
      "type": "Feature",
      "geometry": {
        "type": "Point",
        "coordinates": [
          2.230980767,
          48.824386714
        ]
      },
      "properties": {
        "name": "Passerelle Sud / Île Seguin",
        "context": "Boulogne-Billancourt, Hauts-de-Seine",
        "citycode": "92012",
        "depcode": "92"
      }
    },
    {
      "type": "Feature",
      "geometry": {
        "type": "Point",
        "coordinates": [
          2.257611247,
          48.833790063
        ]
      },
      "properties": {
        "name": "Place Abel Gance / Place Marcel Pagnol",
        "context": "Boulogne-Billancourt, Hauts-de-Seine",
        "citycode": "92012",
        "depcode": "92"
      }
    },
    {
      "type": "Feature",
      "geometry": {
        "type": "Point",
        "coordinates": [
          2.257857451,
          48.833526667
        ]
      },
      "properties": {
        "name": "Place Abel Gance / Rue Les Enfants du Paradis",
        "context": "Boulogne-Billancourt, Hauts-de-Seine",
        "citycode": "92012",
        "depcode": "92"
      }
    },
    {
      "type": "Feature",
      "geometry": {
        "type": "Point",
        "coordinates": [
          2.239077879,
          48.830065106
        ]
      },
      "properties": {
        "name": "Place Bir-Hakeim / Avenue Émile Zola",
        "context": "Boulogne-Billancourt, Hauts-de-Seine",
        "citycode": "92012",
        "depcode": "92"
      }
    },
    {
      "type": "Feature",
      "geometry": {
        "type": "Point",
        "coordinates": [
          2.238829298,
          48.8302735
        ]
      },
      "properties": {
        "name": "Place Bir-Hakeim / Rue de la Ferme",
        "context": "Boulogne-Billancourt, Hauts-de-Seine",
        "citycode": "92012",
        "depcode": "92"
      }
    },
    {
      "type": "Feature",
      "geometry": {
        "type": "Point",
        "coordinates": [
          2.238842643,
          48.830271306
        ]
      },
      "properties": {
        "name": "Place Bir-Hakeim / Rue du Vieux Pont de Sèvres",
        "context": "Boulogne-Billancourt, Hauts-de-Seine",
        "citycode": "92012",
        "depcode": "92"
      }
    },
    {
      "type": "Feature",
      "geometry": {
        "type": "Point",
        "coordinates": [
          2.239437982,
          48.830035782
        ]
      },
      "properties": {
        "name": "Place Bir-Hakeim / Rue Nationale",
        "context": "Boulogne-Billancourt, Hauts-de-Seine",
        "citycode": "92012",
        "depcode": "92"
      }
    },
    {
      "type": "Feature",
      "geometry": {
        "type": "Point",
        "coordinates": [
          2.246243002,
          48.843325164
        ]
      },
      "properties": {
        "name": "Place Denfert-Rochereau / Rue Denfert-Rochereau",
        "context": "Boulogne-Billancourt, Hauts-de-Seine",
        "citycode": "92012",
        "depcode": "92"
      }
    },
    {
      "type": "Feature",
      "geometry": {
        "type": "Point",
        "coordinates": [
          2.246332254,
          48.843447172
        ]
      },
      "properties": {
        "name": "Place Denfert-Rochereau / Rue du Château D102",
        "context": "Boulogne-Billancourt, Hauts-de-Seine",
        "citycode": "92012",
        "depcode": "92"
      }
    },
    {
      "type": "Feature",
      "geometry": {
        "type": "Point",
        "coordinates": [
          2.246311565,
          48.84346655
        ]
      },
      "properties": {
        "name": "Place Denfert-Rochereau / Rue Max Blondat",
        "context": "Boulogne-Billancourt, Hauts-de-Seine",
        "citycode": "92012",
        "depcode": "92"
      }
    },
    {
      "type": "Feature",
      "geometry": {
        "type": "Point",
        "coordinates": [
          2.235123535,
          48.832423025
        ]
      },
      "properties": {
        "name": "Place des Ailes / Rue Louis Blériot",
        "context": "Boulogne-Billancourt, Hauts-de-Seine",
        "citycode": "92012",
        "depcode": "92"
      }
    },
    {
      "type": "Feature",
      "geometry": {
        "type": "Point",
        "coordinates": [
          2.239781986,
          48.843750164
        ]
      },
      "properties": {
        "name": "Place des Écoles / Rue Escudier",
        "context": "Boulogne-Billancourt, Hauts-de-Seine",
        "citycode": "92012",
        "depcode": "92"
      }
    },
    {
      "type": "Feature",
      "geometry": {
        "type": "Point",
        "coordinates": [
          2.239500873,
          48.84368001
        ]
      },
      "properties": {
        "name": "Place des Écoles / Rue Fessart",
        "context": "Boulogne-Billancourt, Hauts-de-Seine",
        "citycode": "92012",
        "depcode": "92"
      }
    },
    {
      "type": "Feature",
      "geometry": {
        "type": "Point",
        "coordinates": [
          2.239851384,
          48.843762674
        ]
      },
      "properties": {
        "name": "Place des Écoles / Rue Gambetta",
        "context": "Boulogne-Billancourt, Hauts-de-Seine",
        "citycode": "92012",
        "depcode": "92"
      }
    },
    {
      "type": "Feature",
      "geometry": {
        "type": "Point",
        "coordinates": [
          2.248525974,
          48.825110907
        ]
      },
      "properties": {
        "name": "Place du Pont de Billancourt / Boulevard des Îles D2",
        "context": "Boulogne-Billancourt, Hauts-de-Seine",
        "citycode": "92012",
        "depcode": "92"
      }
    },
    {
      "type": "Feature",
      "geometry": {
        "type": "Point",
        "coordinates": [
          2.248585324,
          48.825152521
        ]
      },
      "properties": {
        "name": "Place du Pont de Billancourt / Quai du Point du Jour D1",
        "context": "Boulogne-Billancourt, Hauts-de-Seine",
        "citycode": "92012",
        "depcode": "92"
      }
    },
    {
      "type": "Feature",
      "geometry": {
        "type": "Point",
        "coordinates": [
          2.235246075,
          48.828296794
        ]
      },
      "properties": {
        "name": "Place Joseph Frantz / Cours de l'Île Seguin",
        "context": "Boulogne-Billancourt, Hauts-de-Seine",
        "citycode": "92012",
        "depcode": "92"
      }
    },
    {
      "type": "Feature",
      "geometry": {
        "type": "Point",
        "coordinates": [
          2.234726478,
          48.828764392
        ]
      },
      "properties": {
        "name": "Place Joseph Frantz / Passage des Renault",
        "context": "Boulogne-Billancourt, Hauts-de-Seine",
        "citycode": "92012",
        "depcode": "92"
      }
    },
    {
      "type": "Feature",
      "geometry": {
        "type": "Point",
        "coordinates": [
          2.234721501,
          48.82875452
        ]
      },
      "properties": {
        "name": "Place Joseph Frantz / Rue du Vieux Pont de Sèvres",
        "context": "Boulogne-Billancourt, Hauts-de-Seine",
        "citycode": "92012",
        "depcode": "92"
      }
    },
    {
      "type": "Feature",
      "geometry": {
        "type": "Point",
        "coordinates": [
          2.241854141,
          48.827377382
        ]
      },
      "properties": {
        "name": "Place Jules Guesde / Rue Nationale",
        "context": "Boulogne-Billancourt, Hauts-de-Seine",
        "citycode": "92012",
        "depcode": "92"
      }
    },
    {
      "type": "Feature",
      "geometry": {
        "type": "Point",
        "coordinates": [
          2.241716877,
          48.827290732
        ]
      },
      "properties": {
        "name": "Place Jules Guesde / Rue Yves Kermen",
        "context": "Boulogne-Billancourt, Hauts-de-Seine",
        "citycode": "92012",
        "depcode": "92"
      }
    },
    {
      "type": "Feature",
      "geometry": {
        "type": "Point",
        "coordinates": [
          2.241717117,
          48.827278088
        ]
      },
      "properties": {
        "name": "Place Jules Guesde / Traverse Jules Guesde",
        "context": "Boulogne-Billancourt, Hauts-de-Seine",
        "citycode": "92012",
        "depcode": "92"
      }
    },
    {
      "type": "Feature",
      "geometry": {
        "type": "Point",
        "coordinates": [
          2.257124245,
          48.833892537
        ]
      },
      "properties": {
        "name": "Place Marcel Pagnol / Passage de l'Arroseur Arrosé",
        "context": "Boulogne-Billancourt, Hauts-de-Seine",
        "citycode": "92012",
        "depcode": "92"
      }
    },
    {
      "type": "Feature",
      "geometry": {
        "type": "Point",
        "coordinates": [
          2.257100431,
          48.83381413
        ]
      },
      "properties": {
        "name": "Place Marcel Pagnol / Passage des Enfants du Paradis",
        "context": "Boulogne-Billancourt, Hauts-de-Seine",
        "citycode": "92012",
        "depcode": "92"
      }
    },
    {
      "type": "Feature",
      "geometry": {
        "type": "Point",
        "coordinates": [
          2.243675368,
          48.833774887
        ]
      },
      "properties": {
        "name": "Place Marcel Sembat / Avenue Édouard Vaillant D910",
        "context": "Boulogne-Billancourt, Hauts-de-Seine",
        "citycode": "92012",
        "depcode": "92"
      }
    },
    {
      "type": "Feature",
      "geometry": {
        "type": "Point",
        "coordinates": [
          2.243652002,
          48.833784897
        ]
      },
      "properties": {
        "name": "Place Marcel Sembat / Avenue Victor Hugo",
        "context": "Boulogne-Billancourt, Hauts-de-Seine",
        "citycode": "92012",
        "depcode": "92"
      }
    },
    {
      "type": "Feature",
      "geometry": {
        "type": "Point",
        "coordinates": [
          2.239980445,
          48.829083261
        ]
      },
      "properties": {
        "name": "Place Paul Verlaine / Allée Marc Chagall",
        "context": "Boulogne-Billancourt, Hauts-de-Seine",
        "citycode": "92012",
        "depcode": "92"
      }
    },
    {
      "type": "Feature",
      "geometry": {
        "type": "Point",
        "coordinates": [
          2.240261402,
          48.829099517
        ]
      },
      "properties": {
        "name": "Place Paul Verlaine / Rue Nationale",
        "context": "Boulogne-Billancourt, Hauts-de-Seine",
        "citycode": "92012",
        "depcode": "92"
      }
    },
    {
      "type": "Feature",
      "geometry": {
        "type": "Point",
        "coordinates": [
          2.256508288,
          48.833920034
        ]
      },
      "properties": {
        "name": "Place René Clair / Place Marcel Pagnol",
        "context": "Boulogne-Billancourt, Hauts-de-Seine",
        "citycode": "92012",
        "depcode": "92"
      }
    },
    {
      "type": "Feature",
      "geometry": {
        "type": "Point",
        "coordinates": [
          2.255918166,
          48.833922807
        ]
      },
      "properties": {
        "name": "Place René Clair / Rue du Point du Jour",
        "context": "Boulogne-Billancourt, Hauts-de-Seine",
        "citycode": "92012",
        "depcode": "92"
      }
    },
    {
      "type": "Feature",
      "geometry": {
        "type": "Point",
        "coordinates": [
          2.256334076,
          48.834119192
        ]
      },
      "properties": {
        "name": "Place René Clair / Rue Fanfan La Tulipe",
        "context": "Boulogne-Billancourt, Hauts-de-Seine",
        "citycode": "92012",
        "depcode": "92"
      }
    },
    {
      "type": "Feature",
      "geometry": {
        "type": "Point",
        "coordinates": [
          2.237822218,
          48.824943644
        ]
      },
      "properties": {
        "name": "Pont Daydé / Allée Georges Askinazi",
        "context": "Boulogne-Billancourt, Hauts-de-Seine",
        "citycode": "92012",
        "depcode": "92"
      }
    },
    {
      "type": "Feature",
      "geometry": {
        "type": "Point",
        "coordinates": [
          2.237898086,
          48.824917101
        ]
      },
      "properties": {
        "name": "Pont Daydé / Avenue Émile Zola",
        "context": "Boulogne-Billancourt, Hauts-de-Seine",
        "citycode": "92012",
        "depcode": "92"
      }
    },
    {
      "type": "Feature",
      "geometry": {
        "type": "Point",
        "coordinates": [
          2.236838205,
          48.823451867
        ]
      },
      "properties": {
        "name": "Pont Daydé / La Seine",
        "context": "Boulogne-Billancourt, Hauts-de-Seine",
        "citycode": "92012",
        "depcode": "92"
      }
    },
    {
      "type": "Feature",
      "geometry": {
        "type": "Point",
        "coordinates": [
          2.224686678,
          48.841213018
        ]
      },
      "properties": {
        "name": "Pont de Saint-Cloud D907 / Avenue du Maréchal de Lattre de Tassigny D907",
        "context": "Boulogne-Billancourt, Hauts-de-Seine",
        "citycode": "92012",
        "depcode": "92"
      }
    },
    {
      "type": "Feature",
      "geometry": {
        "type": "Point",
        "coordinates": [
          2.223727147,
          48.841263726
        ]
      },
      "properties": {
        "name": "Pont de Saint-Cloud D907 / La Seine",
        "context": "Boulogne-Billancourt, Hauts-de-Seine",
        "citycode": "92012",
        "depcode": "92"
      }
    },
    {
      "type": "Feature",
      "geometry": {
        "type": "Point",
        "coordinates": [
          2.232945592,
          48.826079377
        ]
      },
      "properties": {
        "name": "Pont Renault / Cours de l'Île Seguin",
        "context": "Boulogne-Billancourt, Hauts-de-Seine",
        "citycode": "92012",
        "depcode": "92"
      }
    },
    {
      "type": "Feature",
      "geometry": {
        "type": "Point",
        "coordinates": [
          2.231864954,
          48.825166383
        ]
      },
      "properties": {
        "name": "Pont Renault / Île Seguin",
        "context": "Boulogne-Billancourt, Hauts-de-Seine",
        "citycode": "92012",
        "depcode": "92"
      }
    },
    {
      "type": "Feature",
      "geometry": {
        "type": "Point",
        "coordinates": [
          2.232380089,
          48.825601862
        ]
      },
      "properties": {
        "name": "Pont Renault / La Seine",
        "context": "Boulogne-Billancourt, Hauts-de-Seine",
        "citycode": "92012",
        "depcode": "92"
      }
    },
    {
      "type": "Feature",
      "geometry": {
        "type": "Point",
        "coordinates": [
          2.232948721,
          48.826084498
        ]
      },
      "properties": {
        "name": "Pont Renault / Quai Georges Gorse D1",
        "context": "Boulogne-Billancourt, Hauts-de-Seine",
        "citycode": "92012",
        "depcode": "92"
      }
    },
    {
      "type": "Feature",
      "geometry": {
        "type": "Point",
        "coordinates": [
          2.224892425,
          48.841346171
        ]
      },
      "properties": {
        "name": "Port de Boulogne-Billancourt / Avenue du Maréchal de Lattre de Tassigny D907",
        "context": "Boulogne-Billancourt, Hauts-de-Seine",
        "citycode": "92012",
        "depcode": "92"
      }
    },
    {
      "type": "Feature",
      "geometry": {
        "type": "Point",
        "coordinates": [
          2.225421516,
          48.842536532
        ]
      },
      "properties": {
        "name": "Port de Boulogne-Billancourt / Quai du Quatre Septembre D1",
        "context": "Boulogne-Billancourt, Hauts-de-Seine",
        "citycode": "92012",
        "depcode": "92"
      }
    },
    {
      "type": "Feature",
      "geometry": {
        "type": "Point",
        "coordinates": [
          2.229637231,
          48.829483237
        ]
      },
      "properties": {
        "name": "Quai Alphonse Le Gallo D910 / Avenue du Général Leclerc D910",
        "context": "Boulogne-Billancourt, Hauts-de-Seine",
        "citycode": "92012",
        "depcode": "92"
      }
    },
    {
      "type": "Feature",
      "geometry": {
        "type": "Point",
        "coordinates": [
          2.225323802,
          48.841101997
        ]
      },
      "properties": {
        "name": "Quai Alphonse Le Gallo / Avenue du Maréchal de Lattre de Tassigny D907",
        "context": "Boulogne-Billancourt, Hauts-de-Seine",
        "citycode": "92012",
        "depcode": "92"
      }
    },
    {
      "type": "Feature",
      "geometry": {
        "type": "Point",
        "coordinates": [
          2.227621117,
          48.832427427
        ]
      },
      "properties": {
        "name": "Quai Alphonse Le Gallo D1 / Avenue du Maréchal Juin",
        "context": "Boulogne-Billancourt, Hauts-de-Seine",
        "citycode": "92012",
        "depcode": "92"
      }
    },
    {
      "type": "Feature",
      "geometry": {
        "type": "Point",
        "coordinates": [
          2.228458819,
          48.82886177
        ]
      },
      "properties": {
        "name": "Quai Alphonse Le Gallo D1 / Pont de Sèvres D910",
        "context": "Boulogne-Billancourt, Hauts-de-Seine",
        "citycode": "92012",
        "depcode": "92"
      }
    },
    {
      "type": "Feature",
      "geometry": {
        "type": "Point",
        "coordinates": [
          2.227997378,
          48.830376913
        ]
      },
      "properties": {
        "name": "Quai Alphonse Le Gallo D910 / Quai Alphonse Le Gallo D1",
        "context": "Boulogne-Billancourt, Hauts-de-Seine",
        "citycode": "92012",
        "depcode": "92"
      }
    },
    {
      "type": "Feature",
      "geometry": {
        "type": "Point",
        "coordinates": [
          2.225285061,
          48.841060685
        ]
      },
      "properties": {
        "name": "Quai Alphonse Le Gallo / Quai du Quatre Septembre D1",
        "context": "Boulogne-Billancourt, Hauts-de-Seine",
        "citycode": "92012",
        "depcode": "92"
      }
    },
    {
      "type": "Feature",
      "geometry": {
        "type": "Point",
        "coordinates": [
          2.228560213,
          48.828784504
        ]
      },
      "properties": {
        "name": "Quai Alphonse Le Gallo D1 / Quai Georges Gorse D1",
        "context": "Boulogne-Billancourt, Hauts-de-Seine",
        "citycode": "92012",
        "depcode": "92"
      }
    },
    {
      "type": "Feature",
      "geometry": {
        "type": "Point",
        "coordinates": [
          2.228530109,
          48.830205105
        ]
      },
      "properties": {
        "name": "Quai Alphonse Le Gallo / Square du Pont de Sèvres",
        "context": "Boulogne-Billancourt, Hauts-de-Seine",
        "citycode": "92012",
        "depcode": "92"
      }
    },
    {
      "type": "Feature",
      "geometry": {
        "type": "Point",
        "coordinates": [
          2.243332955,
          48.823552226
        ]
      },
      "properties": {
        "name": "Quai de Stalingrad D1 / Avenue Pierre Lefaucheux",
        "context": "Boulogne-Billancourt, Hauts-de-Seine",
        "citycode": "92012",
        "depcode": "92"
      }
    },
    {
      "type": "Feature",
      "geometry": {
        "type": "Point",
        "coordinates": [
          2.248203575,
          48.825120049
        ]
      },
      "properties": {
        "name": "Quai de Stalingrad D1 / Place du Pont de Billancourt",
        "context": "Boulogne-Billancourt, Hauts-de-Seine",
        "citycode": "92012",
        "depcode": "92"
      }
    },
    {
      "type": "Feature",
      "geometry": {
        "type": "Point",
        "coordinates": [
          2.241747999,
          48.823336608
        ]
      },
      "properties": {
        "name": "Quai de Stalingrad D1 / Quai Georges Gorse D1",
        "context": "Boulogne-Billancourt, Hauts-de-Seine",
        "citycode": "92012",
        "depcode": "92"
      }
    },
    {
      "type": "Feature",
      "geometry": {
        "type": "Point",
        "coordinates": [
          2.245029907,
          48.824024876
        ]
      },
      "properties": {
        "name": "Quai de Stalingrad D1 / Rue Nationale",
        "context": "Boulogne-Billancourt, Hauts-de-Seine",
        "citycode": "92012",
        "depcode": "92"
      }
    },
    {
      "type": "Feature",
      "geometry": {
        "type": "Point",
        "coordinates": [
          2.248100409,
          48.825196609
        ]
      },
      "properties": {
        "name": "Quai de Stalingrad D1 / Rue Yves Kermen",
        "context": "Boulogne-Billancourt, Hauts-de-Seine",
        "citycode": "92012",
        "depcode": "92"
      }
    },
    {
      "type": "Feature",
      "geometry": {
        "type": "Point",
        "coordinates": [
          2.260348048,
          48.833183629
        ]
      },
      "properties": {
        "name": "Quai du Point du Jour D1 / Avenue de la Voie Lactée",
        "context": "Boulogne-Billancourt, Hauts-de-Seine",
        "citycode": "92012",
        "depcode": "92"
      }
    },
    {
      "type": "Feature",
      "geometry": {
        "type": "Point",
        "coordinates": [
          2.261131456,
          48.833965583
        ]
      },
      "properties": {
        "name": "Quai du Point du Jour D1 / Avenue Le Jour-Se-Lève",
        "context": "Boulogne-Billancourt, Hauts-de-Seine",
        "citycode": "92012",
        "depcode": "92"
      }
    },
    {
      "type": "Feature",
      "geometry": {
        "type": "Point",
        "coordinates": [
          2.257627096,
          48.83105741
        ]
      },
      "properties": {
        "name": "Quai du Point du Jour D1 / Boulevard de la République D50",
        "context": "Boulogne-Billancourt, Hauts-de-Seine",
        "citycode": "92012",
        "depcode": "92"
      }
    },
    {
      "type": "Feature",
      "geometry": {
        "type": "Point",
        "coordinates": [
          2.248573093,
          48.825133946
        ]
      },
      "properties": {
        "name": "Quai du Point du Jour D1 / Boulevard des Îles D2",
        "context": "Boulogne-Billancourt, Hauts-de-Seine",
        "citycode": "92012",
        "depcode": "92"
      }
    },
    {
      "type": "Feature",
      "geometry": {
        "type": "Point",
        "coordinates": [
          2.248540224,
          48.825324511
        ]
      },
      "properties": {
        "name": "Quai du Point du Jour / Place du Pont de Billancourt",
        "context": "Boulogne-Billancourt, Hauts-de-Seine",
        "citycode": "92012",
        "depcode": "92"
      }
    },
    {
      "type": "Feature",
      "geometry": {
        "type": "Point",
        "coordinates": [
          2.258067761,
          48.830922786
        ]
      },
      "properties": {
        "name": "Quai du Point du Jour D1 / Pont d'Issy D50",
        "context": "Boulogne-Billancourt, Hauts-de-Seine",
        "citycode": "92012",
        "depcode": "92"
      }
    },
    {
      "type": "Feature",
      "geometry": {
        "type": "Point",
        "coordinates": [
          2.261121552,
          48.833987199
        ]
      },
      "properties": {
        "name": "Quai du Point du Jour D1 / Quai Saint-Exupéry",
        "context": "Boulogne-Billancourt, Hauts-de-Seine",
        "citycode": "92012",
        "depcode": "92"
      }
    },
    {
      "type": "Feature",
      "geometry": {
        "type": "Point",
        "coordinates": [
          2.258105134,
          48.831564917
        ]
      },
      "properties": {
        "name": "Quai du Point du Jour / Rue des Peupliers",
        "context": "Boulogne-Billancourt, Hauts-de-Seine",
        "citycode": "92012",
        "depcode": "92"
      }
    },
    {
      "type": "Feature",
      "geometry": {
        "type": "Point",
        "coordinates": [
          2.226332454,
          48.852799367
        ]
      },
      "properties": {
        "name": "Quai du Quatre Septembre D1 / Allée du Bord de l'Eau D1",
        "context": "Boulogne-Billancourt, Hauts-de-Seine",
        "citycode": "92012",
        "depcode": "92"
      }
    },
    {
      "type": "Feature",
      "geometry": {
        "type": "Point",
        "coordinates": [
          2.225317734,
          48.84120362
        ]
      },
      "properties": {
        "name": "Quai du Quatre Septembre D1 / Avenue du Maréchal de Lattre de Tassigny D907",
        "context": "Boulogne-Billancourt, Hauts-de-Seine",
        "citycode": "92012",
        "depcode": "92"
      }
    },
    {
      "type": "Feature",
      "geometry": {
        "type": "Point",
        "coordinates": [
          2.226383453,
          48.852816415
        ]
      },
      "properties": {
        "name": "Quai du Quatre Septembre D1 / Boulevard Anatole France",
        "context": "Boulogne-Billancourt, Hauts-de-Seine",
        "citycode": "92012",
        "depcode": "92"
      }
    },
    {
      "type": "Feature",
      "geometry": {
        "type": "Point",
        "coordinates": [
          2.225180201,
          48.84104674
        ]
      },
      "properties": {
        "name": "Quai du Quatre Septembre D1 / Quai Alphonse Le Gallo D1",
        "context": "Boulogne-Billancourt, Hauts-de-Seine",
        "citycode": "92012",
        "depcode": "92"
      }
    },
    {
      "type": "Feature",
      "geometry": {
        "type": "Point",
        "coordinates": [
          2.226629917,
          48.845157024
        ]
      },
      "properties": {
        "name": "Quai du Quatre Septembre D1 / Rue Anna Jacquin",
        "context": "Boulogne-Billancourt, Hauts-de-Seine",
        "citycode": "92012",
        "depcode": "92"
      }
    },
    {
      "type": "Feature",
      "geometry": {
        "type": "Point",
        "coordinates": [
          2.225721497,
          48.841557268
        ]
      },
      "properties": {
        "name": "Quai du Quatre Septembre / Rue du Port",
        "context": "Boulogne-Billancourt, Hauts-de-Seine",
        "citycode": "92012",
        "depcode": "92"
      }
    },
    {
      "type": "Feature",
      "geometry": {
        "type": "Point",
        "coordinates": [
          2.232828551,
          48.826140703
        ]
      },
      "properties": {
        "name": "Quai Georges Gorse D1 / Cours de l'Île Seguin",
        "context": "Boulogne-Billancourt, Hauts-de-Seine",
        "citycode": "92012",
        "depcode": "92"
      }
    },
    {
      "type": "Feature",
      "geometry": {
        "type": "Point",
        "coordinates": [
          2.230251127,
          48.827519431
        ]
      },
      "properties": {
        "name": "Quai Georges Gorse D1 / Passerelle Nord",
        "context": "Boulogne-Billancourt, Hauts-de-Seine",
        "citycode": "92012",
        "depcode": "92"
      }
    },
    {
      "type": "Feature",
      "geometry": {
        "type": "Point",
        "coordinates": [
          2.237325489,
          48.824022171
        ]
      },
      "properties": {
        "name": "Quai Georges Gorse D1 / Pont Daydé",
        "context": "Boulogne-Billancourt, Hauts-de-Seine",
        "citycode": "92012",
        "depcode": "92"
      }
    },
    {
      "type": "Feature",
      "geometry": {
        "type": "Point",
        "coordinates": [
          2.22855083,
          48.828787252
        ]
      },
      "properties": {
        "name": "Quai Georges Gorse D1 / Pont de Sèvres",
        "context": "Boulogne-Billancourt, Hauts-de-Seine",
        "citycode": "92012",
        "depcode": "92"
      }
    },
    {
      "type": "Feature",
      "geometry": {
        "type": "Point",
        "coordinates": [
          2.230343519,
          48.82757254
        ]
      },
      "properties": {
        "name": "Quai Georges Gorse D1 / Rond-Point du Pont de Sèvres",
        "context": "Boulogne-Billancourt, Hauts-de-Seine",
        "citycode": "92012",
        "depcode": "92"
      }
    },
    {
      "type": "Feature",
      "geometry": {
        "type": "Point",
        "coordinates": [
          2.230641473,
          48.827366969
        ]
      },
      "properties": {
        "name": "Quai Georges Gorse D1 / Rue du Vieux Pont de Sèvres",
        "context": "Boulogne-Billancourt, Hauts-de-Seine",
        "citycode": "92012",
        "depcode": "92"
      }
    },
    {
      "type": "Feature",
      "geometry": {
        "type": "Point",
        "coordinates": [
          2.237809712,
          48.823864195
        ]
      },
      "properties": {
        "name": "Quai Georges Gorse D1 / Rue Gabrielle",
        "context": "Boulogne-Billancourt, Hauts-de-Seine",
        "citycode": "92012",
        "depcode": "92"
      }
    },
    {
      "type": "Feature",
      "geometry": {
        "type": "Point",
        "coordinates": [
          2.2612139,
          48.83387211
        ]
      },
      "properties": {
        "name": "Quai Saint-Exupéry / Quai du Point du Jour D1",
        "context": "Boulogne-Billancourt, Hauts-de-Seine",
        "citycode": "92012",
        "depcode": "92"
      }
    },
    {
      "type": "Feature",
      "geometry": {
        "type": "Point",
        "coordinates": [
          2.247714575,
          48.840485577
        ]
      },
      "properties": {
        "name": "Rond-Point André Malraux / Avenue Robert Schuman",
        "context": "Boulogne-Billancourt, Hauts-de-Seine",
        "citycode": "92012",
        "depcode": "92"
      }
    },
    {
      "type": "Feature",
      "geometry": {
        "type": "Point",
        "coordinates": [
          2.247673755,
          48.840428607
        ]
      },
      "properties": {
        "name": "Rond-Point André Malraux / Avenue Victor Hugo",
        "context": "Boulogne-Billancourt, Hauts-de-Seine",
        "citycode": "92012",
        "depcode": "92"
      }
    },
    {
      "type": "Feature",
      "geometry": {
        "type": "Point",
        "coordinates": [
          2.247692508,
          48.840472543
        ]
      },
      "properties": {
        "name": "Rond-Point André Malraux / Rue Denfert-Rochereau",
        "context": "Boulogne-Billancourt, Hauts-de-Seine",
        "citycode": "92012",
        "depcode": "92"
      }
    },
    {
      "type": "Feature",
      "geometry": {
        "type": "Point",
        "coordinates": [
          2.230096262,
          48.829109216
        ]
      },
      "properties": {
        "name": "Rond-Point du Pont de Sèvres / Avenue du Général Leclerc D910",
        "context": "Boulogne-Billancourt, Hauts-de-Seine",
        "citycode": "92012",
        "depcode": "92"
      }
    },
    {
      "type": "Feature",
      "geometry": {
        "type": "Point",
        "coordinates": [
          2.230323554,
          48.827927107
        ]
      },
      "properties": {
        "name": "Rond-Point du Pont de Sèvres / Passerelle Nord",
        "context": "Boulogne-Billancourt, Hauts-de-Seine",
        "citycode": "92012",
        "depcode": "92"
      }
    },
    {
      "type": "Feature",
      "geometry": {
        "type": "Point",
        "coordinates": [
          2.231290774,
          48.827540316
        ]
      },
      "properties": {
        "name": "Rond-Point du Pont de Sèvres / Rue du Vieux Pont de Sèvres",
        "context": "Boulogne-Billancourt, Hauts-de-Seine",
        "citycode": "92012",
        "depcode": "92"
      }
    },
    {
      "type": "Feature",
      "geometry": {
        "type": "Point",
        "coordinates": [
          2.228849616,
          48.840609873
        ]
      },
      "properties": {
        "name": "Rond-Point Rhin et Danube / Avenue André Morizet D50",
        "context": "Boulogne-Billancourt, Hauts-de-Seine",
        "citycode": "92012",
        "depcode": "92"
      }
    },
    {
      "type": "Feature",
      "geometry": {
        "type": "Point",
        "coordinates": [
          2.228177635,
          48.840824202
        ]
      },
      "properties": {
        "name": "Rond-Point Rhin et Danube / Avenue du Maréchal de Lattre de Tassigny D907",
        "context": "Boulogne-Billancourt, Hauts-de-Seine",
        "citycode": "92012",
        "depcode": "92"
      }
    },
    {
      "type": "Feature",
      "geometry": {
        "type": "Point",
        "coordinates": [
          2.228679547,
          48.840962068
        ]
      },
      "properties": {
        "name": "Rond-Point Rhin et Danube / Avenue Jean Baptiste Clément D103",
        "context": "Boulogne-Billancourt, Hauts-de-Seine",
        "citycode": "92012",
        "depcode": "92"
      }
    },
    {
      "type": "Feature",
      "geometry": {
        "type": "Point",
        "coordinates": [
          2.228630917,
          48.840503033
        ]
      },
      "properties": {
        "name": "Rond-Point Rhin et Danube / Rue de Sèvres",
        "context": "Boulogne-Billancourt, Hauts-de-Seine",
        "citycode": "92012",
        "depcode": "92"
      }
    },
    {
      "type": "Feature",
      "geometry": {
        "type": "Point",
        "coordinates": [
          2.228929021,
          48.840607572
        ]
      },
      "properties": {
        "name": "Route de la Reine D907 / Avenue André Morizet D50",
        "context": "Boulogne-Billancourt, Hauts-de-Seine",
        "citycode": "92012",
        "depcode": "92"
      }
    },
    {
      "type": "Feature",
      "geometry": {
        "type": "Point",
        "coordinates": [
          2.251766274,
          48.838662342
        ]
      },
      "properties": {
        "name": "Route de la Reine D907 / Avenue de la Porte de Saint-Cloud",
        "context": "Boulogne-Billancourt, Hauts-de-Seine",
        "citycode": "92012",
        "depcode": "92"
      }
    },
    {
      "type": "Feature",
      "geometry": {
        "type": "Point",
        "coordinates": [
          2.246809595,
          48.839092222
        ]
      },
      "properties": {
        "name": "Route de la Reine D907 / Avenue Victor Hugo",
        "context": "Boulogne-Billancourt, Hauts-de-Seine",
        "citycode": "92012",
        "depcode": "92"
      }
    },
    {
      "type": "Feature",
      "geometry": {
        "type": "Point",
        "coordinates": [
          2.240041959,
          48.839678111
        ]
      },
      "properties": {
        "name": "Route de la Reine D907 / Boulevard Jean Jaurès D2",
        "context": "Boulogne-Billancourt, Hauts-de-Seine",
        "citycode": "92012",
        "depcode": "92"
      }
    },
    {
      "type": "Feature",
      "geometry": {
        "type": "Point",
        "coordinates": [
          2.228885193,
          48.840692951
        ]
      },
      "properties": {
        "name": "Route de la Reine D907 / Rond-Point Rhin et Danube",
        "context": "Boulogne-Billancourt, Hauts-de-Seine",
        "citycode": "92012",
        "depcode": "92"
      }
    },
    {
      "type": "Feature",
      "geometry": {
        "type": "Point",
        "coordinates": [
          2.230228137,
          48.840542665
        ]
      },
      "properties": {
        "name": "Route de la Reine D907 / Rue de Bellevue",
        "context": "Boulogne-Billancourt, Hauts-de-Seine",
        "citycode": "92012",
        "depcode": "92"
      }
    },
    {
      "type": "Feature",
      "geometry": {
        "type": "Point",
        "coordinates": [
          2.235735459,
          48.840092963
        ]
      },
      "properties": {
        "name": "Route de la Reine D907 / Rue de Billancourt",
        "context": "Boulogne-Billancourt, Hauts-de-Seine",
        "citycode": "92012",
        "depcode": "92"
      }
    },
    {
      "type": "Feature",
      "geometry": {
        "type": "Point",
        "coordinates": [
          2.233896084,
          48.84024196
        ]
      },
      "properties": {
        "name": "Route de la Reine D907 / Rue de l'Ancienne Mairie",
        "context": "Boulogne-Billancourt, Hauts-de-Seine",
        "citycode": "92012",
        "depcode": "92"
      }
    },
    {
      "type": "Feature",
      "geometry": {
        "type": "Point",
        "coordinates": [
          2.244103959,
          48.83931798
        ]
      },
      "properties": {
        "name": "Route de la Reine D907 / Rue de l'Ouest",
        "context": "Boulogne-Billancourt, Hauts-de-Seine",
        "citycode": "92012",
        "depcode": "92"
      }
    },
    {
      "type": "Feature",
      "geometry": {
        "type": "Point",
        "coordinates": [
          2.242519678,
          48.839466591
        ]
      },
      "properties": {
        "name": "Route de la Reine D907 / Rue de La Belle Feuille",
        "context": "Boulogne-Billancourt, Hauts-de-Seine",
        "citycode": "92012",
        "depcode": "92"
      }
    },
    {
      "type": "Feature",
      "geometry": {
        "type": "Point",
        "coordinates": [
          2.251189086,
          48.838713259
        ]
      },
      "properties": {
        "name": "Route de la Reine D907 / Rue de la Tourelle",
        "context": "Boulogne-Billancourt, Hauts-de-Seine",
        "citycode": "92012",
        "depcode": "92"
      }
    },
    {
      "type": "Feature",
      "geometry": {
        "type": "Point",
        "coordinates": [
          2.23160858,
          48.840450738
        ]
      },
      "properties": {
        "name": "Route de la Reine D907 / Rue de Silly",
        "context": "Boulogne-Billancourt, Hauts-de-Seine",
        "citycode": "92012",
        "depcode": "92"
      }
    },
    {
      "type": "Feature",
      "geometry": {
        "type": "Point",
        "coordinates": [
          2.244156075,
          48.842049308
        ]
      },
      "properties": {
        "name": "Rue Albert Laurenson / Rue de l'Est",
        "context": "Boulogne-Billancourt, Hauts-de-Seine",
        "citycode": "92012",
        "depcode": "92"
      }
    },
    {
      "type": "Feature",
      "geometry": {
        "type": "Point",
        "coordinates": [
          2.246659126,
          48.84242582
        ]
      },
      "properties": {
        "name": "Rue Albert Laurenson / Rue Denfert-Rochereau",
        "context": "Boulogne-Billancourt, Hauts-de-Seine",
        "citycode": "92012",
        "depcode": "92"
      }
    },
    {
      "type": "Feature",
      "geometry": {
        "type": "Point",
        "coordinates": [
          2.235100078,
          48.845023374
        ]
      },
      "properties": {
        "name": "Rue Alfred Laurant / Avenue Jean Baptiste Clément D103",
        "context": "Boulogne-Billancourt, Hauts-de-Seine",
        "citycode": "92012",
        "depcode": "92"
      }
    },
    {
      "type": "Feature",
      "geometry": {
        "type": "Point",
        "coordinates": [
          2.235564833,
          48.843335727
        ]
      },
      "properties": {
        "name": "Rue Alfred Laurant / Rue Escudier",
        "context": "Boulogne-Billancourt, Hauts-de-Seine",
        "citycode": "92012",
        "depcode": "92"
      }
    },
    {
      "type": "Feature",
      "geometry": {
        "type": "Point",
        "coordinates": [
          2.2350949,
          48.8450292
        ]
      },
      "properties": {
        "name": "Rue Alfred Laurant / Rue Lemoine",
        "context": "Boulogne-Billancourt, Hauts-de-Seine",
        "citycode": "92012",
        "depcode": "92"
      }
    },
    {
      "type": "Feature",
      "geometry": {
        "type": "Point",
        "coordinates": [
          2.233627663,
          48.844683848
        ]
      },
      "properties": {
        "name": "Rue Anna Jacquin / Rue de Montmorency",
        "context": "Boulogne-Billancourt, Hauts-de-Seine",
        "citycode": "92012",
        "depcode": "92"
      }
    },
    {
      "type": "Feature",
      "geometry": {
        "type": "Point",
        "coordinates": [
          2.229971747,
          48.844876279
        ]
      },
      "properties": {
        "name": "Rue Anna Jacquin / Rue des Abondances",
        "context": "Boulogne-Billancourt, Hauts-de-Seine",
        "citycode": "92012",
        "depcode": "92"
      }
    },
    {
      "type": "Feature",
      "geometry": {
        "type": "Point",
        "coordinates": [
          2.231780414,
          48.844779068
        ]
      },
      "properties": {
        "name": "Rue Anna Jacquin / Rue Saint-Denis",
        "context": "Boulogne-Billancourt, Hauts-de-Seine",
        "citycode": "92012",
        "depcode": "92"
      }
    },
    {
      "type": "Feature",
      "geometry": {
        "type": "Point",
        "coordinates": [
          2.237800627,
          48.837982197
        ]
      },
      "properties": {
        "name": "Rue Auguste Perret / Rue d'Aguesseau",
        "context": "Boulogne-Billancourt, Hauts-de-Seine",
        "citycode": "92012",
        "depcode": "92"
      }
    },
    {
      "type": "Feature",
      "geometry": {
        "type": "Point",
        "coordinates": [
          2.247068523,
          48.834661662
        ]
      },
      "properties": {
        "name": "Rue Barthélemy Danjou / Avenue Édouard Vaillant D910",
        "context": "Boulogne-Billancourt, Hauts-de-Seine",
        "citycode": "92012",
        "depcode": "92"
      }
    },
    {
      "type": "Feature",
      "geometry": {
        "type": "Point",
        "coordinates": [
          2.248472358,
          48.83274859
        ]
      },
      "properties": {
        "name": "Rue Barthélemy Danjou / Boulevard de la République D50",
        "context": "Boulogne-Billancourt, Hauts-de-Seine",
        "citycode": "92012",
        "depcode": "92"
      }
    },
    {
      "type": "Feature",
      "geometry": {
        "type": "Point",
        "coordinates": [
          2.248790315,
          48.832182835
        ]
      },
      "properties": {
        "name": "Rue Barthélemy Danjou / Rue du Dôme",
        "context": "Boulogne-Billancourt, Hauts-de-Seine",
        "citycode": "92012",
        "depcode": "92"
      }
    },
    {
      "type": "Feature",
      "geometry": {
        "type": "Point",
        "coordinates": [
          2.24699322,
          48.834706102
        ]
      },
      "properties": {
        "name": "Rue Barthélemy Danjou / Rue Émile Landrin",
        "context": "Boulogne-Billancourt, Hauts-de-Seine",
        "citycode": "92012",
        "depcode": "92"
      }
    },
    {
      "type": "Feature",
      "geometry": {
        "type": "Point",
        "coordinates": [
          2.247979472,
          48.833639903
        ]
      },
      "properties": {
        "name": "Rue Barthélemy Danjou / Rue Marcel Dassault",
        "context": "Boulogne-Billancourt, Hauts-de-Seine",
        "citycode": "92012",
        "depcode": "92"
      }
    },
    {
      "type": "Feature",
      "geometry": {
        "type": "Point",
        "coordinates": [
          2.243005093,
          48.845818968
        ]
      },
      "properties": {
        "name": "Rue Bartholdi / Rue de la Rochefoucauld",
        "context": "Boulogne-Billancourt, Hauts-de-Seine",
        "citycode": "92012",
        "depcode": "92"
      }
    },
    {
      "type": "Feature",
      "geometry": {
        "type": "Point",
        "coordinates": [
          2.242757939,
          48.844169812
        ]
      },
      "properties": {
        "name": "Rue Bartholdi / Rue des Tilleuls",
        "context": "Boulogne-Billancourt, Hauts-de-Seine",
        "citycode": "92012",
        "depcode": "92"
      }
    },
    {
      "type": "Feature",
      "geometry": {
        "type": "Point",
        "coordinates": [
          2.242768253,
          48.844213606
        ]
      },
      "properties": {
        "name": "Rue Bartholdi / Rue Escudier",
        "context": "Boulogne-Billancourt, Hauts-de-Seine",
        "citycode": "92012",
        "depcode": "92"
      }
    },
    {
      "type": "Feature",
      "geometry": {
        "type": "Point",
        "coordinates": [
          2.242910838,
          48.845154604
        ]
      },
      "properties": {
        "name": "Rue Bartholdi / Rue Moreau Vauthier",
        "context": "Boulogne-Billancourt, Hauts-de-Seine",
        "citycode": "92012",
        "depcode": "92"
      }
    },
    {
      "type": "Feature",
      "geometry": {
        "type": "Point",
        "coordinates": [
          2.242877646,
          48.845163096
        ]
      },
      "properties": {
        "name": "Rue Bartholdi / Rue Vauthier",
        "context": "Boulogne-Billancourt, Hauts-de-Seine",
        "citycode": "92012",
        "depcode": "92"
      }
    },
    {
      "type": "Feature",
      "geometry": {
        "type": "Point",
        "coordinates": [
          2.224893381,
          48.840516653
        ]
      },
      "properties": {
        "name": "Rue Béranger / Quai Alphonse Le Gallo D1",
        "context": "Boulogne-Billancourt, Hauts-de-Seine",
        "citycode": "92012",
        "depcode": "92"
      }
    },
    {
      "type": "Feature",
      "geometry": {
        "type": "Point",
        "coordinates": [
          2.228493129,
          48.839924156
        ]
      },
      "properties": {
        "name": "Rue Béranger / Rue de Sèvres",
        "context": "Boulogne-Billancourt, Hauts-de-Seine",
        "citycode": "92012",
        "depcode": "92"
      }
    },
    {
      "type": "Feature",
      "geometry": {
        "type": "Point",
        "coordinates": [
          2.238620195,
          48.83403177
        ]
      },
      "properties": {
        "name": "Rue Blondeau / Rue Carnot",
        "context": "Boulogne-Billancourt, Hauts-de-Seine",
        "citycode": "92012",
        "depcode": "92"
      }
    },
    {
      "type": "Feature",
      "geometry": {
        "type": "Point",
        "coordinates": [
          2.250192663,
          48.835647213
        ]
      },
      "properties": {
        "name": "Rue Cacheux / Avenue Édouard Vaillant D910",
        "context": "Boulogne-Billancourt, Hauts-de-Seine",
        "citycode": "92012",
        "depcode": "92"
      }
    },
    {
      "type": "Feature",
      "geometry": {
        "type": "Point",
        "coordinates": [
          2.241983503,
          48.834599382
        ]
      },
      "properties": {
        "name": "Rue Carnot / Avenue André Morizet D50",
        "context": "Boulogne-Billancourt, Hauts-de-Seine",
        "citycode": "92012",
        "depcode": "92"
      }
    },
    {
      "type": "Feature",
      "geometry": {
        "type": "Point",
        "coordinates": [
          2.237489809,
          48.83389272
        ]
      },
      "properties": {
        "name": "Rue Carnot / Avenue du Maréchal Juin",
        "context": "Boulogne-Billancourt, Hauts-de-Seine",
        "citycode": "92012",
        "depcode": "92"
      }
    },
    {
      "type": "Feature",
      "geometry": {
        "type": "Point",
        "coordinates": [
          2.258169845,
          48.833736112
        ]
      },
      "properties": {
        "name": "Rue Casque d'Or / Avenue de la Voie Lactée",
        "context": "Boulogne-Billancourt, Hauts-de-Seine",
        "citycode": "92012",
        "depcode": "92"
      }
    },
    {
      "type": "Feature",
      "geometry": {
        "type": "Point",
        "coordinates": [
          2.258090293,
          48.83441168
        ]
      },
      "properties": {
        "name": "Rue Casque d'Or / Avenue Le Jour-Se-Lève",
        "context": "Boulogne-Billancourt, Hauts-de-Seine",
        "citycode": "92012",
        "depcode": "92"
      }
    },
    {
      "type": "Feature",
      "geometry": {
        "type": "Point",
        "coordinates": [
          2.257966532,
          48.833951966
        ]
      },
      "properties": {
        "name": "Rue Casque d'Or / Place Abel Gance",
        "context": "Boulogne-Billancourt, Hauts-de-Seine",
        "citycode": "92012",
        "depcode": "92"
      }
    },
    {
      "type": "Feature",
      "geometry": {
        "type": "Point",
        "coordinates": [
          2.258114951,
          48.833748953
        ]
      },
      "properties": {
        "name": "Rue Casque d'Or / Rue Les Enfants du Paradis",
        "context": "Boulogne-Billancourt, Hauts-de-Seine",
        "citycode": "92012",
        "depcode": "92"
      }
    },
    {
      "type": "Feature",
      "geometry": {
        "type": "Point",
        "coordinates": [
          2.237415118,
          48.82976056
        ]
      },
      "properties": {
        "name": "Rue Castéja / Allée Ahmed Boughera El Ouafi",
        "context": "Boulogne-Billancourt, Hauts-de-Seine",
        "citycode": "92012",
        "depcode": "92"
      }
    },
    {
      "type": "Feature",
      "geometry": {
        "type": "Point",
        "coordinates": [
          2.236732583,
          48.831421534
        ]
      },
      "properties": {
        "name": "Rue Castéja / Avenue du Général Leclerc D910",
        "context": "Boulogne-Billancourt, Hauts-de-Seine",
        "citycode": "92012",
        "depcode": "92"
      }
    },
    {
      "type": "Feature",
      "geometry": {
        "type": "Point",
        "coordinates": [
          2.237171333,
          48.830333206
        ]
      },
      "properties": {
        "name": "Rue Castéja / Rampe d'Accès à la Place Haute",
        "context": "Boulogne-Billancourt, Hauts-de-Seine",
        "citycode": "92012",
        "depcode": "92"
      }
    },
    {
      "type": "Feature",
      "geometry": {
        "type": "Point",
        "coordinates": [
          2.23742742,
          48.829766231
        ]
      },
      "properties": {
        "name": "Rue Castéja / Rue du Vieux Pont de Sèvres",
        "context": "Boulogne-Billancourt, Hauts-de-Seine",
        "citycode": "92012",
        "depcode": "92"
      }
    },
    {
      "type": "Feature",
      "geometry": {
        "type": "Point",
        "coordinates": [
          2.243143755,
          48.846348152
        ]
      },
      "properties": {
        "name": "Rue Claude Monet / Passage des Nymphéas",
        "context": "Boulogne-Billancourt, Hauts-de-Seine",
        "citycode": "92012",
        "depcode": "92"
      }
    },
    {
      "type": "Feature",
      "geometry": {
        "type": "Point",
        "coordinates": [
          2.241808608,
          48.846944914
        ]
      },
      "properties": {
        "name": "Rue Claude Monet / Rue Gambetta",
        "context": "Boulogne-Billancourt, Hauts-de-Seine",
        "citycode": "92012",
        "depcode": "92"
      }
    },
    {
      "type": "Feature",
      "geometry": {
        "type": "Point",
        "coordinates": [
          2.232134785,
          48.831711985
        ]
      },
      "properties": {
        "name": "Rue Couchot / Rue de Bellevue",
        "context": "Boulogne-Billancourt, Hauts-de-Seine",
        "citycode": "92012",
        "depcode": "92"
      }
    },
    {
      "type": "Feature",
      "geometry": {
        "type": "Point",
        "coordinates": [
          2.233922118,
          48.832041952
        ]
      },
      "properties": {
        "name": "Rue Couchot / Rue de Silly",
        "context": "Boulogne-Billancourt, Hauts-de-Seine",
        "citycode": "92012",
        "depcode": "92"
      }
    },
    {
      "type": "Feature",
      "geometry": {
        "type": "Point",
        "coordinates": [
          2.237972969,
          48.836330166
        ]
      },
      "properties": {
        "name": "Rue d'Aguesseau / Avenue André Morizet D50",
        "context": "Boulogne-Billancourt, Hauts-de-Seine",
        "citycode": "92012",
        "depcode": "92"
      }
    },
    {
      "type": "Feature",
      "geometry": {
        "type": "Point",
        "coordinates": [
          2.23753603,
          48.839343793
        ]
      },
      "properties": {
        "name": "Rue d'Aguesseau / Passage de Châteaudun",
        "context": "Boulogne-Billancourt, Hauts-de-Seine",
        "citycode": "92012",
        "depcode": "92"
      }
    },
    {
      "type": "Feature",
      "geometry": {
        "type": "Point",
        "coordinates": [
          2.237445608,
          48.839918573
        ]
      },
      "properties": {
        "name": "Rue d'Aguesseau / Route de la Reine D907",
        "context": "Boulogne-Billancourt, Hauts-de-Seine",
        "citycode": "92012",
        "depcode": "92"
      }
    },
    {
      "type": "Feature",
      "geometry": {
        "type": "Point",
        "coordinates": [
          2.238168111,
          48.834564907
        ]
      },
      "properties": {
        "name": "Rue d'Aguesseau / Rue de la Pyramide",
        "context": "Boulogne-Billancourt, Hauts-de-Seine",
        "citycode": "92012",
        "depcode": "92"
      }
    },
    {
      "type": "Feature",
      "geometry": {
        "type": "Point",
        "coordinates": [
          2.236961561,
          48.841666123
        ]
      },
      "properties": {
        "name": "Rue d'Aguesseau / Rue de Paris D102",
        "context": "Boulogne-Billancourt, Hauts-de-Seine",
        "citycode": "92012",
        "depcode": "92"
      }
    },
    {
      "type": "Feature",
      "geometry": {
        "type": "Point",
        "coordinates": [
          2.237973388,
          48.836337795
        ]
      },
      "properties": {
        "name": "Rue d'Aguesseau / Rue Gallieni",
        "context": "Boulogne-Billancourt, Hauts-de-Seine",
        "citycode": "92012",
        "depcode": "92"
      }
    },
    {
      "type": "Feature",
      "geometry": {
        "type": "Point",
        "coordinates": [
          2.238187701,
          48.834733558
        ]
      },
      "properties": {
        "name": "Rue d'Aguesseau / Villa des Tilleuls",
        "context": "Boulogne-Billancourt, Hauts-de-Seine",
        "citycode": "92012",
        "depcode": "92"
      }
    },
    {
      "type": "Feature",
      "geometry": {
        "type": "Point",
        "coordinates": [
          2.237596364,
          48.849615243
        ]
      },
      "properties": {
        "name": "Rue d'Alsace-Lorraine / Avenue Charles de Gaulle D2",
        "context": "Boulogne-Billancourt, Hauts-de-Seine",
        "citycode": "92012",
        "depcode": "92"
      }
    },
    {
      "type": "Feature",
      "geometry": {
        "type": "Point",
        "coordinates": [
          2.240690172,
          48.849109191
        ]
      },
      "properties": {
        "name": "Rue d'Alsace-Lorraine / Boulevard Anatole France",
        "context": "Boulogne-Billancourt, Hauts-de-Seine",
        "citycode": "92012",
        "depcode": "92"
      }
    },
    {
      "type": "Feature",
      "geometry": {
        "type": "Point",
        "coordinates": [
          2.237584214,
          48.849605307
        ]
      },
      "properties": {
        "name": "Rue d'Alsace-Lorraine / Villa Alexandrine",
        "context": "Boulogne-Billancourt, Hauts-de-Seine",
        "citycode": "92012",
        "depcode": "92"
      }
    },
    {
      "type": "Feature",
      "geometry": {
        "type": "Point",
        "coordinates": [
          2.242626766,
          48.829646967
        ]
      },
      "properties": {
        "name": "Rue d'Issy / Allée des Blanchisseuses",
        "context": "Boulogne-Billancourt, Hauts-de-Seine",
        "citycode": "92012",
        "depcode": "92"
      }
    },
    {
      "type": "Feature",
      "geometry": {
        "type": "Point",
        "coordinates": [
          2.2421977,
          48.8297204
        ]
      },
      "properties": {
        "name": "Rue d'Issy / Allée Émile Pouget",
        "context": "Boulogne-Billancourt, Hauts-de-Seine",
        "citycode": "92012",
        "depcode": "92"
      }
    },
    {
      "type": "Feature",
      "geometry": {
        "type": "Point",
        "coordinates": [
          2.246112671,
          48.828962564
        ]
      },
      "properties": {
        "name": "Rue d'Issy / Boulevard Jean Jaurès D2",
        "context": "Boulogne-Billancourt, Hauts-de-Seine",
        "citycode": "92012",
        "depcode": "92"
      }
    },
    {
      "type": "Feature",
      "geometry": {
        "type": "Point",
        "coordinates": [
          2.244147679,
          48.829347251
        ]
      },
      "properties": {
        "name": "Rue d'Issy / Rue de Solférino",
        "context": "Boulogne-Billancourt, Hauts-de-Seine",
        "citycode": "92012",
        "depcode": "92"
      }
    },
    {
      "type": "Feature",
      "geometry": {
        "type": "Point",
        "coordinates": [
          2.246163285,
          48.828904762
        ]
      },
      "properties": {
        "name": "Rue d'Issy / Rue du Point du Jour",
        "context": "Boulogne-Billancourt, Hauts-de-Seine",
        "citycode": "92012",
        "depcode": "92"
      }
    },
    {
      "type": "Feature",
      "geometry": {
        "type": "Point",
        "coordinates": [
          2.242203635,
          48.829723147
        ]
      },
      "properties": {
        "name": "Rue d'Issy / Rue Victor Griffuelhes",
        "context": "Boulogne-Billancourt, Hauts-de-Seine",
        "citycode": "92012",
        "depcode": "92"
      }
    },
    {
      "type": "Feature",
      "geometry": {
        "type": "Point",
        "coordinates": [
          2.244222223,
          48.82484304
        ]
      },
      "properties": {
        "name": "Rue Damiens / Rue Nationale",
        "context": "Boulogne-Billancourt, Hauts-de-Seine",
        "citycode": "92012",
        "depcode": "92"
      }
    },
    {
      "type": "Feature",
      "geometry": {
        "type": "Point",
        "coordinates": [
          2.244284812,
          48.824856604
        ]
      },
      "properties": {
        "name": "Rue Damiens / Rue Traversière",
        "context": "Boulogne-Billancourt, Hauts-de-Seine",
        "citycode": "92012",
        "depcode": "92"
      }
    },
    {
      "type": "Feature",
      "geometry": {
        "type": "Point",
        "coordinates": [
          2.244984828,
          48.826232783
        ]
      },
      "properties": {
        "name": "Rue Damiens / Rue Yves Kermen",
        "context": "Boulogne-Billancourt, Hauts-de-Seine",
        "citycode": "92012",
        "depcode": "92"
      }
    },
    {
      "type": "Feature",
      "geometry": {
        "type": "Point",
        "coordinates": [
          2.246756558,
          48.842295657
        ]
      },
      "properties": {
        "name": "Rue Darcel / Rue Denfert-Rochereau",
        "context": "Boulogne-Billancourt, Hauts-de-Seine",
        "citycode": "92012",
        "depcode": "92"
      }
    },
    {
      "type": "Feature",
      "geometry": {
        "type": "Point",
        "coordinates": [
          2.247726669,
          48.843740559
        ]
      },
      "properties": {
        "name": "Rue Darcel / Rue du Château D102",
        "context": "Boulogne-Billancourt, Hauts-de-Seine",
        "citycode": "92012",
        "depcode": "92"
      }
    },
    {
      "type": "Feature",
      "geometry": {
        "type": "Point",
        "coordinates": [
          2.247350076,
          48.843110704
        ]
      },
      "properties": {
        "name": "Rue Darcel / Rue Salomon Reinach",
        "context": "Boulogne-Billancourt, Hauts-de-Seine",
        "citycode": "92012",
        "depcode": "92"
      }
    },
    {
      "type": "Feature",
      "geometry": {
        "type": "Point",
        "coordinates": [
          2.230293295,
          48.839800797
        ]
      },
      "properties": {
        "name": "Rue de Bellevue / Avenue André Morizet D50",
        "context": "Boulogne-Billancourt, Hauts-de-Seine",
        "citycode": "92012",
        "depcode": "92"
      }
    },
    {
      "type": "Feature",
      "geometry": {
        "type": "Point",
        "coordinates": [
          2.230784636,
          48.835172158
        ]
      },
      "properties": {
        "name": "Rue de Bellevue / Avenue des Mimosas",
        "context": "Boulogne-Billancourt, Hauts-de-Seine",
        "citycode": "92012",
        "depcode": "92"
      }
    },
    {
      "type": "Feature",
      "geometry": {
        "type": "Point",
        "coordinates": [
          2.233029305,
          48.830449919
        ]
      },
      "properties": {
        "name": "Rue de Bellevue / Avenue du Général Leclerc D910",
        "context": "Boulogne-Billancourt, Hauts-de-Seine",
        "citycode": "92012",
        "depcode": "92"
      }
    },
    {
      "type": "Feature",
      "geometry": {
        "type": "Point",
        "coordinates": [
          2.230947829,
          48.834706739
        ]
      },
      "properties": {
        "name": "Rue de Bellevue / Impasse Bellevue",
        "context": "Boulogne-Billancourt, Hauts-de-Seine",
        "citycode": "92012",
        "depcode": "92"
      }
    },
    {
      "type": "Feature",
      "geometry": {
        "type": "Point",
        "coordinates": [
          2.230215169,
          48.840606527
        ]
      },
      "properties": {
        "name": "Rue de Bellevue / Route de la Reine D907",
        "context": "Boulogne-Billancourt, Hauts-de-Seine",
        "citycode": "92012",
        "depcode": "92"
      }
    },
    {
      "type": "Feature",
      "geometry": {
        "type": "Point",
        "coordinates": [
          2.230580674,
          48.836330433
        ]
      },
      "properties": {
        "name": "Rue de Bellevue / Square Bellevue",
        "context": "Boulogne-Billancourt, Hauts-de-Seine",
        "citycode": "92012",
        "depcode": "92"
      }
    },
    {
      "type": "Feature",
      "geometry": {
        "type": "Point",
        "coordinates": [
          2.236493965,
          48.836908978
        ]
      },
      "properties": {
        "name": "Rue de Billancourt / Avenue André Morizet D50",
        "context": "Boulogne-Billancourt, Hauts-de-Seine",
        "citycode": "92012",
        "depcode": "92"
      }
    },
    {
      "type": "Feature",
      "geometry": {
        "type": "Point",
        "coordinates": [
          2.238163083,
          48.832022029
        ]
      },
      "properties": {
        "name": "Rue de Billancourt / Avenue du Général Leclerc D910",
        "context": "Boulogne-Billancourt, Hauts-de-Seine",
        "citycode": "92012",
        "depcode": "92"
      }
    },
    {
      "type": "Feature",
      "geometry": {
        "type": "Point",
        "coordinates": [
          2.237455597,
          48.833940779
        ]
      },
      "properties": {
        "name": "Rue de Billancourt / Avenue du Maréchal Juin",
        "context": "Boulogne-Billancourt, Hauts-de-Seine",
        "citycode": "92012",
        "depcode": "92"
      }
    },
    {
      "type": "Feature",
      "geometry": {
        "type": "Point",
        "coordinates": [
          2.234438206,
          48.844683125
        ]
      },
      "properties": {
        "name": "Rue de Billancourt / Avenue Jean Baptiste Clément D103",
        "context": "Boulogne-Billancourt, Hauts-de-Seine",
        "citycode": "92012",
        "depcode": "92"
      }
    },
    {
      "type": "Feature",
      "geometry": {
        "type": "Point",
        "coordinates": [
          2.237523037,
          48.833844191
        ]
      },
      "properties": {
        "name": "Rue de Billancourt / Rue Carnot",
        "context": "Boulogne-Billancourt, Hauts-de-Seine",
        "citycode": "92012",
        "depcode": "92"
      }
    },
    {
      "type": "Feature",
      "geometry": {
        "type": "Point",
        "coordinates": [
          2.234579763,
          48.84328915
        ]
      },
      "properties": {
        "name": "Rue de Billancourt / Rue Escudier",
        "context": "Boulogne-Billancourt, Hauts-de-Seine",
        "citycode": "92012",
        "depcode": "92"
      }
    },
    {
      "type": "Feature",
      "geometry": {
        "type": "Point",
        "coordinates": [
          2.236626483,
          48.836161671
        ]
      },
      "properties": {
        "name": "Rue de Billancourt / Rue Gallieni",
        "context": "Boulogne-Billancourt, Hauts-de-Seine",
        "citycode": "92012",
        "depcode": "92"
      }
    },
    {
      "type": "Feature",
      "geometry": {
        "type": "Point",
        "coordinates": [
          2.237322576,
          48.834380714
        ]
      },
      "properties": {
        "name": "Rue de Billancourt / Sente de la Pyramide",
        "context": "Boulogne-Billancourt, Hauts-de-Seine",
        "citycode": "92012",
        "depcode": "92"
      }
    },
    {
      "type": "Feature",
      "geometry": {
        "type": "Point",
        "coordinates": [
          2.236035381,
          48.839163143
        ]
      },
      "properties": {
        "name": "Rue de Châteaudun / Passage de Châteaudun",
        "context": "Boulogne-Billancourt, Hauts-de-Seine",
        "citycode": "92012",
        "depcode": "92"
      }
    },
    {
      "type": "Feature",
      "geometry": {
        "type": "Point",
        "coordinates": [
          2.236017985,
          48.839161242
        ]
      },
      "properties": {
        "name": "Rue de Châteaudun / Rue de Billancourt",
        "context": "Boulogne-Billancourt, Hauts-de-Seine",
        "citycode": "92012",
        "depcode": "92"
      }
    },
    {
      "type": "Feature",
      "geometry": {
        "type": "Point",
        "coordinates": [
          2.23408924,
          48.838947505
        ]
      },
      "properties": {
        "name": "Rue de Châteaudun / Rue de l'Ancienne Mairie",
        "context": "Boulogne-Billancourt, Hauts-de-Seine",
        "citycode": "92012",
        "depcode": "92"
      }
    },
    {
      "type": "Feature",
      "geometry": {
        "type": "Point",
        "coordinates": [
          2.243584959,
          48.830942178
        ]
      },
      "properties": {
        "name": "Rue de Clamart / Allée des Dominicaines",
        "context": "Boulogne-Billancourt, Hauts-de-Seine",
        "citycode": "92012",
        "depcode": "92"
      }
    },
    {
      "type": "Feature",
      "geometry": {
        "type": "Point",
        "coordinates": [
          2.245382181,
          48.830320554
        ]
      },
      "properties": {
        "name": "Rue de Clamart / Boulevard Jean Jaurès D2",
        "context": "Boulogne-Billancourt, Hauts-de-Seine",
        "citycode": "92012",
        "depcode": "92"
      }
    },
    {
      "type": "Feature",
      "geometry": {
        "type": "Point",
        "coordinates": [
          2.24471926,
          48.830563051
        ]
      },
      "properties": {
        "name": "Rue de Clamart / Rue de Solférino",
        "context": "Boulogne-Billancourt, Hauts-de-Seine",
        "citycode": "92012",
        "depcode": "92"
      }
    },
    {
      "type": "Feature",
      "geometry": {
        "type": "Point",
        "coordinates": [
          2.233691059,
          48.83822628
        ]
      },
      "properties": {
        "name": "Rue de Koufra / Avenue André Morizet D50",
        "context": "Boulogne-Billancourt, Hauts-de-Seine",
        "citycode": "92012",
        "depcode": "92"
      }
    },
    {
      "type": "Feature",
      "geometry": {
        "type": "Point",
        "coordinates": [
          2.233140198,
          48.837006225
        ]
      },
      "properties": {
        "name": "Rue de Koufra / Rue du 6 Juin 1944",
        "context": "Boulogne-Billancourt, Hauts-de-Seine",
        "citycode": "92012",
        "depcode": "92"
      }
    },
    {
      "type": "Feature",
      "geometry": {
        "type": "Point",
        "coordinates": [
          2.227355164,
          48.847969258
        ]
      },
      "properties": {
        "name": "Rue de l'Abreuvoir / Quai du Quatre Septembre D1",
        "context": "Boulogne-Billancourt, Hauts-de-Seine",
        "citycode": "92012",
        "depcode": "92"
      }
    },
    {
      "type": "Feature",
      "geometry": {
        "type": "Point",
        "coordinates": [
          2.234700066,
          48.846920302
        ]
      },
      "properties": {
        "name": "Rue de l'Abreuvoir / Rue des Menus",
        "context": "Boulogne-Billancourt, Hauts-de-Seine",
        "citycode": "92012",
        "depcode": "92"
      }
    },
    {
      "type": "Feature",
      "geometry": {
        "type": "Point",
        "coordinates": [
          2.233429254,
          48.847264
        ]
      },
      "properties": {
        "name": "Rue de l'Abreuvoir / Rue des Victoires",
        "context": "Boulogne-Billancourt, Hauts-de-Seine",
        "citycode": "92012",
        "depcode": "92"
      }
    },
    {
      "type": "Feature",
      "geometry": {
        "type": "Point",
        "coordinates": [
          2.234708698,
          48.846913887
        ]
      },
      "properties": {
        "name": "Rue de l'Abreuvoir / Rue du Parchamp",
        "context": "Boulogne-Billancourt, Hauts-de-Seine",
        "citycode": "92012",
        "depcode": "92"
      }
    },
    {
      "type": "Feature",
      "geometry": {
        "type": "Point",
        "coordinates": [
          2.234699588,
          48.846908496
        ]
      },
      "properties": {
        "name": "Rue de l'Abreuvoir / Rue Mahias",
        "context": "Boulogne-Billancourt, Hauts-de-Seine",
        "citycode": "92012",
        "depcode": "92"
      }
    },
    {
      "type": "Feature",
      "geometry": {
        "type": "Point",
        "coordinates": [
          2.234205039,
          48.837993622
        ]
      },
      "properties": {
        "name": "Rue de l'Ancienne Mairie / Avenue André Morizet D50",
        "context": "Boulogne-Billancourt, Hauts-de-Seine",
        "citycode": "92012",
        "depcode": "92"
      }
    },
    {
      "type": "Feature",
      "geometry": {
        "type": "Point",
        "coordinates": [
          2.233902394,
          48.840265943
        ]
      },
      "properties": {
        "name": "Rue de l'Ancienne Mairie / Route de la Reine D907",
        "context": "Boulogne-Billancourt, Hauts-de-Seine",
        "citycode": "92012",
        "depcode": "92"
      }
    },
    {
      "type": "Feature",
      "geometry": {
        "type": "Point",
        "coordinates": [
          2.234869777,
          48.841597545
        ]
      },
      "properties": {
        "name": "Rue de l'Ancienne Mairie / Rue de Billancourt",
        "context": "Boulogne-Billancourt, Hauts-de-Seine",
        "citycode": "92012",
        "depcode": "92"
      }
    },
    {
      "type": "Feature",
      "geometry": {
        "type": "Point",
        "coordinates": [
          2.234852357,
          48.841604232
        ]
      },
      "properties": {
        "name": "Rue de l'Ancienne Mairie / Rue de Paris D102",
        "context": "Boulogne-Billancourt, Hauts-de-Seine",
        "citycode": "92012",
        "depcode": "92"
      }
    },
    {
      "type": "Feature",
      "geometry": {
        "type": "Point",
        "coordinates": [
          2.234418619,
          48.836325648
        ]
      },
      "properties": {
        "name": "Rue de l'Ancienne Mairie / Rue du 25 Août 1944",
        "context": "Boulogne-Billancourt, Hauts-de-Seine",
        "citycode": "92012",
        "depcode": "92"
      }
    },
    {
      "type": "Feature",
      "geometry": {
        "type": "Point",
        "coordinates": [
          2.234488652,
          48.835902128
        ]
      },
      "properties": {
        "name": "Rue de l'Ancienne Mairie / Rue Gallieni",
        "context": "Boulogne-Billancourt, Hauts-de-Seine",
        "citycode": "92012",
        "depcode": "92"
      }
    },
    {
      "type": "Feature",
      "geometry": {
        "type": "Point",
        "coordinates": [
          2.234044044,
          48.839077258
        ]
      },
      "properties": {
        "name": "Rue de l'Ancienne Mairie / Villa de la Mairie",
        "context": "Boulogne-Billancourt, Hauts-de-Seine",
        "citycode": "92012",
        "depcode": "92"
      }
    },
    {
      "type": "Feature",
      "geometry": {
        "type": "Point",
        "coordinates": [
          2.236150337,
          48.845513804
        ]
      },
      "properties": {
        "name": "Rue de l'Église / Avenue Jean Baptiste Clément D103",
        "context": "Boulogne-Billancourt, Hauts-de-Seine",
        "citycode": "92012",
        "depcode": "92"
      }
    },
    {
      "type": "Feature",
      "geometry": {
        "type": "Point",
        "coordinates": [
          2.236141196,
          48.8455
        ]
      },
      "properties": {
        "name": "Rue de l'Église / Rue d'Aguesseau",
        "context": "Boulogne-Billancourt, Hauts-de-Seine",
        "citycode": "92012",
        "depcode": "92"
      }
    },
    {
      "type": "Feature",
      "geometry": {
        "type": "Point",
        "coordinates": [
          2.236027846,
          48.846793694
        ]
      },
      "properties": {
        "name": "Rue de l'Église / Rue du Parchamp",
        "context": "Boulogne-Billancourt, Hauts-de-Seine",
        "citycode": "92012",
        "depcode": "92"
      }
    },
    {
      "type": "Feature",
      "geometry": {
        "type": "Point",
        "coordinates": [
          2.23603731,
          48.846406034
        ]
      },
      "properties": {
        "name": "Rue de l'Église / Rue Tisserant",
        "context": "Boulogne-Billancourt, Hauts-de-Seine",
        "citycode": "92012",
        "depcode": "92"
      }
    },
    {
      "type": "Feature",
      "geometry": {
        "type": "Point",
        "coordinates": [
          2.245542746,
          48.839204493
        ]
      },
      "properties": {
        "name": "Rue de l'Est / Route de la Reine D907",
        "context": "Boulogne-Billancourt, Hauts-de-Seine",
        "citycode": "92012",
        "depcode": "92"
      }
    },
    {
      "type": "Feature",
      "geometry": {
        "type": "Point",
        "coordinates": [
          2.245044239,
          48.840075225
        ]
      },
      "properties": {
        "name": "Rue de l'Est / Rue de Paris",
        "context": "Boulogne-Billancourt, Hauts-de-Seine",
        "citycode": "92012",
        "depcode": "92"
      }
    },
    {
      "type": "Feature",
      "geometry": {
        "type": "Point",
        "coordinates": [
          2.243385513,
          48.84396007
        ]
      },
      "properties": {
        "name": "Rue de l'Est / Rue des Tilleuls",
        "context": "Boulogne-Billancourt, Hauts-de-Seine",
        "citycode": "92012",
        "depcode": "92"
      }
    },
    {
      "type": "Feature",
      "geometry": {
        "type": "Point",
        "coordinates": [
          2.245177289,
          48.837239775
        ]
      },
      "properties": {
        "name": "Rue de l'Est / Rue Gallieni",
        "context": "Boulogne-Billancourt, Hauts-de-Seine",
        "citycode": "92012",
        "depcode": "92"
      }
    },
    {
      "type": "Feature",
      "geometry": {
        "type": "Point",
        "coordinates": [
          2.245170231,
          48.83723201
        ]
      },
      "properties": {
        "name": "Rue de l'Est / Sente Maitre-Jacques",
        "context": "Boulogne-Billancourt, Hauts-de-Seine",
        "citycode": "92012",
        "depcode": "92"
      }
    },
    {
      "type": "Feature",
      "geometry": {
        "type": "Point",
        "coordinates": [
          2.244090779,
          48.83929082
        ]
      },
      "properties": {
        "name": "Rue de l'Ouest / Route de la Reine D907",
        "context": "Boulogne-Billancourt, Hauts-de-Seine",
        "citycode": "92012",
        "depcode": "92"
      }
    },
    {
      "type": "Feature",
      "geometry": {
        "type": "Point",
        "coordinates": [
          2.243621913,
          48.837174026
        ]
      },
      "properties": {
        "name": "Rue de l'Ouest / Rue de La Belle Feuille",
        "context": "Boulogne-Billancourt, Hauts-de-Seine",
        "citycode": "92012",
        "depcode": "92"
      }
    },
    {
      "type": "Feature",
      "geometry": {
        "type": "Point",
        "coordinates": [
          2.243640046,
          48.837082281
        ]
      },
      "properties": {
        "name": "Rue de l'Ouest / Rue Gallieni",
        "context": "Boulogne-Billancourt, Hauts-de-Seine",
        "citycode": "92012",
        "depcode": "92"
      }
    },
    {
      "type": "Feature",
      "geometry": {
        "type": "Point",
        "coordinates": [
          2.244500032,
          48.835190819
        ]
      },
      "properties": {
        "name": "Rue de La Belle Feuille / Avenue Victor Hugo",
        "context": "Boulogne-Billancourt, Hauts-de-Seine",
        "citycode": "92012",
        "depcode": "92"
      }
    },
    {
      "type": "Feature",
      "geometry": {
        "type": "Point",
        "coordinates": [
          2.243641732,
          48.837039934
        ]
      },
      "properties": {
        "name": "Rue de La Belle Feuille / Rue Gallieni",
        "context": "Boulogne-Billancourt, Hauts-de-Seine",
        "citycode": "92012",
        "depcode": "92"
      }
    },
    {
      "type": "Feature",
      "geometry": {
        "type": "Point",
        "coordinates": [
          2.244177572,
          48.835589607
        ]
      },
      "properties": {
        "name": "Rue de La Belle Feuille / Rue Georges Sorel",
        "context": "Boulogne-Billancourt, Hauts-de-Seine",
        "citycode": "92012",
        "depcode": "92"
      }
    },
    {
      "type": "Feature",
      "geometry": {
        "type": "Point",
        "coordinates": [
          2.238190842,
          48.831928378
        ]
      },
      "properties": {
        "name": "Rue de la Ferme / Avenue du Général Leclerc D910",
        "context": "Boulogne-Billancourt, Hauts-de-Seine",
        "citycode": "92012",
        "depcode": "92"
      }
    },
    {
      "type": "Feature",
      "geometry": {
        "type": "Point",
        "coordinates": [
          2.238814179,
          48.830316146
        ]
      },
      "properties": {
        "name": "Rue de la Ferme / Place Bir-Hakeim",
        "context": "Boulogne-Billancourt, Hauts-de-Seine",
        "citycode": "92012",
        "depcode": "92"
      }
    },
    {
      "type": "Feature",
      "geometry": {
        "type": "Point",
        "coordinates": [
          2.238185833,
          48.831940096
        ]
      },
      "properties": {
        "name": "Rue de la Ferme / Rue de Billancourt",
        "context": "Boulogne-Billancourt, Hauts-de-Seine",
        "citycode": "92012",
        "depcode": "92"
      }
    },
    {
      "type": "Feature",
      "geometry": {
        "type": "Point",
        "coordinates": [
          2.238843814,
          48.83031031
        ]
      },
      "properties": {
        "name": "Rue de la Ferme / Rue du Vieux Pont de Sèvres",
        "context": "Boulogne-Billancourt, Hauts-de-Seine",
        "citycode": "92012",
        "depcode": "92"
      }
    },
    {
      "type": "Feature",
      "geometry": {
        "type": "Point",
        "coordinates": [
          2.235856795,
          48.841644646
        ]
      },
      "properties": {
        "name": "Rue de La Paix / Rue de Paris D102",
        "context": "Boulogne-Billancourt, Hauts-de-Seine",
        "citycode": "92012",
        "depcode": "92"
      }
    },
    {
      "type": "Feature",
      "geometry": {
        "type": "Point",
        "coordinates": [
          2.238150246,
          48.834558486
        ]
      },
      "properties": {
        "name": "Rue de la Pyramide / Rue d'Aguesseau",
        "context": "Boulogne-Billancourt, Hauts-de-Seine",
        "citycode": "92012",
        "depcode": "92"
      }
    },
    {
      "type": "Feature",
      "geometry": {
        "type": "Point",
        "coordinates": [
          2.237329782,
          48.834411665
        ]
      },
      "properties": {
        "name": "Rue de la Pyramide / Rue de Billancourt",
        "context": "Boulogne-Billancourt, Hauts-de-Seine",
        "citycode": "92012",
        "depcode": "92"
      }
    },
    {
      "type": "Feature",
      "geometry": {
        "type": "Point",
        "coordinates": [
          2.239470932,
          48.834752431
        ]
      },
      "properties": {
        "name": "Rue de la Pyramide / Rue Paul Bert",
        "context": "Boulogne-Billancourt, Hauts-de-Seine",
        "citycode": "92012",
        "depcode": "92"
      }
    },
    {
      "type": "Feature",
      "geometry": {
        "type": "Point",
        "coordinates": [
          2.237326246,
          48.834396382
        ]
      },
      "properties": {
        "name": "Rue de la Pyramide / Sente de la Pyramide",
        "context": "Boulogne-Billancourt, Hauts-de-Seine",
        "citycode": "92012",
        "depcode": "92"
      }
    },
    {
      "type": "Feature",
      "geometry": {
        "type": "Point",
        "coordinates": [
          2.238691044,
          48.846540287
        ]
      },
      "properties": {
        "name": "Rue de la Rochefoucauld / Avenue Jean Baptiste Clément D103",
        "context": "Boulogne-Billancourt, Hauts-de-Seine",
        "citycode": "92012",
        "depcode": "92"
      }
    },
    {
      "type": "Feature",
      "geometry": {
        "type": "Point",
        "coordinates": [
          2.243073594,
          48.845824781
        ]
      },
      "properties": {
        "name": "Rue de la Rochefoucauld / Rue Bartholdi",
        "context": "Boulogne-Billancourt, Hauts-de-Seine",
        "citycode": "92012",
        "depcode": "92"
      }
    },
    {
      "type": "Feature",
      "geometry": {
        "type": "Point",
        "coordinates": [
          2.244555086,
          48.845663737
        ]
      },
      "properties": {
        "name": "Rue de la Rochefoucauld / Rue Denfert-Rochereau",
        "context": "Boulogne-Billancourt, Hauts-de-Seine",
        "citycode": "92012",
        "depcode": "92"
      }
    },
    {
      "type": "Feature",
      "geometry": {
        "type": "Point",
        "coordinates": [
          2.240920796,
          48.846142143
        ]
      },
      "properties": {
        "name": "Rue de la Rochefoucauld / Rue Gambetta",
        "context": "Boulogne-Billancourt, Hauts-de-Seine",
        "citycode": "92012",
        "depcode": "92"
      }
    },
    {
      "type": "Feature",
      "geometry": {
        "type": "Point",
        "coordinates": [
          2.244629875,
          48.84563365
        ]
      },
      "properties": {
        "name": "Rue de la Rochefoucauld / Rue Gutenberg",
        "context": "Boulogne-Billancourt, Hauts-de-Seine",
        "citycode": "92012",
        "depcode": "92"
      }
    },
    {
      "type": "Feature",
      "geometry": {
        "type": "Point",
        "coordinates": [
          2.241674572,
          48.835717082
        ]
      },
      "properties": {
        "name": "Rue de la Saussière / Allée Gustave Delory",
        "context": "Boulogne-Billancourt, Hauts-de-Seine",
        "citycode": "92012",
        "depcode": "92"
      }
    },
    {
      "type": "Feature",
      "geometry": {
        "type": "Point",
        "coordinates": [
          2.239756558,
          48.839683805
        ]
      },
      "properties": {
        "name": "Rue de la Saussière / Boulevard Jean Jaurès D2",
        "context": "Boulogne-Billancourt, Hauts-de-Seine",
        "citycode": "92012",
        "depcode": "92"
      }
    },
    {
      "type": "Feature",
      "geometry": {
        "type": "Point",
        "coordinates": [
          2.239764374,
          48.83969046
        ]
      },
      "properties": {
        "name": "Rue de la Saussière / Route de la Reine D907",
        "context": "Boulogne-Billancourt, Hauts-de-Seine",
        "citycode": "92012",
        "depcode": "92"
      }
    },
    {
      "type": "Feature",
      "geometry": {
        "type": "Point",
        "coordinates": [
          2.240893589,
          48.836688934
        ]
      },
      "properties": {
        "name": "Rue de la Saussière / Rue Gallieni",
        "context": "Boulogne-Billancourt, Hauts-de-Seine",
        "citycode": "92012",
        "depcode": "92"
      }
    },
    {
      "type": "Feature",
      "geometry": {
        "type": "Point",
        "coordinates": [
          2.242169852,
          48.835235792
        ]
      },
      "properties": {
        "name": "Rue de la Saussière / Rue Georges Sorel",
        "context": "Boulogne-Billancourt, Hauts-de-Seine",
        "citycode": "92012",
        "depcode": "92"
      }
    },
    {
      "type": "Feature",
      "geometry": {
        "type": "Point",
        "coordinates": [
          2.241283074,
          48.836058455
        ]
      },
      "properties": {
        "name": "Rue de la Saussière / Rue Jules Henripré",
        "context": "Boulogne-Billancourt, Hauts-de-Seine",
        "citycode": "92012",
        "depcode": "92"
      }
    },
    {
      "type": "Feature",
      "geometry": {
        "type": "Point",
        "coordinates": [
          2.251783962,
          48.845495639
        ]
      },
      "properties": {
        "name": "Rue de la Tourelle / Boulevard d'Auteuil",
        "context": "Boulogne-Billancourt, Hauts-de-Seine",
        "citycode": "92012",
        "depcode": "92"
      }
    },
    {
      "type": "Feature",
      "geometry": {
        "type": "Point",
        "coordinates": [
          2.250895361,
          48.843129465
        ]
      },
      "properties": {
        "name": "Rue de la Tourelle / Impasse Moreau",
        "context": "Boulogne-Billancourt, Hauts-de-Seine",
        "citycode": "92012",
        "depcode": "92"
      }
    },
    {
      "type": "Feature",
      "geometry": {
        "type": "Point",
        "coordinates": [
          2.250613969,
          48.8422574
        ]
      },
      "properties": {
        "name": "Rue de la Tourelle / Place de l'Europe",
        "context": "Boulogne-Billancourt, Hauts-de-Seine",
        "citycode": "92012",
        "depcode": "92"
      }
    },
    {
      "type": "Feature",
      "geometry": {
        "type": "Point",
        "coordinates": [
          2.251093243,
          48.83919639
        ]
      },
      "properties": {
        "name": "Rue de la Tourelle / Rue des Princes",
        "context": "Boulogne-Billancourt, Hauts-de-Seine",
        "citycode": "92012",
        "depcode": "92"
      }
    },
    {
      "type": "Feature",
      "geometry": {
        "type": "Point",
        "coordinates": [
          2.250928794,
          48.840330677
        ]
      },
      "properties": {
        "name": "Rue de la Tourelle / Rue du Belvédère",
        "context": "Boulogne-Billancourt, Hauts-de-Seine",
        "citycode": "92012",
        "depcode": "92"
      }
    },
    {
      "type": "Feature",
      "geometry": {
        "type": "Point",
        "coordinates": [
          2.251425755,
          48.84451178
        ]
      },
      "properties": {
        "name": "Rue de la Tourelle / Rue du Château D102",
        "context": "Boulogne-Billancourt, Hauts-de-Seine",
        "citycode": "92012",
        "depcode": "92"
      }
    },
    {
      "type": "Feature",
      "geometry": {
        "type": "Point",
        "coordinates": [
          2.251149223,
          48.839121137
        ]
      },
      "properties": {
        "name": "Rue de la Tourelle / Rue du Parc",
        "context": "Boulogne-Billancourt, Hauts-de-Seine",
        "citycode": "92012",
        "depcode": "92"
      }
    },
    {
      "type": "Feature",
      "geometry": {
        "type": "Point",
        "coordinates": [
          2.250566964,
          48.842177297
        ]
      },
      "properties": {
        "name": "Rue de la Tourelle / Rue du Pavillon",
        "context": "Boulogne-Billancourt, Hauts-de-Seine",
        "citycode": "92012",
        "depcode": "92"
      }
    },
    {
      "type": "Feature",
      "geometry": {
        "type": "Point",
        "coordinates": [
          2.250649192,
          48.842371324
        ]
      },
      "properties": {
        "name": "Rue de la Tourelle / Rue du Vélodrome",
        "context": "Boulogne-Billancourt, Hauts-de-Seine",
        "citycode": "92012",
        "depcode": "92"
      }
    },
    {
      "type": "Feature",
      "geometry": {
        "type": "Point",
        "coordinates": [
          2.251221962,
          48.843944521
        ]
      },
      "properties": {
        "name": "Rue de la Tourelle / Rue Joseph Bernard",
        "context": "Boulogne-Billancourt, Hauts-de-Seine",
        "citycode": "92012",
        "depcode": "92"
      }
    },
    {
      "type": "Feature",
      "geometry": {
        "type": "Point",
        "coordinates": [
          2.242191845,
          48.829717683
        ]
      },
      "properties": {
        "name": "Rue de Meudon / Allée Émile Pouget",
        "context": "Boulogne-Billancourt, Hauts-de-Seine",
        "citycode": "92012",
        "depcode": "92"
      }
    },
    {
      "type": "Feature",
      "geometry": {
        "type": "Point",
        "coordinates": [
          2.241829216,
          48.824387381
        ]
      },
      "properties": {
        "name": "Rue de Meudon / Avenue Pierre Lefaucheux",
        "context": "Boulogne-Billancourt, Hauts-de-Seine",
        "citycode": "92012",
        "depcode": "92"
      }
    },
    {
      "type": "Feature",
      "geometry": {
        "type": "Point",
        "coordinates": [
          2.24201556,
          48.827160044
        ]
      },
      "properties": {
        "name": "Rue de Meudon / Place Jules Guesde",
        "context": "Boulogne-Billancourt, Hauts-de-Seine",
        "citycode": "92012",
        "depcode": "92"
      }
    },
    {
      "type": "Feature",
      "geometry": {
        "type": "Point",
        "coordinates": [
          2.242210706,
          48.829708276
        ]
      },
      "properties": {
        "name": "Rue de Meudon / Rue d'Issy",
        "context": "Boulogne-Billancourt, Hauts-de-Seine",
        "citycode": "92012",
        "depcode": "92"
      }
    },
    {
      "type": "Feature",
      "geometry": {
        "type": "Point",
        "coordinates": [
          2.24190813,
          48.82556623
        ]
      },
      "properties": {
        "name": "Rue de Meudon / Rue Marcel Bontemps",
        "context": "Boulogne-Billancourt, Hauts-de-Seine",
        "citycode": "92012",
        "depcode": "92"
      }
    },
    {
      "type": "Feature",
      "geometry": {
        "type": "Point",
        "coordinates": [
          2.241853335,
          48.824381241
        ]
      },
      "properties": {
        "name": "Rue de Meudon / Rue Traversière",
        "context": "Boulogne-Billancourt, Hauts-de-Seine",
        "citycode": "92012",
        "depcode": "92"
      }
    },
    {
      "type": "Feature",
      "geometry": {
        "type": "Point",
        "coordinates": [
          2.242197701,
          48.8297204
        ]
      },
      "properties": {
        "name": "Rue de Meudon / Rue Victor Griffuelhes",
        "context": "Boulogne-Billancourt, Hauts-de-Seine",
        "citycode": "92012",
        "depcode": "92"
      }
    },
    {
      "type": "Feature",
      "geometry": {
        "type": "Point",
        "coordinates": [
          2.233812968,
          48.844441858
        ]
      },
      "properties": {
        "name": "Rue de Montmorency / Avenue Jean Baptiste Clément D103",
        "context": "Boulogne-Billancourt, Hauts-de-Seine",
        "citycode": "92012",
        "depcode": "92"
      }
    },
    {
      "type": "Feature",
      "geometry": {
        "type": "Point",
        "coordinates": [
          2.233598166,
          48.846438195
        ]
      },
      "properties": {
        "name": "Rue de Montmorency / Rue des Fossés Saint-Denis",
        "context": "Boulogne-Billancourt, Hauts-de-Seine",
        "citycode": "92012",
        "depcode": "92"
      }
    },
    {
      "type": "Feature",
      "geometry": {
        "type": "Point",
        "coordinates": [
          2.233644908,
          48.845398808
        ]
      },
      "properties": {
        "name": "Rue de Montmorency / Rue Petibon",
        "context": "Boulogne-Billancourt, Hauts-de-Seine",
        "citycode": "92012",
        "depcode": "92"
      }
    },
    {
      "type": "Feature",
      "geometry": {
        "type": "Point",
        "coordinates": [
          2.233673928,
          48.846395037
        ]
      },
      "properties": {
        "name": "Rue de Montmorency / Rue Tisserant",
        "context": "Boulogne-Billancourt, Hauts-de-Seine",
        "citycode": "92012",
        "depcode": "92"
      }
    },
    {
      "type": "Feature",
      "geometry": {
        "type": "Point",
        "coordinates": [
          2.228859444,
          48.840889919
        ]
      },
      "properties": {
        "name": "Rue de Paris D102 / Avenue Jean Baptiste Clément D103",
        "context": "Boulogne-Billancourt, Hauts-de-Seine",
        "citycode": "92012",
        "depcode": "92"
      }
    },
    {
      "type": "Feature",
      "geometry": {
        "type": "Point",
        "coordinates": [
          2.247279877,
          48.839738958
        ]
      },
      "properties": {
        "name": "Rue de Paris / Avenue Victor Hugo",
        "context": "Boulogne-Billancourt, Hauts-de-Seine",
        "citycode": "92012",
        "depcode": "92"
      }
    },
    {
      "type": "Feature",
      "geometry": {
        "type": "Point",
        "coordinates": [
          2.239061247,
          48.841432839
        ]
      },
      "properties": {
        "name": "Rue de Paris / Boulevard Jean Jaurès D2",
        "context": "Boulogne-Billancourt, Hauts-de-Seine",
        "citycode": "92012",
        "depcode": "92"
      }
    },
    {
      "type": "Feature",
      "geometry": {
        "type": "Point",
        "coordinates": [
          2.228871975,
          48.840827881
        ]
      },
      "properties": {
        "name": "Rue de Paris D102 / Rond-Point Rhin et Danube",
        "context": "Boulogne-Billancourt, Hauts-de-Seine",
        "citycode": "92012",
        "depcode": "92"
      }
    },
    {
      "type": "Feature",
      "geometry": {
        "type": "Point",
        "coordinates": [
          2.228979302,
          48.840792185
        ]
      },
      "properties": {
        "name": "Rue de Paris D102 / Route de la Reine D907",
        "context": "Boulogne-Billancourt, Hauts-de-Seine",
        "citycode": "92012",
        "depcode": "92"
      }
    },
    {
      "type": "Feature",
      "geometry": {
        "type": "Point",
        "coordinates": [
          2.230277204,
          48.841117261
        ]
      },
      "properties": {
        "name": "Rue de Paris D102 / Rue de Bellevue",
        "context": "Boulogne-Billancourt, Hauts-de-Seine",
        "citycode": "92012",
        "depcode": "92"
      }
    },
    {
      "type": "Feature",
      "geometry": {
        "type": "Point",
        "coordinates": [
          2.234879093,
          48.841611616
        ]
      },
      "properties": {
        "name": "Rue de Paris D102 / Rue de Billancourt",
        "context": "Boulogne-Billancourt, Hauts-de-Seine",
        "citycode": "92012",
        "depcode": "92"
      }
    },
    {
      "type": "Feature",
      "geometry": {
        "type": "Point",
        "coordinates": [
          2.245001026,
          48.840098576
        ]
      },
      "properties": {
        "name": "Rue de Paris / Rue de l'Est",
        "context": "Boulogne-Billancourt, Hauts-de-Seine",
        "citycode": "92012",
        "depcode": "92"
      }
    },
    {
      "type": "Feature",
      "geometry": {
        "type": "Point",
        "coordinates": [
          2.251146363,
          48.838948974
        ]
      },
      "properties": {
        "name": "Rue de Paris / Rue de la Tourelle",
        "context": "Boulogne-Billancourt, Hauts-de-Seine",
        "citycode": "92012",
        "depcode": "92"
      }
    },
    {
      "type": "Feature",
      "geometry": {
        "type": "Point",
        "coordinates": [
          2.231292125,
          48.841359791
        ]
      },
      "properties": {
        "name": "Rue de Paris D102 / Rue de Silly",
        "context": "Boulogne-Billancourt, Hauts-de-Seine",
        "citycode": "92012",
        "depcode": "92"
      }
    },
    {
      "type": "Feature",
      "geometry": {
        "type": "Point",
        "coordinates": [
          2.250501698,
          48.828388982
        ]
      },
      "properties": {
        "name": "Rue de Seine / Avenue Pierre Grenier D101",
        "context": "Boulogne-Billancourt, Hauts-de-Seine",
        "citycode": "92012",
        "depcode": "92"
      }
    },
    {
      "type": "Feature",
      "geometry": {
        "type": "Point",
        "coordinates": [
          2.251827401,
          48.826867455
        ]
      },
      "properties": {
        "name": "Rue de Seine / Quai du Point du Jour D1",
        "context": "Boulogne-Billancourt, Hauts-de-Seine",
        "citycode": "92012",
        "depcode": "92"
      }
    },
    {
      "type": "Feature",
      "geometry": {
        "type": "Point",
        "coordinates": [
          2.249313664,
          48.829714421
        ]
      },
      "properties": {
        "name": "Rue de Seine / Rue du Point du Jour",
        "context": "Boulogne-Billancourt, Hauts-de-Seine",
        "citycode": "92012",
        "depcode": "92"
      }
    },
    {
      "type": "Feature",
      "geometry": {
        "type": "Point",
        "coordinates": [
          2.228677366,
          48.840368989
        ]
      },
      "properties": {
        "name": "Rue de Sèvres / Avenue André Morizet",
        "context": "Boulogne-Billancourt, Hauts-de-Seine",
        "citycode": "92012",
        "depcode": "92"
      }
    },
    {
      "type": "Feature",
      "geometry": {
        "type": "Point",
        "coordinates": [
          2.231431005,
          48.829884341
        ]
      },
      "properties": {
        "name": "Rue de Sèvres / Avenue du Général Leclerc D910",
        "context": "Boulogne-Billancourt, Hauts-de-Seine",
        "citycode": "92012",
        "depcode": "92"
      }
    },
    {
      "type": "Feature",
      "geometry": {
        "type": "Point",
        "coordinates": [
          2.229205954,
          48.832729402
        ]
      },
      "properties": {
        "name": "Rue de Sèvres / Avenue du Maréchal Juin",
        "context": "Boulogne-Billancourt, Hauts-de-Seine",
        "citycode": "92012",
        "depcode": "92"
      }
    },
    {
      "type": "Feature",
      "geometry": {
        "type": "Point",
        "coordinates": [
          2.230802884,
          48.830721018
        ]
      },
      "properties": {
        "name": "Rue de Sèvres / Square du Pont de Sèvres",
        "context": "Boulogne-Billancourt, Hauts-de-Seine",
        "citycode": "92012",
        "depcode": "92"
      }
    },
    {
      "type": "Feature",
      "geometry": {
        "type": "Point",
        "coordinates": [
          2.232044365,
          48.838985402
        ]
      },
      "properties": {
        "name": "Rue de Silly / Avenue André Morizet D50",
        "context": "Boulogne-Billancourt, Hauts-de-Seine",
        "citycode": "92012",
        "depcode": "92"
      }
    },
    {
      "type": "Feature",
      "geometry": {
        "type": "Point",
        "coordinates": [
          2.234647894,
          48.830891635
        ]
      },
      "properties": {
        "name": "Rue de Silly / Avenue du Général Leclerc D910",
        "context": "Boulogne-Billancourt, Hauts-de-Seine",
        "citycode": "92012",
        "depcode": "92"
      }
    },
    {
      "type": "Feature",
      "geometry": {
        "type": "Point",
        "coordinates": [
          2.230831896,
          48.842473112
        ]
      },
      "properties": {
        "name": "Rue de Silly / Avenue Jean Baptiste Clément D103",
        "context": "Boulogne-Billancourt, Hauts-de-Seine",
        "citycode": "92012",
        "depcode": "92"
      }
    },
    {
      "type": "Feature",
      "geometry": {
        "type": "Point",
        "coordinates": [
          2.231622032,
          48.840452933
        ]
      },
      "properties": {
        "name": "Rue de Silly / Route de la Reine D907",
        "context": "Boulogne-Billancourt, Hauts-de-Seine",
        "citycode": "92012",
        "depcode": "92"
      }
    },
    {
      "type": "Feature",
      "geometry": {
        "type": "Point",
        "coordinates": [
          2.231326459,
          48.841364483
        ]
      },
      "properties": {
        "name": "Rue de Silly / Rue de Paris D102",
        "context": "Boulogne-Billancourt, Hauts-de-Seine",
        "citycode": "92012",
        "depcode": "92"
      }
    },
    {
      "type": "Feature",
      "geometry": {
        "type": "Point",
        "coordinates": [
          2.232442575,
          48.83562408
        ]
      },
      "properties": {
        "name": "Rue de Silly / Rue Gallieni",
        "context": "Boulogne-Billancourt, Hauts-de-Seine",
        "citycode": "92012",
        "depcode": "92"
      }
    },
    {
      "type": "Feature",
      "geometry": {
        "type": "Point",
        "coordinates": [
          2.230824928,
          48.842532
        ]
      },
      "properties": {
        "name": "Rue de Silly / Rue Saint-Denis",
        "context": "Boulogne-Billancourt, Hauts-de-Seine",
        "citycode": "92012",
        "depcode": "92"
      }
    },
    {
      "type": "Feature",
      "geometry": {
        "type": "Point",
        "coordinates": [
          2.234686405,
          48.830827101
        ]
      },
      "properties": {
        "name": "Rue de Silly / Rue Yves Kermen",
        "context": "Boulogne-Billancourt, Hauts-de-Seine",
        "citycode": "92012",
        "depcode": "92"
      }
    },
    {
      "type": "Feature",
      "geometry": {
        "type": "Point",
        "coordinates": [
          2.245131024,
          48.830766574
        ]
      },
      "properties": {
        "name": "Rue de Solférino / Boulevard Jean Jaurès D2",
        "context": "Boulogne-Billancourt, Hauts-de-Seine",
        "citycode": "92012",
        "depcode": "92"
      }
    },
    {
      "type": "Feature",
      "geometry": {
        "type": "Point",
        "coordinates": [
          2.244698836,
          48.830558222
        ]
      },
      "properties": {
        "name": "Rue de Solférino / Rue de Clamart",
        "context": "Boulogne-Billancourt, Hauts-de-Seine",
        "citycode": "92012",
        "depcode": "92"
      }
    },
    {
      "type": "Feature",
      "geometry": {
        "type": "Point",
        "coordinates": [
          2.245138292,
          48.830770909
        ]
      },
      "properties": {
        "name": "Rue de Solférino / Rue du Dôme",
        "context": "Boulogne-Billancourt, Hauts-de-Seine",
        "citycode": "92012",
        "depcode": "92"
      }
    },
    {
      "type": "Feature",
      "geometry": {
        "type": "Point",
        "coordinates": [
          2.243438634,
          48.827770917
        ]
      },
      "properties": {
        "name": "Rue de Solférino / Rue du Point du Jour",
        "context": "Boulogne-Billancourt, Hauts-de-Seine",
        "citycode": "92012",
        "depcode": "92"
      }
    },
    {
      "type": "Feature",
      "geometry": {
        "type": "Point",
        "coordinates": [
          2.253572883,
          48.832861236
        ]
      },
      "properties": {
        "name": "Rue de Vanves / Avenue Pierre Grenier D101",
        "context": "Boulogne-Billancourt, Hauts-de-Seine",
        "citycode": "92012",
        "depcode": "92"
      }
    },
    {
      "type": "Feature",
      "geometry": {
        "type": "Point",
        "coordinates": [
          2.252778892,
          48.833694392
        ]
      },
      "properties": {
        "name": "Rue de Vanves / Rue du Dôme",
        "context": "Boulogne-Billancourt, Hauts-de-Seine",
        "citycode": "92012",
        "depcode": "92"
      }
    },
    {
      "type": "Feature",
      "geometry": {
        "type": "Point",
        "coordinates": [
          2.251662996,
          48.834971008
        ]
      },
      "properties": {
        "name": "Rue de Vanves / Rue Marcel Dassault",
        "context": "Boulogne-Billancourt, Hauts-de-Seine",
        "citycode": "92012",
        "depcode": "92"
      }
    },
    {
      "type": "Feature",
      "geometry": {
        "type": "Point",
        "coordinates": [
          2.252526564,
          48.833972967
        ]
      },
      "properties": {
        "name": "Rue de Vanves / Villa des Peupliers",
        "context": "Boulogne-Billancourt, Hauts-de-Seine",
        "citycode": "92012",
        "depcode": "92"
      }
    },
    {
      "type": "Feature",
      "geometry": {
        "type": "Point",
        "coordinates": [
          2.236812218,
          48.84236758
        ]
      },
      "properties": {
        "name": "Rue de Verdun / Rue d'Aguesseau",
        "context": "Boulogne-Billancourt, Hauts-de-Seine",
        "citycode": "92012",
        "depcode": "92"
      }
    },
    {
      "type": "Feature",
      "geometry": {
        "type": "Point",
        "coordinates": [
          2.234731168,
          48.842298577
        ]
      },
      "properties": {
        "name": "Rue de Verdun / Rue de Billancourt",
        "context": "Boulogne-Billancourt, Hauts-de-Seine",
        "citycode": "92012",
        "depcode": "92"
      }
    },
    {
      "type": "Feature",
      "geometry": {
        "type": "Point",
        "coordinates": [
          2.235813422,
          48.842325639
        ]
      },
      "properties": {
        "name": "Rue de Verdun / Rue de La Paix",
        "context": "Boulogne-Billancourt, Hauts-de-Seine",
        "citycode": "92012",
        "depcode": "92"
      }
    },
    {
      "type": "Feature",
      "geometry": {
        "type": "Point",
        "coordinates": [
          2.247669323,
          48.840530866
        ]
      },
      "properties": {
        "name": "Rue Denfert-Rochereau / Avenue Robert Schuman",
        "context": "Boulogne-Billancourt, Hauts-de-Seine",
        "citycode": "92012",
        "depcode": "92"
      }
    },
    {
      "type": "Feature",
      "geometry": {
        "type": "Point",
        "coordinates": [
          2.247671209,
          48.840504178
        ]
      },
      "properties": {
        "name": "Rue Denfert-Rochereau / Avenue Victor Hugo",
        "context": "Boulogne-Billancourt, Hauts-de-Seine",
        "citycode": "92012",
        "depcode": "92"
      }
    },
    {
      "type": "Feature",
      "geometry": {
        "type": "Point",
        "coordinates": [
          2.242553111,
          48.847597092
        ]
      },
      "properties": {
        "name": "Rue Denfert-Rochereau / Boulevard d'Auteuil",
        "context": "Boulogne-Billancourt, Hauts-de-Seine",
        "citycode": "92012",
        "depcode": "92"
      }
    },
    {
      "type": "Feature",
      "geometry": {
        "type": "Point",
        "coordinates": [
          2.242196898,
          48.847826813
        ]
      },
      "properties": {
        "name": "Rue Denfert-Rochereau / Carrefour des Anciens Combattants",
        "context": "Boulogne-Billancourt, Hauts-de-Seine",
        "citycode": "92012",
        "depcode": "92"
      }
    },
    {
      "type": "Feature",
      "geometry": {
        "type": "Point",
        "coordinates": [
          2.24616724,
          48.843436398
        ]
      },
      "properties": {
        "name": "Rue Denfert-Rochereau / Place Denfert-Rochereau",
        "context": "Boulogne-Billancourt, Hauts-de-Seine",
        "citycode": "92012",
        "depcode": "92"
      }
    },
    {
      "type": "Feature",
      "geometry": {
        "type": "Point",
        "coordinates": [
          2.247655925,
          48.840475185
        ]
      },
      "properties": {
        "name": "Rue Denfert-Rochereau / Rond-Point André Malraux",
        "context": "Boulogne-Billancourt, Hauts-de-Seine",
        "citycode": "92012",
        "depcode": "92"
      }
    },
    {
      "type": "Feature",
      "geometry": {
        "type": "Point",
        "coordinates": [
          2.243432801,
          48.846629759
        ]
      },
      "properties": {
        "name": "Rue Denfert-Rochereau / Rue Claude Monet",
        "context": "Boulogne-Billancourt, Hauts-de-Seine",
        "citycode": "92012",
        "depcode": "92"
      }
    },
    {
      "type": "Feature",
      "geometry": {
        "type": "Point",
        "coordinates": [
          2.246050891,
          48.843484067
        ]
      },
      "properties": {
        "name": "Rue Denfert-Rochereau / Rue des Tilleuls",
        "context": "Boulogne-Billancourt, Hauts-de-Seine",
        "citycode": "92012",
        "depcode": "92"
      }
    },
    {
      "type": "Feature",
      "geometry": {
        "type": "Point",
        "coordinates": [
          2.245401368,
          48.844942388
        ]
      },
      "properties": {
        "name": "Rue Denfert-Rochereau / Rue Escudier",
        "context": "Boulogne-Billancourt, Hauts-de-Seine",
        "citycode": "92012",
        "depcode": "92"
      }
    },
    {
      "type": "Feature",
      "geometry": {
        "type": "Point",
        "coordinates": [
          2.244688951,
          48.845604488
        ]
      },
      "properties": {
        "name": "Rue Denfert-Rochereau / Rue Gutenberg",
        "context": "Boulogne-Billancourt, Hauts-de-Seine",
        "citycode": "92012",
        "depcode": "92"
      }
    },
    {
      "type": "Feature",
      "geometry": {
        "type": "Point",
        "coordinates": [
          2.247264126,
          48.841144808
        ]
      },
      "properties": {
        "name": "Rue Denfert-Rochereau / Rue Lazare Hoche",
        "context": "Boulogne-Billancourt, Hauts-de-Seine",
        "citycode": "92012",
        "depcode": "92"
      }
    },
    {
      "type": "Feature",
      "geometry": {
        "type": "Point",
        "coordinates": [
          2.246218373,
          48.843508055
        ]
      },
      "properties": {
        "name": "Rue Denfert-Rochereau / Rue Max Blondat",
        "context": "Boulogne-Billancourt, Hauts-de-Seine",
        "citycode": "92012",
        "depcode": "92"
      }
    },
    {
      "type": "Feature",
      "geometry": {
        "type": "Point",
        "coordinates": [
          2.230182466,
          48.846069099
        ]
      },
      "properties": {
        "name": "Rue des Abondances / Allée des Sycomores",
        "context": "Boulogne-Billancourt, Hauts-de-Seine",
        "citycode": "92012",
        "depcode": "92"
      }
    },
    {
      "type": "Feature",
      "geometry": {
        "type": "Point",
        "coordinates": [
          2.22914902,
          48.841299583
        ]
      },
      "properties": {
        "name": "Rue des Abondances / Avenue Jean Baptiste Clément D103",
        "context": "Boulogne-Billancourt, Hauts-de-Seine",
        "citycode": "92012",
        "depcode": "92"
      }
    },
    {
      "type": "Feature",
      "geometry": {
        "type": "Point",
        "coordinates": [
          2.22997687,
          48.84488822
        ]
      },
      "properties": {
        "name": "Rue des Abondances / Rue Anna Jacquin",
        "context": "Boulogne-Billancourt, Hauts-de-Seine",
        "citycode": "92012",
        "depcode": "92"
      }
    },
    {
      "type": "Feature",
      "geometry": {
        "type": "Point",
        "coordinates": [
          2.230486302,
          48.847582729
        ]
      },
      "properties": {
        "name": "Rue des Abondances / Rue de l'Abreuvoir",
        "context": "Boulogne-Billancourt, Hauts-de-Seine",
        "citycode": "92012",
        "depcode": "92"
      }
    },
    {
      "type": "Feature",
      "geometry": {
        "type": "Point",
        "coordinates": [
          2.245497295,
          48.846840248
        ]
      },
      "properties": {
        "name": "Rue des Arts / Boulevard d'Auteuil",
        "context": "Boulogne-Billancourt, Hauts-de-Seine",
        "citycode": "92012",
        "depcode": "92"
      }
    },
    {
      "type": "Feature",
      "geometry": {
        "type": "Point",
        "coordinates": [
          2.244766629,
          48.845585695
        ]
      },
      "properties": {
        "name": "Rue des Arts / Rue Denfert-Rochereau",
        "context": "Boulogne-Billancourt, Hauts-de-Seine",
        "citycode": "92012",
        "depcode": "92"
      }
    },
    {
      "type": "Feature",
      "geometry": {
        "type": "Point",
        "coordinates": [
          2.244798406,
          48.845590648
        ]
      },
      "properties": {
        "name": "Rue des Arts / Rue Gutenberg",
        "context": "Boulogne-Billancourt, Hauts-de-Seine",
        "citycode": "92012",
        "depcode": "92"
      }
    },
    {
      "type": "Feature",
      "geometry": {
        "type": "Point",
        "coordinates": [
          2.234399863,
          48.846914027
        ]
      },
      "properties": {
        "name": "Rue des Fossés Saint-Denis / Rue de l'Abreuvoir",
        "context": "Boulogne-Billancourt, Hauts-de-Seine",
        "citycode": "92012",
        "depcode": "92"
      }
    },
    {
      "type": "Feature",
      "geometry": {
        "type": "Point",
        "coordinates": [
          2.233629307,
          48.846456217
        ]
      },
      "properties": {
        "name": "Rue des Fossés Saint-Denis / Rue de Montmorency",
        "context": "Boulogne-Billancourt, Hauts-de-Seine",
        "citycode": "92012",
        "depcode": "92"
      }
    },
    {
      "type": "Feature",
      "geometry": {
        "type": "Point",
        "coordinates": [
          2.233583899,
          48.846493958
        ]
      },
      "properties": {
        "name": "Rue des Fossés Saint-Denis / Rue Tisserant",
        "context": "Boulogne-Billancourt, Hauts-de-Seine",
        "citycode": "92012",
        "depcode": "92"
      }
    },
    {
      "type": "Feature",
      "geometry": {
        "type": "Point",
        "coordinates": [
          2.24631093,
          48.832994228
        ]
      },
      "properties": {
        "name": "Rue des Longs-Prés / Boulevard de la République D50",
        "context": "Boulogne-Billancourt, Hauts-de-Seine",
        "citycode": "92012",
        "depcode": "92"
      }
    },
    {
      "type": "Feature",
      "geometry": {
        "type": "Point",
        "coordinates": [
          2.246345541,
          48.832833162
        ]
      },
      "properties": {
        "name": "Rue des Longs-Prés / Boulevard de la République ue",
        "context": "Boulogne-Billancourt, Hauts-de-Seine",
        "citycode": "92012",
        "depcode": "92"
      }
    },
    {
      "type": "Feature",
      "geometry": {
        "type": "Point",
        "coordinates": [
          2.247988445,
          48.829182221
        ]
      },
      "properties": {
        "name": "Rue des Longs-Prés / Cours des Longs Prés",
        "context": "Boulogne-Billancourt, Hauts-de-Seine",
        "citycode": "92012",
        "depcode": "92"
      }
    },
    {
      "type": "Feature",
      "geometry": {
        "type": "Point",
        "coordinates": [
          2.246333541,
          48.833032405
        ]
      },
      "properties": {
        "name": "Rue des Longs-Prés / Passage Legrand",
        "context": "Boulogne-Billancourt, Hauts-de-Seine",
        "citycode": "92012",
        "depcode": "92"
      }
    },
    {
      "type": "Feature",
      "geometry": {
        "type": "Point",
        "coordinates": [
          2.24694927,
          48.831476411
        ]
      },
      "properties": {
        "name": "Rue des Longs-Prés / Rue du Dôme",
        "context": "Boulogne-Billancourt, Hauts-de-Seine",
        "citycode": "92012",
        "depcode": "92"
      }
    },
    {
      "type": "Feature",
      "geometry": {
        "type": "Point",
        "coordinates": [
          2.24793567,
          48.82917699
        ]
      },
      "properties": {
        "name": "Rue des Longs-Prés / Rue du Point du Jour",
        "context": "Boulogne-Billancourt, Hauts-de-Seine",
        "citycode": "92012",
        "depcode": "92"
      }
    },
    {
      "type": "Feature",
      "geometry": {
        "type": "Point",
        "coordinates": [
          2.246311006,
          48.833016307
        ]
      },
      "properties": {
        "name": "Rue des Longs-Prés / Rue Marcel Dassault",
        "context": "Boulogne-Billancourt, Hauts-de-Seine",
        "citycode": "92012",
        "depcode": "92"
      }
    },
    {
      "type": "Feature",
      "geometry": {
        "type": "Point",
        "coordinates": [
          2.247686618,
          48.829698432
        ]
      },
      "properties": {
        "name": "Rue des Longs-Prés / Rue Molière",
        "context": "Boulogne-Billancourt, Hauts-de-Seine",
        "citycode": "92012",
        "depcode": "92"
      }
    },
    {
      "type": "Feature",
      "geometry": {
        "type": "Point",
        "coordinates": [
          2.246738173,
          48.832001126
        ]
      },
      "properties": {
        "name": "Rue des Longs-Prés / Villa des Fleurs",
        "context": "Boulogne-Billancourt, Hauts-de-Seine",
        "citycode": "92012",
        "depcode": "92"
      }
    },
    {
      "type": "Feature",
      "geometry": {
        "type": "Point",
        "coordinates": [
          2.237231959,
          48.848360151
        ]
      },
      "properties": {
        "name": "Rue des Menus / Avenue Charles de Gaulle D2",
        "context": "Boulogne-Billancourt, Hauts-de-Seine",
        "citycode": "92012",
        "depcode": "92"
      }
    },
    {
      "type": "Feature",
      "geometry": {
        "type": "Point",
        "coordinates": [
          2.234805376,
          48.847356865
        ]
      },
      "properties": {
        "name": "Rue des Menus / Cours Béranger",
        "context": "Boulogne-Billancourt, Hauts-de-Seine",
        "citycode": "92012",
        "depcode": "92"
      }
    },
    {
      "type": "Feature",
      "geometry": {
        "type": "Point",
        "coordinates": [
          2.234767558,
          48.847352783
        ]
      },
      "properties": {
        "name": "Rue des Menus / Rue du Bac",
        "context": "Boulogne-Billancourt, Hauts-de-Seine",
        "citycode": "92012",
        "depcode": "92"
      }
    },
    {
      "type": "Feature",
      "geometry": {
        "type": "Point",
        "coordinates": [
          2.234717268,
          48.846918579
        ]
      },
      "properties": {
        "name": "Rue des Menus / Rue du Parchamp",
        "context": "Boulogne-Billancourt, Hauts-de-Seine",
        "citycode": "92012",
        "depcode": "92"
      }
    },
    {
      "type": "Feature",
      "geometry": {
        "type": "Point",
        "coordinates": [
          2.236227428,
          48.848352658
        ]
      },
      "properties": {
        "name": "Rue des Menus / Tunnel Ambroise Paré A13",
        "context": "Boulogne-Billancourt, Hauts-de-Seine",
        "citycode": "92012",
        "depcode": "92"
      }
    },
    {
      "type": "Feature",
      "geometry": {
        "type": "Point",
        "coordinates": [
          2.253158229,
          48.836551173
        ]
      },
      "properties": {
        "name": "Rue des Peupliers / Avenue Édouard Vaillant D910",
        "context": "Boulogne-Billancourt, Hauts-de-Seine",
        "citycode": "92012",
        "depcode": "92"
      }
    },
    {
      "type": "Feature",
      "geometry": {
        "type": "Point",
        "coordinates": [
          2.254654916,
          48.834378765
        ]
      },
      "properties": {
        "name": "Rue des Peupliers / Avenue Pierre Grenier D101",
        "context": "Boulogne-Billancourt, Hauts-de-Seine",
        "citycode": "92012",
        "depcode": "92"
      }
    },
    {
      "type": "Feature",
      "geometry": {
        "type": "Point",
        "coordinates": [
          2.255364913,
          48.83351851
        ]
      },
      "properties": {
        "name": "Rue des Peupliers / Rue du Point du Jour",
        "context": "Boulogne-Billancourt, Hauts-de-Seine",
        "citycode": "92012",
        "depcode": "92"
      }
    },
    {
      "type": "Feature",
      "geometry": {
        "type": "Point",
        "coordinates": [
          2.256400976,
          48.832792165
        ]
      },
      "properties": {
        "name": "Rue des Peupliers / Rue Les Enfants du Paradis",
        "context": "Boulogne-Billancourt, Hauts-de-Seine",
        "citycode": "92012",
        "depcode": "92"
      }
    },
    {
      "type": "Feature",
      "geometry": {
        "type": "Point",
        "coordinates": [
          2.253547732,
          48.835680937
        ]
      },
      "properties": {
        "name": "Rue des Peupliers / Rue Marcel Dassault",
        "context": "Boulogne-Billancourt, Hauts-de-Seine",
        "citycode": "92012",
        "depcode": "92"
      }
    },
    {
      "type": "Feature",
      "geometry": {
        "type": "Point",
        "coordinates": [
          2.246458726,
          48.846586418
        ]
      },
      "properties": {
        "name": "Rue des Pins / Boulevard d'Auteuil",
        "context": "Boulogne-Billancourt, Hauts-de-Seine",
        "citycode": "92012",
        "depcode": "92"
      }
    },
    {
      "type": "Feature",
      "geometry": {
        "type": "Point",
        "coordinates": [
          2.24543369,
          48.844946372
        ]
      },
      "properties": {
        "name": "Rue des Pins / Rue Denfert-Rochereau",
        "context": "Boulogne-Billancourt, Hauts-de-Seine",
        "citycode": "92012",
        "depcode": "92"
      }
    },
    {
      "type": "Feature",
      "geometry": {
        "type": "Point",
        "coordinates": [
          2.245407701,
          48.844952498
        ]
      },
      "properties": {
        "name": "Rue des Pins / Rue Escudier",
        "context": "Boulogne-Billancourt, Hauts-de-Seine",
        "citycode": "92012",
        "depcode": "92"
      }
    },
    {
      "type": "Feature",
      "geometry": {
        "type": "Point",
        "coordinates": [
          2.245732253,
          48.8453274
        ]
      },
      "properties": {
        "name": "Rue des Pins / Rue Gutenberg",
        "context": "Boulogne-Billancourt, Hauts-de-Seine",
        "citycode": "92012",
        "depcode": "92"
      }
    },
    {
      "type": "Feature",
      "geometry": {
        "type": "Point",
        "coordinates": [
          2.248079839,
          48.84054557
        ]
      },
      "properties": {
        "name": "Rue des Princes / Rond-Point André Malraux",
        "context": "Boulogne-Billancourt, Hauts-de-Seine",
        "citycode": "92012",
        "depcode": "92"
      }
    },
    {
      "type": "Feature",
      "geometry": {
        "type": "Point",
        "coordinates": [
          2.251122763,
          48.839160962
        ]
      },
      "properties": {
        "name": "Rue des Princes / Rue de la Tourelle",
        "context": "Boulogne-Billancourt, Hauts-de-Seine",
        "citycode": "92012",
        "depcode": "92"
      }
    },
    {
      "type": "Feature",
      "geometry": {
        "type": "Point",
        "coordinates": [
          2.251147508,
          48.839120615
        ]
      },
      "properties": {
        "name": "Rue des Princes / Rue du Parc",
        "context": "Boulogne-Billancourt, Hauts-de-Seine",
        "citycode": "92012",
        "depcode": "92"
      }
    },
    {
      "type": "Feature",
      "geometry": {
        "type": "Point",
        "coordinates": [
          2.248096812,
          48.840554339
        ]
      },
      "properties": {
        "name": "Rue des Princes / Rue du Pavillon",
        "context": "Boulogne-Billancourt, Hauts-de-Seine",
        "citycode": "92012",
        "depcode": "92"
      }
    },
    {
      "type": "Feature",
      "geometry": {
        "type": "Point",
        "coordinates": [
          2.248842788,
          48.840212089
        ]
      },
      "properties": {
        "name": "Rue des Princes / Villa de la Martinique",
        "context": "Boulogne-Billancourt, Hauts-de-Seine",
        "citycode": "92012",
        "depcode": "92"
      }
    },
    {
      "type": "Feature",
      "geometry": {
        "type": "Point",
        "coordinates": [
          2.243429776,
          48.833466486
        ]
      },
      "properties": {
        "name": "Rue des Quatre Cheminées / Avenue du Général Leclerc D910",
        "context": "Boulogne-Billancourt, Hauts-de-Seine",
        "citycode": "92012",
        "depcode": "92"
      }
    },
    {
      "type": "Feature",
      "geometry": {
        "type": "Point",
        "coordinates": [
          2.243558077,
          48.833435771
        ]
      },
      "properties": {
        "name": "Rue des Quatre Cheminées / Boulevard Jean Jaurès D2",
        "context": "Boulogne-Billancourt, Hauts-de-Seine",
        "citycode": "92012",
        "depcode": "92"
      }
    },
    {
      "type": "Feature",
      "geometry": {
        "type": "Point",
        "coordinates": [
          2.24350772,
          48.83346874
        ]
      },
      "properties": {
        "name": "Rue des Quatre Cheminées / Place Marcel Sembat",
        "context": "Boulogne-Billancourt, Hauts-de-Seine",
        "citycode": "92012",
        "depcode": "92"
      }
    },
    {
      "type": "Feature",
      "geometry": {
        "type": "Point",
        "coordinates": [
          2.242717239,
          48.832174047
        ]
      },
      "properties": {
        "name": "Rue des Quatre Cheminées / Rue Peltier",
        "context": "Boulogne-Billancourt, Hauts-de-Seine",
        "citycode": "92012",
        "depcode": "92"
      }
    },
    {
      "type": "Feature",
      "geometry": {
        "type": "Point",
        "coordinates": [
          2.237233307,
          48.845037512
        ]
      },
      "properties": {
        "name": "Rue des Tilleuls / Boulevard Jean Jaurès D2",
        "context": "Boulogne-Billancourt, Hauts-de-Seine",
        "citycode": "92012",
        "depcode": "92"
      }
    },
    {
      "type": "Feature",
      "geometry": {
        "type": "Point",
        "coordinates": [
          2.236862527,
          48.845015965
        ]
      },
      "properties": {
        "name": "Rue des Tilleuls / Passage Johannot",
        "context": "Boulogne-Billancourt, Hauts-de-Seine",
        "citycode": "92012",
        "depcode": "92"
      }
    },
    {
      "type": "Feature",
      "geometry": {
        "type": "Point",
        "coordinates": [
          2.246004035,
          48.843445167
        ]
      },
      "properties": {
        "name": "Rue des Tilleuls / Place Denfert-Rochereau",
        "context": "Boulogne-Billancourt, Hauts-de-Seine",
        "citycode": "92012",
        "depcode": "92"
      }
    },
    {
      "type": "Feature",
      "geometry": {
        "type": "Point",
        "coordinates": [
          2.236229644,
          48.845027717
        ]
      },
      "properties": {
        "name": "Rue des Tilleuls / Rue d'Aguesseau",
        "context": "Boulogne-Billancourt, Hauts-de-Seine",
        "citycode": "92012",
        "depcode": "92"
      }
    },
    {
      "type": "Feature",
      "geometry": {
        "type": "Point",
        "coordinates": [
          2.242472201,
          48.844145122
        ]
      },
      "properties": {
        "name": "Rue des Tilleuls / Rue Escudier",
        "context": "Boulogne-Billancourt, Hauts-de-Seine",
        "citycode": "92012",
        "depcode": "92"
      }
    },
    {
      "type": "Feature",
      "geometry": {
        "type": "Point",
        "coordinates": [
          2.23919151,
          48.844763593
        ]
      },
      "properties": {
        "name": "Rue des Tilleuls / Rue Fessart",
        "context": "Boulogne-Billancourt, Hauts-de-Seine",
        "citycode": "92012",
        "depcode": "92"
      }
    },
    {
      "type": "Feature",
      "geometry": {
        "type": "Point",
        "coordinates": [
          2.240542056,
          48.844524743
        ]
      },
      "properties": {
        "name": "Rue des Tilleuls / Rue Gambetta",
        "context": "Boulogne-Billancourt, Hauts-de-Seine",
        "citycode": "92012",
        "depcode": "92"
      }
    },
    {
      "type": "Feature",
      "geometry": {
        "type": "Point",
        "coordinates": [
          2.237836,
          48.845034891
        ]
      },
      "properties": {
        "name": "Rue des Tilleuls / Rue Maurice Delafosse",
        "context": "Boulogne-Billancourt, Hauts-de-Seine",
        "citycode": "92012",
        "depcode": "92"
      }
    },
    {
      "type": "Feature",
      "geometry": {
        "type": "Point",
        "coordinates": [
          2.233481707,
          48.847542527
        ]
      },
      "properties": {
        "name": "Rue des Victoires / Rue du Bac",
        "context": "Boulogne-Billancourt, Hauts-de-Seine",
        "citycode": "92012",
        "depcode": "92"
      }
    },
    {
      "type": "Feature",
      "geometry": {
        "type": "Point",
        "coordinates": [
          2.236965148,
          48.835233288
        ]
      },
      "properties": {
        "name": "Rue Diaz / Rue de Billancourt",
        "context": "Boulogne-Billancourt, Hauts-de-Seine",
        "citycode": "92012",
        "depcode": "92"
      }
    },
    {
      "type": "Feature",
      "geometry": {
        "type": "Point",
        "coordinates": [
          2.23278953,
          48.834774138
        ]
      },
      "properties": {
        "name": "Rue Diaz / Rue de Silly",
        "context": "Boulogne-Billancourt, Hauts-de-Seine",
        "citycode": "92012",
        "depcode": "92"
      }
    },
    {
      "type": "Feature",
      "geometry": {
        "type": "Point",
        "coordinates": [
          2.234417818,
          48.836337732
        ]
      },
      "properties": {
        "name": "Rue du 25 Août 1944 / Rue de l'Ancienne Mairie",
        "context": "Boulogne-Billancourt, Hauts-de-Seine",
        "citycode": "92012",
        "depcode": "92"
      }
    },
    {
      "type": "Feature",
      "geometry": {
        "type": "Point",
        "coordinates": [
          2.232359769,
          48.836236235
        ]
      },
      "properties": {
        "name": "Rue du 25 Août 1944 / Rue de Silly",
        "context": "Boulogne-Billancourt, Hauts-de-Seine",
        "citycode": "92012",
        "depcode": "92"
      }
    },
    {
      "type": "Feature",
      "geometry": {
        "type": "Point",
        "coordinates": [
          2.233920982,
          48.836254317
        ]
      },
      "properties": {
        "name": "Rue du 25 Août 1944 / Villa des Platanes",
        "context": "Boulogne-Billancourt, Hauts-de-Seine",
        "citycode": "92012",
        "depcode": "92"
      }
    },
    {
      "type": "Feature",
      "geometry": {
        "type": "Point",
        "coordinates": [
          2.234320686,
          48.837070025
        ]
      },
      "properties": {
        "name": "Rue du 6 Juin 1944 / Rue de l'Ancienne Mairie",
        "context": "Boulogne-Billancourt, Hauts-de-Seine",
        "citycode": "92012",
        "depcode": "92"
      }
    },
    {
      "type": "Feature",
      "geometry": {
        "type": "Point",
        "coordinates": [
          2.232302927,
          48.83694163
        ]
      },
      "properties": {
        "name": "Rue du 6 Juin 1944 / Rue de Silly",
        "context": "Boulogne-Billancourt, Hauts-de-Seine",
        "citycode": "92012",
        "depcode": "92"
      }
    },
    {
      "type": "Feature",
      "geometry": {
        "type": "Point",
        "coordinates": [
          2.23478201,
          48.847350798
        ]
      },
      "properties": {
        "name": "Rue du Bac / Cours Béranger",
        "context": "Boulogne-Billancourt, Hauts-de-Seine",
        "citycode": "92012",
        "depcode": "92"
      }
    },
    {
      "type": "Feature",
      "geometry": {
        "type": "Point",
        "coordinates": [
          2.24896003,
          48.841114202
        ]
      },
      "properties": {
        "name": "Rue du Belvédère / Rue du Pavillon",
        "context": "Boulogne-Billancourt, Hauts-de-Seine",
        "citycode": "92012",
        "depcode": "92"
      }
    },
    {
      "type": "Feature",
      "geometry": {
        "type": "Point",
        "coordinates": [
          2.249900218,
          48.844180495
        ]
      },
      "properties": {
        "name": "Rue du Château D102 / Avenue Robert Schuman",
        "context": "Boulogne-Billancourt, Hauts-de-Seine",
        "citycode": "92012",
        "depcode": "92"
      }
    },
    {
      "type": "Feature",
      "geometry": {
        "type": "Point",
        "coordinates": [
          2.238789568,
          48.841990709
        ]
      },
      "properties": {
        "name": "Rue du Château D102 / Boulevard Jean Jaurès D2",
        "context": "Boulogne-Billancourt, Hauts-de-Seine",
        "citycode": "92012",
        "depcode": "92"
      }
    },
    {
      "type": "Feature",
      "geometry": {
        "type": "Point",
        "coordinates": [
          2.246093336,
          48.843397422
        ]
      },
      "properties": {
        "name": "Rue du Château D102 / Place Denfert-Rochereau",
        "context": "Boulogne-Billancourt, Hauts-de-Seine",
        "citycode": "92012",
        "depcode": "92"
      }
    },
    {
      "type": "Feature",
      "geometry": {
        "type": "Point",
        "coordinates": [
          2.236980257,
          48.84166641
        ]
      },
      "properties": {
        "name": "Rue du Château D102 / Rue d'Aguesseau",
        "context": "Boulogne-Billancourt, Hauts-de-Seine",
        "citycode": "92012",
        "depcode": "92"
      }
    },
    {
      "type": "Feature",
      "geometry": {
        "type": "Point",
        "coordinates": [
          2.243758065,
          48.842955779
        ]
      },
      "properties": {
        "name": "Rue du Château D102 / Rue de l'Est",
        "context": "Boulogne-Billancourt, Hauts-de-Seine",
        "citycode": "92012",
        "depcode": "92"
      }
    },
    {
      "type": "Feature",
      "geometry": {
        "type": "Point",
        "coordinates": [
          2.237189107,
          48.841681871
        ]
      },
      "properties": {
        "name": "Rue du Château D102 / Rue de Paris D102",
        "context": "Boulogne-Billancourt, Hauts-de-Seine",
        "citycode": "92012",
        "depcode": "92"
      }
    },
    {
      "type": "Feature",
      "geometry": {
        "type": "Point",
        "coordinates": [
          2.245925531,
          48.843413177
        ]
      },
      "properties": {
        "name": "Rue du Château D102 / Rue des Tilleuls",
        "context": "Boulogne-Billancourt, Hauts-de-Seine",
        "citycode": "92012",
        "depcode": "92"
      }
    },
    {
      "type": "Feature",
      "geometry": {
        "type": "Point",
        "coordinates": [
          2.239903153,
          48.842200309
        ]
      },
      "properties": {
        "name": "Rue du Château D102 / Rue Fessart",
        "context": "Boulogne-Billancourt, Hauts-de-Seine",
        "citycode": "92012",
        "depcode": "92"
      }
    },
    {
      "type": "Feature",
      "geometry": {
        "type": "Point",
        "coordinates": [
          2.24289512,
          48.842777258
        ]
      },
      "properties": {
        "name": "Rue du Château D102 / Rue Jules Simon",
        "context": "Boulogne-Billancourt, Hauts-de-Seine",
        "citycode": "92012",
        "depcode": "92"
      }
    },
    {
      "type": "Feature",
      "geometry": {
        "type": "Point",
        "coordinates": [
          2.2521537,
          48.844647594
        ]
      },
      "properties": {
        "name": "Rue du Château D102 / Rue Nungesser et Coli",
        "context": "Boulogne-Billancourt, Hauts-de-Seine",
        "citycode": "92012",
        "depcode": "92"
      }
    },
    {
      "type": "Feature",
      "geometry": {
        "type": "Point",
        "coordinates": [
          2.249611436,
          48.835738072
        ]
      },
      "properties": {
        "name": "Rue du Chemin Vert / Avenue Édouard Vaillant",
        "context": "Boulogne-Billancourt, Hauts-de-Seine",
        "citycode": "92012",
        "depcode": "92"
      }
    },
    {
      "type": "Feature",
      "geometry": {
        "type": "Point",
        "coordinates": [
          2.253082227,
          48.837336708
        ]
      },
      "properties": {
        "name": "Rue du Chemin Vert / Avenue Ferdinand Buisson",
        "context": "Boulogne-Billancourt, Hauts-de-Seine",
        "citycode": "92012",
        "depcode": "92"
      }
    },
    {
      "type": "Feature",
      "geometry": {
        "type": "Point",
        "coordinates": [
          2.251190419,
          48.83650656
        ]
      },
      "properties": {
        "name": "Rue du Chemin Vert / Rue Samarcq",
        "context": "Boulogne-Billancourt, Hauts-de-Seine",
        "citycode": "92012",
        "depcode": "92"
      }
    },
    {
      "type": "Feature",
      "geometry": {
        "type": "Point",
        "coordinates": [
          2.249350151,
          48.83569164
        ]
      },
      "properties": {
        "name": "Rue du Chemin Vert / Rue Thiers",
        "context": "Boulogne-Billancourt, Hauts-de-Seine",
        "citycode": "92012",
        "depcode": "92"
      }
    },
    {
      "type": "Feature",
      "geometry": {
        "type": "Point",
        "coordinates": [
          2.249722153,
          48.83253382
        ]
      },
      "properties": {
        "name": "Rue du Dôme / Boulevard de la République D50",
        "context": "Boulogne-Billancourt, Hauts-de-Seine",
        "citycode": "92012",
        "depcode": "92"
      }
    },
    {
      "type": "Feature",
      "geometry": {
        "type": "Point",
        "coordinates": [
          2.245145737,
          48.830776416
        ]
      },
      "properties": {
        "name": "Rue du Dôme / Boulevard Jean Jaurès D2",
        "context": "Boulogne-Billancourt, Hauts-de-Seine",
        "citycode": "92012",
        "depcode": "92"
      }
    },
    {
      "type": "Feature",
      "geometry": {
        "type": "Point",
        "coordinates": [
          2.248791125,
          48.832168595
        ]
      },
      "properties": {
        "name": "Rue du Dôme / Rue Barthélemy Danjou",
        "context": "Boulogne-Billancourt, Hauts-de-Seine",
        "citycode": "92012",
        "depcode": "92"
      }
    },
    {
      "type": "Feature",
      "geometry": {
        "type": "Point",
        "coordinates": [
          2.247746979,
          48.831792669
        ]
      },
      "properties": {
        "name": "Rue du Dôme / Villa des Fleurs",
        "context": "Boulogne-Billancourt, Hauts-de-Seine",
        "citycode": "92012",
        "depcode": "92"
      }
    },
    {
      "type": "Feature",
      "geometry": {
        "type": "Point",
        "coordinates": [
          2.255913056,
          48.831474293
        ]
      },
      "properties": {
        "name": "Rue du Fief / Boulevard de la République D50",
        "context": "Boulogne-Billancourt, Hauts-de-Seine",
        "citycode": "92012",
        "depcode": "92"
      }
    },
    {
      "type": "Feature",
      "geometry": {
        "type": "Point",
        "coordinates": [
          2.254575537,
          48.832968729
        ]
      },
      "properties": {
        "name": "Rue du Fief / Passage du Fief",
        "context": "Boulogne-Billancourt, Hauts-de-Seine",
        "citycode": "92012",
        "depcode": "92"
      }
    },
    {
      "type": "Feature",
      "geometry": {
        "type": "Point",
        "coordinates": [
          2.254618507,
          48.832964027
        ]
      },
      "properties": {
        "name": "Rue du Fief / Rue du Point du Jour",
        "context": "Boulogne-Billancourt, Hauts-de-Seine",
        "citycode": "92012",
        "depcode": "92"
      }
    },
    {
      "type": "Feature",
      "geometry": {
        "type": "Point",
        "coordinates": [
          2.240957123,
          48.83138036
        ]
      },
      "properties": {
        "name": "Rue du Hameau Fleuri / Rue du Marché",
        "context": "Boulogne-Billancourt, Hauts-de-Seine",
        "citycode": "92012",
        "depcode": "92"
      }
    },
    {
      "type": "Feature",
      "geometry": {
        "type": "Point",
        "coordinates": [
          2.241398779,
          48.831549443
        ]
      },
      "properties": {
        "name": "Rue du Hameau Fleuri / Rue Liot",
        "context": "Boulogne-Billancourt, Hauts-de-Seine",
        "citycode": "92012",
        "depcode": "92"
      }
    },
    {
      "type": "Feature",
      "geometry": {
        "type": "Point",
        "coordinates": [
          2.240942115,
          48.831374119
        ]
      },
      "properties": {
        "name": "Rue du Marché / Rue du Hameau Fleuri",
        "context": "Boulogne-Billancourt, Hauts-de-Seine",
        "citycode": "92012",
        "depcode": "92"
      }
    },
    {
      "type": "Feature",
      "geometry": {
        "type": "Point",
        "coordinates": [
          2.241136882,
          48.831136169
        ]
      },
      "properties": {
        "name": "Rue du Marché / Rue du Vieux Pont de Sèvres",
        "context": "Boulogne-Billancourt, Hauts-de-Seine",
        "citycode": "92012",
        "depcode": "92"
      }
    },
    {
      "type": "Feature",
      "geometry": {
        "type": "Point",
        "coordinates": [
          2.251156789,
          48.839067122
        ]
      },
      "properties": {
        "name": "Rue du Parc / Rue de la Tourelle",
        "context": "Boulogne-Billancourt, Hauts-de-Seine",
        "citycode": "92012",
        "depcode": "92"
      }
    },
    {
      "type": "Feature",
      "geometry": {
        "type": "Point",
        "coordinates": [
          2.251127982,
          48.83901468
        ]
      },
      "properties": {
        "name": "Rue du Parc / Rue de Paris",
        "context": "Boulogne-Billancourt, Hauts-de-Seine",
        "citycode": "92012",
        "depcode": "92"
      }
    },
    {
      "type": "Feature",
      "geometry": {
        "type": "Point",
        "coordinates": [
          2.251662524,
          48.839219728
        ]
      },
      "properties": {
        "name": "Rue du Parc / Rue du Commandant Guilbaud",
        "context": "Boulogne-Billancourt, Hauts-de-Seine",
        "citycode": "92012",
        "depcode": "92"
      }
    },
    {
      "type": "Feature",
      "geometry": {
        "type": "Point",
        "coordinates": [
          2.236857148,
          48.846717659
        ]
      },
      "properties": {
        "name": "Rue du Parchamp / Avenue Charles de Gaulle D2",
        "context": "Boulogne-Billancourt, Hauts-de-Seine",
        "citycode": "92012",
        "depcode": "92"
      }
    },
    {
      "type": "Feature",
      "geometry": {
        "type": "Point",
        "coordinates": [
          2.238487316,
          48.846538533
        ]
      },
      "properties": {
        "name": "Rue du Parchamp / Avenue Jean Baptiste Clément D103",
        "context": "Boulogne-Billancourt, Hauts-de-Seine",
        "citycode": "92012",
        "depcode": "92"
      }
    },
    {
      "type": "Feature",
      "geometry": {
        "type": "Point",
        "coordinates": [
          2.238578103,
          48.846556028
        ]
      },
      "properties": {
        "name": "Rue du Parchamp / Rue Fessart",
        "context": "Boulogne-Billancourt, Hauts-de-Seine",
        "citycode": "92012",
        "depcode": "92"
      }
    },
    {
      "type": "Feature",
      "geometry": {
        "type": "Point",
        "coordinates": [
          2.250513935,
          48.842188008
        ]
      },
      "properties": {
        "name": "Rue du Pavillon / Place de l'Europe",
        "context": "Boulogne-Billancourt, Hauts-de-Seine",
        "citycode": "92012",
        "depcode": "92"
      }
    },
    {
      "type": "Feature",
      "geometry": {
        "type": "Point",
        "coordinates": [
          2.24807812,
          48.840553189
        ]
      },
      "properties": {
        "name": "Rue du Pavillon / Rond-Point André Malraux",
        "context": "Boulogne-Billancourt, Hauts-de-Seine",
        "citycode": "92012",
        "depcode": "92"
      }
    },
    {
      "type": "Feature",
      "geometry": {
        "type": "Point",
        "coordinates": [
          2.252543077,
          48.831397126
        ]
      },
      "properties": {
        "name": "Rue du Point du Jour / Avenue Pierre Grenier D101",
        "context": "Boulogne-Billancourt, Hauts-de-Seine",
        "citycode": "92012",
        "depcode": "92"
      }
    },
    {
      "type": "Feature",
      "geometry": {
        "type": "Point",
        "coordinates": [
          2.253290961,
          48.832025542
        ]
      },
      "properties": {
        "name": "Rue du Point du Jour / Boulevard de la République D50",
        "context": "Boulogne-Billancourt, Hauts-de-Seine",
        "citycode": "92012",
        "depcode": "92"
      }
    },
    {
      "type": "Feature",
      "geometry": {
        "type": "Point",
        "coordinates": [
          2.249157439,
          48.829660451
        ]
      },
      "properties": {
        "name": "Rue du Point du Jour / Impasse du Point du Jour",
        "context": "Boulogne-Billancourt, Hauts-de-Seine",
        "citycode": "92012",
        "depcode": "92"
      }
    },
    {
      "type": "Feature",
      "geometry": {
        "type": "Point",
        "coordinates": [
          2.254543485,
          48.832962538
        ]
      },
      "properties": {
        "name": "Rue du Point du Jour / Passage du Fief",
        "context": "Boulogne-Billancourt, Hauts-de-Seine",
        "citycode": "92012",
        "depcode": "92"
      }
    },
    {
      "type": "Feature",
      "geometry": {
        "type": "Point",
        "coordinates": [
          2.249939171,
          48.83004666
        ]
      },
      "properties": {
        "name": "Rue du Point du Jour / Rue Barthélemy Danjou",
        "context": "Boulogne-Billancourt, Hauts-de-Seine",
        "citycode": "92012",
        "depcode": "92"
      }
    },
    {
      "type": "Feature",
      "geometry": {
        "type": "Point",
        "coordinates": [
          2.243389066,
          48.827731778
        ]
      },
      "properties": {
        "name": "Rue du Point du Jour / Rue de Solférino",
        "context": "Boulogne-Billancourt, Hauts-de-Seine",
        "citycode": "92012",
        "depcode": "92"
      }
    },
    {
      "type": "Feature",
      "geometry": {
        "type": "Point",
        "coordinates": [
          2.24637912,
          48.828906198
        ]
      },
      "properties": {
        "name": "Rue du Point du Jour / Rue Molière",
        "context": "Boulogne-Billancourt, Hauts-de-Seine",
        "citycode": "92012",
        "depcode": "92"
      }
    },
    {
      "type": "Feature",
      "geometry": {
        "type": "Point",
        "coordinates": [
          2.247315345,
          48.828967766
        ]
      },
      "properties": {
        "name": "Rue du Point du Jour / Rue Neuve Saint-Germain",
        "context": "Boulogne-Billancourt, Hauts-de-Seine",
        "citycode": "92012",
        "depcode": "92"
      }
    },
    {
      "type": "Feature",
      "geometry": {
        "type": "Point",
        "coordinates": [
          2.252460017,
          48.831406896
        ]
      },
      "properties": {
        "name": "Rue du Point du Jour / Rue Thiers",
        "context": "Boulogne-Billancourt, Hauts-de-Seine",
        "citycode": "92012",
        "depcode": "92"
      }
    },
    {
      "type": "Feature",
      "geometry": {
        "type": "Point",
        "coordinates": [
          2.228860945,
          48.841121193
        ]
      },
      "properties": {
        "name": "Rue du Port / Avenue Jean Baptiste Clément D103",
        "context": "Boulogne-Billancourt, Hauts-de-Seine",
        "citycode": "92012",
        "depcode": "92"
      }
    },
    {
      "type": "Feature",
      "geometry": {
        "type": "Point",
        "coordinates": [
          2.225665477,
          48.841572133
        ]
      },
      "properties": {
        "name": "Rue du Port / Quai du Quatre Septembre",
        "context": "Boulogne-Billancourt, Hauts-de-Seine",
        "citycode": "92012",
        "depcode": "92"
      }
    },
    {
      "type": "Feature",
      "geometry": {
        "type": "Point",
        "coordinates": [
          2.228916604,
          48.841167218
        ]
      },
      "properties": {
        "name": "Rue du Port / Rue des Abondances",
        "context": "Boulogne-Billancourt, Hauts-de-Seine",
        "citycode": "92012",
        "depcode": "92"
      }
    },
    {
      "type": "Feature",
      "geometry": {
        "type": "Point",
        "coordinates": [
          2.23726546,
          48.848355171
        ]
      },
      "properties": {
        "name": "Rue du Transvaal / Avenue Charles de Gaulle D2",
        "context": "Boulogne-Billancourt, Hauts-de-Seine",
        "citycode": "92012",
        "depcode": "92"
      }
    },
    {
      "type": "Feature",
      "geometry": {
        "type": "Point",
        "coordinates": [
          2.241300798,
          48.847792077
        ]
      },
      "properties": {
        "name": "Rue du Transvaal / Avenue Jean Baptiste Clément D103",
        "context": "Boulogne-Billancourt, Hauts-de-Seine",
        "citycode": "92012",
        "depcode": "92"
      }
    },
    {
      "type": "Feature",
      "geometry": {
        "type": "Point",
        "coordinates": [
          2.237248698,
          48.848358094
        ]
      },
      "properties": {
        "name": "Rue du Transvaal / Rue des Menus",
        "context": "Boulogne-Billancourt, Hauts-de-Seine",
        "citycode": "92012",
        "depcode": "92"
      }
    },
    {
      "type": "Feature",
      "geometry": {
        "type": "Point",
        "coordinates": [
          2.239119244,
          48.848093814
        ]
      },
      "properties": {
        "name": "Rue du Transvaal / Rue Paù-Casals",
        "context": "Boulogne-Billancourt, Hauts-de-Seine",
        "citycode": "92012",
        "depcode": "92"
      }
    },
    {
      "type": "Feature",
      "geometry": {
        "type": "Point",
        "coordinates": [
          2.238079027,
          48.848264029
        ]
      },
      "properties": {
        "name": "Rue du Transvaal / Tunnel Ambroise Paré A13",
        "context": "Boulogne-Billancourt, Hauts-de-Seine",
        "citycode": "92012",
        "depcode": "92"
      }
    },
    {
      "type": "Feature",
      "geometry": {
        "type": "Point",
        "coordinates": [
          2.250618788,
          48.842336225
        ]
      },
      "properties": {
        "name": "Rue du Vélodrome / Place de l'Europe",
        "context": "Boulogne-Billancourt, Hauts-de-Seine",
        "citycode": "92012",
        "depcode": "92"
      }
    },
    {
      "type": "Feature",
      "geometry": {
        "type": "Point",
        "coordinates": [
          2.246215506,
          48.833007093
        ]
      },
      "properties": {
        "name": "Rue du Vieux Pont de Sèvres / Boulevard de la République D50",
        "context": "Boulogne-Billancourt, Hauts-de-Seine",
        "citycode": "92012",
        "depcode": "92"
      }
    },
    {
      "type": "Feature",
      "geometry": {
        "type": "Point",
        "coordinates": [
          2.246044082,
          48.832905383
        ]
      },
      "properties": {
        "name": "Rue du Vieux Pont de Sèvres / Boulevard de la République ue",
        "context": "Boulogne-Billancourt, Hauts-de-Seine",
        "citycode": "92012",
        "depcode": "92"
      }
    },
    {
      "type": "Feature",
      "geometry": {
        "type": "Point",
        "coordinates": [
          2.244288206,
          48.832276108
        ]
      },
      "properties": {
        "name": "Rue du Vieux Pont de Sèvres / Boulevard Jean Jaurès D2",
        "context": "Boulogne-Billancourt, Hauts-de-Seine",
        "citycode": "92012",
        "depcode": "92"
      }
    },
    {
      "type": "Feature",
      "geometry": {
        "type": "Point",
        "coordinates": [
          2.234730033,
          48.828772653
        ]
      },
      "properties": {
        "name": "Rue du Vieux Pont de Sèvres / Passage des Renault",
        "context": "Boulogne-Billancourt, Hauts-de-Seine",
        "citycode": "92012",
        "depcode": "92"
      }
    },
    {
      "type": "Feature",
      "geometry": {
        "type": "Point",
        "coordinates": [
          2.246325061,
          48.833036302
        ]
      },
      "properties": {
        "name": "Rue du Vieux Pont de Sèvres / Passage Legrand",
        "context": "Boulogne-Billancourt, Hauts-de-Seine",
        "citycode": "92012",
        "depcode": "92"
      }
    },
    {
      "type": "Feature",
      "geometry": {
        "type": "Point",
        "coordinates": [
          2.232620258,
          48.827989994
        ]
      },
      "properties": {
        "name": "Rue du Vieux Pont de Sèvres / Passerelle Constant-Lemaître",
        "context": "Boulogne-Billancourt, Hauts-de-Seine",
        "citycode": "92012",
        "depcode": "92"
      }
    },
    {
      "type": "Feature",
      "geometry": {
        "type": "Point",
        "coordinates": [
          2.239490205,
          48.830503307
        ]
      },
      "properties": {
        "name": "Rue du Vieux Pont de Sèvres / Place Bir-Hakeim",
        "context": "Boulogne-Billancourt, Hauts-de-Seine",
        "citycode": "92012",
        "depcode": "92"
      }
    },
    {
      "type": "Feature",
      "geometry": {
        "type": "Point",
        "coordinates": [
          2.234736483,
          48.828762231
        ]
      },
      "properties": {
        "name": "Rue du Vieux Pont de Sèvres / Place Joseph Frantz",
        "context": "Boulogne-Billancourt, Hauts-de-Seine",
        "citycode": "92012",
        "depcode": "92"
      }
    },
    {
      "type": "Feature",
      "geometry": {
        "type": "Point",
        "coordinates": [
          2.230611289,
          48.827334819
        ]
      },
      "properties": {
        "name": "Rue du Vieux Pont de Sèvres / Quai Georges Gorse D1",
        "context": "Boulogne-Billancourt, Hauts-de-Seine",
        "citycode": "92012",
        "depcode": "92"
      }
    },
    {
      "type": "Feature",
      "geometry": {
        "type": "Point",
        "coordinates": [
          2.230598792,
          48.827383862
        ]
      },
      "properties": {
        "name": "Rue du Vieux Pont de Sèvres / Rond-Point du Pont de Sèvres",
        "context": "Boulogne-Billancourt, Hauts-de-Seine",
        "citycode": "92012",
        "depcode": "92"
      }
    },
    {
      "type": "Feature",
      "geometry": {
        "type": "Point",
        "coordinates": [
          2.242292712,
          48.831460222
        ]
      },
      "properties": {
        "name": "Rue du Vieux Pont de Sèvres / Rue de Clamart",
        "context": "Boulogne-Billancourt, Hauts-de-Seine",
        "citycode": "92012",
        "depcode": "92"
      }
    },
    {
      "type": "Feature",
      "geometry": {
        "type": "Point",
        "coordinates": [
          2.238838192,
          48.830286841
        ]
      },
      "properties": {
        "name": "Rue du Vieux Pont de Sèvres / Rue de la Ferme",
        "context": "Boulogne-Billancourt, Hauts-de-Seine",
        "citycode": "92012",
        "depcode": "92"
      }
    },
    {
      "type": "Feature",
      "geometry": {
        "type": "Point",
        "coordinates": [
          2.24627644,
          48.832999633
        ]
      },
      "properties": {
        "name": "Rue du Vieux Pont de Sèvres / Rue des Longs-Prés",
        "context": "Boulogne-Billancourt, Hauts-de-Seine",
        "citycode": "92012",
        "depcode": "92"
      }
    },
    {
      "type": "Feature",
      "geometry": {
        "type": "Point",
        "coordinates": [
          2.242377203,
          48.831580376
        ]
      },
      "properties": {
        "name": "Rue du Vieux Pont de Sèvres / Rue des Quatre Cheminées",
        "context": "Boulogne-Billancourt, Hauts-de-Seine",
        "citycode": "92012",
        "depcode": "92"
      }
    },
    {
      "type": "Feature",
      "geometry": {
        "type": "Point",
        "coordinates": [
          2.246303022,
          48.833018796
        ]
      },
      "properties": {
        "name": "Rue du Vieux Pont de Sèvres / Rue Marcel Dassault",
        "context": "Boulogne-Billancourt, Hauts-de-Seine",
        "citycode": "92012",
        "depcode": "92"
      }
    },
    {
      "type": "Feature",
      "geometry": {
        "type": "Point",
        "coordinates": [
          2.242293343,
          48.831516302
        ]
      },
      "properties": {
        "name": "Rue du Vieux Pont de Sèvres / Rue Victor Griffuelhes",
        "context": "Boulogne-Billancourt, Hauts-de-Seine",
        "citycode": "92012",
        "depcode": "92"
      }
    },
    {
      "type": "Feature",
      "geometry": {
        "type": "Point",
        "coordinates": [
          2.236618971,
          48.829421989
        ]
      },
      "properties": {
        "name": "Rue du Vieux Pont de Sèvres / Rue Yves Kermen",
        "context": "Boulogne-Billancourt, Hauts-de-Seine",
        "citycode": "92012",
        "depcode": "92"
      }
    },
    {
      "type": "Feature",
      "geometry": {
        "type": "Point",
        "coordinates": [
          2.243577932,
          48.832028121
        ]
      },
      "properties": {
        "name": "Rue du Vieux Pont de Sèvres / Villa des Écoles",
        "context": "Boulogne-Billancourt, Hauts-de-Seine",
        "citycode": "92012",
        "depcode": "92"
      }
    },
    {
      "type": "Feature",
      "geometry": {
        "type": "Point",
        "coordinates": [
          2.250185123,
          48.838790008
        ]
      },
      "properties": {
        "name": "Rue Édouard Detaille / Route de la Reine D907",
        "context": "Boulogne-Billancourt, Hauts-de-Seine",
        "citycode": "92012",
        "depcode": "92"
      }
    },
    {
      "type": "Feature",
      "geometry": {
        "type": "Point",
        "coordinates": [
          2.24790694,
          48.837594456
        ]
      },
      "properties": {
        "name": "Rue Édouard Detaille / Rue Gallieni",
        "context": "Boulogne-Billancourt, Hauts-de-Seine",
        "citycode": "92012",
        "depcode": "92"
      }
    },
    {
      "type": "Feature",
      "geometry": {
        "type": "Point",
        "coordinates": [
          2.247912339,
          48.837627142
        ]
      },
      "properties": {
        "name": "Rue Édouard Detaille / Rue Thiers",
        "context": "Boulogne-Billancourt, Hauts-de-Seine",
        "citycode": "92012",
        "depcode": "92"
      }
    },
    {
      "type": "Feature",
      "geometry": {
        "type": "Point",
        "coordinates": [
          2.251758616,
          48.830161127
        ]
      },
      "properties": {
        "name": "Rue Émile Duclaux / Avenue Pierre Grenier D101",
        "context": "Boulogne-Billancourt, Hauts-de-Seine",
        "citycode": "92012",
        "depcode": "92"
      }
    },
    {
      "type": "Feature",
      "geometry": {
        "type": "Point",
        "coordinates": [
          2.253663098,
          48.828166666
        ]
      },
      "properties": {
        "name": "Rue Émile Duclaux / Quai du Point du Jour D1",
        "context": "Boulogne-Billancourt, Hauts-de-Seine",
        "citycode": "92012",
        "depcode": "92"
      }
    },
    {
      "type": "Feature",
      "geometry": {
        "type": "Point",
        "coordinates": [
          2.241925305,
          48.843616252
        ]
      },
      "properties": {
        "name": "Rue Émile Dunois / Impasse Adam",
        "context": "Boulogne-Billancourt, Hauts-de-Seine",
        "citycode": "92012",
        "depcode": "92"
      }
    },
    {
      "type": "Feature",
      "geometry": {
        "type": "Point",
        "coordinates": [
          2.243367194,
          48.84383638
        ]
      },
      "properties": {
        "name": "Rue Émile Dunois / Rue de l'Est",
        "context": "Boulogne-Billancourt, Hauts-de-Seine",
        "citycode": "92012",
        "depcode": "92"
      }
    },
    {
      "type": "Feature",
      "geometry": {
        "type": "Point",
        "coordinates": [
          2.246926487,
          48.834752051
        ]
      },
      "properties": {
        "name": "Rue Émile Landrin / Avenue Édouard Vaillant D910",
        "context": "Boulogne-Billancourt, Hauts-de-Seine",
        "citycode": "92012",
        "depcode": "92"
      }
    },
    {
      "type": "Feature",
      "geometry": {
        "type": "Point",
        "coordinates": [
          2.245573045,
          48.8368447
        ]
      },
      "properties": {
        "name": "Rue Émile Landrin / Avenue Victor Hugo",
        "context": "Boulogne-Billancourt, Hauts-de-Seine",
        "citycode": "92012",
        "depcode": "92"
      }
    },
    {
      "type": "Feature",
      "geometry": {
        "type": "Point",
        "coordinates": [
          2.246122785,
          48.836407819
        ]
      },
      "properties": {
        "name": "Rue Émile Landrin / Villa des Princes",
        "context": "Boulogne-Billancourt, Hauts-de-Seine",
        "citycode": "92012",
        "depcode": "92"
      }
    },
    {
      "type": "Feature",
      "geometry": {
        "type": "Point",
        "coordinates": [
          2.241811132,
          48.84400409
        ]
      },
      "properties": {
        "name": "Rue Escudier / Impasse Adam",
        "context": "Boulogne-Billancourt, Hauts-de-Seine",
        "citycode": "92012",
        "depcode": "92"
      }
    },
    {
      "type": "Feature",
      "geometry": {
        "type": "Point",
        "coordinates": [
          2.239852746,
          48.843759634
        ]
      },
      "properties": {
        "name": "Rue Escudier / Place des Écoles",
        "context": "Boulogne-Billancourt, Hauts-de-Seine",
        "citycode": "92012",
        "depcode": "92"
      }
    },
    {
      "type": "Feature",
      "geometry": {
        "type": "Point",
        "coordinates": [
          2.236614461,
          48.843347917
        ]
      },
      "properties": {
        "name": "Rue Escudier / Rue d'Aguesseau",
        "context": "Boulogne-Billancourt, Hauts-de-Seine",
        "citycode": "92012",
        "depcode": "92"
      }
    },
    {
      "type": "Feature",
      "geometry": {
        "type": "Point",
        "coordinates": [
          2.234592665,
          48.843280536
        ]
      },
      "properties": {
        "name": "Rue Escudier / Rue de Billancourt",
        "context": "Boulogne-Billancourt, Hauts-de-Seine",
        "citycode": "92012",
        "depcode": "92"
      }
    },
    {
      "type": "Feature",
      "geometry": {
        "type": "Point",
        "coordinates": [
          2.242581859,
          48.844138806
        ]
      },
      "properties": {
        "name": "Rue Escudier / Rue des Tilleuls",
        "context": "Boulogne-Billancourt, Hauts-de-Seine",
        "citycode": "92012",
        "depcode": "92"
      }
    },
    {
      "type": "Feature",
      "geometry": {
        "type": "Point",
        "coordinates": [
          2.239476564,
          48.843716142
        ]
      },
      "properties": {
        "name": "Rue Escudier / Rue Fessart",
        "context": "Boulogne-Billancourt, Hauts-de-Seine",
        "citycode": "92012",
        "depcode": "92"
      }
    },
    {
      "type": "Feature",
      "geometry": {
        "type": "Point",
        "coordinates": [
          2.239918225,
          48.843787001
        ]
      },
      "properties": {
        "name": "Rue Escudier / Rue Gambetta",
        "context": "Boulogne-Billancourt, Hauts-de-Seine",
        "citycode": "92012",
        "depcode": "92"
      }
    },
    {
      "type": "Feature",
      "geometry": {
        "type": "Point",
        "coordinates": [
          2.244787498,
          48.844789944
        ]
      },
      "properties": {
        "name": "Rue Escudier / Rue Moreau Vauthier",
        "context": "Boulogne-Billancourt, Hauts-de-Seine",
        "citycode": "92012",
        "depcode": "92"
      }
    },
    {
      "type": "Feature",
      "geometry": {
        "type": "Point",
        "coordinates": [
          2.233012502,
          48.831861359
        ]
      },
      "properties": {
        "name": "Rue Esnault Pelterie / Rue Couchot",
        "context": "Boulogne-Billancourt, Hauts-de-Seine",
        "citycode": "92012",
        "depcode": "92"
      }
    },
    {
      "type": "Feature",
      "geometry": {
        "type": "Point",
        "coordinates": [
          2.256992491,
          48.83458387
        ]
      },
      "properties": {
        "name": "Rue Fanfan La Tulipe / Avenue Félix d'Hérelle",
        "context": "Boulogne-Billancourt, Hauts-de-Seine",
        "citycode": "92012",
        "depcode": "92"
      }
    },
    {
      "type": "Feature",
      "geometry": {
        "type": "Point",
        "coordinates": [
          2.237216567,
          48.834614508
        ]
      },
      "properties": {
        "name": "Rue Fernand Pelloutier / Rue de Billancourt",
        "context": "Boulogne-Billancourt, Hauts-de-Seine",
        "citycode": "92012",
        "depcode": "92"
      }
    },
    {
      "type": "Feature",
      "geometry": {
        "type": "Point",
        "coordinates": [
          2.233113145,
          48.834044395
        ]
      },
      "properties": {
        "name": "Rue Fernand Pelloutier / Rue de Silly",
        "context": "Boulogne-Billancourt, Hauts-de-Seine",
        "citycode": "92012",
        "depcode": "92"
      }
    },
    {
      "type": "Feature",
      "geometry": {
        "type": "Point",
        "coordinates": [
          2.238632582,
          48.846560215
        ]
      },
      "properties": {
        "name": "Rue Fessart / Avenue Jean Baptiste Clément D103",
        "context": "Boulogne-Billancourt, Hauts-de-Seine",
        "citycode": "92012",
        "depcode": "92"
      }
    },
    {
      "type": "Feature",
      "geometry": {
        "type": "Point",
        "coordinates": [
          2.238980062,
          48.845513793
        ]
      },
      "properties": {
        "name": "Rue Fessart / Rond-Point Fessart",
        "context": "Boulogne-Billancourt, Hauts-de-Seine",
        "citycode": "92012",
        "depcode": "92"
      }
    },
    {
      "type": "Feature",
      "geometry": {
        "type": "Point",
        "coordinates": [
          2.238726197,
          48.846493701
        ]
      },
      "properties": {
        "name": "Rue Fessart / Rue de la Rochefoucauld",
        "context": "Boulogne-Billancourt, Hauts-de-Seine",
        "citycode": "92012",
        "depcode": "92"
      }
    },
    {
      "type": "Feature",
      "geometry": {
        "type": "Point",
        "coordinates": [
          2.240174697,
          48.841163363
        ]
      },
      "properties": {
        "name": "Rue Fessart / Rue de Paris",
        "context": "Boulogne-Billancourt, Hauts-de-Seine",
        "citycode": "92012",
        "depcode": "92"
      }
    },
    {
      "type": "Feature",
      "geometry": {
        "type": "Point",
        "coordinates": [
          2.239479042,
          48.84369336
        ]
      },
      "properties": {
        "name": "Rue Fessart / Rue Escudier",
        "context": "Boulogne-Billancourt, Hauts-de-Seine",
        "citycode": "92012",
        "depcode": "92"
      }
    },
    {
      "type": "Feature",
      "geometry": {
        "type": "Point",
        "coordinates": [
          2.238687361,
          48.846583704
        ]
      },
      "properties": {
        "name": "Rue Fessart / Rue Paù-Casals",
        "context": "Boulogne-Billancourt, Hauts-de-Seine",
        "citycode": "92012",
        "depcode": "92"
      }
    },
    {
      "type": "Feature",
      "geometry": {
        "type": "Point",
        "coordinates": [
          2.235791665,
          48.832655936
        ]
      },
      "properties": {
        "name": "Rue Gabriel et Charles Voisin / Rue Louis Blériot",
        "context": "Boulogne-Billancourt, Hauts-de-Seine",
        "citycode": "92012",
        "depcode": "92"
      }
    },
    {
      "type": "Feature",
      "geometry": {
        "type": "Point",
        "coordinates": [
          2.237995458,
          48.836326646
        ]
      },
      "properties": {
        "name": "Rue Gallieni / Avenue André Morizet D50",
        "context": "Boulogne-Billancourt, Hauts-de-Seine",
        "citycode": "92012",
        "depcode": "92"
      }
    },
    {
      "type": "Feature",
      "geometry": {
        "type": "Point",
        "coordinates": [
          2.229461484,
          48.83524825
        ]
      },
      "properties": {
        "name": "Rue Gallieni / Avenue des Fougères",
        "context": "Boulogne-Billancourt, Hauts-de-Seine",
        "citycode": "92012",
        "depcode": "92"
      }
    },
    {
      "type": "Feature",
      "geometry": {
        "type": "Point",
        "coordinates": [
          2.252448616,
          48.838173421
        ]
      },
      "properties": {
        "name": "Rue Gallieni / Avenue Ferdinand Buisson",
        "context": "Boulogne-Billancourt, Hauts-de-Seine",
        "citycode": "92012",
        "depcode": "92"
      }
    },
    {
      "type": "Feature",
      "geometry": {
        "type": "Point",
        "coordinates": [
          2.245816369,
          48.837302969
        ]
      },
      "properties": {
        "name": "Rue Gallieni / Avenue Victor Hugo",
        "context": "Boulogne-Billancourt, Hauts-de-Seine",
        "citycode": "92012",
        "depcode": "92"
      }
    },
    {
      "type": "Feature",
      "geometry": {
        "type": "Point",
        "coordinates": [
          2.226018953,
          48.834627477
        ]
      },
      "properties": {
        "name": "Rue Gallieni / Quai Alphonse Le Gallo D1",
        "context": "Boulogne-Billancourt, Hauts-de-Seine",
        "citycode": "92012",
        "depcode": "92"
      }
    },
    {
      "type": "Feature",
      "geometry": {
        "type": "Point",
        "coordinates": [
          2.237980948,
          48.836325787
        ]
      },
      "properties": {
        "name": "Rue Gallieni / Rue d'Aguesseau",
        "context": "Boulogne-Billancourt, Hauts-de-Seine",
        "citycode": "92012",
        "depcode": "92"
      }
    },
    {
      "type": "Feature",
      "geometry": {
        "type": "Point",
        "coordinates": [
          2.230727596,
          48.835419044
        ]
      },
      "properties": {
        "name": "Rue Gallieni / Rue de Bellevue",
        "context": "Boulogne-Billancourt, Hauts-de-Seine",
        "citycode": "92012",
        "depcode": "92"
      }
    },
    {
      "type": "Feature",
      "geometry": {
        "type": "Point",
        "coordinates": [
          2.243663224,
          48.837041338
        ]
      },
      "properties": {
        "name": "Rue Gallieni / Rue de La Belle Feuille",
        "context": "Boulogne-Billancourt, Hauts-de-Seine",
        "citycode": "92012",
        "depcode": "92"
      }
    },
    {
      "type": "Feature",
      "geometry": {
        "type": "Point",
        "coordinates": [
          2.240707952,
          48.836713184
        ]
      },
      "properties": {
        "name": "Rue Gallieni / Rue de la Saussière",
        "context": "Boulogne-Billancourt, Hauts-de-Seine",
        "citycode": "92012",
        "depcode": "92"
      }
    },
    {
      "type": "Feature",
      "geometry": {
        "type": "Point",
        "coordinates": [
          2.228036696,
          48.835072399
        ]
      },
      "properties": {
        "name": "Rue Gallieni / Rue de Sèvres",
        "context": "Boulogne-Billancourt, Hauts-de-Seine",
        "citycode": "92012",
        "depcode": "92"
      }
    },
    {
      "type": "Feature",
      "geometry": {
        "type": "Point",
        "coordinates": [
          2.232416669,
          48.835625883
        ]
      },
      "properties": {
        "name": "Rue Gallieni / Rue de Silly",
        "context": "Boulogne-Billancourt, Hauts-de-Seine",
        "citycode": "92012",
        "depcode": "92"
      }
    },
    {
      "type": "Feature",
      "geometry": {
        "type": "Point",
        "coordinates": [
          2.240094191,
          48.836579741
        ]
      },
      "properties": {
        "name": "Rue Gallieni / Rue Paul Constans",
        "context": "Boulogne-Billancourt, Hauts-de-Seine",
        "citycode": "92012",
        "depcode": "92"
      }
    },
    {
      "type": "Feature",
      "geometry": {
        "type": "Point",
        "coordinates": [
          2.247955861,
          48.837581498
        ]
      },
      "properties": {
        "name": "Rue Gallieni / Rue Thiers",
        "context": "Boulogne-Billancourt, Hauts-de-Seine",
        "citycode": "92012",
        "depcode": "92"
      }
    },
    {
      "type": "Feature",
      "geometry": {
        "type": "Point",
        "coordinates": [
          2.239393968,
          48.83654587
        ]
      },
      "properties": {
        "name": "Rue Gallieni / Rue Tony Garnier",
        "context": "Boulogne-Billancourt, Hauts-de-Seine",
        "citycode": "92012",
        "depcode": "92"
      }
    },
    {
      "type": "Feature",
      "geometry": {
        "type": "Point",
        "coordinates": [
          2.23403731,
          48.835844795
        ]
      },
      "properties": {
        "name": "Rue Gallieni / Villa des Platanes",
        "context": "Boulogne-Billancourt, Hauts-de-Seine",
        "citycode": "92012",
        "depcode": "92"
      }
    },
    {
      "type": "Feature",
      "geometry": {
        "type": "Point",
        "coordinates": [
          2.24187491,
          48.847877082
        ]
      },
      "properties": {
        "name": "Rue Gambetta / Avenue Jean Baptiste Clément D103",
        "context": "Boulogne-Billancourt, Hauts-de-Seine",
        "citycode": "92012",
        "depcode": "92"
      }
    },
    {
      "type": "Feature",
      "geometry": {
        "type": "Point",
        "coordinates": [
          2.241925249,
          48.847860397
        ]
      },
      "properties": {
        "name": "Rue Gambetta / Carrefour des Anciens Combattants",
        "context": "Boulogne-Billancourt, Hauts-de-Seine",
        "citycode": "92012",
        "depcode": "92"
      }
    },
    {
      "type": "Feature",
      "geometry": {
        "type": "Point",
        "coordinates": [
          2.240989348,
          48.846125771
        ]
      },
      "properties": {
        "name": "Rue Gambetta / Rue de la Rochefoucauld",
        "context": "Boulogne-Billancourt, Hauts-de-Seine",
        "citycode": "92012",
        "depcode": "92"
      }
    },
    {
      "type": "Feature",
      "geometry": {
        "type": "Point",
        "coordinates": [
          2.239851719,
          48.843760211
        ]
      },
      "properties": {
        "name": "Rue Gambetta / Rue Escudier",
        "context": "Boulogne-Billancourt, Hauts-de-Seine",
        "citycode": "92012",
        "depcode": "92"
      }
    },
    {
      "type": "Feature",
      "geometry": {
        "type": "Point",
        "coordinates": [
          2.240789402,
          48.845448499
        ]
      },
      "properties": {
        "name": "Rue Gambetta / Rue Vauthier",
        "context": "Boulogne-Billancourt, Hauts-de-Seine",
        "citycode": "92012",
        "depcode": "92"
      }
    },
    {
      "type": "Feature",
      "geometry": {
        "type": "Point",
        "coordinates": [
          2.241273599,
          48.835010476
        ]
      },
      "properties": {
        "name": "Rue Georges Sorel / Avenue André Morizet D50",
        "context": "Boulogne-Billancourt, Hauts-de-Seine",
        "citycode": "92012",
        "depcode": "92"
      }
    },
    {
      "type": "Feature",
      "geometry": {
        "type": "Point",
        "coordinates": [
          2.244172763,
          48.835600329
        ]
      },
      "properties": {
        "name": "Rue Georges Sorel / Rue de La Belle Feuille",
        "context": "Boulogne-Billancourt, Hauts-de-Seine",
        "citycode": "92012",
        "depcode": "92"
      }
    },
    {
      "type": "Feature",
      "geometry": {
        "type": "Point",
        "coordinates": [
          2.239481586,
          48.834747929
        ]
      },
      "properties": {
        "name": "Rue Georges Sorel / Rue de la Pyramide",
        "context": "Boulogne-Billancourt, Hauts-de-Seine",
        "citycode": "92012",
        "depcode": "92"
      }
    },
    {
      "type": "Feature",
      "geometry": {
        "type": "Point",
        "coordinates": [
          2.239490097,
          48.834758339
        ]
      },
      "properties": {
        "name": "Rue Georges Sorel / Rue Paul Bert",
        "context": "Boulogne-Billancourt, Hauts-de-Seine",
        "citycode": "92012",
        "depcode": "92"
      }
    },
    {
      "type": "Feature",
      "geometry": {
        "type": "Point",
        "coordinates": [
          2.249889898,
          48.844280696
        ]
      },
      "properties": {
        "name": "Rue Gutenberg / Avenue Robert Schuman",
        "context": "Boulogne-Billancourt, Hauts-de-Seine",
        "citycode": "92012",
        "depcode": "92"
      }
    },
    {
      "type": "Feature",
      "geometry": {
        "type": "Point",
        "coordinates": [
          2.248268293,
          48.844680285
        ]
      },
      "properties": {
        "name": "Rue Gutenberg / Rue Darcel",
        "context": "Boulogne-Billancourt, Hauts-de-Seine",
        "citycode": "92012",
        "depcode": "92"
      }
    },
    {
      "type": "Feature",
      "geometry": {
        "type": "Point",
        "coordinates": [
          2.244835144,
          48.84553561
        ]
      },
      "properties": {
        "name": "Rue Gutenberg / Rue Denfert-Rochereau",
        "context": "Boulogne-Billancourt, Hauts-de-Seine",
        "citycode": "92012",
        "depcode": "92"
      }
    },
    {
      "type": "Feature",
      "geometry": {
        "type": "Point",
        "coordinates": [
          2.24574167,
          48.845349213
        ]
      },
      "properties": {
        "name": "Rue Gutenberg / Rue des Pins",
        "context": "Boulogne-Billancourt, Hauts-de-Seine",
        "citycode": "92012",
        "depcode": "92"
      }
    },
    {
      "type": "Feature",
      "geometry": {
        "type": "Point",
        "coordinates": [
          2.249893265,
          48.844242927
        ]
      },
      "properties": {
        "name": "Rue Gutenberg / Rue du Château D102",
        "context": "Boulogne-Billancourt, Hauts-de-Seine",
        "citycode": "92012",
        "depcode": "92"
      }
    },
    {
      "type": "Feature",
      "geometry": {
        "type": "Point",
        "coordinates": [
          2.247169109,
          48.844964794
        ]
      },
      "properties": {
        "name": "Rue Gutenberg / Rue Max Blondat",
        "context": "Boulogne-Billancourt, Hauts-de-Seine",
        "citycode": "92012",
        "depcode": "92"
      }
    },
    {
      "type": "Feature",
      "geometry": {
        "type": "Point",
        "coordinates": [
          2.246760002,
          48.827879233
        ]
      },
      "properties": {
        "name": "Rue Heinrich / Boulevard Jean Jaurès D2",
        "context": "Boulogne-Billancourt, Hauts-de-Seine",
        "citycode": "92012",
        "depcode": "92"
      }
    },
    {
      "type": "Feature",
      "geometry": {
        "type": "Point",
        "coordinates": [
          2.244523811,
          48.827277136
        ]
      },
      "properties": {
        "name": "Rue Heinrich / Rue Nina Berberova",
        "context": "Boulogne-Billancourt, Hauts-de-Seine",
        "citycode": "92012",
        "depcode": "92"
      }
    },
    {
      "type": "Feature",
      "geometry": {
        "type": "Point",
        "coordinates": [
          2.243109635,
          48.826853517
        ]
      },
      "properties": {
        "name": "Rue Heinrich / Rue Yves Kermen",
        "context": "Boulogne-Billancourt, Hauts-de-Seine",
        "citycode": "92012",
        "depcode": "92"
      }
    },
    {
      "type": "Feature",
      "geometry": {
        "type": "Point",
        "coordinates": [
          2.252447538,
          48.836462687
        ]
      },
      "properties": {
        "name": "Rue Henri Martin / Avenue Édouard Vaillant D910",
        "context": "Boulogne-Billancourt, Hauts-de-Seine",
        "citycode": "92012",
        "depcode": "92"
      }
    },
    {
      "type": "Feature",
      "geometry": {
        "type": "Point",
        "coordinates": [
          2.252130569,
          48.836924479
        ]
      },
      "properties": {
        "name": "Rue Henri Martin / Rue du Chemin Vert",
        "context": "Boulogne-Billancourt, Hauts-de-Seine",
        "citycode": "92012",
        "depcode": "92"
      }
    },
    {
      "type": "Feature",
      "geometry": {
        "type": "Point",
        "coordinates": [
          2.251355842,
          48.8380096
        ]
      },
      "properties": {
        "name": "Rue Henri Martin / Rue Gallieni",
        "context": "Boulogne-Billancourt, Hauts-de-Seine",
        "citycode": "92012",
        "depcode": "92"
      }
    },
    {
      "type": "Feature",
      "geometry": {
        "type": "Point",
        "coordinates": [
          2.23949636,
          48.832360454
        ]
      },
      "properties": {
        "name": "Rue Heyrault / Avenue du Général Leclerc D910",
        "context": "Boulogne-Billancourt, Hauts-de-Seine",
        "citycode": "92012",
        "depcode": "92"
      }
    },
    {
      "type": "Feature",
      "geometry": {
        "type": "Point",
        "coordinates": [
          2.240274483,
          48.83115345
        ]
      },
      "properties": {
        "name": "Rue Heyrault / Rue du Hameau Fleuri",
        "context": "Boulogne-Billancourt, Hauts-de-Seine",
        "citycode": "92012",
        "depcode": "92"
      }
    },
    {
      "type": "Feature",
      "geometry": {
        "type": "Point",
        "coordinates": [
          2.240435351,
          48.830872055
        ]
      },
      "properties": {
        "name": "Rue Heyrault / Rue du Vieux Pont de Sèvres",
        "context": "Boulogne-Billancourt, Hauts-de-Seine",
        "citycode": "92012",
        "depcode": "92"
      }
    },
    {
      "type": "Feature",
      "geometry": {
        "type": "Point",
        "coordinates": [
          2.240645718,
          48.835310271
        ]
      },
      "properties": {
        "name": "Rue Jean Bouveri / Avenue André Morizet D50",
        "context": "Boulogne-Billancourt, Hauts-de-Seine",
        "citycode": "92012",
        "depcode": "92"
      }
    },
    {
      "type": "Feature",
      "geometry": {
        "type": "Point",
        "coordinates": [
          2.239403679,
          48.835073052
        ]
      },
      "properties": {
        "name": "Rue Jean Bouveri / Rue Paul Bert",
        "context": "Boulogne-Billancourt, Hauts-de-Seine",
        "citycode": "92012",
        "depcode": "92"
      }
    },
    {
      "type": "Feature",
      "geometry": {
        "type": "Point",
        "coordinates": [
          2.251820401,
          48.84391149
        ]
      },
      "properties": {
        "name": "Rue Joseph Bernard / Allée Charles Brennus",
        "context": "Boulogne-Billancourt, Hauts-de-Seine",
        "citycode": "92012",
        "depcode": "92"
      }
    },
    {
      "type": "Feature",
      "geometry": {
        "type": "Point",
        "coordinates": [
          2.250064209,
          48.844250252
        ]
      },
      "properties": {
        "name": "Rue Joseph Bernard / Avenue Robert Schuman",
        "context": "Boulogne-Billancourt, Hauts-de-Seine",
        "citycode": "92012",
        "depcode": "92"
      }
    },
    {
      "type": "Feature",
      "geometry": {
        "type": "Point",
        "coordinates": [
          2.250209292,
          48.844230028
        ]
      },
      "properties": {
        "name": "Rue Joseph Bernard / Rue du Château D102",
        "context": "Boulogne-Billancourt, Hauts-de-Seine",
        "citycode": "92012",
        "depcode": "92"
      }
    },
    {
      "type": "Feature",
      "geometry": {
        "type": "Point",
        "coordinates": [
          2.251808587,
          48.843908431
        ]
      },
      "properties": {
        "name": "Rue Joseph Bernard / Rue Nungesser et Coli",
        "context": "Boulogne-Billancourt, Hauts-de-Seine",
        "citycode": "92012",
        "depcode": "92"
      }
    },
    {
      "type": "Feature",
      "geometry": {
        "type": "Point",
        "coordinates": [
          2.246363378,
          48.827313795
        ]
      },
      "properties": {
        "name": "Rue Jules Ferry / Passage Deschandeliers",
        "context": "Boulogne-Billancourt, Hauts-de-Seine",
        "citycode": "92012",
        "depcode": "92"
      }
    },
    {
      "type": "Feature",
      "geometry": {
        "type": "Point",
        "coordinates": [
          2.247280098,
          48.82551212
        ]
      },
      "properties": {
        "name": "Rue Jules Ferry / Rue Yves Kermen",
        "context": "Boulogne-Billancourt, Hauts-de-Seine",
        "citycode": "92012",
        "depcode": "92"
      }
    },
    {
      "type": "Feature",
      "geometry": {
        "type": "Point",
        "coordinates": [
          2.240147219,
          48.836419228
        ]
      },
      "properties": {
        "name": "Rue Jules Henripré / Rue Paul Constans",
        "context": "Boulogne-Billancourt, Hauts-de-Seine",
        "citycode": "92012",
        "depcode": "92"
      }
    },
    {
      "type": "Feature",
      "geometry": {
        "type": "Point",
        "coordinates": [
          2.259085975,
          48.833621718
        ]
      },
      "properties": {
        "name": "Rue La Grande Illusion / Avenue de la Voie Lactée",
        "context": "Boulogne-Billancourt, Hauts-de-Seine",
        "citycode": "92012",
        "depcode": "92"
      }
    },
    {
      "type": "Feature",
      "geometry": {
        "type": "Point",
        "coordinates": [
          2.259300093,
          48.83426391
        ]
      },
      "properties": {
        "name": "Rue La Grande Illusion / Avenue Le Jour-Se-Lève",
        "context": "Boulogne-Billancourt, Hauts-de-Seine",
        "citycode": "92012",
        "depcode": "92"
      }
    },
    {
      "type": "Feature",
      "geometry": {
        "type": "Point",
        "coordinates": [
          2.244746789,
          48.84069036
        ]
      },
      "properties": {
        "name": "Rue Lazare Hoche / Rue de l'Est",
        "context": "Boulogne-Billancourt, Hauts-de-Seine",
        "citycode": "92012",
        "depcode": "92"
      }
    },
    {
      "type": "Feature",
      "geometry": {
        "type": "Point",
        "coordinates": [
          2.247258491,
          48.841155903
        ]
      },
      "properties": {
        "name": "Rue Lazare Hoche / Rue Denfert-Rochereau",
        "context": "Boulogne-Billancourt, Hauts-de-Seine",
        "citycode": "92012",
        "depcode": "92"
      }
    },
    {
      "type": "Feature",
      "geometry": {
        "type": "Point",
        "coordinates": [
          2.241083712,
          48.837858404
        ]
      },
      "properties": {
        "name": "Rue Le Corbusier / Boulevard Jean Jaurès D2",
        "context": "Boulogne-Billancourt, Hauts-de-Seine",
        "citycode": "92012",
        "depcode": "92"
      }
    },
    {
      "type": "Feature",
      "geometry": {
        "type": "Point",
        "coordinates": [
          2.238790078,
          48.837495382
        ]
      },
      "properties": {
        "name": "Rue Le Corbusier / Rue Auguste Perret",
        "context": "Boulogne-Billancourt, Hauts-de-Seine",
        "citycode": "92012",
        "depcode": "92"
      }
    },
    {
      "type": "Feature",
      "geometry": {
        "type": "Point",
        "coordinates": [
          2.237870715,
          48.83733955
        ]
      },
      "properties": {
        "name": "Rue Le Corbusier / Rue d'Aguesseau",
        "context": "Boulogne-Billancourt, Hauts-de-Seine",
        "citycode": "92012",
        "depcode": "92"
      }
    },
    {
      "type": "Feature",
      "geometry": {
        "type": "Point",
        "coordinates": [
          2.236472086,
          48.837127969
        ]
      },
      "properties": {
        "name": "Rue Le Corbusier / Rue de Billancourt",
        "context": "Boulogne-Billancourt, Hauts-de-Seine",
        "citycode": "92012",
        "depcode": "92"
      }
    },
    {
      "type": "Feature",
      "geometry": {
        "type": "Point",
        "coordinates": [
          2.240381306,
          48.837744575
        ]
      },
      "properties": {
        "name": "Rue Le Corbusier / Rue de la Saussière",
        "context": "Boulogne-Billancourt, Hauts-de-Seine",
        "citycode": "92012",
        "depcode": "92"
      }
    },
    {
      "type": "Feature",
      "geometry": {
        "type": "Point",
        "coordinates": [
          2.239108081,
          48.837523968
        ]
      },
      "properties": {
        "name": "Rue Le Corbusier / Rue Tony Garnier",
        "context": "Boulogne-Billancourt, Hauts-de-Seine",
        "citycode": "92012",
        "depcode": "92"
      }
    },
    {
      "type": "Feature",
      "geometry": {
        "type": "Point",
        "coordinates": [
          2.235091461,
          48.8450371
        ]
      },
      "properties": {
        "name": "Rue Lemoine / Avenue Jean Baptiste Clément D103",
        "context": "Boulogne-Billancourt, Hauts-de-Seine",
        "citycode": "92012",
        "depcode": "92"
      }
    },
    {
      "type": "Feature",
      "geometry": {
        "type": "Point",
        "coordinates": [
          2.235000939,
          48.846302925
        ]
      },
      "properties": {
        "name": "Rue Lemoine / Rue Tisserant",
        "context": "Boulogne-Billancourt, Hauts-de-Seine",
        "citycode": "92012",
        "depcode": "92"
      }
    },
    {
      "type": "Feature",
      "geometry": {
        "type": "Point",
        "coordinates": [
          2.258180004,
          48.833727005
        ]
      },
      "properties": {
        "name": "Rue Les Enfants du Paradis / Avenue de la Voie Lactée",
        "context": "Boulogne-Billancourt, Hauts-de-Seine",
        "citycode": "92012",
        "depcode": "92"
      }
    },
    {
      "type": "Feature",
      "geometry": {
        "type": "Point",
        "coordinates": [
          2.257908887,
          48.833545193
        ]
      },
      "properties": {
        "name": "Rue Les Enfants du Paradis / Place Abel Gance",
        "context": "Boulogne-Billancourt, Hauts-de-Seine",
        "citycode": "92012",
        "depcode": "92"
      }
    },
    {
      "type": "Feature",
      "geometry": {
        "type": "Point",
        "coordinates": [
          2.258161793,
          48.833733003
        ]
      },
      "properties": {
        "name": "Rue Les Enfants du Paradis / Rue Casque d'Or",
        "context": "Boulogne-Billancourt, Hauts-de-Seine",
        "citycode": "92012",
        "depcode": "92"
      }
    },
    {
      "type": "Feature",
      "geometry": {
        "type": "Point",
        "coordinates": [
          2.240511864,
          48.832641164
        ]
      },
      "properties": {
        "name": "Rue Liot / Avenue du Général Leclerc D910",
        "context": "Boulogne-Billancourt, Hauts-de-Seine",
        "citycode": "92012",
        "depcode": "92"
      }
    },
    {
      "type": "Feature",
      "geometry": {
        "type": "Point",
        "coordinates": [
          2.241570059,
          48.831292919
        ]
      },
      "properties": {
        "name": "Rue Liot / Rue du Vieux Pont de Sèvres",
        "context": "Boulogne-Billancourt, Hauts-de-Seine",
        "citycode": "92012",
        "depcode": "92"
      }
    },
    {
      "type": "Feature",
      "geometry": {
        "type": "Point",
        "coordinates": [
          2.241050161,
          48.832019681
        ]
      },
      "properties": {
        "name": "Rue Liot / Rue Rouget de Lisle",
        "context": "Boulogne-Billancourt, Hauts-de-Seine",
        "citycode": "92012",
        "depcode": "92"
      }
    },
    {
      "type": "Feature",
      "geometry": {
        "type": "Point",
        "coordinates": [
          2.23482444,
          48.83229247
        ]
      },
      "properties": {
        "name": "Rue Louis Blériot / Place des Ailes",
        "context": "Boulogne-Billancourt, Hauts-de-Seine",
        "citycode": "92012",
        "depcode": "92"
      }
    },
    {
      "type": "Feature",
      "geometry": {
        "type": "Point",
        "coordinates": [
          2.233994095,
          48.832058408
        ]
      },
      "properties": {
        "name": "Rue Louis Blériot / Rue Couchot",
        "context": "Boulogne-Billancourt, Hauts-de-Seine",
        "citycode": "92012",
        "depcode": "92"
      }
    },
    {
      "type": "Feature",
      "geometry": {
        "type": "Point",
        "coordinates": [
          2.23765285,
          48.833392278
        ]
      },
      "properties": {
        "name": "Rue Louis Blériot / Rue de Billancourt",
        "context": "Boulogne-Billancourt, Hauts-de-Seine",
        "citycode": "92012",
        "depcode": "92"
      }
    },
    {
      "type": "Feature",
      "geometry": {
        "type": "Point",
        "coordinates": [
          2.233987188,
          48.832062781
        ]
      },
      "properties": {
        "name": "Rue Louis Blériot / Rue de Silly",
        "context": "Boulogne-Billancourt, Hauts-de-Seine",
        "citycode": "92012",
        "depcode": "92"
      }
    },
    {
      "type": "Feature",
      "geometry": {
        "type": "Point",
        "coordinates": [
          2.235832407,
          48.832656241
        ]
      },
      "properties": {
        "name": "Rue Louis Blériot / Rue Gabriel et Charles Voisin",
        "context": "Boulogne-Billancourt, Hauts-de-Seine",
        "citycode": "92012",
        "depcode": "92"
      }
    },
    {
      "type": "Feature",
      "geometry": {
        "type": "Point",
        "coordinates": [
          2.244147096,
          48.842048009
        ]
      },
      "properties": {
        "name": "Rue Louis Pasteur / Rue Albert Laurenson",
        "context": "Boulogne-Billancourt, Hauts-de-Seine",
        "citycode": "92012",
        "depcode": "92"
      }
    },
    {
      "type": "Feature",
      "geometry": {
        "type": "Point",
        "coordinates": [
          2.244137688,
          48.842047504
        ]
      },
      "properties": {
        "name": "Rue Louis Pasteur / Rue de l'Est",
        "context": "Boulogne-Billancourt, Hauts-de-Seine",
        "citycode": "92012",
        "depcode": "92"
      }
    },
    {
      "type": "Feature",
      "geometry": {
        "type": "Point",
        "coordinates": [
          2.240137726,
          48.841397063
        ]
      },
      "properties": {
        "name": "Rue Louis Pasteur / Rue Fessart",
        "context": "Boulogne-Billancourt, Hauts-de-Seine",
        "citycode": "92012",
        "depcode": "92"
      }
    },
    {
      "type": "Feature",
      "geometry": {
        "type": "Point",
        "coordinates": [
          2.243262314,
          48.841928091
        ]
      },
      "properties": {
        "name": "Rue Louis Pasteur / Rue Jules Simon",
        "context": "Boulogne-Billancourt, Hauts-de-Seine",
        "citycode": "92012",
        "depcode": "92"
      }
    },
    {
      "type": "Feature",
      "geometry": {
        "type": "Point",
        "coordinates": [
          2.234431592,
          48.844730471
        ]
      },
      "properties": {
        "name": "Rue Mahias / Avenue Jean Baptiste Clément D103",
        "context": "Boulogne-Billancourt, Hauts-de-Seine",
        "citycode": "92012",
        "depcode": "92"
      }
    },
    {
      "type": "Feature",
      "geometry": {
        "type": "Point",
        "coordinates": [
          2.234432578,
          48.844734864
        ]
      },
      "properties": {
        "name": "Rue Mahias / Rue de Billancourt",
        "context": "Boulogne-Billancourt, Hauts-de-Seine",
        "citycode": "92012",
        "depcode": "92"
      }
    },
    {
      "type": "Feature",
      "geometry": {
        "type": "Point",
        "coordinates": [
          2.234708704,
          48.8469139
        ]
      },
      "properties": {
        "name": "Rue Mahias / Rue des Menus",
        "context": "Boulogne-Billancourt, Hauts-de-Seine",
        "citycode": "92012",
        "depcode": "92"
      }
    },
    {
      "type": "Feature",
      "geometry": {
        "type": "Point",
        "coordinates": [
          2.234718954,
          48.846905894
        ]
      },
      "properties": {
        "name": "Rue Mahias / Rue du Parchamp",
        "context": "Boulogne-Billancourt, Hauts-de-Seine",
        "citycode": "92012",
        "depcode": "92"
      }
    },
    {
      "type": "Feature",
      "geometry": {
        "type": "Point",
        "coordinates": [
          2.234311426,
          48.845394991
        ]
      },
      "properties": {
        "name": "Rue Mahias / Rue Petibon",
        "context": "Boulogne-Billancourt, Hauts-de-Seine",
        "citycode": "92012",
        "depcode": "92"
      }
    },
    {
      "type": "Feature",
      "geometry": {
        "type": "Point",
        "coordinates": [
          2.234360744,
          48.846224588
        ]
      },
      "properties": {
        "name": "Rue Mahias / Rue Tisserant",
        "context": "Boulogne-Billancourt, Hauts-de-Seine",
        "citycode": "92012",
        "depcode": "92"
      }
    },
    {
      "type": "Feature",
      "geometry": {
        "type": "Point",
        "coordinates": [
          2.243897,
          48.83935855
        ]
      },
      "properties": {
        "name": "Rue Maître-Jacques / Route de la Reine D907",
        "context": "Boulogne-Billancourt, Hauts-de-Seine",
        "citycode": "92012",
        "depcode": "92"
      }
    },
    {
      "type": "Feature",
      "geometry": {
        "type": "Point",
        "coordinates": [
          2.24340802,
          48.840332713
        ]
      },
      "properties": {
        "name": "Rue Maître-Jacques / Rue de Paris",
        "context": "Boulogne-Billancourt, Hauts-de-Seine",
        "citycode": "92012",
        "depcode": "92"
      }
    },
    {
      "type": "Feature",
      "geometry": {
        "type": "Point",
        "coordinates": [
          2.236874602,
          48.82764527
        ]
      },
      "properties": {
        "name": "Rue Marcel Bontemps / Allée Robert Doisneau",
        "context": "Boulogne-Billancourt, Hauts-de-Seine",
        "citycode": "92012",
        "depcode": "92"
      }
    },
    {
      "type": "Feature",
      "geometry": {
        "type": "Point",
        "coordinates": [
          2.235417533,
          48.828239787
        ]
      },
      "properties": {
        "name": "Rue Marcel Bontemps / Cours de l'Île Seguin",
        "context": "Boulogne-Billancourt, Hauts-de-Seine",
        "citycode": "92012",
        "depcode": "92"
      }
    },
    {
      "type": "Feature",
      "geometry": {
        "type": "Point",
        "coordinates": [
          2.23524342,
          48.828303419
        ]
      },
      "properties": {
        "name": "Rue Marcel Bontemps / Place Joseph Frantz",
        "context": "Boulogne-Billancourt, Hauts-de-Seine",
        "citycode": "92012",
        "depcode": "92"
      }
    },
    {
      "type": "Feature",
      "geometry": {
        "type": "Point",
        "coordinates": [
          2.240526788,
          48.826142725
        ]
      },
      "properties": {
        "name": "Rue Marcel Bontemps / Traverse Jules Guesde",
        "context": "Boulogne-Billancourt, Hauts-de-Seine",
        "citycode": "92012",
        "depcode": "92"
      }
    },
    {
      "type": "Feature",
      "geometry": {
        "type": "Point",
        "coordinates": [
          2.254300295,
          48.835960506
        ]
      },
      "properties": {
        "name": "Rue Marcel Dassault / Avenue Ferdinand Buisson",
        "context": "Boulogne-Billancourt, Hauts-de-Seine",
        "citycode": "92012",
        "depcode": "92"
      }
    },
    {
      "type": "Feature",
      "geometry": {
        "type": "Point",
        "coordinates": [
          2.246378803,
          48.833027193
        ]
      },
      "properties": {
        "name": "Rue Marcel Dassault / Boulevard de la République D50",
        "context": "Boulogne-Billancourt, Hauts-de-Seine",
        "citycode": "92012",
        "depcode": "92"
      }
    },
    {
      "type": "Feature",
      "geometry": {
        "type": "Point",
        "coordinates": [
          2.248444086,
          48.833796384
        ]
      },
      "properties": {
        "name": "Rue Marcel Dassault / Sente des Badauds",
        "context": "Boulogne-Billancourt, Hauts-de-Seine",
        "citycode": "92012",
        "depcode": "92"
      }
    },
    {
      "type": "Feature",
      "geometry": {
        "type": "Point",
        "coordinates": [
          2.248992793,
          48.842689434
        ]
      },
      "properties": {
        "name": "Rue Marcel Loyau / Avenue Robert Schuman",
        "context": "Boulogne-Billancourt, Hauts-de-Seine",
        "citycode": "92012",
        "depcode": "92"
      }
    },
    {
      "type": "Feature",
      "geometry": {
        "type": "Point",
        "coordinates": [
          2.250553515,
          48.84232298
        ]
      },
      "properties": {
        "name": "Rue Marcel Loyau / Place de l'Europe",
        "context": "Boulogne-Billancourt, Hauts-de-Seine",
        "citycode": "92012",
        "depcode": "92"
      }
    },
    {
      "type": "Feature",
      "geometry": {
        "type": "Point",
        "coordinates": [
          2.25058826,
          48.842327726
        ]
      },
      "properties": {
        "name": "Rue Marcel Loyau / Rue de la Tourelle",
        "context": "Boulogne-Billancourt, Hauts-de-Seine",
        "citycode": "92012",
        "depcode": "92"
      }
    },
    {
      "type": "Feature",
      "geometry": {
        "type": "Point",
        "coordinates": [
          2.250590344,
          48.842325889
        ]
      },
      "properties": {
        "name": "Rue Marcel Loyau / Rue du Vélodrome",
        "context": "Boulogne-Billancourt, Hauts-de-Seine",
        "citycode": "92012",
        "depcode": "92"
      }
    },
    {
      "type": "Feature",
      "geometry": {
        "type": "Point",
        "coordinates": [
          2.248943905,
          48.842700008
        ]
      },
      "properties": {
        "name": "Rue Marcel Loyau / Rue Salomon Reinach",
        "context": "Boulogne-Billancourt, Hauts-de-Seine",
        "citycode": "92012",
        "depcode": "92"
      }
    },
    {
      "type": "Feature",
      "geometry": {
        "type": "Point",
        "coordinates": [
          2.238889881,
          48.845505572
        ]
      },
      "properties": {
        "name": "Rue Maurice Delafosse / Rond-Point Fessart",
        "context": "Boulogne-Billancourt, Hauts-de-Seine",
        "citycode": "92012",
        "depcode": "92"
      }
    },
    {
      "type": "Feature",
      "geometry": {
        "type": "Point",
        "coordinates": [
          2.238959404,
          48.845504814
        ]
      },
      "properties": {
        "name": "Rue Maurice Delafosse / Rue Fessart",
        "context": "Boulogne-Billancourt, Hauts-de-Seine",
        "citycode": "92012",
        "depcode": "92"
      }
    },
    {
      "type": "Feature",
      "geometry": {
        "type": "Point",
        "coordinates": [
          2.23897271,
          48.845539978
        ]
      },
      "properties": {
        "name": "Rue Maurice Delafosse / Rue Vauthier",
        "context": "Boulogne-Billancourt, Hauts-de-Seine",
        "citycode": "92012",
        "depcode": "92"
      }
    },
    {
      "type": "Feature",
      "geometry": {
        "type": "Point",
        "coordinates": [
          2.246267426,
          48.843488299
        ]
      },
      "properties": {
        "name": "Rue Max Blondat / Place Denfert-Rochereau",
        "context": "Boulogne-Billancourt, Hauts-de-Seine",
        "citycode": "92012",
        "depcode": "92"
      }
    },
    {
      "type": "Feature",
      "geometry": {
        "type": "Point",
        "coordinates": [
          2.246346685,
          48.843487672
        ]
      },
      "properties": {
        "name": "Rue Max Blondat / Rue du Château D102",
        "context": "Boulogne-Billancourt, Hauts-de-Seine",
        "citycode": "92012",
        "depcode": "92"
      }
    },
    {
      "type": "Feature",
      "geometry": {
        "type": "Point",
        "coordinates": [
          2.231061751,
          48.834390597
        ]
      },
      "properties": {
        "name": "Rue Michelet / Rue de Bellevue",
        "context": "Boulogne-Billancourt, Hauts-de-Seine",
        "citycode": "92012",
        "depcode": "92"
      }
    },
    {
      "type": "Feature",
      "geometry": {
        "type": "Point",
        "coordinates": [
          2.228492118,
          48.834122157
        ]
      },
      "properties": {
        "name": "Rue Michelet / Rue de Sèvres",
        "context": "Boulogne-Billancourt, Hauts-de-Seine",
        "citycode": "92012",
        "depcode": "92"
      }
    },
    {
      "type": "Feature",
      "geometry": {
        "type": "Point",
        "coordinates": [
          2.246457012,
          48.828925927
        ]
      },
      "properties": {
        "name": "Rue Molière / Rue du Point du Jour",
        "context": "Boulogne-Billancourt, Hauts-de-Seine",
        "citycode": "92012",
        "depcode": "92"
      }
    },
    {
      "type": "Feature",
      "geometry": {
        "type": "Point",
        "coordinates": [
          2.237607501,
          48.846105564
        ]
      },
      "properties": {
        "name": "Rue Mollien / Avenue Jean Baptiste Clément D103",
        "context": "Boulogne-Billancourt, Hauts-de-Seine",
        "citycode": "92012",
        "depcode": "92"
      }
    },
    {
      "type": "Feature",
      "geometry": {
        "type": "Point",
        "coordinates": [
          2.238884255,
          48.845576238
        ]
      },
      "properties": {
        "name": "Rue Mollien / Rond-Point Fessart",
        "context": "Boulogne-Billancourt, Hauts-de-Seine",
        "citycode": "92012",
        "depcode": "92"
      }
    },
    {
      "type": "Feature",
      "geometry": {
        "type": "Point",
        "coordinates": [
          2.23894716,
          48.845553925
        ]
      },
      "properties": {
        "name": "Rue Mollien / Rue Fessart",
        "context": "Boulogne-Billancourt, Hauts-de-Seine",
        "citycode": "92012",
        "depcode": "92"
      }
    },
    {
      "type": "Feature",
      "geometry": {
        "type": "Point",
        "coordinates": [
          2.238937883,
          48.84554013
        ]
      },
      "properties": {
        "name": "Rue Mollien / Rue Maurice Delafosse",
        "context": "Boulogne-Billancourt, Hauts-de-Seine",
        "citycode": "92012",
        "depcode": "92"
      }
    },
    {
      "type": "Feature",
      "geometry": {
        "type": "Point",
        "coordinates": [
          2.238972621,
          48.845540752
        ]
      },
      "properties": {
        "name": "Rue Mollien / Rue Vauthier",
        "context": "Boulogne-Billancourt, Hauts-de-Seine",
        "citycode": "92012",
        "depcode": "92"
      }
    },
    {
      "type": "Feature",
      "geometry": {
        "type": "Point",
        "coordinates": [
          2.244944965,
          48.844847945
        ]
      },
      "properties": {
        "name": "Rue Moreau Vauthier / Rue Escudier",
        "context": "Boulogne-Billancourt, Hauts-de-Seine",
        "citycode": "92012",
        "depcode": "92"
      }
    },
    {
      "type": "Feature",
      "geometry": {
        "type": "Point",
        "coordinates": [
          2.242893699,
          48.845159098
        ]
      },
      "properties": {
        "name": "Rue Moreau Vauthier / Rue Vauthier",
        "context": "Boulogne-Billancourt, Hauts-de-Seine",
        "citycode": "92012",
        "depcode": "92"
      }
    },
    {
      "type": "Feature",
      "geometry": {
        "type": "Point",
        "coordinates": [
          2.241149964,
          48.828132315
        ]
      },
      "properties": {
        "name": "Rue Nationale / Passage Jean Hemmen",
        "context": "Boulogne-Billancourt, Hauts-de-Seine",
        "citycode": "92012",
        "depcode": "92"
      }
    },
    {
      "type": "Feature",
      "geometry": {
        "type": "Point",
        "coordinates": [
          2.239440788,
          48.830036119
        ]
      },
      "properties": {
        "name": "Rue Nationale / Place Bir-Hakeim",
        "context": "Boulogne-Billancourt, Hauts-de-Seine",
        "citycode": "92012",
        "depcode": "92"
      }
    },
    {
      "type": "Feature",
      "geometry": {
        "type": "Point",
        "coordinates": [
          2.242192722,
          48.826998585
        ]
      },
      "properties": {
        "name": "Rue Nationale / Place Jules Guesde",
        "context": "Boulogne-Billancourt, Hauts-de-Seine",
        "citycode": "92012",
        "depcode": "92"
      }
    },
    {
      "type": "Feature",
      "geometry": {
        "type": "Point",
        "coordinates": [
          2.240568976,
          48.828788584
        ]
      },
      "properties": {
        "name": "Rue Nationale / Place Paul Verlaine",
        "context": "Boulogne-Billancourt, Hauts-de-Seine",
        "citycode": "92012",
        "depcode": "92"
      }
    },
    {
      "type": "Feature",
      "geometry": {
        "type": "Point",
        "coordinates": [
          2.245015923,
          48.824033086
        ]
      },
      "properties": {
        "name": "Rue Nationale / Quai de Stalingrad D1",
        "context": "Boulogne-Billancourt, Hauts-de-Seine",
        "citycode": "92012",
        "depcode": "92"
      }
    },
    {
      "type": "Feature",
      "geometry": {
        "type": "Point",
        "coordinates": [
          2.244195079,
          48.824822349
        ]
      },
      "properties": {
        "name": "Rue Nationale / Rue Traversière",
        "context": "Boulogne-Billancourt, Hauts-de-Seine",
        "citycode": "92012",
        "depcode": "92"
      }
    },
    {
      "type": "Feature",
      "geometry": {
        "type": "Point",
        "coordinates": [
          2.249234442,
          48.826578408
        ]
      },
      "properties": {
        "name": "Rue Neuve Saint-Germain / Avenue Pierre Grenier D101",
        "context": "Boulogne-Billancourt, Hauts-de-Seine",
        "citycode": "92012",
        "depcode": "92"
      }
    },
    {
      "type": "Feature",
      "geometry": {
        "type": "Point",
        "coordinates": [
          2.247869471,
          48.827661348
        ]
      },
      "properties": {
        "name": "Rue Neuve Saint-Germain / Sente Deschandeliers",
        "context": "Boulogne-Billancourt, Hauts-de-Seine",
        "citycode": "92012",
        "depcode": "92"
      }
    },
    {
      "type": "Feature",
      "geometry": {
        "type": "Point",
        "coordinates": [
          2.249315502,
          48.826636383
        ]
      },
      "properties": {
        "name": "Rue Neuve Saint-Germain / Sente du Halage",
        "context": "Boulogne-Billancourt, Hauts-de-Seine",
        "citycode": "92012",
        "depcode": "92"
      }
    },
    {
      "type": "Feature",
      "geometry": {
        "type": "Point",
        "coordinates": [
          2.243960972,
          48.827927654
        ]
      },
      "properties": {
        "name": "Rue Nina Berberova / Rue du Point du Jour",
        "context": "Boulogne-Billancourt, Hauts-de-Seine",
        "citycode": "92012",
        "depcode": "92"
      }
    },
    {
      "type": "Feature",
      "geometry": {
        "type": "Point",
        "coordinates": [
          2.238736571,
          48.846649402
        ]
      },
      "properties": {
        "name": "Rue Paù-Casals / Avenue Jean Baptiste Clément D103",
        "context": "Boulogne-Billancourt, Hauts-de-Seine",
        "citycode": "92012",
        "depcode": "92"
      }
    },
    {
      "type": "Feature",
      "geometry": {
        "type": "Point",
        "coordinates": [
          2.238709898,
          48.846560875
        ]
      },
      "properties": {
        "name": "Rue Paù-Casals / Rue de la Rochefoucauld",
        "context": "Boulogne-Billancourt, Hauts-de-Seine",
        "citycode": "92012",
        "depcode": "92"
      }
    },
    {
      "type": "Feature",
      "geometry": {
        "type": "Point",
        "coordinates": [
          2.239899478,
          48.833556209
        ]
      },
      "properties": {
        "name": "Rue Paul Bert / Allée Maillasson",
        "context": "Boulogne-Billancourt, Hauts-de-Seine",
        "citycode": "92012",
        "depcode": "92"
      }
    },
    {
      "type": "Feature",
      "geometry": {
        "type": "Point",
        "coordinates": [
          2.240203247,
          48.832657445
        ]
      },
      "properties": {
        "name": "Rue Paul Bert / Avenue du Général Leclerc D910",
        "context": "Boulogne-Billancourt, Hauts-de-Seine",
        "citycode": "92012",
        "depcode": "92"
      }
    },
    {
      "type": "Feature",
      "geometry": {
        "type": "Point",
        "coordinates": [
          2.239559847,
          48.834468943
        ]
      },
      "properties": {
        "name": "Rue Paul Bert / Rue Blondeau",
        "context": "Boulogne-Billancourt, Hauts-de-Seine",
        "citycode": "92012",
        "depcode": "92"
      }
    },
    {
      "type": "Feature",
      "geometry": {
        "type": "Point",
        "coordinates": [
          2.239680194,
          48.834179391
        ]
      },
      "properties": {
        "name": "Rue Paul Bert / Rue Carnot",
        "context": "Boulogne-Billancourt, Hauts-de-Seine",
        "citycode": "92012",
        "depcode": "92"
      }
    },
    {
      "type": "Feature",
      "geometry": {
        "type": "Point",
        "coordinates": [
          2.239474746,
          48.834740809
        ]
      },
      "properties": {
        "name": "Rue Paul Bert / Rue de la Pyramide",
        "context": "Boulogne-Billancourt, Hauts-de-Seine",
        "citycode": "92012",
        "depcode": "92"
      }
    },
    {
      "type": "Feature",
      "geometry": {
        "type": "Point",
        "coordinates": [
          2.239489867,
          48.83474503
        ]
      },
      "properties": {
        "name": "Rue Paul Bert / Rue Georges Sorel",
        "context": "Boulogne-Billancourt, Hauts-de-Seine",
        "citycode": "92012",
        "depcode": "92"
      }
    },
    {
      "type": "Feature",
      "geometry": {
        "type": "Point",
        "coordinates": [
          2.239579356,
          48.835716779
        ]
      },
      "properties": {
        "name": "Rue Paul Constans / Avenue André Morizet D50",
        "context": "Boulogne-Billancourt, Hauts-de-Seine",
        "citycode": "92012",
        "depcode": "92"
      }
    },
    {
      "type": "Feature",
      "geometry": {
        "type": "Point",
        "coordinates": [
          2.240098269,
          48.836530046
        ]
      },
      "properties": {
        "name": "Rue Paul Constans / Rue Gallieni",
        "context": "Boulogne-Billancourt, Hauts-de-Seine",
        "citycode": "92012",
        "depcode": "92"
      }
    },
    {
      "type": "Feature",
      "geometry": {
        "type": "Point",
        "coordinates": [
          2.240148508,
          48.83641073
        ]
      },
      "properties": {
        "name": "Rue Paul Constans / Rue Jules Henripré",
        "context": "Boulogne-Billancourt, Hauts-de-Seine",
        "citycode": "92012",
        "depcode": "92"
      }
    },
    {
      "type": "Feature",
      "geometry": {
        "type": "Point",
        "coordinates": [
          2.235023318,
          48.832268974
        ]
      },
      "properties": {
        "name": "Rue Paul Ducellier / Place des Ailes",
        "context": "Boulogne-Billancourt, Hauts-de-Seine",
        "citycode": "92012",
        "depcode": "92"
      }
    },
    {
      "type": "Feature",
      "geometry": {
        "type": "Point",
        "coordinates": [
          2.235244361,
          48.831962178
        ]
      },
      "properties": {
        "name": "Rue Paul Ducellier / Rue Gabriel et Charles Voisin",
        "context": "Boulogne-Billancourt, Hauts-de-Seine",
        "citycode": "92012",
        "depcode": "92"
      }
    },
    {
      "type": "Feature",
      "geometry": {
        "type": "Point",
        "coordinates": [
          2.247947119,
          48.835106582
        ]
      },
      "properties": {
        "name": "Rue Paul-Adolphe Souriau / Avenue Édouard Vaillant D910",
        "context": "Boulogne-Billancourt, Hauts-de-Seine",
        "citycode": "92012",
        "depcode": "92"
      }
    },
    {
      "type": "Feature",
      "geometry": {
        "type": "Point",
        "coordinates": [
          2.241949759,
          48.83190409
        ]
      },
      "properties": {
        "name": "Rue Peltier / Avenue Desfeux",
        "context": "Boulogne-Billancourt, Hauts-de-Seine",
        "citycode": "92012",
        "depcode": "92"
      }
    },
    {
      "type": "Feature",
      "geometry": {
        "type": "Point",
        "coordinates": [
          2.242656201,
          48.832128123
        ]
      },
      "properties": {
        "name": "Rue Peltier / Rue des Quatre Cheminées",
        "context": "Boulogne-Billancourt, Hauts-de-Seine",
        "citycode": "92012",
        "depcode": "92"
      }
    },
    {
      "type": "Feature",
      "geometry": {
        "type": "Point",
        "coordinates": [
          2.237085467,
          48.834943019
        ]
      },
      "properties": {
        "name": "Rue Reinhardt / Rue de Billancourt",
        "context": "Boulogne-Billancourt, Hauts-de-Seine",
        "citycode": "92012",
        "depcode": "92"
      }
    },
    {
      "type": "Feature",
      "geometry": {
        "type": "Point",
        "coordinates": [
          2.232966945,
          48.834372478
        ]
      },
      "properties": {
        "name": "Rue Reinhardt / Rue de Silly",
        "context": "Boulogne-Billancourt, Hauts-de-Seine",
        "citycode": "92012",
        "depcode": "92"
      }
    },
    {
      "type": "Feature",
      "geometry": {
        "type": "Point",
        "coordinates": [
          2.245921474,
          48.834448608
        ]
      },
      "properties": {
        "name": "Rue Rieux / Avenue Édouard Vaillant D910",
        "context": "Boulogne-Billancourt, Hauts-de-Seine",
        "citycode": "92012",
        "depcode": "92"
      }
    },
    {
      "type": "Feature",
      "geometry": {
        "type": "Point",
        "coordinates": [
          2.245072475,
          48.835968126
        ]
      },
      "properties": {
        "name": "Rue Rieux / Avenue Victor Hugo",
        "context": "Boulogne-Billancourt, Hauts-de-Seine",
        "citycode": "92012",
        "depcode": "92"
      }
    },
    {
      "type": "Feature",
      "geometry": {
        "type": "Point",
        "coordinates": [
          2.245619081,
          48.835092179
        ]
      },
      "properties": {
        "name": "Rue Rieux / Villa des Fayères",
        "context": "Boulogne-Billancourt, Hauts-de-Seine",
        "citycode": "92012",
        "depcode": "92"
      }
    },
    {
      "type": "Feature",
      "geometry": {
        "type": "Point",
        "coordinates": [
          2.247075249,
          48.846430924
        ]
      },
      "properties": {
        "name": "Rue Roland-Garros / Boulevard d'Auteuil",
        "context": "Boulogne-Billancourt, Hauts-de-Seine",
        "citycode": "92012",
        "depcode": "92"
      }
    },
    {
      "type": "Feature",
      "geometry": {
        "type": "Point",
        "coordinates": [
          2.246605403,
          48.845676457
        ]
      },
      "properties": {
        "name": "Rue Roland-Garros / Rue Jacqueline",
        "context": "Boulogne-Billancourt, Hauts-de-Seine",
        "citycode": "92012",
        "depcode": "92"
      }
    },
    {
      "type": "Feature",
      "geometry": {
        "type": "Point",
        "coordinates": [
          2.241696259,
          48.832220451
        ]
      },
      "properties": {
        "name": "Rue Rouget de Lisle / Avenue Desfeux",
        "context": "Boulogne-Billancourt, Hauts-de-Seine",
        "citycode": "92012",
        "depcode": "92"
      }
    },
    {
      "type": "Feature",
      "geometry": {
        "type": "Point",
        "coordinates": [
          2.230888892,
          48.84268645
        ]
      },
      "properties": {
        "name": "Rue Saint-Denis / Avenue Jean Baptiste Clément",
        "context": "Boulogne-Billancourt, Hauts-de-Seine",
        "citycode": "92012",
        "depcode": "92"
      }
    },
    {
      "type": "Feature",
      "geometry": {
        "type": "Point",
        "coordinates": [
          2.231774251,
          48.844784485
        ]
      },
      "properties": {
        "name": "Rue Saint-Denis / Rue Anna Jacquin",
        "context": "Boulogne-Billancourt, Hauts-de-Seine",
        "citycode": "92012",
        "depcode": "92"
      }
    },
    {
      "type": "Feature",
      "geometry": {
        "type": "Point",
        "coordinates": [
          2.232877763,
          48.847420058
        ]
      },
      "properties": {
        "name": "Rue Saint-Denis / Rue de l'Abreuvoir",
        "context": "Boulogne-Billancourt, Hauts-de-Seine",
        "citycode": "92012",
        "depcode": "92"
      }
    },
    {
      "type": "Feature",
      "geometry": {
        "type": "Point",
        "coordinates": [
          2.232674174,
          48.846131419
        ]
      },
      "properties": {
        "name": "Rue Saint-Denis / Rue des Fossés Saint-Denis",
        "context": "Boulogne-Billancourt, Hauts-de-Seine",
        "citycode": "92012",
        "depcode": "92"
      }
    },
    {
      "type": "Feature",
      "geometry": {
        "type": "Point",
        "coordinates": [
          2.248966211,
          48.84269421
        ]
      },
      "properties": {
        "name": "Rue Salomon Reinach / Avenue Robert Schuman",
        "context": "Boulogne-Billancourt, Hauts-de-Seine",
        "citycode": "92012",
        "depcode": "92"
      }
    },
    {
      "type": "Feature",
      "geometry": {
        "type": "Point",
        "coordinates": [
          2.24632435,
          48.843376752
        ]
      },
      "properties": {
        "name": "Rue Salomon Reinach / Place Denfert-Rochereau",
        "context": "Boulogne-Billancourt, Hauts-de-Seine",
        "citycode": "92012",
        "depcode": "92"
      }
    },
    {
      "type": "Feature",
      "geometry": {
        "type": "Point",
        "coordinates": [
          2.246303932,
          48.843337345
        ]
      },
      "properties": {
        "name": "Rue Salomon Reinach / Rue Denfert-Rochereau",
        "context": "Boulogne-Billancourt, Hauts-de-Seine",
        "citycode": "92012",
        "depcode": "92"
      }
    },
    {
      "type": "Feature",
      "geometry": {
        "type": "Point",
        "coordinates": [
          2.24638707,
          48.84341054
        ]
      },
      "properties": {
        "name": "Rue Salomon Reinach / Rue du Château D102",
        "context": "Boulogne-Billancourt, Hauts-de-Seine",
        "citycode": "92012",
        "depcode": "92"
      }
    },
    {
      "type": "Feature",
      "geometry": {
        "type": "Point",
        "coordinates": [
          2.246316237,
          48.843428169
        ]
      },
      "properties": {
        "name": "Rue Salomon Reinach / Rue Max Blondat",
        "context": "Boulogne-Billancourt, Hauts-de-Seine",
        "citycode": "92012",
        "depcode": "92"
      }
    },
    {
      "type": "Feature",
      "geometry": {
        "type": "Point",
        "coordinates": [
          2.250412468,
          48.837883178
        ]
      },
      "properties": {
        "name": "Rue Samarcq / Rue Gallieni",
        "context": "Boulogne-Billancourt, Hauts-de-Seine",
        "citycode": "92012",
        "depcode": "92"
      }
    },
    {
      "type": "Feature",
      "geometry": {
        "type": "Point",
        "coordinates": [
          2.249465101,
          48.835494555
        ]
      },
      "properties": {
        "name": "Rue Thiers / Avenue Édouard Vaillant D910",
        "context": "Boulogne-Billancourt, Hauts-de-Seine",
        "citycode": "92012",
        "depcode": "92"
      }
    },
    {
      "type": "Feature",
      "geometry": {
        "type": "Point",
        "coordinates": [
          2.246866966,
          48.839029541
        ]
      },
      "properties": {
        "name": "Rue Thiers / Avenue Victor Hugo",
        "context": "Boulogne-Billancourt, Hauts-de-Seine",
        "citycode": "92012",
        "depcode": "92"
      }
    },
    {
      "type": "Feature",
      "geometry": {
        "type": "Point",
        "coordinates": [
          2.251738247,
          48.832386128
        ]
      },
      "properties": {
        "name": "Rue Thiers / Boulevard de la République D50",
        "context": "Boulogne-Billancourt, Hauts-de-Seine",
        "citycode": "92012",
        "depcode": "92"
      }
    },
    {
      "type": "Feature",
      "geometry": {
        "type": "Point",
        "coordinates": [
          2.246844219,
          48.839082693
        ]
      },
      "properties": {
        "name": "Rue Thiers / Route de la Reine D907",
        "context": "Boulogne-Billancourt, Hauts-de-Seine",
        "citycode": "92012",
        "depcode": "92"
      }
    },
    {
      "type": "Feature",
      "geometry": {
        "type": "Point",
        "coordinates": [
          2.251224351,
          48.833105745
        ]
      },
      "properties": {
        "name": "Rue Thiers / Rue du Dôme",
        "context": "Boulogne-Billancourt, Hauts-de-Seine",
        "citycode": "92012",
        "depcode": "92"
      }
    },
    {
      "type": "Feature",
      "geometry": {
        "type": "Point",
        "coordinates": [
          2.247908822,
          48.837632236
        ]
      },
      "properties": {
        "name": "Rue Thiers / Rue Édouard Detaille",
        "context": "Boulogne-Billancourt, Hauts-de-Seine",
        "citycode": "92012",
        "depcode": "92"
      }
    },
    {
      "type": "Feature",
      "geometry": {
        "type": "Point",
        "coordinates": [
          2.247936653,
          48.837585332
        ]
      },
      "properties": {
        "name": "Rue Thiers / Rue Gallieni",
        "context": "Boulogne-Billancourt, Hauts-de-Seine",
        "citycode": "92012",
        "depcode": "92"
      }
    },
    {
      "type": "Feature",
      "geometry": {
        "type": "Point",
        "coordinates": [
          2.250241165,
          48.834469129
        ]
      },
      "properties": {
        "name": "Rue Thiers / Rue Marcel Dassault",
        "context": "Boulogne-Billancourt, Hauts-de-Seine",
        "citycode": "92012",
        "depcode": "92"
      }
    },
    {
      "type": "Feature",
      "geometry": {
        "type": "Point",
        "coordinates": [
          2.23356625,
          48.846486884
        ]
      },
      "properties": {
        "name": "Rue Tisserant / Rue des Fossés Saint-Denis",
        "context": "Boulogne-Billancourt, Hauts-de-Seine",
        "citycode": "92012",
        "depcode": "92"
      }
    },
    {
      "type": "Feature",
      "geometry": {
        "type": "Point",
        "coordinates": [
          2.241905675,
          48.824363057
        ]
      },
      "properties": {
        "name": "Rue Traversière / Avenue Pierre Lefaucheux",
        "context": "Boulogne-Billancourt, Hauts-de-Seine",
        "citycode": "92012",
        "depcode": "92"
      }
    },
    {
      "type": "Feature",
      "geometry": {
        "type": "Point",
        "coordinates": [
          2.244208085,
          48.824832166
        ]
      },
      "properties": {
        "name": "Rue Traversière / Rue Damiens",
        "context": "Boulogne-Billancourt, Hauts-de-Seine",
        "citycode": "92012",
        "depcode": "92"
      }
    },
    {
      "type": "Feature",
      "geometry": {
        "type": "Point",
        "coordinates": [
          2.247290139,
          48.825499686
        ]
      },
      "properties": {
        "name": "Rue Traversière / Rue Jules Ferry",
        "context": "Boulogne-Billancourt, Hauts-de-Seine",
        "citycode": "92012",
        "depcode": "92"
      }
    },
    {
      "type": "Feature",
      "geometry": {
        "type": "Point",
        "coordinates": [
          2.24380775,
          48.824761801
        ]
      },
      "properties": {
        "name": "Rue Traversière / Rue Marcel Bontemps",
        "context": "Boulogne-Billancourt, Hauts-de-Seine",
        "citycode": "92012",
        "depcode": "92"
      }
    },
    {
      "type": "Feature",
      "geometry": {
        "type": "Point",
        "coordinates": [
          2.244130675,
          48.824819913
        ]
      },
      "properties": {
        "name": "Rue Traversière / Rue Nationale",
        "context": "Boulogne-Billancourt, Hauts-de-Seine",
        "citycode": "92012",
        "depcode": "92"
      }
    },
    {
      "type": "Feature",
      "geometry": {
        "type": "Point",
        "coordinates": [
          2.247270848,
          48.825493261
        ]
      },
      "properties": {
        "name": "Rue Traversière / Rue Yves Kermen",
        "context": "Boulogne-Billancourt, Hauts-de-Seine",
        "citycode": "92012",
        "depcode": "92"
      }
    },
    {
      "type": "Feature",
      "geometry": {
        "type": "Point",
        "coordinates": [
          2.239068674,
          48.84553686
        ]
      },
      "properties": {
        "name": "Rue Vauthier / Rond-Point Fessart",
        "context": "Boulogne-Billancourt, Hauts-de-Seine",
        "citycode": "92012",
        "depcode": "92"
      }
    },
    {
      "type": "Feature",
      "geometry": {
        "type": "Point",
        "coordinates": [
          2.239000075,
          48.845516365
        ]
      },
      "properties": {
        "name": "Rue Vauthier / Rue Fessart",
        "context": "Boulogne-Billancourt, Hauts-de-Seine",
        "citycode": "92012",
        "depcode": "92"
      }
    },
    {
      "type": "Feature",
      "geometry": {
        "type": "Point",
        "coordinates": [
          2.24075504,
          48.845450878
        ]
      },
      "properties": {
        "name": "Rue Vauthier / Rue Gambetta",
        "context": "Boulogne-Billancourt, Hauts-de-Seine",
        "citycode": "92012",
        "depcode": "92"
      }
    },
    {
      "type": "Feature",
      "geometry": {
        "type": "Point",
        "coordinates": [
          2.242264667,
          48.830522981
        ]
      },
      "properties": {
        "name": "Rue Victor Griffuelhes / Allée des Dominicaines",
        "context": "Boulogne-Billancourt, Hauts-de-Seine",
        "citycode": "92012",
        "depcode": "92"
      }
    },
    {
      "type": "Feature",
      "geometry": {
        "type": "Point",
        "coordinates": [
          2.242184795,
          48.829732497
        ]
      },
      "properties": {
        "name": "Rue Victor Griffuelhes / Allée Émile Pouget",
        "context": "Boulogne-Billancourt, Hauts-de-Seine",
        "citycode": "92012",
        "depcode": "92"
      }
    },
    {
      "type": "Feature",
      "geometry": {
        "type": "Point",
        "coordinates": [
          2.242341898,
          48.831396428
        ]
      },
      "properties": {
        "name": "Rue Victor Griffuelhes / Rue de Clamart",
        "context": "Boulogne-Billancourt, Hauts-de-Seine",
        "citycode": "92012",
        "depcode": "92"
      }
    },
    {
      "type": "Feature",
      "geometry": {
        "type": "Point",
        "coordinates": [
          2.242342719,
          48.831552881
        ]
      },
      "properties": {
        "name": "Rue Victor Griffuelhes / Rue des Quatre Cheminées",
        "context": "Boulogne-Billancourt, Hauts-de-Seine",
        "citycode": "92012",
        "depcode": "92"
      }
    },
    {
      "type": "Feature",
      "geometry": {
        "type": "Point",
        "coordinates": [
          2.242344616,
          48.831552066
        ]
      },
      "properties": {
        "name": "Rue Victor Griffuelhes / Rue du Vieux Pont de Sèvres",
        "context": "Boulogne-Billancourt, Hauts-de-Seine",
        "citycode": "92012",
        "depcode": "92"
      }
    },
    {
      "type": "Feature",
      "geometry": {
        "type": "Point",
        "coordinates": [
          2.238059137,
          48.828778915
        ]
      },
      "properties": {
        "name": "Rue Yves Kermen / Allée Robert Doisneau",
        "context": "Boulogne-Billancourt, Hauts-de-Seine",
        "citycode": "92012",
        "depcode": "92"
      }
    },
    {
      "type": "Feature",
      "geometry": {
        "type": "Point",
        "coordinates": [
          2.234703878,
          48.830778145
        ]
      },
      "properties": {
        "name": "Rue Yves Kermen / Avenue du Général Leclerc D910",
        "context": "Boulogne-Billancourt, Hauts-de-Seine",
        "citycode": "92012",
        "depcode": "92"
      }
    },
    {
      "type": "Feature",
      "geometry": {
        "type": "Point",
        "coordinates": [
          2.23874849,
          48.828518334
        ]
      },
      "properties": {
        "name": "Rue Yves Kermen / Avenue Émile Zola",
        "context": "Boulogne-Billancourt, Hauts-de-Seine",
        "citycode": "92012",
        "depcode": "92"
      }
    },
    {
      "type": "Feature",
      "geometry": {
        "type": "Point",
        "coordinates": [
          2.236638671,
          48.829285293
        ]
      },
      "properties": {
        "name": "Rue Yves Kermen / Cours de l'Île Seguin",
        "context": "Boulogne-Billancourt, Hauts-de-Seine",
        "citycode": "92012",
        "depcode": "92"
      }
    },
    {
      "type": "Feature",
      "geometry": {
        "type": "Point",
        "coordinates": [
          2.248106735,
          48.825216458
        ]
      },
      "properties": {
        "name": "Rue Yves Kermen / Place du Pont de Billancourt",
        "context": "Boulogne-Billancourt, Hauts-de-Seine",
        "citycode": "92012",
        "depcode": "92"
      }
    },
    {
      "type": "Feature",
      "geometry": {
        "type": "Point",
        "coordinates": [
          2.242036119,
          48.827189115
        ]
      },
      "properties": {
        "name": "Rue Yves Kermen / Place Jules Guesde",
        "context": "Boulogne-Billancourt, Hauts-de-Seine",
        "citycode": "92012",
        "depcode": "92"
      }
    },
    {
      "type": "Feature",
      "geometry": {
        "type": "Point",
        "coordinates": [
          2.234665088,
          48.83086249
        ]
      },
      "properties": {
        "name": "Rue Yves Kermen / Rue de Silly",
        "context": "Boulogne-Billancourt, Hauts-de-Seine",
        "citycode": "92012",
        "depcode": "92"
      }
    },
    {
      "type": "Feature",
      "geometry": {
        "type": "Point",
        "coordinates": [
          2.236375625,
          48.829380066
        ]
      },
      "properties": {
        "name": "Rue Yves Kermen / Rue du Vieux Pont de Sèvres",
        "context": "Boulogne-Billancourt, Hauts-de-Seine",
        "citycode": "92012",
        "depcode": "92"
      }
    },
    {
      "type": "Feature",
      "geometry": {
        "type": "Point",
        "coordinates": [
          2.243044874,
          48.826855789
        ]
      },
      "properties": {
        "name": "Rue Yves Kermen / Rue Heinrich",
        "context": "Boulogne-Billancourt, Hauts-de-Seine",
        "citycode": "92012",
        "depcode": "92"
      }
    },
    {
      "type": "Feature",
      "geometry": {
        "type": "Point",
        "coordinates": [
          2.241587021,
          48.827318274
        ]
      },
      "properties": {
        "name": "Rue Yves Kermen / Traverse Jules Guesde",
        "context": "Boulogne-Billancourt, Hauts-de-Seine",
        "citycode": "92012",
        "depcode": "92"
      }
    },
    {
      "type": "Feature",
      "geometry": {
        "type": "Point",
        "coordinates": [
          2.233225252,
          48.833800255
        ]
      },
      "properties": {
        "name": "Sente de la Pyramide / Rue de Silly",
        "context": "Boulogne-Billancourt, Hauts-de-Seine",
        "citycode": "92012",
        "depcode": "92"
      }
    },
    {
      "type": "Feature",
      "geometry": {
        "type": "Point",
        "coordinates": [
          2.245469281,
          48.836828313
        ]
      },
      "properties": {
        "name": "Sente Maitre-Jacques / Avenue Victor Hugo",
        "context": "Boulogne-Billancourt, Hauts-de-Seine",
        "citycode": "92012",
        "depcode": "92"
      }
    },
    {
      "type": "Feature",
      "geometry": {
        "type": "Point",
        "coordinates": [
          2.245382104,
          48.836861299
        ]
      },
      "properties": {
        "name": "Sente Maitre-Jacques / Passage Victor Hugo",
        "context": "Boulogne-Billancourt, Hauts-de-Seine",
        "citycode": "92012",
        "depcode": "92"
      }
    },
    {
      "type": "Feature",
      "geometry": {
        "type": "Point",
        "coordinates": [
          2.245479862,
          48.836856362
        ]
      },
      "properties": {
        "name": "Sente Maitre-Jacques / Rue Émile Landrin",
        "context": "Boulogne-Billancourt, Hauts-de-Seine",
        "citycode": "92012",
        "depcode": "92"
      }
    },
    {
      "type": "Feature",
      "geometry": {
        "type": "Point",
        "coordinates": [
          2.245174028,
          48.837226197
        ]
      },
      "properties": {
        "name": "Sente Maitre-Jacques / Rue Gallieni",
        "context": "Boulogne-Billancourt, Hauts-de-Seine",
        "citycode": "92012",
        "depcode": "92"
      }
    },
    {
      "type": "Feature",
      "geometry": {
        "type": "Point",
        "coordinates": [
          2.253016051,
          48.827728857
        ]
      },
      "properties": {
        "name": "Square de l'Avre / Quai du Point du Jour D1",
        "context": "Boulogne-Billancourt, Hauts-de-Seine",
        "citycode": "92012",
        "depcode": "92"
      }
    },
    {
      "type": "Feature",
      "geometry": {
        "type": "Point",
        "coordinates": [
          2.252507043,
          48.828660235
        ]
      },
      "properties": {
        "name": "Square de l'Avre / Square des Moulineaux",
        "context": "Boulogne-Billancourt, Hauts-de-Seine",
        "citycode": "92012",
        "depcode": "92"
      }
    },
    {
      "type": "Feature",
      "geometry": {
        "type": "Point",
        "coordinates": [
          2.230544926,
          48.830993773
        ]
      },
      "properties": {
        "name": "Square du Pont de Sèvres / Rue de Sèvres",
        "context": "Boulogne-Billancourt, Hauts-de-Seine",
        "citycode": "92012",
        "depcode": "92"
      }
    },
    {
      "type": "Feature",
      "geometry": {
        "type": "Point",
        "coordinates": [
          2.249120292,
          48.845906228
        ]
      },
      "properties": {
        "name": "Square Gutenberg / Boulevard d'Auteuil",
        "context": "Boulogne-Billancourt, Hauts-de-Seine",
        "citycode": "92012",
        "depcode": "92"
      }
    },
    {
      "type": "Feature",
      "geometry": {
        "type": "Point",
        "coordinates": [
          2.23967759,
          48.825392031
        ]
      },
      "properties": {
        "name": "Traverse Jules Guesde / Avenue Pierre Lefaucheux",
        "context": "Boulogne-Billancourt, Hauts-de-Seine",
        "citycode": "92012",
        "depcode": "92"
      }
    },
    {
      "type": "Feature",
      "geometry": {
        "type": "Point",
        "coordinates": [
          2.240615466,
          48.826102683
        ]
      },
      "properties": {
        "name": "Traverse Jules Guesde / Rue Marcel Bontemps",
        "context": "Boulogne-Billancourt, Hauts-de-Seine",
        "citycode": "92012",
        "depcode": "92"
      }
    },
    {
      "type": "Feature",
      "geometry": {
        "type": "Point",
        "coordinates": [
          2.242068122,
          48.848419178
        ]
      },
      "properties": {
        "name": "Tunnel Ambroise Paré A13 / Allée de la Reine Marguerite",
        "context": "Boulogne-Billancourt, Hauts-de-Seine",
        "citycode": "92012",
        "depcode": "92"
      }
    },
    {
      "type": "Feature",
      "geometry": {
        "type": "Point",
        "coordinates": [
          2.236800934,
          48.848350439
        ]
      },
      "properties": {
        "name": "Tunnel Ambroise Paré A13 / Autoroute de Normandie A13",
        "context": "Boulogne-Billancourt, Hauts-de-Seine",
        "citycode": "92012",
        "depcode": "92"
      }
    },
    {
      "type": "Feature",
      "geometry": {
        "type": "Point",
        "coordinates": [
          2.237237372,
          48.84831377
        ]
      },
      "properties": {
        "name": "Tunnel Ambroise Paré A13 / Avenue Charles de Gaulle D2",
        "context": "Boulogne-Billancourt, Hauts-de-Seine",
        "citycode": "92012",
        "depcode": "92"
      }
    },
    {
      "type": "Feature",
      "geometry": {
        "type": "Point",
        "coordinates": [
          2.242476568,
          48.848483559
        ]
      },
      "properties": {
        "name": "Tunnel Ambroise Paré A13 / Avenue de Saint-Cloud",
        "context": "Boulogne-Billancourt, Hauts-de-Seine",
        "citycode": "92012",
        "depcode": "92"
      }
    },
    {
      "type": "Feature",
      "geometry": {
        "type": "Point",
        "coordinates": [
          2.241516344,
          48.848437546
        ]
      },
      "properties": {
        "name": "Tunnel Ambroise Paré A13 / Boulevard Anatole France",
        "context": "Boulogne-Billancourt, Hauts-de-Seine",
        "citycode": "92012",
        "depcode": "92"
      }
    },
    {
      "type": "Feature",
      "geometry": {
        "type": "Point",
        "coordinates": [
          2.242318477,
          48.848360995
        ]
      },
      "properties": {
        "name": "Tunnel Ambroise Paré A13 / Carrefour des Anciens Combattants",
        "context": "Boulogne-Billancourt, Hauts-de-Seine",
        "citycode": "92012",
        "depcode": "92"
      }
    },
    {
      "type": "Feature",
      "geometry": {
        "type": "Point",
        "coordinates": [
          2.243540271,
          48.826686433
        ]
      },
      "properties": {
        "name": "Villa Alexandre / Rue Yves Kermen",
        "context": "Boulogne-Billancourt, Hauts-de-Seine",
        "citycode": "92012",
        "depcode": "92"
      }
    },
    {
      "type": "Feature",
      "geometry": {
        "type": "Point",
        "coordinates": [
          2.234279155,
          48.850342131
        ]
      },
      "properties": {
        "name": "Villa Alexandrine / Allée de Longchamp",
        "context": "Boulogne-Billancourt, Hauts-de-Seine",
        "citycode": "92012",
        "depcode": "92"
      }
    },
    {
      "type": "Feature",
      "geometry": {
        "type": "Point",
        "coordinates": [
          2.237571111,
          48.849603482
        ]
      },
      "properties": {
        "name": "Villa Alexandrine / Avenue Charles de Gaulle D2",
        "context": "Boulogne-Billancourt, Hauts-de-Seine",
        "citycode": "92012",
        "depcode": "92"
      }
    },
    {
      "type": "Feature",
      "geometry": {
        "type": "Point",
        "coordinates": [
          2.252681356,
          48.832200698
        ]
      },
      "properties": {
        "name": "Villa Bertrand / Boulevard de la République D50",
        "context": "Boulogne-Billancourt, Hauts-de-Seine",
        "citycode": "92012",
        "depcode": "92"
      }
    },
    {
      "type": "Feature",
      "geometry": {
        "type": "Point",
        "coordinates": [
          2.228743963,
          48.844959
        ]
      },
      "properties": {
        "name": "Villa de Buzenval / Rue Anna Jacquin",
        "context": "Boulogne-Billancourt, Hauts-de-Seine",
        "citycode": "92012",
        "depcode": "92"
      }
    },
    {
      "type": "Feature",
      "geometry": {
        "type": "Point",
        "coordinates": [
          2.236737606,
          48.835820467
        ]
      },
      "properties": {
        "name": "Villa des Beaux Arts / Rue de Billancourt",
        "context": "Boulogne-Billancourt, Hauts-de-Seine",
        "citycode": "92012",
        "depcode": "92"
      }
    },
    {
      "type": "Feature",
      "geometry": {
        "type": "Point",
        "coordinates": [
          2.24525206,
          48.836271264
        ]
      },
      "properties": {
        "name": "Villa des Princes / Avenue Victor Hugo",
        "context": "Boulogne-Billancourt, Hauts-de-Seine",
        "citycode": "92012",
        "depcode": "92"
      }
    },
    {
      "type": "Feature",
      "geometry": {
        "type": "Point",
        "coordinates": [
          2.238152839,
          48.834728219
        ]
      },
      "properties": {
        "name": "Villa des Tilleuls / Rue d'Aguesseau",
        "context": "Boulogne-Billancourt, Hauts-de-Seine",
        "citycode": "92012",
        "depcode": "92"
      }
    },
    {
      "type": "Feature",
      "geometry": {
        "type": "Point",
        "coordinates": [
          2.239397273,
          48.83487481
        ]
      },
      "properties": {
        "name": "Villa des Tilleuls / Rue Paul Bert",
        "context": "Boulogne-Billancourt, Hauts-de-Seine",
        "citycode": "92012",
        "depcode": "92"
      }
    },
    {
      "type": "Feature",
      "geometry": {
        "type": "Point",
        "coordinates": [
          2.244536012,
          48.835051758
        ]
      },
      "properties": {
        "name": "Villa Jeanne / Avenue Victor Hugo",
        "context": "Boulogne-Billancourt, Hauts-de-Seine",
        "citycode": "92012",
        "depcode": "92"
      }
    },
    {
      "type": "Feature",
      "geometry": {
        "type": "Point",
        "coordinates": [
          2.240381973,
          48.839700781
        ]
      },
      "properties": {
        "name": "Villa Marie-Justine / Route de la Reine D907",
        "context": "Boulogne-Billancourt, Hauts-de-Seine",
        "citycode": "92012",
        "depcode": "92"
      }
    },
    {
      "type": "Feature",
      "geometry": {
        "type": "Point",
        "coordinates": [
          2.242814026,
          48.840460804
        ]
      },
      "properties": {
        "name": "Villa Marie-Justine / Rue de Paris",
        "context": "Boulogne-Billancourt, Hauts-de-Seine",
        "citycode": "92012",
        "depcode": "92"
      }
    },
    {
      "type": "Feature",
      "geometry": {
        "type": "Point",
        "coordinates": [
          2.248681469,
          48.836582098
        ]
      },
      "properties": {
        "name": "Villa Pauline / Rue Thiers",
        "context": "Boulogne-Billancourt, Hauts-de-Seine",
        "citycode": "92012",
        "depcode": "92"
      }
    },
    {
      "type": "Feature",
      "geometry": {
        "type": "Point",
        "coordinates": [
          2.245905218,
          48.846735018
        ]
      },
      "properties": {
        "name": "Villa Persane / Boulevard d'Auteuil",
        "context": "Boulogne-Billancourt, Hauts-de-Seine",
        "citycode": "92012",
        "depcode": "92"
      }
    },
    {
      "type": "Feature",
      "geometry": {
        "type": "Point",
        "coordinates": [
          2.246824018,
          48.842123327
        ]
      },
      "properties": {
        "name": "Villa Rosendael / Rue Denfert-Rochereau",
        "context": "Boulogne-Billancourt, Hauts-de-Seine",
        "citycode": "92012",
        "depcode": "92"
      }
    },
    {
      "type": "Feature",
      "geometry": {
        "type": "Point",
        "coordinates": [
          2.224843047,
          48.84124162
        ]
      },
      "properties": {
        "name": "D1 / Avenue du Maréchal de Lattre de Tassigny D907",
        "context": "Boulogne-Billancourt, Hauts-de-Seine",
        "citycode": "92012",
        "depcode": "92"
      }
    },
    {
      "type": "Feature",
      "geometry": {
        "type": "Point",
        "coordinates": [
          2.248542704,
          48.825014232
        ]
      },
      "properties": {
        "name": "D1 / Boulevard des Îles D2",
        "context": "Boulogne-Billancourt, Hauts-de-Seine",
        "citycode": "92012",
        "depcode": "92"
      }
    },
    {
      "type": "Feature",
      "geometry": {
        "type": "Point",
        "coordinates": [
          2.224745676,
          48.841237379
        ]
      },
      "properties": {
        "name": "D1 / Pont de Saint-Cloud D907",
        "context": "Boulogne-Billancourt, Hauts-de-Seine",
        "citycode": "92012",
        "depcode": "92"
      }
    }
  ]
}