{
  "type": "FeatureCollection",
  "features": [
    {
      "type": "Feature",
      "geometry": {
        "type": "Point",
        "coordinates": [
          2.304774541,
          48.766610349
        ]
      },
      "properties": {
        "name": "Aire de Service du Parc / Allée des Quatre Vents",
        "context": "Antony, Hauts-de-Seine",
        "citycode": "92002",
        "depcode": "92"
      }
    },
    {
      "type": "Feature",
      "geometry": {
        "type": "Point",
        "coordinates": [
          2.306390985,
          48.765722101
        ]
      },
      "properties": {
        "name": "Aire de Service du Parc / Avenue Le Brun D77",
        "context": "Antony, Hauts-de-Seine",
        "citycode": "92002",
        "depcode": "92"
      }
    },
    {
      "type": "Feature",
      "geometry": {
        "type": "Point",
        "coordinates": [
          2.288674973,
          48.750709601
        ]
      },
      "properties": {
        "name": "Allée Abraham et Esther Ploktine / Allée Diderot",
        "context": "Antony, Hauts-de-Seine",
        "citycode": "92002",
        "depcode": "92"
      }
    },
    {
      "type": "Feature",
      "geometry": {
        "type": "Point",
        "coordinates": [
          2.305548624,
          48.754765785
        ]
      },
      "properties": {
        "name": "Allée Astrida / Avenue Aristide Briand D920",
        "context": "Antony, Hauts-de-Seine",
        "citycode": "92002",
        "depcode": "92"
      }
    },
    {
      "type": "Feature",
      "geometry": {
        "type": "Point",
        "coordinates": [
          2.306714055,
          48.740616356
        ]
      },
      "properties": {
        "name": "Allée Beauregard / Rue des Rabats",
        "context": "Antony, Hauts-de-Seine",
        "citycode": "92002",
        "depcode": "92"
      }
    },
    {
      "type": "Feature",
      "geometry": {
        "type": "Point",
        "coordinates": [
          2.300858622,
          48.765419395
        ]
      },
      "properties": {
        "name": "Allée Bossue / Parcours Sportif",
        "context": "Antony, Hauts-de-Seine",
        "citycode": "92002",
        "depcode": "92"
      }
    },
    {
      "type": "Feature",
      "geometry": {
        "type": "Point",
        "coordinates": [
          2.303406932,
          48.737562915
        ]
      },
      "properties": {
        "name": "Allée Chanteclair / Rue des Rabats",
        "context": "Antony, Hauts-de-Seine",
        "citycode": "92002",
        "depcode": "92"
      }
    },
    {
      "type": "Feature",
      "geometry": {
        "type": "Point",
        "coordinates": [
          2.283542817,
          48.750383596
        ]
      },
      "properties": {
        "name": "Allée Charles Perrault / Chemin de Moricq",
        "context": "Antony, Hauts-de-Seine",
        "citycode": "92002",
        "depcode": "92"
      }
    },
    {
      "type": "Feature",
      "geometry": {
        "type": "Point",
        "coordinates": [
          2.283581876,
          48.750343518
        ]
      },
      "properties": {
        "name": "Allée Charles Perrault / Rue de la Tour d'Argent",
        "context": "Antony, Hauts-de-Seine",
        "citycode": "92002",
        "depcode": "92"
      }
    },
    {
      "type": "Feature",
      "geometry": {
        "type": "Point",
        "coordinates": [
          2.312086456,
          48.763429748
        ]
      },
      "properties": {
        "name": "Allée Christian d'Oriola / Rue d'Olomouc",
        "context": "Antony, Hauts-de-Seine",
        "citycode": "92002",
        "depcode": "92"
      }
    },
    {
      "type": "Feature",
      "geometry": {
        "type": "Point",
        "coordinates": [
          2.278171283,
          48.758307923
        ]
      },
      "properties": {
        "name": "Allée d'Arz / Allée de la Puisaye",
        "context": "Antony, Hauts-de-Seine",
        "citycode": "92002",
        "depcode": "92"
      }
    },
    {
      "type": "Feature",
      "geometry": {
        "type": "Point",
        "coordinates": [
          2.30596237,
          48.752131293
        ]
      },
      "properties": {
        "name": "Allée d'Orléans / La Bièvre",
        "context": "Antony, Hauts-de-Seine",
        "citycode": "92002",
        "depcode": "92"
      }
    },
    {
      "type": "Feature",
      "geometry": {
        "type": "Point",
        "coordinates": [
          2.289896847,
          48.737203252
        ]
      },
      "properties": {
        "name": "Allée de l'Adour / Rue Anatole France",
        "context": "Antony, Hauts-de-Seine",
        "citycode": "92002",
        "depcode": "92"
      }
    },
    {
      "type": "Feature",
      "geometry": {
        "type": "Point",
        "coordinates": [
          2.287104399,
          48.73494604
        ]
      },
      "properties": {
        "name": "Allée de l'Estérel / Allée des Irlandais",
        "context": "Antony, Hauts-de-Seine",
        "citycode": "92002",
        "depcode": "92"
      }
    },
    {
      "type": "Feature",
      "geometry": {
        "type": "Point",
        "coordinates": [
          2.285182513,
          48.735004038
        ]
      },
      "properties": {
        "name": "Allée de l'Estérel / Avenue du Noyer Doré",
        "context": "Antony, Hauts-de-Seine",
        "citycode": "92002",
        "depcode": "92"
      }
    },
    {
      "type": "Feature",
      "geometry": {
        "type": "Point",
        "coordinates": [
          2.28707112,
          48.734996308
        ]
      },
      "properties": {
        "name": "Allée de l'Estérel / Avenue du Président J.F. Kennedy D66",
        "context": "Antony, Hauts-de-Seine",
        "citycode": "92002",
        "depcode": "92"
      }
    },
    {
      "type": "Feature",
      "geometry": {
        "type": "Point",
        "coordinates": [
          2.286290133,
          48.735360392
        ]
      },
      "properties": {
        "name": "Allée de l'Estérel / Mail Robert Doisneau",
        "context": "Antony, Hauts-de-Seine",
        "citycode": "92002",
        "depcode": "92"
      }
    },
    {
      "type": "Feature",
      "geometry": {
        "type": "Point",
        "coordinates": [
          2.285647781,
          48.74209359
        ]
      },
      "properties": {
        "name": "Allée de l'Herbier / Rue Adolphe Pajeaud D67A",
        "context": "Antony, Hauts-de-Seine",
        "citycode": "92002",
        "depcode": "92"
      }
    },
    {
      "type": "Feature",
      "geometry": {
        "type": "Point",
        "coordinates": [
          2.285631083,
          48.742100101
        ]
      },
      "properties": {
        "name": "Allée de l'Herbier / Rue Georges Suant D63",
        "context": "Antony, Hauts-de-Seine",
        "citycode": "92002",
        "depcode": "92"
      }
    },
    {
      "type": "Feature",
      "geometry": {
        "type": "Point",
        "coordinates": [
          2.287206515,
          48.740043982
        ]
      },
      "properties": {
        "name": "Allée de l'Herbier / Rue Pierre Vermeir",
        "context": "Antony, Hauts-de-Seine",
        "citycode": "92002",
        "depcode": "92"
      }
    },
    {
      "type": "Feature",
      "geometry": {
        "type": "Point",
        "coordinates": [
          2.300695803,
          48.765235536
        ]
      },
      "properties": {
        "name": "Allée de la Faisanderie / Allée Bossue",
        "context": "Antony, Hauts-de-Seine",
        "citycode": "92002",
        "depcode": "92"
      }
    },
    {
      "type": "Feature",
      "geometry": {
        "type": "Point",
        "coordinates": [
          2.302981682,
          48.765573999
        ]
      },
      "properties": {
        "name": "Allée de la Faisanderie / Allée de la Patte d'Oie",
        "context": "Antony, Hauts-de-Seine",
        "citycode": "92002",
        "depcode": "92"
      }
    },
    {
      "type": "Feature",
      "geometry": {
        "type": "Point",
        "coordinates": [
          2.304300351,
          48.765809584
        ]
      },
      "properties": {
        "name": "Allée de la Faisanderie / Allée des Quatre Vents",
        "context": "Antony, Hauts-de-Seine",
        "citycode": "92002",
        "depcode": "92"
      }
    },
    {
      "type": "Feature",
      "geometry": {
        "type": "Point",
        "coordinates": [
          2.300768787,
          48.765219015
        ]
      },
      "properties": {
        "name": "Allée de la Faisanderie / Parcours Sportif",
        "context": "Antony, Hauts-de-Seine",
        "citycode": "92002",
        "depcode": "92"
      }
    },
    {
      "type": "Feature",
      "geometry": {
        "type": "Point",
        "coordinates": [
          2.302045509,
          48.765421474
        ]
      },
      "properties": {
        "name": "Allée de la Faisanderie / Petite Allée de la Faisanderie",
        "context": "Antony, Hauts-de-Seine",
        "citycode": "92002",
        "depcode": "92"
      }
    },
    {
      "type": "Feature",
      "geometry": {
        "type": "Point",
        "coordinates": [
          2.302972729,
          48.766244642
        ]
      },
      "properties": {
        "name": "Allée de la Patte d'Oie / Allée Circulaire",
        "context": "Antony, Hauts-de-Seine",
        "citycode": "92002",
        "depcode": "92"
      }
    },
    {
      "type": "Feature",
      "geometry": {
        "type": "Point",
        "coordinates": [
          2.303095785,
          48.765597417
        ]
      },
      "properties": {
        "name": "Allée de la Patte d'Oie / Allée de la Faisanderie",
        "context": "Antony, Hauts-de-Seine",
        "citycode": "92002",
        "depcode": "92"
      }
    },
    {
      "type": "Feature",
      "geometry": {
        "type": "Point",
        "coordinates": [
          2.302857233,
          48.766236474
        ]
      },
      "properties": {
        "name": "Allée de la Patte d'Oie / Parcours Sportif",
        "context": "Antony, Hauts-de-Seine",
        "citycode": "92002",
        "depcode": "92"
      }
    },
    {
      "type": "Feature",
      "geometry": {
        "type": "Point",
        "coordinates": [
          2.302483467,
          48.766852812
        ]
      },
      "properties": {
        "name": "Allée de la Patte d'Oie / Petite Allée de la Faisanderie",
        "context": "Antony, Hauts-de-Seine",
        "citycode": "92002",
        "depcode": "92"
      }
    },
    {
      "type": "Feature",
      "geometry": {
        "type": "Point",
        "coordinates": [
          2.290545504,
          48.739992221
        ]
      },
      "properties": {
        "name": "Allée de la Sambre / Allée de la Tamise",
        "context": "Antony, Hauts-de-Seine",
        "citycode": "92002",
        "depcode": "92"
      }
    },
    {
      "type": "Feature",
      "geometry": {
        "type": "Point",
        "coordinates": [
          2.2905526,
          48.739908314
        ]
      },
      "properties": {
        "name": "Allée de la Sambre / Allée de la Volga",
        "context": "Antony, Hauts-de-Seine",
        "citycode": "92002",
        "depcode": "92"
      }
    },
    {
      "type": "Feature",
      "geometry": {
        "type": "Point",
        "coordinates": [
          2.29025608,
          48.739664786
        ]
      },
      "properties": {
        "name": "Allée de la Sambre / Allée du Tchad",
        "context": "Antony, Hauts-de-Seine",
        "citycode": "92002",
        "depcode": "92"
      }
    },
    {
      "type": "Feature",
      "geometry": {
        "type": "Point",
        "coordinates": [
          2.290471719,
          48.740066219
        ]
      },
      "properties": {
        "name": "Allée de la Sambre / Rue de Massy",
        "context": "Antony, Hauts-de-Seine",
        "citycode": "92002",
        "depcode": "92"
      }
    },
    {
      "type": "Feature",
      "geometry": {
        "type": "Point",
        "coordinates": [
          2.29077653,
          48.739975508
        ]
      },
      "properties": {
        "name": "Allée de la Tamise / Allée de la Volga",
        "context": "Antony, Hauts-de-Seine",
        "citycode": "92002",
        "depcode": "92"
      }
    },
    {
      "type": "Feature",
      "geometry": {
        "type": "Point",
        "coordinates": [
          2.291736337,
          48.739349662
        ]
      },
      "properties": {
        "name": "Allée de la Tamise / Allée du Gange",
        "context": "Antony, Hauts-de-Seine",
        "citycode": "92002",
        "depcode": "92"
      }
    },
    {
      "type": "Feature",
      "geometry": {
        "type": "Point",
        "coordinates": [
          2.290503634,
          48.740026713
        ]
      },
      "properties": {
        "name": "Allée de la Tamise / Rue de Massy",
        "context": "Antony, Hauts-de-Seine",
        "citycode": "92002",
        "depcode": "92"
      }
    },
    {
      "type": "Feature",
      "geometry": {
        "type": "Point",
        "coordinates": [
          2.290680059,
          48.739716948
        ]
      },
      "properties": {
        "name": "Allée de la Volga / Allée du Tchad",
        "context": "Antony, Hauts-de-Seine",
        "citycode": "92002",
        "depcode": "92"
      }
    },
    {
      "type": "Feature",
      "geometry": {
        "type": "Point",
        "coordinates": [
          2.304456454,
          48.73286284
        ]
      },
      "properties": {
        "name": "Allée de Villemilan / Rue des Nations-Unies",
        "context": "Antony, Hauts-de-Seine",
        "citycode": "92002",
        "depcode": "92"
      }
    },
    {
      "type": "Feature",
      "geometry": {
        "type": "Point",
        "coordinates": [
          2.312338938,
          48.744126455
        ]
      },
      "properties": {
        "name": "Allée des Arts / Rue des Rabats",
        "context": "Antony, Hauts-de-Seine",
        "citycode": "92002",
        "depcode": "92"
      }
    },
    {
      "type": "Feature",
      "geometry": {
        "type": "Point",
        "coordinates": [
          2.28752299,
          48.749784938
        ]
      },
      "properties": {
        "name": "Allée des Belles Feuilles / Avenue François Molé VC2",
        "context": "Antony, Hauts-de-Seine",
        "citycode": "92002",
        "depcode": "92"
      }
    },
    {
      "type": "Feature",
      "geometry": {
        "type": "Point",
        "coordinates": [
          2.292860041,
          48.758357821
        ]
      },
      "properties": {
        "name": "Allée des Cèdres / Passage Grillot",
        "context": "Antony, Hauts-de-Seine",
        "citycode": "92002",
        "depcode": "92"
      }
    },
    {
      "type": "Feature",
      "geometry": {
        "type": "Point",
        "coordinates": [
          2.296710278,
          48.764777097
        ]
      },
      "properties": {
        "name": "Allée des Cèdres / Perspective Hanovre Grenouillère",
        "context": "Antony, Hauts-de-Seine",
        "citycode": "92002",
        "depcode": "92"
      }
    },
    {
      "type": "Feature",
      "geometry": {
        "type": "Point",
        "coordinates": [
          2.301562753,
          48.767296776
        ]
      },
      "properties": {
        "name": "Allée des Corbeaux / Allée Bossue",
        "context": "Antony, Hauts-de-Seine",
        "citycode": "92002",
        "depcode": "92"
      }
    },
    {
      "type": "Feature",
      "geometry": {
        "type": "Point",
        "coordinates": [
          2.304215939,
          48.767711913
        ]
      },
      "properties": {
        "name": "Allée des Corbeaux / Allée Circulaire",
        "context": "Antony, Hauts-de-Seine",
        "citycode": "92002",
        "depcode": "92"
      }
    },
    {
      "type": "Feature",
      "geometry": {
        "type": "Point",
        "coordinates": [
          2.305475173,
          48.76787493
        ]
      },
      "properties": {
        "name": "Allée des Corbeaux / Allée des Quatre Vents",
        "context": "Antony, Hauts-de-Seine",
        "citycode": "92002",
        "depcode": "92"
      }
    },
    {
      "type": "Feature",
      "geometry": {
        "type": "Point",
        "coordinates": [
          2.305380844,
          48.767893763
        ]
      },
      "properties": {
        "name": "Allée des Corbeaux / Allée du Tir",
        "context": "Antony, Hauts-de-Seine",
        "citycode": "92002",
        "depcode": "92"
      }
    },
    {
      "type": "Feature",
      "geometry": {
        "type": "Point",
        "coordinates": [
          2.303745762,
          48.76764271
        ]
      },
      "properties": {
        "name": "Allée des Corbeaux / Parcours Sportif",
        "context": "Antony, Hauts-de-Seine",
        "citycode": "92002",
        "depcode": "92"
      }
    },
    {
      "type": "Feature",
      "geometry": {
        "type": "Point",
        "coordinates": [
          2.305503825,
          48.767893903
        ]
      },
      "properties": {
        "name": "Allée des Corbeaux / Route de l'Orangerie",
        "context": "Antony, Hauts-de-Seine",
        "citycode": "92002",
        "depcode": "92"
      }
    },
    {
      "type": "Feature",
      "geometry": {
        "type": "Point",
        "coordinates": [
          2.296175725,
          48.749371062
        ]
      },
      "properties": {
        "name": "Allée des Érables / La Bièvre",
        "context": "Antony, Hauts-de-Seine",
        "citycode": "92002",
        "depcode": "92"
      }
    },
    {
      "type": "Feature",
      "geometry": {
        "type": "Point",
        "coordinates": [
          2.291186064,
          48.754412493
        ]
      },
      "properties": {
        "name": "Allée des Fontenelles / Avenue du Bois de Verrières C6",
        "context": "Antony, Hauts-de-Seine",
        "citycode": "92002",
        "depcode": "92"
      }
    },
    {
      "type": "Feature",
      "geometry": {
        "type": "Point",
        "coordinates": [
          2.28198527,
          48.753273446
        ]
      },
      "properties": {
        "name": "Allée des Guillonnières / Rue de la Fontaine du Sault",
        "context": "Antony, Hauts-de-Seine",
        "citycode": "92002",
        "depcode": "92"
      }
    },
    {
      "type": "Feature",
      "geometry": {
        "type": "Point",
        "coordinates": [
          2.305829499,
          48.73967226
        ]
      },
      "properties": {
        "name": "Allée des Jonquilles / Rue des Rabats",
        "context": "Antony, Hauts-de-Seine",
        "citycode": "92002",
        "depcode": "92"
      }
    },
    {
      "type": "Feature",
      "geometry": {
        "type": "Point",
        "coordinates": [
          2.296262648,
          48.749266855
        ]
      },
      "properties": {
        "name": "Allée des Ormeaux / Allée des Érables",
        "context": "Antony, Hauts-de-Seine",
        "citycode": "92002",
        "depcode": "92"
      }
    },
    {
      "type": "Feature",
      "geometry": {
        "type": "Point",
        "coordinates": [
          2.296781923,
          48.747877496
        ]
      },
      "properties": {
        "name": "Allée des Ormeaux / Rue de la Prairie",
        "context": "Antony, Hauts-de-Seine",
        "citycode": "92002",
        "depcode": "92"
      }
    },
    {
      "type": "Feature",
      "geometry": {
        "type": "Point",
        "coordinates": [
          2.303024556,
          48.761931794
        ]
      },
      "properties": {
        "name": "Allée des Peupliers / Avenue Léon Blum",
        "context": "Antony, Hauts-de-Seine",
        "citycode": "92002",
        "depcode": "92"
      }
    },
    {
      "type": "Feature",
      "geometry": {
        "type": "Point",
        "coordinates": [
          2.303504175,
          48.761692953
        ]
      },
      "properties": {
        "name": "Allée des Peupliers / Ru des Morteaux",
        "context": "Antony, Hauts-de-Seine",
        "citycode": "92002",
        "depcode": "92"
      }
    },
    {
      "type": "Feature",
      "geometry": {
        "type": "Point",
        "coordinates": [
          2.296490218,
          48.747889885
        ]
      },
      "properties": {
        "name": "Allée des Platanes / Rue de la Prairie",
        "context": "Antony, Hauts-de-Seine",
        "citycode": "92002",
        "depcode": "92"
      }
    },
    {
      "type": "Feature",
      "geometry": {
        "type": "Point",
        "coordinates": [
          2.309632722,
          48.74260936
        ]
      },
      "properties": {
        "name": "Allée des Quatre Vents / Rue des Rabats",
        "context": "Antony, Hauts-de-Seine",
        "citycode": "92002",
        "depcode": "92"
      }
    },
    {
      "type": "Feature",
      "geometry": {
        "type": "Point",
        "coordinates": [
          2.281683935,
          48.75414211
        ]
      },
      "properties": {
        "name": "Allée des Renardeaux / Rue de la Fonte des Godets",
        "context": "Antony, Hauts-de-Seine",
        "citycode": "92002",
        "depcode": "92"
      }
    },
    {
      "type": "Feature",
      "geometry": {
        "type": "Point",
        "coordinates": [
          2.312759195,
          48.744450538
        ]
      },
      "properties": {
        "name": "Allée des Vendanges / Rue des Rabats",
        "context": "Antony, Hauts-de-Seine",
        "citycode": "92002",
        "depcode": "92"
      }
    },
    {
      "type": "Feature",
      "geometry": {
        "type": "Point",
        "coordinates": [
          2.290974109,
          48.751923063
        ]
      },
      "properties": {
        "name": "Allée des Vergers / Avenue François Molé C2",
        "context": "Antony, Hauts-de-Seine",
        "citycode": "92002",
        "depcode": "92"
      }
    },
    {
      "type": "Feature",
      "geometry": {
        "type": "Point",
        "coordinates": [
          2.287420258,
          48.752218904
        ]
      },
      "properties": {
        "name": "Allée Diderot / Rue des Sources",
        "context": "Antony, Hauts-de-Seine",
        "citycode": "92002",
        "depcode": "92"
      }
    },
    {
      "type": "Feature",
      "geometry": {
        "type": "Point",
        "coordinates": [
          2.288812003,
          48.738123836
        ]
      },
      "properties": {
        "name": "Allée du Danube / Allée du Nil",
        "context": "Antony, Hauts-de-Seine",
        "citycode": "92002",
        "depcode": "92"
      }
    },
    {
      "type": "Feature",
      "geometry": {
        "type": "Point",
        "coordinates": [
          2.288709968,
          48.738179061
        ]
      },
      "properties": {
        "name": "Allée du Danube / Allée du Saint-Laurent",
        "context": "Antony, Hauts-de-Seine",
        "citycode": "92002",
        "depcode": "92"
      }
    },
    {
      "type": "Feature",
      "geometry": {
        "type": "Point",
        "coordinates": [
          2.288546767,
          48.738539738
        ]
      },
      "properties": {
        "name": "Allée du Danube / Rue de Tignes",
        "context": "Antony, Hauts-de-Seine",
        "citycode": "92002",
        "depcode": "92"
      }
    },
    {
      "type": "Feature",
      "geometry": {
        "type": "Point",
        "coordinates": [
          2.288769799,
          48.738106499
        ]
      },
      "properties": {
        "name": "Allée du Nil / Allée du Saint-Laurent",
        "context": "Antony, Hauts-de-Seine",
        "citycode": "92002",
        "depcode": "92"
      }
    },
    {
      "type": "Feature",
      "geometry": {
        "type": "Point",
        "coordinates": [
          2.290142136,
          48.738964359
        ]
      },
      "properties": {
        "name": "Allée du Nil / Avenue de la Fontaine Mouton",
        "context": "Antony, Hauts-de-Seine",
        "citycode": "92002",
        "depcode": "92"
      }
    },
    {
      "type": "Feature",
      "geometry": {
        "type": "Point",
        "coordinates": [
          2.29017989,
          48.738928587
        ]
      },
      "properties": {
        "name": "Allée du Nil / Square de l'Atlantique",
        "context": "Antony, Hauts-de-Seine",
        "citycode": "92002",
        "depcode": "92"
      }
    },
    {
      "type": "Feature",
      "geometry": {
        "type": "Point",
        "coordinates": [
          2.28640861,
          48.748760367
        ]
      },
      "properties": {
        "name": "Allée du Paradis / Avenue François Molé VC2",
        "context": "Antony, Hauts-de-Seine",
        "citycode": "92002",
        "depcode": "92"
      }
    },
    {
      "type": "Feature",
      "geometry": {
        "type": "Point",
        "coordinates": [
          2.286333456,
          48.748769585
        ]
      },
      "properties": {
        "name": "Allée du Paradis / Rue de la Tour d'Argent",
        "context": "Antony, Hauts-de-Seine",
        "citycode": "92002",
        "depcode": "92"
      }
    },
    {
      "type": "Feature",
      "geometry": {
        "type": "Point",
        "coordinates": [
          2.280360405,
          48.753063592
        ]
      },
      "properties": {
        "name": "Allée du Ruisseau / Coulée Verte des Godets",
        "context": "Antony, Hauts-de-Seine",
        "citycode": "92002",
        "depcode": "92"
      }
    },
    {
      "type": "Feature",
      "geometry": {
        "type": "Point",
        "coordinates": [
          2.305430102,
          48.767878618
        ]
      },
      "properties": {
        "name": "Allée du Tir / Allée des Quatre Vents",
        "context": "Antony, Hauts-de-Seine",
        "citycode": "92002",
        "depcode": "92"
      }
    },
    {
      "type": "Feature",
      "geometry": {
        "type": "Point",
        "coordinates": [
          2.304893295,
          48.768915879
        ]
      },
      "properties": {
        "name": "Allée du Tir / Avenue de l'Octogone",
        "context": "Antony, Hauts-de-Seine",
        "citycode": "92002",
        "depcode": "92"
      }
    },
    {
      "type": "Feature",
      "geometry": {
        "type": "Point",
        "coordinates": [
          2.305366304,
          48.768172026
        ]
      },
      "properties": {
        "name": "Allée du Tir / Route de l'Orangerie",
        "context": "Antony, Hauts-de-Seine",
        "citycode": "92002",
        "depcode": "92"
      }
    },
    {
      "type": "Feature",
      "geometry": {
        "type": "Point",
        "coordinates": [
          2.30393265,
          48.737891727
        ]
      },
      "properties": {
        "name": "Allée du Vignoble / Rue des Rabats",
        "context": "Antony, Hauts-de-Seine",
        "citycode": "92002",
        "depcode": "92"
      }
    },
    {
      "type": "Feature",
      "geometry": {
        "type": "Point",
        "coordinates": [
          2.305427381,
          48.754359722
        ]
      },
      "properties": {
        "name": "Allée Fernand Braudel / Avenue Aristide Briand D920",
        "context": "Antony, Hauts-de-Seine",
        "citycode": "92002",
        "depcode": "92"
      }
    },
    {
      "type": "Feature",
      "geometry": {
        "type": "Point",
        "coordinates": [
          2.307341446,
          48.753960216
        ]
      },
      "properties": {
        "name": "Allée Fernand Braudel / La Bièvre",
        "context": "Antony, Hauts-de-Seine",
        "citycode": "92002",
        "depcode": "92"
      }
    },
    {
      "type": "Feature",
      "geometry": {
        "type": "Point",
        "coordinates": [
          2.306671648,
          48.754188141
        ]
      },
      "properties": {
        "name": "Allée Fernand Braudel / Place Charles Péguy",
        "context": "Antony, Hauts-de-Seine",
        "citycode": "92002",
        "depcode": "92"
      }
    },
    {
      "type": "Feature",
      "geometry": {
        "type": "Point",
        "coordinates": [
          2.309909569,
          48.740425424
        ]
      },
      "properties": {
        "name": "Allée Irène Joliot-Curie / Allée Cécile Brumschwig",
        "context": "Antony, Hauts-de-Seine",
        "citycode": "92002",
        "depcode": "92"
      }
    },
    {
      "type": "Feature",
      "geometry": {
        "type": "Point",
        "coordinates": [
          2.310534804,
          48.740779067
        ]
      },
      "properties": {
        "name": "Allée Irène Joliot-Curie / Cours Jean Gabin",
        "context": "Antony, Hauts-de-Seine",
        "citycode": "92002",
        "depcode": "92"
      }
    },
    {
      "type": "Feature",
      "geometry": {
        "type": "Point",
        "coordinates": [
          2.31140658,
          48.74124114
        ]
      },
      "properties": {
        "name": "Allée Irène Joliot-Curie / Rue Pierre Cot",
        "context": "Antony, Hauts-de-Seine",
        "citycode": "92002",
        "depcode": "92"
      }
    },
    {
      "type": "Feature",
      "geometry": {
        "type": "Point",
        "coordinates": [
          2.287447653,
          48.753868461
        ]
      },
      "properties": {
        "name": "Allée Marlène / Voie Privée",
        "context": "Antony, Hauts-de-Seine",
        "citycode": "92002",
        "depcode": "92"
      }
    },
    {
      "type": "Feature",
      "geometry": {
        "type": "Point",
        "coordinates": [
          2.28716786,
          48.736667264
        ]
      },
      "properties": {
        "name": "Allée Martin Luther King / Rue de l'Annapurna",
        "context": "Antony, Hauts-de-Seine",
        "citycode": "92002",
        "depcode": "92"
      }
    },
    {
      "type": "Feature",
      "geometry": {
        "type": "Point",
        "coordinates": [
          2.287057594,
          48.736914541
        ]
      },
      "properties": {
        "name": "Allée Martin Luther King / Square des Alpes",
        "context": "Antony, Hauts-de-Seine",
        "citycode": "92002",
        "depcode": "92"
      }
    },
    {
      "type": "Feature",
      "geometry": {
        "type": "Point",
        "coordinates": [
          2.312710696,
          48.746683287
        ]
      },
      "properties": {
        "name": "Allée Pierre Loti / Avenue Armand Guillebaud D67A",
        "context": "Antony, Hauts-de-Seine",
        "citycode": "92002",
        "depcode": "92"
      }
    },
    {
      "type": "Feature",
      "geometry": {
        "type": "Point",
        "coordinates": [
          2.312665882,
          48.746655145
        ]
      },
      "properties": {
        "name": "Allée Pierre Loti / Rue Chateaubriand",
        "context": "Antony, Hauts-de-Seine",
        "citycode": "92002",
        "depcode": "92"
      }
    },
    {
      "type": "Feature",
      "geometry": {
        "type": "Point",
        "coordinates": [
          2.309980884,
          48.742755275
        ]
      },
      "properties": {
        "name": "Allée Raphaël / Rue des Rabats",
        "context": "Antony, Hauts-de-Seine",
        "citycode": "92002",
        "depcode": "92"
      }
    },
    {
      "type": "Feature",
      "geometry": {
        "type": "Point",
        "coordinates": [
          2.313305815,
          48.744906132
        ]
      },
      "properties": {
        "name": "Allée Saint-Hubert / Rue des Rabats",
        "context": "Antony, Hauts-de-Seine",
        "citycode": "92002",
        "depcode": "92"
      }
    },
    {
      "type": "Feature",
      "geometry": {
        "type": "Point",
        "coordinates": [
          2.30886159,
          48.740173868
        ]
      },
      "properties": {
        "name": "Allée Suzanne Lacore / Cours Pierre Fresnay",
        "context": "Antony, Hauts-de-Seine",
        "citycode": "92002",
        "depcode": "92"
      }
    },
    {
      "type": "Feature",
      "geometry": {
        "type": "Point",
        "coordinates": [
          2.30504442,
          48.753442702
        ]
      },
      "properties": {
        "name": "Avenue Aristide Briand D920 / Avenue de la Division Leclerc D920",
        "context": "Antony, Hauts-de-Seine",
        "citycode": "92002",
        "depcode": "92"
      }
    },
    {
      "type": "Feature",
      "geometry": {
        "type": "Point",
        "coordinates": [
          2.305997705,
          48.755956644
        ]
      },
      "properties": {
        "name": "Avenue Aristide Briand D920 / Avenue de la Providence",
        "context": "Antony, Hauts-de-Seine",
        "citycode": "92002",
        "depcode": "92"
      }
    },
    {
      "type": "Feature",
      "geometry": {
        "type": "Point",
        "coordinates": [
          2.30892828,
          48.763302183
        ]
      },
      "properties": {
        "name": "Avenue Aristide Briand D920 / Avenue du Général de Gaulle D986",
        "context": "Antony, Hauts-de-Seine",
        "citycode": "92002",
        "depcode": "92"
      }
    },
    {
      "type": "Feature",
      "geometry": {
        "type": "Point",
        "coordinates": [
          2.306782045,
          48.757922956
        ]
      },
      "properties": {
        "name": "Avenue Aristide Briand D920 / Avenue Fernand Fenzy",
        "context": "Antony, Hauts-de-Seine",
        "citycode": "92002",
        "depcode": "92"
      }
    },
    {
      "type": "Feature",
      "geometry": {
        "type": "Point",
        "coordinates": [
          2.306486237,
          48.757217717
        ]
      },
      "properties": {
        "name": "Avenue Aristide Briand D920 / Avenue Jeanne d'Arc",
        "context": "Antony, Hauts-de-Seine",
        "citycode": "92002",
        "depcode": "92"
      }
    },
    {
      "type": "Feature",
      "geometry": {
        "type": "Point",
        "coordinates": [
          2.308043299,
          48.761078886
        ]
      },
      "properties": {
        "name": "Avenue Aristide Briand D920 / Avenue Victor Hugo",
        "context": "Antony, Hauts-de-Seine",
        "citycode": "92002",
        "depcode": "92"
      }
    },
    {
      "type": "Feature",
      "geometry": {
        "type": "Point",
        "coordinates": [
          2.306119751,
          48.756465327
        ]
      },
      "properties": {
        "name": "Avenue Aristide Briand D920 / Galerie 47 Bis",
        "context": "Antony, Hauts-de-Seine",
        "citycode": "92002",
        "depcode": "92"
      }
    },
    {
      "type": "Feature",
      "geometry": {
        "type": "Point",
        "coordinates": [
          2.308904428,
          48.763314913
        ]
      },
      "properties": {
        "name": "Avenue Aristide Briand D920 / Place du Général de Gaulle D986",
        "context": "Antony, Hauts-de-Seine",
        "citycode": "92002",
        "depcode": "92"
      }
    },
    {
      "type": "Feature",
      "geometry": {
        "type": "Point",
        "coordinates": [
          2.306814034,
          48.758109602
        ]
      },
      "properties": {
        "name": "Avenue Aristide Briand D920 / Ru des Morteaux",
        "context": "Antony, Hauts-de-Seine",
        "citycode": "92002",
        "depcode": "92"
      }
    },
    {
      "type": "Feature",
      "geometry": {
        "type": "Point",
        "coordinates": [
          2.307225253,
          48.759027059
        ]
      },
      "properties": {
        "name": "Avenue Aristide Briand D920 / Rue Carnot",
        "context": "Antony, Hauts-de-Seine",
        "citycode": "92002",
        "depcode": "92"
      }
    },
    {
      "type": "Feature",
      "geometry": {
        "type": "Point",
        "coordinates": [
          2.307771336,
          48.760377349
        ]
      },
      "properties": {
        "name": "Avenue Aristide Briand D920 / Rue de l'Ancien Château",
        "context": "Antony, Hauts-de-Seine",
        "citycode": "92002",
        "depcode": "92"
      }
    },
    {
      "type": "Feature",
      "geometry": {
        "type": "Point",
        "coordinates": [
          2.307524719,
          48.759870614
        ]
      },
      "properties": {
        "name": "Avenue Aristide Briand D920 / Rue des Morteaux",
        "context": "Antony, Hauts-de-Seine",
        "citycode": "92002",
        "depcode": "92"
      }
    },
    {
      "type": "Feature",
      "geometry": {
        "type": "Point",
        "coordinates": [
          2.308288918,
          48.761799739
        ]
      },
      "properties": {
        "name": "Avenue Aristide Briand D920 / Rue du Nord",
        "context": "Antony, Hauts-de-Seine",
        "citycode": "92002",
        "depcode": "92"
      }
    },
    {
      "type": "Feature",
      "geometry": {
        "type": "Point",
        "coordinates": [
          2.308116098,
          48.761374243
        ]
      },
      "properties": {
        "name": "Avenue Aristide Briand D920 / Rue du Sud",
        "context": "Antony, Hauts-de-Seine",
        "citycode": "92002",
        "depcode": "92"
      }
    },
    {
      "type": "Feature",
      "geometry": {
        "type": "Point",
        "coordinates": [
          2.307499824,
          48.759690167
        ]
      },
      "properties": {
        "name": "Avenue Aristide Briand D920 / Rue Florian",
        "context": "Antony, Hauts-de-Seine",
        "citycode": "92002",
        "depcode": "92"
      }
    },
    {
      "type": "Feature",
      "geometry": {
        "type": "Point",
        "coordinates": [
          2.306502713,
          48.757218882
        ]
      },
      "properties": {
        "name": "Avenue Aristide Briand D920 / Rue Louis Barthou",
        "context": "Antony, Hauts-de-Seine",
        "citycode": "92002",
        "depcode": "92"
      }
    },
    {
      "type": "Feature",
      "geometry": {
        "type": "Point",
        "coordinates": [
          2.307016225,
          48.758594784
        ]
      },
      "properties": {
        "name": "Avenue Aristide Briand D920 / Rue Paul Bourget",
        "context": "Antony, Hauts-de-Seine",
        "citycode": "92002",
        "depcode": "92"
      }
    },
    {
      "type": "Feature",
      "geometry": {
        "type": "Point",
        "coordinates": [
          2.308296676,
          48.761773194
        ]
      },
      "properties": {
        "name": "Avenue Aristide Briand D920 / Rue Voltaire",
        "context": "Antony, Hauts-de-Seine",
        "citycode": "92002",
        "depcode": "92"
      }
    },
    {
      "type": "Feature",
      "geometry": {
        "type": "Point",
        "coordinates": [
          2.305665264,
          48.755133052
        ]
      },
      "properties": {
        "name": "Avenue Aristide Briand D920 / Villa Domas",
        "context": "Antony, Hauts-de-Seine",
        "citycode": "92002",
        "depcode": "92"
      }
    },
    {
      "type": "Feature",
      "geometry": {
        "type": "Point",
        "coordinates": [
          2.311046433,
          48.747332216
        ]
      },
      "properties": {
        "name": "Avenue Armand Guillebaud D67A / Avenue Armand Guillebaud D60",
        "context": "Antony, Hauts-de-Seine",
        "citycode": "92002",
        "depcode": "92"
      }
    },
    {
      "type": "Feature",
      "geometry": {
        "type": "Point",
        "coordinates": [
          2.304297934,
          48.749682662
        ]
      },
      "properties": {
        "name": "Avenue Armand Guillebaud D67A / Avenue de la Division Leclerc D920",
        "context": "Antony, Hauts-de-Seine",
        "citycode": "92002",
        "depcode": "92"
      }
    },
    {
      "type": "Feature",
      "geometry": {
        "type": "Point",
        "coordinates": [
          2.307432786,
          48.748626831
        ]
      },
      "properties": {
        "name": "Avenue Armand Guillebaud D67A / Avenue Jules Ferry",
        "context": "Antony, Hauts-de-Seine",
        "citycode": "92002",
        "depcode": "92"
      }
    },
    {
      "type": "Feature",
      "geometry": {
        "type": "Point",
        "coordinates": [
          2.304389492,
          48.749687801
        ]
      },
      "properties": {
        "name": "Avenue Armand Guillebaud D67A / Avenue Rabelais",
        "context": "Antony, Hauts-de-Seine",
        "citycode": "92002",
        "depcode": "92"
      }
    },
    {
      "type": "Feature",
      "geometry": {
        "type": "Point",
        "coordinates": [
          2.309345578,
          48.747970717
        ]
      },
      "properties": {
        "name": "Avenue Armand Guillebaud D67A / Cours Jules Raimu",
        "context": "Antony, Hauts-de-Seine",
        "citycode": "92002",
        "depcode": "92"
      }
    },
    {
      "type": "Feature",
      "geometry": {
        "type": "Point",
        "coordinates": [
          2.306130608,
          48.749161975
        ]
      },
      "properties": {
        "name": "Avenue Armand Guillebaud D67A / Impasse du Pont",
        "context": "Antony, Hauts-de-Seine",
        "citycode": "92002",
        "depcode": "92"
      }
    },
    {
      "type": "Feature",
      "geometry": {
        "type": "Point",
        "coordinates": [
          2.31344243,
          48.746345615
        ]
      },
      "properties": {
        "name": "Avenue Armand Guillebaud D67A / Rue Chateaubriand",
        "context": "Antony, Hauts-de-Seine",
        "citycode": "92002",
        "depcode": "92"
      }
    },
    {
      "type": "Feature",
      "geometry": {
        "type": "Point",
        "coordinates": [
          2.314212416,
          48.746022805
        ]
      },
      "properties": {
        "name": "Avenue Armand Guillebaud D67A / Rue des Rabats",
        "context": "Antony, Hauts-de-Seine",
        "citycode": "92002",
        "depcode": "92"
      }
    },
    {
      "type": "Feature",
      "geometry": {
        "type": "Point",
        "coordinates": [
          2.314213042,
          48.746050658
        ]
      },
      "properties": {
        "name": "Avenue Armand Guillebaud D67A / Rue Maurice Utrillo",
        "context": "Antony, Hauts-de-Seine",
        "citycode": "92002",
        "depcode": "92"
      }
    },
    {
      "type": "Feature",
      "geometry": {
        "type": "Point",
        "coordinates": [
          2.312174602,
          48.77152346
        ]
      },
      "properties": {
        "name": "Avenue Beauséjour / Avenue du Général Leclerc D920",
        "context": "Antony, Hauts-de-Seine",
        "citycode": "92002",
        "depcode": "92"
      }
    },
    {
      "type": "Feature",
      "geometry": {
        "type": "Point",
        "coordinates": [
          2.31224085,
          48.771532073
        ]
      },
      "properties": {
        "name": "Avenue Beauséjour / Avenue Raymond Aron D920",
        "context": "Antony, Hauts-de-Seine",
        "citycode": "92002",
        "depcode": "92"
      }
    },
    {
      "type": "Feature",
      "geometry": {
        "type": "Point",
        "coordinates": [
          2.309415072,
          48.770863476
        ]
      },
      "properties": {
        "name": "Avenue d'Alembert / Avenue de la Duchesse du Maine",
        "context": "Antony, Hauts-de-Seine",
        "citycode": "92002",
        "depcode": "92"
      }
    },
    {
      "type": "Feature",
      "geometry": {
        "type": "Point",
        "coordinates": [
          2.307180974,
          48.766887879
        ]
      },
      "properties": {
        "name": "Avenue d'Alembert / Avenue Le Brun D77",
        "context": "Antony, Hauts-de-Seine",
        "citycode": "92002",
        "depcode": "92"
      }
    },
    {
      "type": "Feature",
      "geometry": {
        "type": "Point",
        "coordinates": [
          2.307176943,
          48.766904575
        ]
      },
      "properties": {
        "name": "Avenue d'Alembert / Avenue Le Nôtre D77",
        "context": "Antony, Hauts-de-Seine",
        "citycode": "92002",
        "depcode": "92"
      }
    },
    {
      "type": "Feature",
      "geometry": {
        "type": "Point",
        "coordinates": [
          2.310835358,
          48.770833892
        ]
      },
      "properties": {
        "name": "Avenue de l'Île-de-France / Avenue de la Duchesse du Maine",
        "context": "Antony, Hauts-de-Seine",
        "citycode": "92002",
        "depcode": "92"
      }
    },
    {
      "type": "Feature",
      "geometry": {
        "type": "Point",
        "coordinates": [
          2.310848383,
          48.770840402
        ]
      },
      "properties": {
        "name": "Avenue de l'Île-de-France / Avenue de Touraine",
        "context": "Antony, Hauts-de-Seine",
        "citycode": "92002",
        "depcode": "92"
      }
    },
    {
      "type": "Feature",
      "geometry": {
        "type": "Point",
        "coordinates": [
          2.310100248,
          48.768658774
        ]
      },
      "properties": {
        "name": "Avenue de l'Île-de-France / Rue de Normandie",
        "context": "Antony, Hauts-de-Seine",
        "citycode": "92002",
        "depcode": "92"
      }
    },
    {
      "type": "Feature",
      "geometry": {
        "type": "Point",
        "coordinates": [
          2.30396208,
          48.768723681
        ]
      },
      "properties": {
        "name": "Avenue de l'Octogone / Parcours Sportif",
        "context": "Antony, Hauts-de-Seine",
        "citycode": "92002",
        "depcode": "92"
      }
    },
    {
      "type": "Feature",
      "geometry": {
        "type": "Point",
        "coordinates": [
          2.306359125,
          48.756800598
        ]
      },
      "properties": {
        "name": "Avenue de la Concorde / Avenue Aristide Briand D920",
        "context": "Antony, Hauts-de-Seine",
        "citycode": "92002",
        "depcode": "92"
      }
    },
    {
      "type": "Feature",
      "geometry": {
        "type": "Point",
        "coordinates": [
          2.309243433,
          48.756012209
        ]
      },
      "properties": {
        "name": "Avenue de la Concorde / La Bièvre",
        "context": "Antony, Hauts-de-Seine",
        "citycode": "92002",
        "depcode": "92"
      }
    },
    {
      "type": "Feature",
      "geometry": {
        "type": "Point",
        "coordinates": [
          2.309883041,
          48.755793638
        ]
      },
      "properties": {
        "name": "Avenue de la Concorde / Rue Adolphe Kara",
        "context": "Antony, Hauts-de-Seine",
        "citycode": "92002",
        "depcode": "92"
      }
    },
    {
      "type": "Feature",
      "geometry": {
        "type": "Point",
        "coordinates": [
          2.3098974,
          48.7557865
        ]
      },
      "properties": {
        "name": "Avenue de la Concorde / Rue Lina",
        "context": "Antony, Hauts-de-Seine",
        "citycode": "92002",
        "depcode": "92"
      }
    },
    {
      "type": "Feature",
      "geometry": {
        "type": "Point",
        "coordinates": [
          2.304345453,
          48.749684364
        ]
      },
      "properties": {
        "name": "Avenue de la Division Leclerc D920 / Avenue Armand Guillebaud D67A",
        "context": "Antony, Hauts-de-Seine",
        "citycode": "92002",
        "depcode": "92"
      }
    },
    {
      "type": "Feature",
      "geometry": {
        "type": "Point",
        "coordinates": [
          2.3094568,
          48.7631592
        ]
      },
      "properties": {
        "name": "Avenue de la Division Leclerc D986 / Avenue du Général de Gaulle D986",
        "context": "Antony, Hauts-de-Seine",
        "citycode": "92002",
        "depcode": "92"
      }
    },
    {
      "type": "Feature",
      "geometry": {
        "type": "Point",
        "coordinates": [
          2.301792539,
          48.737492637
        ]
      },
      "properties": {
        "name": "Avenue de la Division Leclerc D920 / Avenue du Maréchal Leclerc D920",
        "context": "Antony, Hauts-de-Seine",
        "citycode": "92002",
        "depcode": "92"
      }
    },
    {
      "type": "Feature",
      "geometry": {
        "type": "Point",
        "coordinates": [
          2.304478416,
          48.751370192
        ]
      },
      "properties": {
        "name": "Avenue de la Division Leclerc D920 / Avenue Gabriel Péri",
        "context": "Antony, Hauts-de-Seine",
        "citycode": "92002",
        "depcode": "92"
      }
    },
    {
      "type": "Feature",
      "geometry": {
        "type": "Point",
        "coordinates": [
          2.304110924,
          48.748733709
        ]
      },
      "properties": {
        "name": "Avenue de la Division Leclerc D920 / Avenue Jean Monnet D67A",
        "context": "Antony, Hauts-de-Seine",
        "citycode": "92002",
        "depcode": "92"
      }
    },
    {
      "type": "Feature",
      "geometry": {
        "type": "Point",
        "coordinates": [
          2.301615152,
          48.736294771
        ]
      },
      "properties": {
        "name": "Avenue de la Division Leclerc D920 / Avenue Léon Jouhaux D66",
        "context": "Antony, Hauts-de-Seine",
        "citycode": "92002",
        "depcode": "92"
      }
    },
    {
      "type": "Feature",
      "geometry": {
        "type": "Point",
        "coordinates": [
          2.303541835,
          48.746122438
        ]
      },
      "properties": {
        "name": "Avenue de la Division Leclerc D920 / Avenue Montaigne",
        "context": "Antony, Hauts-de-Seine",
        "citycode": "92002",
        "depcode": "92"
      }
    },
    {
      "type": "Feature",
      "geometry": {
        "type": "Point",
        "coordinates": [
          2.304347281,
          48.74970696
        ]
      },
      "properties": {
        "name": "Avenue de la Division Leclerc D920 / Avenue Rabelais",
        "context": "Antony, Hauts-de-Seine",
        "citycode": "92002",
        "depcode": "92"
      }
    },
    {
      "type": "Feature",
      "geometry": {
        "type": "Point",
        "coordinates": [
          2.303681741,
          48.746725827
        ]
      },
      "properties": {
        "name": "Avenue de la Division Leclerc D920 / Impasse de l'Épine",
        "context": "Antony, Hauts-de-Seine",
        "citycode": "92002",
        "depcode": "92"
      }
    },
    {
      "type": "Feature",
      "geometry": {
        "type": "Point",
        "coordinates": [
          2.304719868,
          48.752676725
        ]
      },
      "properties": {
        "name": "Avenue de la Division Leclerc D920 / Passage du Square",
        "context": "Antony, Hauts-de-Seine",
        "citycode": "92002",
        "depcode": "92"
      }
    },
    {
      "type": "Feature",
      "geometry": {
        "type": "Point",
        "coordinates": [
          2.302355534,
          48.74056993
        ]
      },
      "properties": {
        "name": "Avenue de la Division Leclerc D920 / Rond-Point Kennedy",
        "context": "Antony, Hauts-de-Seine",
        "citycode": "92002",
        "depcode": "92"
      }
    },
    {
      "type": "Feature",
      "geometry": {
        "type": "Point",
        "coordinates": [
          2.301521162,
          48.73624771
        ]
      },
      "properties": {
        "name": "Avenue de la Division Leclerc D920 / Rue de la Saussaye",
        "context": "Antony, Hauts-de-Seine",
        "citycode": "92002",
        "depcode": "92"
      }
    },
    {
      "type": "Feature",
      "geometry": {
        "type": "Point",
        "coordinates": [
          2.30172423,
          48.73704378
        ]
      },
      "properties": {
        "name": "Avenue de la Division Leclerc D920 / Rue des Rabats",
        "context": "Antony, Hauts-de-Seine",
        "citycode": "92002",
        "depcode": "92"
      }
    },
    {
      "type": "Feature",
      "geometry": {
        "type": "Point",
        "coordinates": [
          2.302353052,
          48.740188541
        ]
      },
      "properties": {
        "name": "Avenue de la Division Leclerc D920 / Rue du Midi",
        "context": "Antony, Hauts-de-Seine",
        "citycode": "92002",
        "depcode": "92"
      }
    },
    {
      "type": "Feature",
      "geometry": {
        "type": "Point",
        "coordinates": [
          2.303326947,
          48.745009066
        ]
      },
      "properties": {
        "name": "Avenue de la Division Leclerc D920 / Rue du Pont",
        "context": "Antony, Hauts-de-Seine",
        "citycode": "92002",
        "depcode": "92"
      }
    },
    {
      "type": "Feature",
      "geometry": {
        "type": "Point",
        "coordinates": [
          2.302550637,
          48.741656353
        ]
      },
      "properties": {
        "name": "Avenue de la Division Leclerc D920 / Rue Germaine",
        "context": "Antony, Hauts-de-Seine",
        "citycode": "92002",
        "depcode": "92"
      }
    },
    {
      "type": "Feature",
      "geometry": {
        "type": "Point",
        "coordinates": [
          2.304662498,
          48.752359516
        ]
      },
      "properties": {
        "name": "Avenue de la Division Leclerc D920 / Rue Henri Lasson",
        "context": "Antony, Hauts-de-Seine",
        "citycode": "92002",
        "depcode": "92"
      }
    },
    {
      "type": "Feature",
      "geometry": {
        "type": "Point",
        "coordinates": [
          2.310210351,
          48.763012335
        ]
      },
      "properties": {
        "name": "Avenue de la Division Leclerc D986 / Trans Val de Marne",
        "context": "Antony, Hauts-de-Seine",
        "citycode": "92002",
        "depcode": "92"
      }
    },
    {
      "type": "Feature",
      "geometry": {
        "type": "Point",
        "coordinates": [
          2.290042904,
          48.739543886
        ]
      },
      "properties": {
        "name": "Avenue de la Fontaine Mouton / Allée de la Sambre",
        "context": "Antony, Hauts-de-Seine",
        "citycode": "92002",
        "depcode": "92"
      }
    },
    {
      "type": "Feature",
      "geometry": {
        "type": "Point",
        "coordinates": [
          2.291758503,
          48.736225701
        ]
      },
      "properties": {
        "name": "Avenue de la Fontaine Mouton / Avenue de Bourgogne",
        "context": "Antony, Hauts-de-Seine",
        "citycode": "92002",
        "depcode": "92"
      }
    },
    {
      "type": "Feature",
      "geometry": {
        "type": "Point",
        "coordinates": [
          2.291742934,
          48.736227819
        ]
      },
      "properties": {
        "name": "Avenue de la Fontaine Mouton / Avenue du Président J.F. Kennedy D66",
        "context": "Antony, Hauts-de-Seine",
        "citycode": "92002",
        "depcode": "92"
      }
    },
    {
      "type": "Feature",
      "geometry": {
        "type": "Point",
        "coordinates": [
          2.289987375,
          48.739283621
        ]
      },
      "properties": {
        "name": "Avenue de la Fontaine Mouton / Place des Baconnets",
        "context": "Antony, Hauts-de-Seine",
        "citycode": "92002",
        "depcode": "92"
      }
    },
    {
      "type": "Feature",
      "geometry": {
        "type": "Point",
        "coordinates": [
          2.290693275,
          48.73806154
        ]
      },
      "properties": {
        "name": "Avenue de la Fontaine Mouton / Rue des Baconnets",
        "context": "Antony, Hauts-de-Seine",
        "citycode": "92002",
        "depcode": "92"
      }
    },
    {
      "type": "Feature",
      "geometry": {
        "type": "Point",
        "coordinates": [
          2.303516661,
          48.746107726
        ]
      },
      "properties": {
        "name": "Avenue de la Marne / Avenue de la Division Leclerc D920",
        "context": "Antony, Hauts-de-Seine",
        "citycode": "92002",
        "depcode": "92"
      }
    },
    {
      "type": "Feature",
      "geometry": {
        "type": "Point",
        "coordinates": [
          2.303533101,
          48.746118533
        ]
      },
      "properties": {
        "name": "Avenue de la Marne / Avenue Montaigne",
        "context": "Antony, Hauts-de-Seine",
        "citycode": "92002",
        "depcode": "92"
      }
    },
    {
      "type": "Feature",
      "geometry": {
        "type": "Point",
        "coordinates": [
          2.302933627,
          48.74589321
        ]
      },
      "properties": {
        "name": "Avenue de la Marne / Rue de Reims",
        "context": "Antony, Hauts-de-Seine",
        "citycode": "92002",
        "depcode": "92"
      }
    },
    {
      "type": "Feature",
      "geometry": {
        "type": "Point",
        "coordinates": [
          2.301996455,
          48.745404888
        ]
      },
      "properties": {
        "name": "Avenue de la Marne / Rue de Verdun",
        "context": "Antony, Hauts-de-Seine",
        "citycode": "92002",
        "depcode": "92"
      }
    },
    {
      "type": "Feature",
      "geometry": {
        "type": "Point",
        "coordinates": [
          2.30851431,
          48.770880119
        ]
      },
      "properties": {
        "name": "Avenue de la Marquise du Deffand / Avenue de la Duchesse du Maine",
        "context": "Antony, Hauts-de-Seine",
        "citycode": "92002",
        "depcode": "92"
      }
    },
    {
      "type": "Feature",
      "geometry": {
        "type": "Point",
        "coordinates": [
          2.306765554,
          48.768083851
        ]
      },
      "properties": {
        "name": "Avenue de la Marquise du Deffand / Avenue Le Nôtre D77",
        "context": "Antony, Hauts-de-Seine",
        "citycode": "92002",
        "depcode": "92"
      }
    },
    {
      "type": "Feature",
      "geometry": {
        "type": "Point",
        "coordinates": [
          2.308515862,
          48.770891398
        ]
      },
      "properties": {
        "name": "Avenue de la Marquise du Deffand / Avenue Rose de Launay",
        "context": "Antony, Hauts-de-Seine",
        "citycode": "92002",
        "depcode": "92"
      }
    },
    {
      "type": "Feature",
      "geometry": {
        "type": "Point",
        "coordinates": [
          2.306025784,
          48.755939394
        ]
      },
      "properties": {
        "name": "Avenue de la Providence / Avenue Aristide Briand D920",
        "context": "Antony, Hauts-de-Seine",
        "citycode": "92002",
        "depcode": "92"
      }
    },
    {
      "type": "Feature",
      "geometry": {
        "type": "Point",
        "coordinates": [
          2.302513644,
          48.756645921
        ]
      },
      "properties": {
        "name": "Avenue de la Providence / Rue Velpeau",
        "context": "Antony, Hauts-de-Seine",
        "citycode": "92002",
        "depcode": "92"
      }
    },
    {
      "type": "Feature",
      "geometry": {
        "type": "Point",
        "coordinates": [
          2.313641843,
          48.770384743
        ]
      },
      "properties": {
        "name": "Avenue de la Résidence / Allée des Pergolas",
        "context": "Antony, Hauts-de-Seine",
        "citycode": "92002",
        "depcode": "92"
      }
    },
    {
      "type": "Feature",
      "geometry": {
        "type": "Point",
        "coordinates": [
          2.312067993,
          48.770825052
        ]
      },
      "properties": {
        "name": "Avenue de la Résidence / Avenue Raymond Aron D920",
        "context": "Antony, Hauts-de-Seine",
        "citycode": "92002",
        "depcode": "92"
      }
    },
    {
      "type": "Feature",
      "geometry": {
        "type": "Point",
        "coordinates": [
          2.316282308,
          48.769477342
        ]
      },
      "properties": {
        "name": "Avenue de la Résidence / Avenue Saint-Exupéry",
        "context": "Antony, Hauts-de-Seine",
        "citycode": "92002",
        "depcode": "92"
      }
    },
    {
      "type": "Feature",
      "geometry": {
        "type": "Point",
        "coordinates": [
          2.315522942,
          48.770497523
        ]
      },
      "properties": {
        "name": "Avenue de la Résidence / Rue de la Pépinière",
        "context": "Antony, Hauts-de-Seine",
        "citycode": "92002",
        "depcode": "92"
      }
    },
    {
      "type": "Feature",
      "geometry": {
        "type": "Point",
        "coordinates": [
          2.314711384,
          48.770196118
        ]
      },
      "properties": {
        "name": "Avenue de la Résidence / Rue des Terrasses",
        "context": "Antony, Hauts-de-Seine",
        "citycode": "92002",
        "depcode": "92"
      }
    },
    {
      "type": "Feature",
      "geometry": {
        "type": "Point",
        "coordinates": [
          2.315779363,
          48.77001411
        ]
      },
      "properties": {
        "name": "Avenue de la Résidence / Rue Jean Hébrard",
        "context": "Antony, Hauts-de-Seine",
        "citycode": "92002",
        "depcode": "92"
      }
    },
    {
      "type": "Feature",
      "geometry": {
        "type": "Point",
        "coordinates": [
          2.314445594,
          48.770241147
        ]
      },
      "properties": {
        "name": "Avenue de la Résidence / Square Claude Debussy",
        "context": "Antony, Hauts-de-Seine",
        "citycode": "92002",
        "depcode": "92"
      }
    },
    {
      "type": "Feature",
      "geometry": {
        "type": "Point",
        "coordinates": [
          2.312958936,
          48.770468799
        ]
      },
      "properties": {
        "name": "Avenue de la Résidence / Square François Couperin",
        "context": "Antony, Hauts-de-Seine",
        "citycode": "92002",
        "depcode": "92"
      }
    },
    {
      "type": "Feature",
      "geometry": {
        "type": "Point",
        "coordinates": [
          2.315530579,
          48.770053153
        ]
      },
      "properties": {
        "name": "Avenue de la Résidence / Square Gabriel Fauré",
        "context": "Antony, Hauts-de-Seine",
        "citycode": "92002",
        "depcode": "92"
      }
    },
    {
      "type": "Feature",
      "geometry": {
        "type": "Point",
        "coordinates": [
          2.312086356,
          48.7706552
        ]
      },
      "properties": {
        "name": "Avenue de la Résidence / Square Gilbert",
        "context": "Antony, Hauts-de-Seine",
        "citycode": "92002",
        "depcode": "92"
      }
    },
    {
      "type": "Feature",
      "geometry": {
        "type": "Point",
        "coordinates": [
          2.307013716,
          48.764602419
        ]
      },
      "properties": {
        "name": "Avenue de Provence / Avenue du Parc de Sceaux",
        "context": "Antony, Hauts-de-Seine",
        "citycode": "92002",
        "depcode": "92"
      }
    },
    {
      "type": "Feature",
      "geometry": {
        "type": "Point",
        "coordinates": [
          2.307017895,
          48.764592402
        ]
      },
      "properties": {
        "name": "Avenue de Provence / Rue d'Artois",
        "context": "Antony, Hauts-de-Seine",
        "citycode": "92002",
        "depcode": "92"
      }
    },
    {
      "type": "Feature",
      "geometry": {
        "type": "Point",
        "coordinates": [
          2.301349061,
          48.759697888
        ]
      },
      "properties": {
        "name": "Avenue de Sceaux / Avenue Léon Blum",
        "context": "Antony, Hauts-de-Seine",
        "citycode": "92002",
        "depcode": "92"
      }
    },
    {
      "type": "Feature",
      "geometry": {
        "type": "Point",
        "coordinates": [
          2.301842645,
          48.757521158
        ]
      },
      "properties": {
        "name": "Avenue de Sceaux / Boulevard Pierre Brossolette",
        "context": "Antony, Hauts-de-Seine",
        "citycode": "92002",
        "depcode": "92"
      }
    },
    {
      "type": "Feature",
      "geometry": {
        "type": "Point",
        "coordinates": [
          2.301795936,
          48.758353694
        ]
      },
      "properties": {
        "name": "Avenue de Sceaux / Rue d'Alsace-Lorraine",
        "context": "Antony, Hauts-de-Seine",
        "citycode": "92002",
        "depcode": "92"
      }
    },
    {
      "type": "Feature",
      "geometry": {
        "type": "Point",
        "coordinates": [
          2.319958499,
          48.770715348
        ]
      },
      "properties": {
        "name": "Avenue des Cottages / Ponton",
        "context": "Antony, Hauts-de-Seine",
        "citycode": "92002",
        "depcode": "92"
      }
    },
    {
      "type": "Feature",
      "geometry": {
        "type": "Point",
        "coordinates": [
          2.311323357,
          48.740315548
        ]
      },
      "properties": {
        "name": "Avenue des Frères Lumière / Allée Honoré de Balzac",
        "context": "Antony, Hauts-de-Seine",
        "citycode": "92002",
        "depcode": "92"
      }
    },
    {
      "type": "Feature",
      "geometry": {
        "type": "Point",
        "coordinates": [
          2.309815608,
          48.739456177
        ]
      },
      "properties": {
        "name": "Avenue des Frères Lumière / Avenue Maurice Ravel",
        "context": "Antony, Hauts-de-Seine",
        "citycode": "92002",
        "depcode": "92"
      }
    },
    {
      "type": "Feature",
      "geometry": {
        "type": "Point",
        "coordinates": [
          2.31193153,
          48.740685567
        ]
      },
      "properties": {
        "name": "Avenue des Frères Lumière / Rue Pierre Cot",
        "context": "Antony, Hauts-de-Seine",
        "citycode": "92002",
        "depcode": "92"
      }
    },
    {
      "type": "Feature",
      "geometry": {
        "type": "Point",
        "coordinates": [
          2.307788306,
          48.752096583
        ]
      },
      "properties": {
        "name": "Avenue des Giroflées / Avenue Rabelais",
        "context": "Antony, Hauts-de-Seine",
        "citycode": "92002",
        "depcode": "92"
      }
    },
    {
      "type": "Feature",
      "geometry": {
        "type": "Point",
        "coordinates": [
          2.308837237,
          48.750061014
        ]
      },
      "properties": {
        "name": "Avenue des Giroflées / Place Lewisham",
        "context": "Antony, Hauts-de-Seine",
        "citycode": "92002",
        "depcode": "92"
      }
    },
    {
      "type": "Feature",
      "geometry": {
        "type": "Point",
        "coordinates": [
          2.308544121,
          48.750692607
        ]
      },
      "properties": {
        "name": "Avenue des Giroflées / Rue Corneille",
        "context": "Antony, Hauts-de-Seine",
        "citycode": "92002",
        "depcode": "92"
      }
    },
    {
      "type": "Feature",
      "geometry": {
        "type": "Point",
        "coordinates": [
          2.304541448,
          48.751342896
        ]
      },
      "properties": {
        "name": "Avenue du 11 Novembre / Avenue de la Division Leclerc D920",
        "context": "Antony, Hauts-de-Seine",
        "citycode": "92002",
        "depcode": "92"
      }
    },
    {
      "type": "Feature",
      "geometry": {
        "type": "Point",
        "coordinates": [
          2.304532094,
          48.751350209
        ]
      },
      "properties": {
        "name": "Avenue du 11 Novembre / Avenue Gabriel Péri",
        "context": "Antony, Hauts-de-Seine",
        "citycode": "92002",
        "depcode": "92"
      }
    },
    {
      "type": "Feature",
      "geometry": {
        "type": "Point",
        "coordinates": [
          2.306056181,
          48.750864268
        ]
      },
      "properties": {
        "name": "Avenue du 11 Novembre / Avenue Rabelais",
        "context": "Antony, Hauts-de-Seine",
        "citycode": "92002",
        "depcode": "92"
      }
    },
    {
      "type": "Feature",
      "geometry": {
        "type": "Point",
        "coordinates": [
          2.305340601,
          48.751098795
        ]
      },
      "properties": {
        "name": "Avenue du 11 Novembre / La Bièvre",
        "context": "Antony, Hauts-de-Seine",
        "citycode": "92002",
        "depcode": "92"
      }
    },
    {
      "type": "Feature",
      "geometry": {
        "type": "Point",
        "coordinates": [
          2.308669331,
          48.749963269
        ]
      },
      "properties": {
        "name": "Avenue du 11 Novembre / Place Lewisham",
        "context": "Antony, Hauts-de-Seine",
        "citycode": "92002",
        "depcode": "92"
      }
    },
    {
      "type": "Feature",
      "geometry": {
        "type": "Point",
        "coordinates": [
          2.305429626,
          48.75108191
        ]
      },
      "properties": {
        "name": "Avenue du 11 Novembre / Rue des Iris",
        "context": "Antony, Hauts-de-Seine",
        "citycode": "92002",
        "depcode": "92"
      }
    },
    {
      "type": "Feature",
      "geometry": {
        "type": "Point",
        "coordinates": [
          2.303678099,
          48.730879013
        ]
      },
      "properties": {
        "name": "Avenue du Bel Air / Avenue François Sommer",
        "context": "Antony, Hauts-de-Seine",
        "citycode": "92002",
        "depcode": "92"
      }
    },
    {
      "type": "Feature",
      "geometry": {
        "type": "Point",
        "coordinates": [
          2.279225601,
          48.757145903
        ]
      },
      "properties": {
        "name": "Avenue du Bois de Verrières / Allée des Fées",
        "context": "Antony, Hauts-de-Seine",
        "citycode": "92002",
        "depcode": "92"
      }
    },
    {
      "type": "Feature",
      "geometry": {
        "type": "Point",
        "coordinates": [
          2.277135211,
          48.757875307
        ]
      },
      "properties": {
        "name": "Avenue du Bois de Verrières / Avenue d'Estienne d'Orves D128",
        "context": "Antony, Hauts-de-Seine",
        "citycode": "92002",
        "depcode": "92"
      }
    },
    {
      "type": "Feature",
      "geometry": {
        "type": "Point",
        "coordinates": [
          2.284769306,
          48.755762613
        ]
      },
      "properties": {
        "name": "Avenue du Bois de Verrières C6 / Avenue du Bois de Verrières VC6",
        "context": "Antony, Hauts-de-Seine",
        "citycode": "92002",
        "depcode": "92"
      }
    },
    {
      "type": "Feature",
      "geometry": {
        "type": "Point",
        "coordinates": [
          2.29278991,
          48.754154285
        ]
      },
      "properties": {
        "name": "Avenue du Bois de Verrières / Avenue François Molé C2",
        "context": "Antony, Hauts-de-Seine",
        "citycode": "92002",
        "depcode": "92"
      }
    },
    {
      "type": "Feature",
      "geometry": {
        "type": "Point",
        "coordinates": [
          2.295843105,
          48.755487396
        ]
      },
      "properties": {
        "name": "Avenue du Bois de Verrières C6 / Avenue Léon Blum",
        "context": "Antony, Hauts-de-Seine",
        "citycode": "92002",
        "depcode": "92"
      }
    },
    {
      "type": "Feature",
      "geometry": {
        "type": "Point",
        "coordinates": [
          2.283166299,
          48.756170971
        ]
      },
      "properties": {
        "name": "Avenue du Bois de Verrières / Impasse Jacqueline",
        "context": "Antony, Hauts-de-Seine",
        "citycode": "92002",
        "depcode": "92"
      }
    },
    {
      "type": "Feature",
      "geometry": {
        "type": "Point",
        "coordinates": [
          2.290297691,
          48.754530941
        ]
      },
      "properties": {
        "name": "Avenue du Bois de Verrières C6 / Résidence Pierres et Lumières",
        "context": "Antony, Hauts-de-Seine",
        "citycode": "92002",
        "depcode": "92"
      }
    },
    {
      "type": "Feature",
      "geometry": {
        "type": "Point",
        "coordinates": [
          2.295845066,
          48.755536783
        ]
      },
      "properties": {
        "name": "Avenue du Bois de Verrières C6 / Rue de Châtenay D67",
        "context": "Antony, Hauts-de-Seine",
        "citycode": "92002",
        "depcode": "92"
      }
    },
    {
      "type": "Feature",
      "geometry": {
        "type": "Point",
        "coordinates": [
          2.288498622,
          48.75500366
        ]
      },
      "properties": {
        "name": "Avenue du Bois de Verrières C6 / Rue des Coquelicots",
        "context": "Antony, Hauts-de-Seine",
        "citycode": "92002",
        "depcode": "92"
      }
    },
    {
      "type": "Feature",
      "geometry": {
        "type": "Point",
        "coordinates": [
          2.284779366,
          48.755766627
        ]
      },
      "properties": {
        "name": "Avenue du Bois de Verrières C6 / Rue Émile Lévêque",
        "context": "Antony, Hauts-de-Seine",
        "citycode": "92002",
        "depcode": "92"
      }
    },
    {
      "type": "Feature",
      "geometry": {
        "type": "Point",
        "coordinates": [
          2.28375422,
          48.756016186
        ]
      },
      "properties": {
        "name": "Avenue du Bois de Verrières / Villa Véronique",
        "context": "Antony, Hauts-de-Seine",
        "citycode": "92002",
        "depcode": "92"
      }
    },
    {
      "type": "Feature",
      "geometry": {
        "type": "Point",
        "coordinates": [
          2.314068056,
          48.762581742
        ]
      },
      "properties": {
        "name": "Avenue du Docteur Schweitzer / Avenue du Docteur Ténine",
        "context": "Antony, Hauts-de-Seine",
        "citycode": "92002",
        "depcode": "92"
      }
    },
    {
      "type": "Feature",
      "geometry": {
        "type": "Point",
        "coordinates": [
          2.313960828,
          48.762646237
        ]
      },
      "properties": {
        "name": "Avenue du Docteur Schweitzer / Avenue Saint-Exupéry",
        "context": "Antony, Hauts-de-Seine",
        "citycode": "92002",
        "depcode": "92"
      }
    },
    {
      "type": "Feature",
      "geometry": {
        "type": "Point",
        "coordinates": [
          2.314984528,
          48.763432441
        ]
      },
      "properties": {
        "name": "Avenue du Docteur Schweitzer / Rue du Docteur Schweitzer",
        "context": "Antony, Hauts-de-Seine",
        "citycode": "92002",
        "depcode": "92"
      }
    },
    {
      "type": "Feature",
      "geometry": {
        "type": "Point",
        "coordinates": [
          2.313865618,
          48.762542732
        ]
      },
      "properties": {
        "name": "Avenue du Docteur Ténine D986 / Avenue Saint-Exupéry",
        "context": "Antony, Hauts-de-Seine",
        "citycode": "92002",
        "depcode": "92"
      }
    },
    {
      "type": "Feature",
      "geometry": {
        "type": "Point",
        "coordinates": [
          2.311873448,
          48.763141612
        ]
      },
      "properties": {
        "name": "Avenue du Docteur Ténine D986 / Rue d'Olomouc",
        "context": "Antony, Hauts-de-Seine",
        "citycode": "92002",
        "depcode": "92"
      }
    },
    {
      "type": "Feature",
      "geometry": {
        "type": "Point",
        "coordinates": [
          2.312690145,
          48.76279232
        ]
      },
      "properties": {
        "name": "Avenue du Docteur Ténine D986 / Trans Val de Marne",
        "context": "Antony, Hauts-de-Seine",
        "citycode": "92002",
        "depcode": "92"
      }
    },
    {
      "type": "Feature",
      "geometry": {
        "type": "Point",
        "coordinates": [
          2.297281936,
          48.761101917
        ]
      },
      "properties": {
        "name": "Avenue du Général de Gaulle D986 / Avenue Galliéni",
        "context": "Antony, Hauts-de-Seine",
        "citycode": "92002",
        "depcode": "92"
      }
    },
    {
      "type": "Feature",
      "geometry": {
        "type": "Point",
        "coordinates": [
          2.303846437,
          48.762768229
        ]
      },
      "properties": {
        "name": "Avenue du Général de Gaulle D986 / Avenue Le Brun D77",
        "context": "Antony, Hauts-de-Seine",
        "citycode": "92002",
        "depcode": "92"
      }
    },
    {
      "type": "Feature",
      "geometry": {
        "type": "Point",
        "coordinates": [
          2.303466494,
          48.762446257
        ]
      },
      "properties": {
        "name": "Avenue du Général de Gaulle D986 / Avenue Léon Blum",
        "context": "Antony, Hauts-de-Seine",
        "citycode": "92002",
        "depcode": "92"
      }
    },
    {
      "type": "Feature",
      "geometry": {
        "type": "Point",
        "coordinates": [
          2.308906679,
          48.763842081
        ]
      },
      "properties": {
        "name": "Avenue du Général de Gaulle D986 / Avenue Raymond Aron D920",
        "context": "Antony, Hauts-de-Seine",
        "citycode": "92002",
        "depcode": "92"
      }
    },
    {
      "type": "Feature",
      "geometry": {
        "type": "Point",
        "coordinates": [
          2.291275379,
          48.761320162
        ]
      },
      "properties": {
        "name": "Avenue du Général de Gaulle / Carrefour de l'Europe",
        "context": "Antony, Hauts-de-Seine",
        "citycode": "92002",
        "depcode": "92"
      }
    },
    {
      "type": "Feature",
      "geometry": {
        "type": "Point",
        "coordinates": [
          2.302702792,
          48.762581519
        ]
      },
      "properties": {
        "name": "Avenue du Général de Gaulle D986 / DDE Bureaux Chantier A86",
        "context": "Antony, Hauts-de-Seine",
        "citycode": "92002",
        "depcode": "92"
      }
    },
    {
      "type": "Feature",
      "geometry": {
        "type": "Point",
        "coordinates": [
          2.308936546,
          48.763497357
        ]
      },
      "properties": {
        "name": "Avenue du Général de Gaulle D986 / Place du Général de Gaulle D986",
        "context": "Antony, Hauts-de-Seine",
        "citycode": "92002",
        "depcode": "92"
      }
    },
    {
      "type": "Feature",
      "geometry": {
        "type": "Point",
        "coordinates": [
          2.302406214,
          48.762311915
        ]
      },
      "properties": {
        "name": "Avenue du Général de Gaulle D986 / Ru des Morteaux",
        "context": "Antony, Hauts-de-Seine",
        "citycode": "92002",
        "depcode": "92"
      }
    },
    {
      "type": "Feature",
      "geometry": {
        "type": "Point",
        "coordinates": [
          2.298553735,
          48.761379838
        ]
      },
      "properties": {
        "name": "Avenue du Général de Gaulle D986 / Rue de la Renaissance",
        "context": "Antony, Hauts-de-Seine",
        "citycode": "92002",
        "depcode": "92"
      }
    },
    {
      "type": "Feature",
      "geometry": {
        "type": "Point",
        "coordinates": [
          2.294626197,
          48.760549717
        ]
      },
      "properties": {
        "name": "Avenue du Général de Gaulle D986 / Rue des Marguerites",
        "context": "Antony, Hauts-de-Seine",
        "citycode": "92002",
        "depcode": "92"
      }
    },
    {
      "type": "Feature",
      "geometry": {
        "type": "Point",
        "coordinates": [
          2.30559566,
          48.763080566
        ]
      },
      "properties": {
        "name": "Avenue du Général de Gaulle D986 / Rue Velpeau",
        "context": "Antony, Hauts-de-Seine",
        "citycode": "92002",
        "depcode": "92"
      }
    },
    {
      "type": "Feature",
      "geometry": {
        "type": "Point",
        "coordinates": [
          2.306668718,
          48.763336888
        ]
      },
      "properties": {
        "name": "Avenue du Général de Gaulle D986 / Trans Val de Marne",
        "context": "Antony, Hauts-de-Seine",
        "citycode": "92002",
        "depcode": "92"
      }
    },
    {
      "type": "Feature",
      "geometry": {
        "type": "Point",
        "coordinates": [
          2.293709331,
          48.760815539
        ]
      },
      "properties": {
        "name": "Avenue du Général de Gaulle D986 / A86",
        "context": "Antony, Hauts-de-Seine",
        "citycode": "92002",
        "depcode": "92"
      }
    },
    {
      "type": "Feature",
      "geometry": {
        "type": "Point",
        "coordinates": [
          2.285287752,
          48.734819881
        ]
      },
      "properties": {
        "name": "Avenue du Noyer Doré / Allée de l'Estérel",
        "context": "Antony, Hauts-de-Seine",
        "citycode": "92002",
        "depcode": "92"
      }
    },
    {
      "type": "Feature",
      "geometry": {
        "type": "Point",
        "coordinates": [
          2.285400585,
          48.734653382
        ]
      },
      "properties": {
        "name": "Avenue du Noyer Doré / Avenue du Président J.F. Kennedy D66",
        "context": "Antony, Hauts-de-Seine",
        "citycode": "92002",
        "depcode": "92"
      }
    },
    {
      "type": "Feature",
      "geometry": {
        "type": "Point",
        "coordinates": [
          2.282013582,
          48.753864514
        ]
      },
      "properties": {
        "name": "Avenue du Parc de la Noisette / Allée du Ruisseau",
        "context": "Antony, Hauts-de-Seine",
        "citycode": "92002",
        "depcode": "92"
      }
    },
    {
      "type": "Feature",
      "geometry": {
        "type": "Point",
        "coordinates": [
          2.282996755,
          48.754362959
        ]
      },
      "properties": {
        "name": "Avenue du Parc de la Noisette / Place des Cinq Cèdres",
        "context": "Antony, Hauts-de-Seine",
        "citycode": "92002",
        "depcode": "92"
      }
    },
    {
      "type": "Feature",
      "geometry": {
        "type": "Point",
        "coordinates": [
          2.28202111,
          48.753863652
        ]
      },
      "properties": {
        "name": "Avenue du Parc de la Noisette / Rue de la Fontaine du Sault",
        "context": "Antony, Hauts-de-Seine",
        "citycode": "92002",
        "depcode": "92"
      }
    },
    {
      "type": "Feature",
      "geometry": {
        "type": "Point",
        "coordinates": [
          2.282014801,
          48.75387409
        ]
      },
      "properties": {
        "name": "Avenue du Parc de la Noisette / Rue de la Fonte des Godets",
        "context": "Antony, Hauts-de-Seine",
        "citycode": "92002",
        "depcode": "92"
      }
    },
    {
      "type": "Feature",
      "geometry": {
        "type": "Point",
        "coordinates": [
          2.282541951,
          48.754138462
        ]
      },
      "properties": {
        "name": "Avenue du Parc de la Noisette / Voie des Vignes",
        "context": "Antony, Hauts-de-Seine",
        "citycode": "92002",
        "depcode": "92"
      }
    },
    {
      "type": "Feature",
      "geometry": {
        "type": "Point",
        "coordinates": [
          2.308034206,
          48.764212795
        ]
      },
      "properties": {
        "name": "Avenue du Parc de Sceaux / Avenue de Guyenne",
        "context": "Antony, Hauts-de-Seine",
        "citycode": "92002",
        "depcode": "92"
      }
    },
    {
      "type": "Feature",
      "geometry": {
        "type": "Point",
        "coordinates": [
          2.307028822,
          48.764594486
        ]
      },
      "properties": {
        "name": "Avenue du Parc de Sceaux / Avenue de Provence",
        "context": "Antony, Hauts-de-Seine",
        "citycode": "92002",
        "depcode": "92"
      }
    },
    {
      "type": "Feature",
      "geometry": {
        "type": "Point",
        "coordinates": [
          2.308807087,
          48.76386105
        ]
      },
      "properties": {
        "name": "Avenue du Parc de Sceaux / Avenue du Général de Gaulle D986",
        "context": "Antony, Hauts-de-Seine",
        "citycode": "92002",
        "depcode": "92"
      }
    },
    {
      "type": "Feature",
      "geometry": {
        "type": "Point",
        "coordinates": [
          2.308905226,
          48.763850006
        ]
      },
      "properties": {
        "name": "Avenue du Parc de Sceaux / Avenue Raymond Aron D920",
        "context": "Antony, Hauts-de-Seine",
        "citycode": "92002",
        "depcode": "92"
      }
    },
    {
      "type": "Feature",
      "geometry": {
        "type": "Point",
        "coordinates": [
          2.308892542,
          48.763833439
        ]
      },
      "properties": {
        "name": "Avenue du Parc de Sceaux / Place du Général de Gaulle D986",
        "context": "Antony, Hauts-de-Seine",
        "citycode": "92002",
        "depcode": "92"
      }
    },
    {
      "type": "Feature",
      "geometry": {
        "type": "Point",
        "coordinates": [
          2.307021754,
          48.764583351
        ]
      },
      "properties": {
        "name": "Avenue du Parc de Sceaux / Rue d'Artois",
        "context": "Antony, Hauts-de-Seine",
        "citycode": "92002",
        "depcode": "92"
      }
    },
    {
      "type": "Feature",
      "geometry": {
        "type": "Point",
        "coordinates": [
          2.308848492,
          48.763830792
        ]
      },
      "properties": {
        "name": "Avenue du Parc de Sceaux / Trans Val de Marne",
        "context": "Antony, Hauts-de-Seine",
        "citycode": "92002",
        "depcode": "92"
      }
    },
    {
      "type": "Feature",
      "geometry": {
        "type": "Point",
        "coordinates": [
          2.291708997,
          48.736199473
        ]
      },
      "properties": {
        "name": "Avenue du Président J.F. Kennedy D66 / Avenue de Bourgogne",
        "context": "Antony, Hauts-de-Seine",
        "citycode": "92002",
        "depcode": "92"
      }
    },
    {
      "type": "Feature",
      "geometry": {
        "type": "Point",
        "coordinates": [
          2.300206711,
          48.739483948
        ]
      },
      "properties": {
        "name": "Avenue du Président J.F. Kennedy D66 / Résidence Mirabeau",
        "context": "Antony, Hauts-de-Seine",
        "citycode": "92002",
        "depcode": "92"
      }
    },
    {
      "type": "Feature",
      "geometry": {
        "type": "Point",
        "coordinates": [
          2.302066169,
          48.740534735
        ]
      },
      "properties": {
        "name": "Avenue du Président J.F. Kennedy / Rond-Point Kennedy",
        "context": "Antony, Hauts-de-Seine",
        "citycode": "92002",
        "depcode": "92"
      }
    },
    {
      "type": "Feature",
      "geometry": {
        "type": "Point",
        "coordinates": [
          2.29932104,
          48.739072244
        ]
      },
      "properties": {
        "name": "Avenue du Président J.F. Kennedy D66 / Rue Mirabeau",
        "context": "Antony, Hauts-de-Seine",
        "citycode": "92002",
        "depcode": "92"
      }
    },
    {
      "type": "Feature",
      "geometry": {
        "type": "Point",
        "coordinates": [
          2.30904298,
          48.748010279
        ]
      },
      "properties": {
        "name": "Avenue Ernest Renan / Avenue Armand Guillebaud D67A",
        "context": "Antony, Hauts-de-Seine",
        "citycode": "92002",
        "depcode": "92"
      }
    },
    {
      "type": "Feature",
      "geometry": {
        "type": "Point",
        "coordinates": [
          2.309066635,
          48.748019445
        ]
      },
      "properties": {
        "name": "Avenue Ernest Renan / Cours Jules Raimu",
        "context": "Antony, Hauts-de-Seine",
        "citycode": "92002",
        "depcode": "92"
      }
    },
    {
      "type": "Feature",
      "geometry": {
        "type": "Point",
        "coordinates": [
          2.308992704,
          48.747995846
        ]
      },
      "properties": {
        "name": "Avenue Ernest Renan / Passage du Beau Vallon",
        "context": "Antony, Hauts-de-Seine",
        "citycode": "92002",
        "depcode": "92"
      }
    },
    {
      "type": "Feature",
      "geometry": {
        "type": "Point",
        "coordinates": [
          2.308949374,
          48.749704108
        ]
      },
      "properties": {
        "name": "Avenue Ernest Renan / Place Lewisham",
        "context": "Antony, Hauts-de-Seine",
        "citycode": "92002",
        "depcode": "92"
      }
    },
    {
      "type": "Feature",
      "geometry": {
        "type": "Point",
        "coordinates": [
          2.309171482,
          48.748464395
        ]
      },
      "properties": {
        "name": "Avenue Ernest Renan / Rue des Pivoines",
        "context": "Antony, Hauts-de-Seine",
        "citycode": "92002",
        "depcode": "92"
      }
    },
    {
      "type": "Feature",
      "geometry": {
        "type": "Point",
        "coordinates": [
          2.310587561,
          48.762911516
        ]
      },
      "properties": {
        "name": "Avenue Fernand Fenzy / Avenue de la Division Leclerc D986",
        "context": "Antony, Hauts-de-Seine",
        "citycode": "92002",
        "depcode": "92"
      }
    },
    {
      "type": "Feature",
      "geometry": {
        "type": "Point",
        "coordinates": [
          2.310505927,
          48.760662121
        ]
      },
      "properties": {
        "name": "Avenue Fernand Fenzy / Avenue Victor Hugo",
        "context": "Antony, Hauts-de-Seine",
        "citycode": "92002",
        "depcode": "92"
      }
    },
    {
      "type": "Feature",
      "geometry": {
        "type": "Point",
        "coordinates": [
          2.306758908,
          48.7579256
        ]
      },
      "properties": {
        "name": "Avenue Fernand Fenzy / Ru des Morteaux",
        "context": "Antony, Hauts-de-Seine",
        "citycode": "92002",
        "depcode": "92"
      }
    },
    {
      "type": "Feature",
      "geometry": {
        "type": "Point",
        "coordinates": [
          2.309346869,
          48.758656271
        ]
      },
      "properties": {
        "name": "Avenue Fernand Fenzy / Rue Carnot",
        "context": "Antony, Hauts-de-Seine",
        "citycode": "92002",
        "depcode": "92"
      }
    },
    {
      "type": "Feature",
      "geometry": {
        "type": "Point",
        "coordinates": [
          2.310135238,
          48.759979911
        ]
      },
      "properties": {
        "name": "Avenue Fernand Fenzy / Rue de l'Ancien Château",
        "context": "Antony, Hauts-de-Seine",
        "citycode": "92002",
        "depcode": "92"
      }
    },
    {
      "type": "Feature",
      "geometry": {
        "type": "Point",
        "coordinates": [
          2.310599007,
          48.762228849
        ]
      },
      "properties": {
        "name": "Avenue Fernand Fenzy / Rue du Parc",
        "context": "Antony, Hauts-de-Seine",
        "citycode": "92002",
        "depcode": "92"
      }
    },
    {
      "type": "Feature",
      "geometry": {
        "type": "Point",
        "coordinates": [
          2.309765973,
          48.759315802
        ]
      },
      "properties": {
        "name": "Avenue Fernand Fenzy / Rue Florian",
        "context": "Antony, Hauts-de-Seine",
        "citycode": "92002",
        "depcode": "92"
      }
    },
    {
      "type": "Feature",
      "geometry": {
        "type": "Point",
        "coordinates": [
          2.308251806,
          48.758257239
        ]
      },
      "properties": {
        "name": "Avenue Fernand Fenzy / Rue Mozart",
        "context": "Antony, Hauts-de-Seine",
        "citycode": "92002",
        "depcode": "92"
      }
    },
    {
      "type": "Feature",
      "geometry": {
        "type": "Point",
        "coordinates": [
          2.310868133,
          48.761344735
        ]
      },
      "properties": {
        "name": "Avenue Fernand Fenzy / Rue Voltaire",
        "context": "Antony, Hauts-de-Seine",
        "citycode": "92002",
        "depcode": "92"
      }
    },
    {
      "type": "Feature",
      "geometry": {
        "type": "Point",
        "coordinates": [
          2.310535981,
          48.762873554
        ]
      },
      "properties": {
        "name": "Avenue Fernand Fenzy / Trans Val de Marne",
        "context": "Antony, Hauts-de-Seine",
        "citycode": "92002",
        "depcode": "92"
      }
    },
    {
      "type": "Feature",
      "geometry": {
        "type": "Point",
        "coordinates": [
          2.307912848,
          48.738261103
        ]
      },
      "properties": {
        "name": "Avenue François Arago / Avenue des Frères Lumière",
        "context": "Antony, Hauts-de-Seine",
        "citycode": "92002",
        "depcode": "92"
      }
    },
    {
      "type": "Feature",
      "geometry": {
        "type": "Point",
        "coordinates": [
          2.31068628,
          48.735948239
        ]
      },
      "properties": {
        "name": "Avenue François Arago / Avenue Léon Harmel",
        "context": "Antony, Hauts-de-Seine",
        "citycode": "92002",
        "depcode": "92"
      }
    },
    {
      "type": "Feature",
      "geometry": {
        "type": "Point",
        "coordinates": [
          2.288710455,
          48.750713615
        ]
      },
      "properties": {
        "name": "Avenue François Molé VC2 / Allée Abraham et Esther Ploktine",
        "context": "Antony, Hauts-de-Seine",
        "citycode": "92002",
        "depcode": "92"
      }
    },
    {
      "type": "Feature",
      "geometry": {
        "type": "Point",
        "coordinates": [
          2.288641095,
          48.750704145
        ]
      },
      "properties": {
        "name": "Avenue François Molé VC2 / Allée Diderot",
        "context": "Antony, Hauts-de-Seine",
        "citycode": "92002",
        "depcode": "92"
      }
    },
    {
      "type": "Feature",
      "geometry": {
        "type": "Point",
        "coordinates": [
          2.292898711,
          48.754271682
        ]
      },
      "properties": {
        "name": "Avenue François Molé C2 / Avenue du Bois de Verrières C6",
        "context": "Antony, Hauts-de-Seine",
        "citycode": "92002",
        "depcode": "92"
      }
    },
    {
      "type": "Feature",
      "geometry": {
        "type": "Point",
        "coordinates": [
          2.289738403,
          48.751283997
        ]
      },
      "properties": {
        "name": "Avenue François Molé VC2 / Avenue François Molé C2",
        "context": "Antony, Hauts-de-Seine",
        "citycode": "92002",
        "depcode": "92"
      }
    },
    {
      "type": "Feature",
      "geometry": {
        "type": "Point",
        "coordinates": [
          2.286749088,
          48.749018971
        ]
      },
      "properties": {
        "name": "Avenue François Molé VC2 / Rue des Hautes Bièvres",
        "context": "Antony, Hauts-de-Seine",
        "citycode": "92002",
        "depcode": "92"
      }
    },
    {
      "type": "Feature",
      "geometry": {
        "type": "Point",
        "coordinates": [
          2.289737401,
          48.751282146
        ]
      },
      "properties": {
        "name": "Avenue François Molé VC2 / Rue des Sources",
        "context": "Antony, Hauts-de-Seine",
        "citycode": "92002",
        "depcode": "92"
      }
    },
    {
      "type": "Feature",
      "geometry": {
        "type": "Point",
        "coordinates": [
          2.285345497,
          48.7475055
        ]
      },
      "properties": {
        "name": "Avenue François Molé VC2 / Ruisseau des Godets",
        "context": "Antony, Hauts-de-Seine",
        "citycode": "92002",
        "depcode": "92"
      }
    },
    {
      "type": "Feature",
      "geometry": {
        "type": "Point",
        "coordinates": [
          2.290447331,
          48.751649991
        ]
      },
      "properties": {
        "name": "Avenue François Molé C2 / Villa des Fontenettes",
        "context": "Antony, Hauts-de-Seine",
        "citycode": "92002",
        "depcode": "92"
      }
    },
    {
      "type": "Feature",
      "geometry": {
        "type": "Point",
        "coordinates": [
          2.308959222,
          48.734796916
        ]
      },
      "properties": {
        "name": "Avenue François Sommer / Avenue Léon Jouhaux D66",
        "context": "Antony, Hauts-de-Seine",
        "citycode": "92002",
        "depcode": "92"
      }
    },
    {
      "type": "Feature",
      "geometry": {
        "type": "Point",
        "coordinates": [
          2.304502545,
          48.751358641
        ]
      },
      "properties": {
        "name": "Avenue Gabriel Péri / Avenue de la Division Leclerc D920",
        "context": "Antony, Hauts-de-Seine",
        "citycode": "92002",
        "depcode": "92"
      }
    },
    {
      "type": "Feature",
      "geometry": {
        "type": "Point",
        "coordinates": [
          2.300412869,
          48.754276804
        ]
      },
      "properties": {
        "name": "Avenue Gabriel Péri / Boulevard Pierre Brossolette",
        "context": "Antony, Hauts-de-Seine",
        "citycode": "92002",
        "depcode": "92"
      }
    },
    {
      "type": "Feature",
      "geometry": {
        "type": "Point",
        "coordinates": [
          2.302841759,
          48.752044435
        ]
      },
      "properties": {
        "name": "Avenue Gabriel Péri / Parking Centre-Ville",
        "context": "Antony, Hauts-de-Seine",
        "citycode": "92002",
        "depcode": "92"
      }
    },
    {
      "type": "Feature",
      "geometry": {
        "type": "Point",
        "coordinates": [
          2.30060276,
          48.754268387
        ]
      },
      "properties": {
        "name": "Avenue Gabriel Péri / Rue Auguste Mounié D67",
        "context": "Antony, Hauts-de-Seine",
        "citycode": "92002",
        "depcode": "92"
      }
    },
    {
      "type": "Feature",
      "geometry": {
        "type": "Point",
        "coordinates": [
          2.300402932,
          48.754266414
        ]
      },
      "properties": {
        "name": "Avenue Gabriel Péri / Rue de l'Abbaye",
        "context": "Antony, Hauts-de-Seine",
        "citycode": "92002",
        "depcode": "92"
      }
    },
    {
      "type": "Feature",
      "geometry": {
        "type": "Point",
        "coordinates": [
          2.300898821,
          48.754263995
        ]
      },
      "properties": {
        "name": "Avenue Gabriel Péri / Rue Velpeau",
        "context": "Antony, Hauts-de-Seine",
        "citycode": "92002",
        "depcode": "92"
      }
    },
    {
      "type": "Feature",
      "geometry": {
        "type": "Point",
        "coordinates": [
          2.298900107,
          48.759241724
        ]
      },
      "properties": {
        "name": "Avenue Galliéni / Allée de l'Île Verte",
        "context": "Antony, Hauts-de-Seine",
        "citycode": "92002",
        "depcode": "92"
      }
    },
    {
      "type": "Feature",
      "geometry": {
        "type": "Point",
        "coordinates": [
          2.300161155,
          48.75844225
        ]
      },
      "properties": {
        "name": "Avenue Galliéni / Avenue Léon Blum",
        "context": "Antony, Hauts-de-Seine",
        "citycode": "92002",
        "depcode": "92"
      }
    },
    {
      "type": "Feature",
      "geometry": {
        "type": "Point",
        "coordinates": [
          2.30016622,
          48.758432815
        ]
      },
      "properties": {
        "name": "Avenue Galliéni / Boulevard Pierre Brossolette",
        "context": "Antony, Hauts-de-Seine",
        "citycode": "92002",
        "depcode": "92"
      }
    },
    {
      "type": "Feature",
      "geometry": {
        "type": "Point",
        "coordinates": [
          2.297619403,
          48.760428329
        ]
      },
      "properties": {
        "name": "Avenue Galliéni / Rue de la Renaissance",
        "context": "Antony, Hauts-de-Seine",
        "citycode": "92002",
        "depcode": "92"
      }
    },
    {
      "type": "Feature",
      "geometry": {
        "type": "Point",
        "coordinates": [
          2.298250726,
          48.759771147
        ]
      },
      "properties": {
        "name": "Avenue Galliéni / Rue Lafontaine",
        "context": "Antony, Hauts-de-Seine",
        "citycode": "92002",
        "depcode": "92"
      }
    },
    {
      "type": "Feature",
      "geometry": {
        "type": "Point",
        "coordinates": [
          2.297588077,
          48.76041789
        ]
      },
      "properties": {
        "name": "Avenue Galliéni / Rue Sœur Emmanuelle",
        "context": "Antony, Hauts-de-Seine",
        "citycode": "92002",
        "depcode": "92"
      }
    },
    {
      "type": "Feature",
      "geometry": {
        "type": "Point",
        "coordinates": [
          2.313375063,
          48.76015116
        ]
      },
      "properties": {
        "name": "Avenue Gambetta / Promenade du Barrage",
        "context": "Antony, Hauts-de-Seine",
        "citycode": "92002",
        "depcode": "92"
      }
    },
    {
      "type": "Feature",
      "geometry": {
        "type": "Point",
        "coordinates": [
          2.313380316,
          48.760153537
        ]
      },
      "properties": {
        "name": "Avenue Gambetta / Rue Victor Hugo",
        "context": "Antony, Hauts-de-Seine",
        "citycode": "92002",
        "depcode": "92"
      }
    },
    {
      "type": "Feature",
      "geometry": {
        "type": "Point",
        "coordinates": [
          2.313243242,
          48.760957063
        ]
      },
      "properties": {
        "name": "Avenue Gambetta / Rue Voltaire",
        "context": "Antony, Hauts-de-Seine",
        "citycode": "92002",
        "depcode": "92"
      }
    },
    {
      "type": "Feature",
      "geometry": {
        "type": "Point",
        "coordinates": [
          2.310956799,
          48.768509067
        ]
      },
      "properties": {
        "name": "Avenue Giovanni Boldini / Avenue Raymond Aron D920",
        "context": "Antony, Hauts-de-Seine",
        "citycode": "92002",
        "depcode": "92"
      }
    },
    {
      "type": "Feature",
      "geometry": {
        "type": "Point",
        "coordinates": [
          2.315593719,
          48.767803505
        ]
      },
      "properties": {
        "name": "Avenue Giovanni Boldini / Avenue Saint-Exupéry",
        "context": "Antony, Hauts-de-Seine",
        "citycode": "92002",
        "depcode": "92"
      }
    },
    {
      "type": "Feature",
      "geometry": {
        "type": "Point",
        "coordinates": [
          2.30272201,
          48.748939138
        ]
      },
      "properties": {
        "name": "Avenue Jean Monnet D67A / Allée Julia",
        "context": "Antony, Hauts-de-Seine",
        "citycode": "92002",
        "depcode": "92"
      }
    },
    {
      "type": "Feature",
      "geometry": {
        "type": "Point",
        "coordinates": [
          2.304053802,
          48.748794485
        ]
      },
      "properties": {
        "name": "Avenue Jean Monnet D67A / Avenue de la Division Leclerc D920",
        "context": "Antony, Hauts-de-Seine",
        "citycode": "92002",
        "depcode": "92"
      }
    },
    {
      "type": "Feature",
      "geometry": {
        "type": "Point",
        "coordinates": [
          2.300406794,
          48.748155327
        ]
      },
      "properties": {
        "name": "Avenue Jean Monnet D67A / Impasse Robert",
        "context": "Antony, Hauts-de-Seine",
        "citycode": "92002",
        "depcode": "92"
      }
    },
    {
      "type": "Feature",
      "geometry": {
        "type": "Point",
        "coordinates": [
          2.296206464,
          48.746156979
        ]
      },
      "properties": {
        "name": "Avenue Jean Monnet D67A / Rue Adolphe Pajeaud",
        "context": "Antony, Hauts-de-Seine",
        "citycode": "92002",
        "depcode": "92"
      }
    },
    {
      "type": "Feature",
      "geometry": {
        "type": "Point",
        "coordinates": [
          2.296344706,
          48.746232924
        ]
      },
      "properties": {
        "name": "Avenue Jean Monnet D67A / Rue d'Aquitaine",
        "context": "Antony, Hauts-de-Seine",
        "citycode": "92002",
        "depcode": "92"
      }
    },
    {
      "type": "Feature",
      "geometry": {
        "type": "Point",
        "coordinates": [
          2.301433207,
          48.748650972
        ]
      },
      "properties": {
        "name": "Avenue Jean Monnet D67A / Rue de Bône",
        "context": "Antony, Hauts-de-Seine",
        "citycode": "92002",
        "depcode": "92"
      }
    },
    {
      "type": "Feature",
      "geometry": {
        "type": "Point",
        "coordinates": [
          2.301572414,
          48.748749173
        ]
      },
      "properties": {
        "name": "Avenue Jean Monnet D67A / Rue de l'Abbé Enjalvin",
        "context": "Antony, Hauts-de-Seine",
        "citycode": "92002",
        "depcode": "92"
      }
    },
    {
      "type": "Feature",
      "geometry": {
        "type": "Point",
        "coordinates": [
          2.300706789,
          48.748274709
        ]
      },
      "properties": {
        "name": "Avenue Jean Monnet D67A / Rue de la Paix",
        "context": "Antony, Hauts-de-Seine",
        "citycode": "92002",
        "depcode": "92"
      }
    },
    {
      "type": "Feature",
      "geometry": {
        "type": "Point",
        "coordinates": [
          2.301995714,
          48.748939395
        ]
      },
      "properties": {
        "name": "Avenue Jean Monnet D67A / Rue des Prés",
        "context": "Antony, Hauts-de-Seine",
        "citycode": "92002",
        "depcode": "92"
      }
    },
    {
      "type": "Feature",
      "geometry": {
        "type": "Point",
        "coordinates": [
          2.304079102,
          48.748797306
        ]
      },
      "properties": {
        "name": "Avenue Jean Monnet D67A / Rue Dupressoir Chailloux",
        "context": "Antony, Hauts-de-Seine",
        "citycode": "92002",
        "depcode": "92"
      }
    },
    {
      "type": "Feature",
      "geometry": {
        "type": "Point",
        "coordinates": [
          2.300082896,
          48.747978512
        ]
      },
      "properties": {
        "name": "Avenue Jean Monnet D67A / Rue Guynemer",
        "context": "Antony, Hauts-de-Seine",
        "citycode": "92002",
        "depcode": "92"
      }
    },
    {
      "type": "Feature",
      "geometry": {
        "type": "Point",
        "coordinates": [
          2.299353055,
          48.747742713
        ]
      },
      "properties": {
        "name": "Avenue Jean Monnet D67A / Rue Henri Barbusse",
        "context": "Antony, Hauts-de-Seine",
        "citycode": "92002",
        "depcode": "92"
      }
    },
    {
      "type": "Feature",
      "geometry": {
        "type": "Point",
        "coordinates": [
          2.299331793,
          48.747719633
        ]
      },
      "properties": {
        "name": "Avenue Jean Monnet D67A / Rue Mirabeau",
        "context": "Antony, Hauts-de-Seine",
        "citycode": "92002",
        "depcode": "92"
      }
    },
    {
      "type": "Feature",
      "geometry": {
        "type": "Point",
        "coordinates": [
          2.301016607,
          48.748472748
        ]
      },
      "properties": {
        "name": "Avenue Jean Monnet D67A / Rue Trudon",
        "context": "Antony, Hauts-de-Seine",
        "citycode": "92002",
        "depcode": "92"
      }
    },
    {
      "type": "Feature",
      "geometry": {
        "type": "Point",
        "coordinates": [
          2.306474808,
          48.757205235
        ]
      },
      "properties": {
        "name": "Avenue Jeanne d'Arc / Avenue Aristide Briand D920",
        "context": "Antony, Hauts-de-Seine",
        "citycode": "92002",
        "depcode": "92"
      }
    },
    {
      "type": "Feature",
      "geometry": {
        "type": "Point",
        "coordinates": [
          2.306472629,
          48.757231237
        ]
      },
      "properties": {
        "name": "Avenue Jeanne d'Arc / Ru des Morteaux",
        "context": "Antony, Hauts-de-Seine",
        "citycode": "92002",
        "depcode": "92"
      }
    },
    {
      "type": "Feature",
      "geometry": {
        "type": "Point",
        "coordinates": [
          2.306491096,
          48.757213755
        ]
      },
      "properties": {
        "name": "Avenue Jeanne d'Arc / Rue Louis Barthou",
        "context": "Antony, Hauts-de-Seine",
        "citycode": "92002",
        "depcode": "92"
      }
    },
    {
      "type": "Feature",
      "geometry": {
        "type": "Point",
        "coordinates": [
          2.308920002,
          48.74988728
        ]
      },
      "properties": {
        "name": "Avenue Jules Ferry / Place Lewisham",
        "context": "Antony, Hauts-de-Seine",
        "citycode": "92002",
        "depcode": "92"
      }
    },
    {
      "type": "Feature",
      "geometry": {
        "type": "Point",
        "coordinates": [
          2.310615844,
          48.75129317
        ]
      },
      "properties": {
        "name": "Avenue Jules Ferry / Rue des Hortensias",
        "context": "Antony, Hauts-de-Seine",
        "citycode": "92002",
        "depcode": "92"
      }
    },
    {
      "type": "Feature",
      "geometry": {
        "type": "Point",
        "coordinates": [
          2.311180347,
          48.749093172
        ]
      },
      "properties": {
        "name": "Avenue Lavoisier / Cours Jules Raimu",
        "context": "Antony, Hauts-de-Seine",
        "citycode": "92002",
        "depcode": "92"
      }
    },
    {
      "type": "Feature",
      "geometry": {
        "type": "Point",
        "coordinates": [
          2.309165511,
          48.749798698
        ]
      },
      "properties": {
        "name": "Avenue Lavoisier / Place Lewisham",
        "context": "Antony, Hauts-de-Seine",
        "citycode": "92002",
        "depcode": "92"
      }
    },
    {
      "type": "Feature",
      "geometry": {
        "type": "Point",
        "coordinates": [
          2.309630748,
          48.749666474
        ]
      },
      "properties": {
        "name": "Avenue Lavoisier / Rue Ampère",
        "context": "Antony, Hauts-de-Seine",
        "citycode": "92002",
        "depcode": "92"
      }
    },
    {
      "type": "Feature",
      "geometry": {
        "type": "Point",
        "coordinates": [
          2.310262571,
          48.749434831
        ]
      },
      "properties": {
        "name": "Avenue Lavoisier / Rue des Pivoines",
        "context": "Antony, Hauts-de-Seine",
        "citycode": "92002",
        "depcode": "92"
      }
    },
    {
      "type": "Feature",
      "geometry": {
        "type": "Point",
        "coordinates": [
          2.310827599,
          48.749231714
        ]
      },
      "properties": {
        "name": "Avenue Lavoisier / Rue Louis Jouvet",
        "context": "Antony, Hauts-de-Seine",
        "citycode": "92002",
        "depcode": "92"
      }
    },
    {
      "type": "Feature",
      "geometry": {
        "type": "Point",
        "coordinates": [
          2.313902845,
          48.748210739
        ]
      },
      "properties": {
        "name": "Avenue Lavoisier / Rue Pierre-Gilles de Gennes",
        "context": "Antony, Hauts-de-Seine",
        "citycode": "92002",
        "depcode": "92"
      }
    },
    {
      "type": "Feature",
      "geometry": {
        "type": "Point",
        "coordinates": [
          2.30639631,
          48.765673604
        ]
      },
      "properties": {
        "name": "Avenue Le Brun D77 / Aire de Service du Parc",
        "context": "Antony, Hauts-de-Seine",
        "citycode": "92002",
        "depcode": "92"
      }
    },
    {
      "type": "Feature",
      "geometry": {
        "type": "Point",
        "coordinates": [
          2.30396582,
          48.762818834
        ]
      },
      "properties": {
        "name": "Avenue Le Brun D77 / Avenue du Général de Gaulle D986",
        "context": "Antony, Hauts-de-Seine",
        "citycode": "92002",
        "depcode": "92"
      }
    },
    {
      "type": "Feature",
      "geometry": {
        "type": "Point",
        "coordinates": [
          2.306077931,
          48.765076606
        ]
      },
      "properties": {
        "name": "Avenue Le Brun D77 / Avenue du Parc de Sceaux",
        "context": "Antony, Hauts-de-Seine",
        "citycode": "92002",
        "depcode": "92"
      }
    },
    {
      "type": "Feature",
      "geometry": {
        "type": "Point",
        "coordinates": [
          2.307113569,
          48.766878998
        ]
      },
      "properties": {
        "name": "Avenue Le Brun / Avenue Le Nôtre D77",
        "context": "Antony, Hauts-de-Seine",
        "citycode": "92002",
        "depcode": "92"
      }
    },
    {
      "type": "Feature",
      "geometry": {
        "type": "Point",
        "coordinates": [
          2.307208796,
          48.766904097
        ]
      },
      "properties": {
        "name": "Avenue Le Nôtre D77 / Avenue d'Alembert",
        "context": "Antony, Hauts-de-Seine",
        "citycode": "92002",
        "depcode": "92"
      }
    },
    {
      "type": "Feature",
      "geometry": {
        "type": "Point",
        "coordinates": [
          2.307184386,
          48.766893734
        ]
      },
      "properties": {
        "name": "Avenue Le Nôtre D77 / Avenue Le Brun D77",
        "context": "Antony, Hauts-de-Seine",
        "citycode": "92002",
        "depcode": "92"
      }
    },
    {
      "type": "Feature",
      "geometry": {
        "type": "Point",
        "coordinates": [
          2.301459325,
          48.7596879
        ]
      },
      "properties": {
        "name": "Avenue Léon Blum / Avenue de Sceaux",
        "context": "Antony, Hauts-de-Seine",
        "citycode": "92002",
        "depcode": "92"
      }
    },
    {
      "type": "Feature",
      "geometry": {
        "type": "Point",
        "coordinates": [
          2.295866371,
          48.755521628
        ]
      },
      "properties": {
        "name": "Avenue Léon Blum / Avenue du Bois de Verrières C6",
        "context": "Antony, Hauts-de-Seine",
        "citycode": "92002",
        "depcode": "92"
      }
    },
    {
      "type": "Feature",
      "geometry": {
        "type": "Point",
        "coordinates": [
          2.303664018,
          48.762548789
        ]
      },
      "properties": {
        "name": "Avenue Léon Blum / Avenue du Général de Gaulle D986",
        "context": "Antony, Hauts-de-Seine",
        "citycode": "92002",
        "depcode": "92"
      }
    },
    {
      "type": "Feature",
      "geometry": {
        "type": "Point",
        "coordinates": [
          2.303705048,
          48.762574125
        ]
      },
      "properties": {
        "name": "Avenue Léon Blum / Avenue Le Brun D77",
        "context": "Antony, Hauts-de-Seine",
        "citycode": "92002",
        "depcode": "92"
      }
    },
    {
      "type": "Feature",
      "geometry": {
        "type": "Point",
        "coordinates": [
          2.300184862,
          48.758418859
        ]
      },
      "properties": {
        "name": "Avenue Léon Blum / Boulevard Pierre Brossolette",
        "context": "Antony, Hauts-de-Seine",
        "citycode": "92002",
        "depcode": "92"
      }
    },
    {
      "type": "Feature",
      "geometry": {
        "type": "Point",
        "coordinates": [
          2.303024761,
          48.761946521
        ]
      },
      "properties": {
        "name": "Avenue Léon Blum / Ru des Morteaux",
        "context": "Antony, Hauts-de-Seine",
        "citycode": "92002",
        "depcode": "92"
      }
    },
    {
      "type": "Feature",
      "geometry": {
        "type": "Point",
        "coordinates": [
          2.302862363,
          48.761761751
        ]
      },
      "properties": {
        "name": "Avenue Léon Blum / Rue d'Alsace-Lorraine",
        "context": "Antony, Hauts-de-Seine",
        "citycode": "92002",
        "depcode": "92"
      }
    },
    {
      "type": "Feature",
      "geometry": {
        "type": "Point",
        "coordinates": [
          2.29587129,
          48.75556806
        ]
      },
      "properties": {
        "name": "Avenue Léon Blum / Rue de Châtenay D67",
        "context": "Antony, Hauts-de-Seine",
        "citycode": "92002",
        "depcode": "92"
      }
    },
    {
      "type": "Feature",
      "geometry": {
        "type": "Point",
        "coordinates": [
          2.301498025,
          48.759933659
        ]
      },
      "properties": {
        "name": "Avenue Léon Blum / Rue de la Grande Couture",
        "context": "Antony, Hauts-de-Seine",
        "citycode": "92002",
        "depcode": "92"
      }
    },
    {
      "type": "Feature",
      "geometry": {
        "type": "Point",
        "coordinates": [
          2.29782802,
          48.75649015
        ]
      },
      "properties": {
        "name": "Avenue Léon Blum / Rue des Marguerites",
        "context": "Antony, Hauts-de-Seine",
        "citycode": "92002",
        "depcode": "92"
      }
    },
    {
      "type": "Feature",
      "geometry": {
        "type": "Point",
        "coordinates": [
          2.295915848,
          48.755543787
        ]
      },
      "properties": {
        "name": "Avenue Léon Blum / Rue Maurice Labrousse D67",
        "context": "Antony, Hauts-de-Seine",
        "citycode": "92002",
        "depcode": "92"
      }
    },
    {
      "type": "Feature",
      "geometry": {
        "type": "Point",
        "coordinates": [
          2.309422739,
          48.735002061
        ]
      },
      "properties": {
        "name": "Avenue Léon Harmel / Rond-Point Boyan",
        "context": "Antony, Hauts-de-Seine",
        "citycode": "92002",
        "depcode": "92"
      }
    },
    {
      "type": "Feature",
      "geometry": {
        "type": "Point",
        "coordinates": [
          2.304872317,
          48.735677886
        ]
      },
      "properties": {
        "name": "Avenue Léon Jouhaux D66 / Allée Georges Clemenceau",
        "context": "Antony, Hauts-de-Seine",
        "citycode": "92002",
        "depcode": "92"
      }
    },
    {
      "type": "Feature",
      "geometry": {
        "type": "Point",
        "coordinates": [
          2.309560848,
          48.734784404
        ]
      },
      "properties": {
        "name": "Avenue Léon Jouhaux D66 / Rond-Point Boyan",
        "context": "Antony, Hauts-de-Seine",
        "citycode": "92002",
        "depcode": "92"
      }
    },
    {
      "type": "Feature",
      "geometry": {
        "type": "Point",
        "coordinates": [
          2.302403945,
          48.736164143
        ]
      },
      "properties": {
        "name": "Avenue Léon Jouhaux D66 / Rue de Bellevue",
        "context": "Antony, Hauts-de-Seine",
        "citycode": "92002",
        "depcode": "92"
      }
    },
    {
      "type": "Feature",
      "geometry": {
        "type": "Point",
        "coordinates": [
          2.303838348,
          48.735881156
        ]
      },
      "properties": {
        "name": "Avenue Léon Jouhaux D66 / Rue de Champagne",
        "context": "Antony, Hauts-de-Seine",
        "citycode": "92002",
        "depcode": "92"
      }
    },
    {
      "type": "Feature",
      "geometry": {
        "type": "Point",
        "coordinates": [
          2.306511933,
          48.735376925
        ]
      },
      "properties": {
        "name": "Avenue Léon Jouhaux D66 / Rue des Pinsons",
        "context": "Antony, Hauts-de-Seine",
        "citycode": "92002",
        "depcode": "92"
      }
    },
    {
      "type": "Feature",
      "geometry": {
        "type": "Point",
        "coordinates": [
          2.303743848,
          48.747042899
        ]
      },
      "properties": {
        "name": "Avenue Manin / Avenue de la Division Leclerc D920",
        "context": "Antony, Hauts-de-Seine",
        "citycode": "92002",
        "depcode": "92"
      }
    },
    {
      "type": "Feature",
      "geometry": {
        "type": "Point",
        "coordinates": [
          2.309803004,
          48.739447025
        ]
      },
      "properties": {
        "name": "Avenue Maurice Ravel / Avenue des Frères Lumière",
        "context": "Antony, Hauts-de-Seine",
        "citycode": "92002",
        "depcode": "92"
      }
    },
    {
      "type": "Feature",
      "geometry": {
        "type": "Point",
        "coordinates": [
          2.303542231,
          48.746109371
        ]
      },
      "properties": {
        "name": "Avenue Montaigne / Avenue de la Division Leclerc D920",
        "context": "Antony, Hauts-de-Seine",
        "citycode": "92002",
        "depcode": "92"
      }
    },
    {
      "type": "Feature",
      "geometry": {
        "type": "Point",
        "coordinates": [
          2.312548448,
          48.763059416
        ]
      },
      "properties": {
        "name": "Avenue Paul Valéry / Avenue du Docteur Ténine",
        "context": "Antony, Hauts-de-Seine",
        "citycode": "92002",
        "depcode": "92"
      }
    },
    {
      "type": "Feature",
      "geometry": {
        "type": "Point",
        "coordinates": [
          2.315034265,
          48.765136409
        ]
      },
      "properties": {
        "name": "Avenue Paul Valéry / Avenue Saint-Exupéry",
        "context": "Antony, Hauts-de-Seine",
        "citycode": "92002",
        "depcode": "92"
      }
    },
    {
      "type": "Feature",
      "geometry": {
        "type": "Point",
        "coordinates": [
          2.306056932,
          48.750858834
        ]
      },
      "properties": {
        "name": "Avenue Rabelais / Avenue du 11 Novembre",
        "context": "Antony, Hauts-de-Seine",
        "citycode": "92002",
        "depcode": "92"
      }
    },
    {
      "type": "Feature",
      "geometry": {
        "type": "Point",
        "coordinates": [
          2.307425623,
          48.751878362
        ]
      },
      "properties": {
        "name": "Avenue Rabelais / Rue des Iris",
        "context": "Antony, Hauts-de-Seine",
        "citycode": "92002",
        "depcode": "92"
      }
    },
    {
      "type": "Feature",
      "geometry": {
        "type": "Point",
        "coordinates": [
          2.305425002,
          48.750381191
        ]
      },
      "properties": {
        "name": "Avenue Rabelais / Rue Racine",
        "context": "Antony, Hauts-de-Seine",
        "citycode": "92002",
        "depcode": "92"
      }
    },
    {
      "type": "Feature",
      "geometry": {
        "type": "Point",
        "coordinates": [
          2.309300863,
          48.763775507
        ]
      },
      "properties": {
        "name": "Avenue Raymond Aron D920 / Avenue du Docteur Ténine D986",
        "context": "Antony, Hauts-de-Seine",
        "citycode": "92002",
        "depcode": "92"
      }
    },
    {
      "type": "Feature",
      "geometry": {
        "type": "Point",
        "coordinates": [
          2.312094731,
          48.771431967
        ]
      },
      "properties": {
        "name": "Avenue Raymond Aron D920 / Avenue du Général Leclerc D920",
        "context": "Antony, Hauts-de-Seine",
        "citycode": "92002",
        "depcode": "92"
      }
    },
    {
      "type": "Feature",
      "geometry": {
        "type": "Point",
        "coordinates": [
          2.311019281,
          48.768500756
        ]
      },
      "properties": {
        "name": "Avenue Raymond Aron D920 / Avenue Giovanni Boldini",
        "context": "Antony, Hauts-de-Seine",
        "citycode": "92002",
        "depcode": "92"
      }
    },
    {
      "type": "Feature",
      "geometry": {
        "type": "Point",
        "coordinates": [
          2.30929688,
          48.763773901
        ]
      },
      "properties": {
        "name": "Avenue Raymond Aron D920 / Place du Général de Gaulle D920",
        "context": "Antony, Hauts-de-Seine",
        "citycode": "92002",
        "depcode": "92"
      }
    },
    {
      "type": "Feature",
      "geometry": {
        "type": "Point",
        "coordinates": [
          2.309381866,
          48.764351582
        ]
      },
      "properties": {
        "name": "Avenue Raymond Aron D920 / Rue d'Olomouc",
        "context": "Antony, Hauts-de-Seine",
        "citycode": "92002",
        "depcode": "92"
      }
    },
    {
      "type": "Feature",
      "geometry": {
        "type": "Point",
        "coordinates": [
          2.310138551,
          48.766520735
        ]
      },
      "properties": {
        "name": "Avenue Raymond Aron D920 / Rue de Bretagne",
        "context": "Antony, Hauts-de-Seine",
        "citycode": "92002",
        "depcode": "92"
      }
    },
    {
      "type": "Feature",
      "geometry": {
        "type": "Point",
        "coordinates": [
          2.310926015,
          48.768518032
        ]
      },
      "properties": {
        "name": "Avenue Raymond Aron D920 / Rue de Normandie",
        "context": "Antony, Hauts-de-Seine",
        "citycode": "92002",
        "depcode": "92"
      }
    },
    {
      "type": "Feature",
      "geometry": {
        "type": "Point",
        "coordinates": [
          2.311859268,
          48.770648402
        ]
      },
      "properties": {
        "name": "Avenue Raymond Aron D920 / Square Gilbert",
        "context": "Antony, Hauts-de-Seine",
        "citycode": "92002",
        "depcode": "92"
      }
    },
    {
      "type": "Feature",
      "geometry": {
        "type": "Point",
        "coordinates": [
          2.309296229,
          48.763779527
        ]
      },
      "properties": {
        "name": "Avenue Raymond Aron D920 / Trans Val de Marne",
        "context": "Antony, Hauts-de-Seine",
        "citycode": "92002",
        "depcode": "92"
      }
    },
    {
      "type": "Feature",
      "geometry": {
        "type": "Point",
        "coordinates": [
          2.30385138,
          48.747546744
        ]
      },
      "properties": {
        "name": "Avenue René Morin / Avenue de la Division Leclerc D920",
        "context": "Antony, Hauts-de-Seine",
        "citycode": "92002",
        "depcode": "92"
      }
    },
    {
      "type": "Feature",
      "geometry": {
        "type": "Point",
        "coordinates": [
          2.313887484,
          48.76258982
        ]
      },
      "properties": {
        "name": "Avenue Saint-Exupéry / Avenue du Docteur Ténine",
        "context": "Antony, Hauts-de-Seine",
        "citycode": "92002",
        "depcode": "92"
      }
    },
    {
      "type": "Feature",
      "geometry": {
        "type": "Point",
        "coordinates": [
          2.315046079,
          48.765119986
        ]
      },
      "properties": {
        "name": "Avenue Saint-Exupéry / Avenue Paul Valéry",
        "context": "Antony, Hauts-de-Seine",
        "citycode": "92002",
        "depcode": "92"
      }
    },
    {
      "type": "Feature",
      "geometry": {
        "type": "Point",
        "coordinates": [
          2.315187188,
          48.766634164
        ]
      },
      "properties": {
        "name": "Avenue Saint-Exupéry / Avenue Saint-Exupéry du 90 au 102",
        "context": "Antony, Hauts-de-Seine",
        "citycode": "92002",
        "depcode": "92"
      }
    },
    {
      "type": "Feature",
      "geometry": {
        "type": "Point",
        "coordinates": [
          2.313768414,
          48.762432822
        ]
      },
      "properties": {
        "name": "Avenue Saint-Exupéry / Trans Val de Marne",
        "context": "Antony, Hauts-de-Seine",
        "citycode": "92002",
        "depcode": "92"
      }
    },
    {
      "type": "Feature",
      "geometry": {
        "type": "Point",
        "coordinates": [
          2.290983147,
          48.761412002
        ]
      },
      "properties": {
        "name": "Avenue Sully Prud'homme / Avenue de la Division Leclerc",
        "context": "Antony, Hauts-de-Seine",
        "citycode": "92002",
        "depcode": "92"
      }
    },
    {
      "type": "Feature",
      "geometry": {
        "type": "Point",
        "coordinates": [
          2.291242766,
          48.761401561
        ]
      },
      "properties": {
        "name": "Avenue Sully Prud'homme / Avenue du Général de Gaulle",
        "context": "Antony, Hauts-de-Seine",
        "citycode": "92002",
        "depcode": "92"
      }
    },
    {
      "type": "Feature",
      "geometry": {
        "type": "Point",
        "coordinates": [
          2.291112675,
          48.761441311
        ]
      },
      "properties": {
        "name": "Avenue Sully Prud'homme / Carrefour de l'Europe",
        "context": "Antony, Hauts-de-Seine",
        "citycode": "92002",
        "depcode": "92"
      }
    },
    {
      "type": "Feature",
      "geometry": {
        "type": "Point",
        "coordinates": [
          2.313356125,
          48.760166178
        ]
      },
      "properties": {
        "name": "Avenue Victor Hugo / Avenue Gambetta",
        "context": "Antony, Hauts-de-Seine",
        "citycode": "92002",
        "depcode": "92"
      }
    },
    {
      "type": "Feature",
      "geometry": {
        "type": "Point",
        "coordinates": [
          2.313351382,
          48.760144834
        ]
      },
      "properties": {
        "name": "Avenue Victor Hugo / Promenade du Barrage",
        "context": "Antony, Hauts-de-Seine",
        "citycode": "92002",
        "depcode": "92"
      }
    },
    {
      "type": "Feature",
      "geometry": {
        "type": "Point",
        "coordinates": [
          2.313376104,
          48.76015101
        ]
      },
      "properties": {
        "name": "Avenue Victor Hugo / Rue Victor Hugo",
        "context": "Antony, Hauts-de-Seine",
        "citycode": "92002",
        "depcode": "92"
      }
    },
    {
      "type": "Feature",
      "geometry": {
        "type": "Point",
        "coordinates": [
          2.306947214,
          48.743587661
        ]
      },
      "properties": {
        "name": "Bois de l'Aurore / Rue de la Mutualité",
        "context": "Antony, Hauts-de-Seine",
        "citycode": "92002",
        "depcode": "92"
      }
    },
    {
      "type": "Feature",
      "geometry": {
        "type": "Point",
        "coordinates": [
          2.308582308,
          48.74217688
        ]
      },
      "properties": {
        "name": "Bois de l'Aurore / Rue des Rabats",
        "context": "Antony, Hauts-de-Seine",
        "citycode": "92002",
        "depcode": "92"
      }
    },
    {
      "type": "Feature",
      "geometry": {
        "type": "Point",
        "coordinates": [
          2.308095798,
          48.745564702
        ]
      },
      "properties": {
        "name": "Boulevard Colbert / Rue du Val Fleury",
        "context": "Antony, Hauts-de-Seine",
        "citycode": "92002",
        "depcode": "92"
      }
    },
    {
      "type": "Feature",
      "geometry": {
        "type": "Point",
        "coordinates": [
          2.308861509,
          48.746293391
        ]
      },
      "properties": {
        "name": "Boulevard Colbert / Rue Lecommandeur",
        "context": "Antony, Hauts-de-Seine",
        "citycode": "92002",
        "depcode": "92"
      }
    },
    {
      "type": "Feature",
      "geometry": {
        "type": "Point",
        "coordinates": [
          2.28417861,
          48.736753524
        ]
      },
      "properties": {
        "name": "Boulevard des Pyrénées / Avenue du Noyer Doré",
        "context": "Antony, Hauts-de-Seine",
        "citycode": "92002",
        "depcode": "92"
      }
    },
    {
      "type": "Feature",
      "geometry": {
        "type": "Point",
        "coordinates": [
          2.274981505,
          48.755152032
        ]
      },
      "properties": {
        "name": "Boulevard Maréchal Juin D128 / Coulée Verte des Godets",
        "context": "Antony, Hauts-de-Seine",
        "citycode": "92002",
        "depcode": "92"
      }
    },
    {
      "type": "Feature",
      "geometry": {
        "type": "Point",
        "coordinates": [
          2.276127429,
          48.756605923
        ]
      },
      "properties": {
        "name": "Boulevard Maréchal Juin D128 / Rue Camille Pelletan",
        "context": "Antony, Hauts-de-Seine",
        "citycode": "92002",
        "depcode": "92"
      }
    },
    {
      "type": "Feature",
      "geometry": {
        "type": "Point",
        "coordinates": [
          2.275009005,
          48.755211691
        ]
      },
      "properties": {
        "name": "Boulevard Maréchal Juin D128 / Ruisseau des Godets",
        "context": "Antony, Hauts-de-Seine",
        "citycode": "92002",
        "depcode": "92"
      }
    },
    {
      "type": "Feature",
      "geometry": {
        "type": "Point",
        "coordinates": [
          2.300448374,
          48.754312569
        ]
      },
      "properties": {
        "name": "Boulevard Pierre Brossolette / Avenue Gabriel Péri",
        "context": "Antony, Hauts-de-Seine",
        "citycode": "92002",
        "depcode": "92"
      }
    },
    {
      "type": "Feature",
      "geometry": {
        "type": "Point",
        "coordinates": [
          2.301244755,
          48.755853493
        ]
      },
      "properties": {
        "name": "Boulevard Pierre Brossolette / Pont Nord",
        "context": "Antony, Hauts-de-Seine",
        "citycode": "92002",
        "depcode": "92"
      }
    },
    {
      "type": "Feature",
      "geometry": {
        "type": "Point",
        "coordinates": [
          2.301260761,
          48.756026475
        ]
      },
      "properties": {
        "name": "Boulevard Pierre Brossolette / Rue Augusta",
        "context": "Antony, Hauts-de-Seine",
        "citycode": "92002",
        "depcode": "92"
      }
    },
    {
      "type": "Feature",
      "geometry": {
        "type": "Point",
        "coordinates": [
          2.300476845,
          48.754354153
        ]
      },
      "properties": {
        "name": "Boulevard Pierre Brossolette / Rue Auguste Mounié D67",
        "context": "Antony, Hauts-de-Seine",
        "citycode": "92002",
        "depcode": "92"
      }
    },
    {
      "type": "Feature",
      "geometry": {
        "type": "Point",
        "coordinates": [
          2.300429199,
          48.75431135
        ]
      },
      "properties": {
        "name": "Boulevard Pierre Brossolette / Rue de l'Abbaye",
        "context": "Antony, Hauts-de-Seine",
        "citycode": "92002",
        "depcode": "92"
      }
    },
    {
      "type": "Feature",
      "geometry": {
        "type": "Point",
        "coordinates": [
          2.300443256,
          48.754341462
        ]
      },
      "properties": {
        "name": "Boulevard Pierre Brossolette / Rue Maurice Labrousse D67",
        "context": "Antony, Hauts-de-Seine",
        "citycode": "92002",
        "depcode": "92"
      }
    },
    {
      "type": "Feature",
      "geometry": {
        "type": "Point",
        "coordinates": [
          2.301702413,
          48.7569732
        ]
      },
      "properties": {
        "name": "Boulevard Pierre Brossolette / Villa Saint-Georges",
        "context": "Antony, Hauts-de-Seine",
        "citycode": "92002",
        "depcode": "92"
      }
    },
    {
      "type": "Feature",
      "geometry": {
        "type": "Point",
        "coordinates": [
          2.290386105,
          48.759461592
        ]
      },
      "properties": {
        "name": "Chemin de Châtenay / Rue de Châtenay D67",
        "context": "Antony, Hauts-de-Seine",
        "citycode": "92002",
        "depcode": "92"
      }
    },
    {
      "type": "Feature",
      "geometry": {
        "type": "Point",
        "coordinates": [
          2.290265243,
          48.759460236
        ]
      },
      "properties": {
        "name": "Chemin de Châtenay / Rue Émile Glay",
        "context": "Antony, Hauts-de-Seine",
        "citycode": "92002",
        "depcode": "92"
      }
    },
    {
      "type": "Feature",
      "geometry": {
        "type": "Point",
        "coordinates": [
          2.283511527,
          48.750431241
        ]
      },
      "properties": {
        "name": "Chemin de Moricq / Rue de la Tour d'Argent",
        "context": "Antony, Hauts-de-Seine",
        "citycode": "92002",
        "depcode": "92"
      }
    },
    {
      "type": "Feature",
      "geometry": {
        "type": "Point",
        "coordinates": [
          2.284627167,
          48.750008943
        ]
      },
      "properties": {
        "name": "Chemin des Demoiselles Melson / Rue de la Tour d'Argent",
        "context": "Antony, Hauts-de-Seine",
        "citycode": "92002",
        "depcode": "92"
      }
    },
    {
      "type": "Feature",
      "geometry": {
        "type": "Point",
        "coordinates": [
          2.284231349,
          48.750318145
        ]
      },
      "properties": {
        "name": "Chemin du Pont aux Ânes / Rue de la Tour d'Argent",
        "context": "Antony, Hauts-de-Seine",
        "citycode": "92002",
        "depcode": "92"
      }
    },
    {
      "type": "Feature",
      "geometry": {
        "type": "Point",
        "coordinates": [
          2.295154772,
          48.737981989
        ]
      },
      "properties": {
        "name": "Chemin Potier / Allée de Bougainville",
        "context": "Antony, Hauts-de-Seine",
        "citycode": "92002",
        "depcode": "92"
      }
    },
    {
      "type": "Feature",
      "geometry": {
        "type": "Point",
        "coordinates": [
          2.294987464,
          48.738247858
        ]
      },
      "properties": {
        "name": "Chemin Potier / Allée des Fauvettes",
        "context": "Antony, Hauts-de-Seine",
        "citycode": "92002",
        "depcode": "92"
      }
    },
    {
      "type": "Feature",
      "geometry": {
        "type": "Point",
        "coordinates": [
          2.295474816,
          48.737581381
        ]
      },
      "properties": {
        "name": "Chemin Potier / Avenue du Président J.F. Kennedy D66",
        "context": "Antony, Hauts-de-Seine",
        "citycode": "92002",
        "depcode": "92"
      }
    },
    {
      "type": "Feature",
      "geometry": {
        "type": "Point",
        "coordinates": [
          2.29488212,
          48.738337683
        ]
      },
      "properties": {
        "name": "Chemin Potier / Impasse Beaulieu",
        "context": "Antony, Hauts-de-Seine",
        "citycode": "92002",
        "depcode": "92"
      }
    },
    {
      "type": "Feature",
      "geometry": {
        "type": "Point",
        "coordinates": [
          2.296824659,
          48.743066006
        ]
      },
      "properties": {
        "name": "Cité Duval / Rue Mirabeau",
        "context": "Antony, Hauts-de-Seine",
        "citycode": "92002",
        "depcode": "92"
      }
    },
    {
      "type": "Feature",
      "geometry": {
        "type": "Point",
        "coordinates": [
          2.278408507,
          48.753675382
        ]
      },
      "properties": {
        "name": "Coulée Verte des Godets / Ruisseau des Godets",
        "context": "Antony, Hauts-de-Seine",
        "citycode": "92002",
        "depcode": "92"
      }
    },
    {
      "type": "Feature",
      "geometry": {
        "type": "Point",
        "coordinates": [
          2.285399612,
          48.747555717
        ]
      },
      "properties": {
        "name": "Coulée Verte du Paradis / Avenue François Molé VC2",
        "context": "Antony, Hauts-de-Seine",
        "citycode": "92002",
        "depcode": "92"
      }
    },
    {
      "type": "Feature",
      "geometry": {
        "type": "Point",
        "coordinates": [
          2.284416718,
          48.748690775
        ]
      },
      "properties": {
        "name": "Coulée Verte du Paradis / Rue de la Tour d'Argent",
        "context": "Antony, Hauts-de-Seine",
        "citycode": "92002",
        "depcode": "92"
      }
    },
    {
      "type": "Feature",
      "geometry": {
        "type": "Point",
        "coordinates": [
          2.284880987,
          48.74793923
        ]
      },
      "properties": {
        "name": "Coulée Verte du Paradis / Ruisseau des Godets",
        "context": "Antony, Hauts-de-Seine",
        "citycode": "92002",
        "depcode": "92"
      }
    },
    {
      "type": "Feature",
      "geometry": {
        "type": "Point",
        "coordinates": [
          2.309807595,
          48.747947791
        ]
      },
      "properties": {
        "name": "Cours Jules Raimu / Avenue Armand Guillebaud D67A",
        "context": "Antony, Hauts-de-Seine",
        "citycode": "92002",
        "depcode": "92"
      }
    },
    {
      "type": "Feature",
      "geometry": {
        "type": "Point",
        "coordinates": [
          2.312214199,
          48.748772219
        ]
      },
      "properties": {
        "name": "Cours Jules Raimu / Avenue Lavoisier",
        "context": "Antony, Hauts-de-Seine",
        "citycode": "92002",
        "depcode": "92"
      }
    },
    {
      "type": "Feature",
      "geometry": {
        "type": "Point",
        "coordinates": [
          2.311744871,
          48.743727054
        ]
      },
      "properties": {
        "name": "Impasse Armand / Rue des Rabats",
        "context": "Antony, Hauts-de-Seine",
        "citycode": "92002",
        "depcode": "92"
      }
    },
    {
      "type": "Feature",
      "geometry": {
        "type": "Point",
        "coordinates": [
          2.294937363,
          48.738294327
        ]
      },
      "properties": {
        "name": "Impasse Beaulieu / Allée des Fauvettes",
        "context": "Antony, Hauts-de-Seine",
        "citycode": "92002",
        "depcode": "92"
      }
    },
    {
      "type": "Feature",
      "geometry": {
        "type": "Point",
        "coordinates": [
          2.305352836,
          48.760743666
        ]
      },
      "properties": {
        "name": "Impasse Curie / Ru des Morteaux",
        "context": "Antony, Hauts-de-Seine",
        "citycode": "92002",
        "depcode": "92"
      }
    },
    {
      "type": "Feature",
      "geometry": {
        "type": "Point",
        "coordinates": [
          2.295729804,
          48.745931456
        ]
      },
      "properties": {
        "name": "Impasse Davis / Avenue Jean Monnet D67A",
        "context": "Antony, Hauts-de-Seine",
        "citycode": "92002",
        "depcode": "92"
      }
    },
    {
      "type": "Feature",
      "geometry": {
        "type": "Point",
        "coordinates": [
          2.304971839,
          48.738744754
        ]
      },
      "properties": {
        "name": "Impasse des Hirondelles / Rue des Rabats",
        "context": "Antony, Hauts-de-Seine",
        "citycode": "92002",
        "depcode": "92"
      }
    },
    {
      "type": "Feature",
      "geometry": {
        "type": "Point",
        "coordinates": [
          2.283349847,
          48.752956302
        ]
      },
      "properties": {
        "name": "Impasse des Sources / La Coulée Verte",
        "context": "Antony, Hauts-de-Seine",
        "citycode": "92002",
        "depcode": "92"
      }
    },
    {
      "type": "Feature",
      "geometry": {
        "type": "Point",
        "coordinates": [
          2.283734638,
          48.753570212
        ]
      },
      "properties": {
        "name": "Impasse des Sources / Rue des Sources Prolongée",
        "context": "Antony, Hauts-de-Seine",
        "citycode": "92002",
        "depcode": "92"
      }
    },
    {
      "type": "Feature",
      "geometry": {
        "type": "Point",
        "coordinates": [
          2.282434971,
          48.750871215
        ]
      },
      "properties": {
        "name": "Impasse du Bua / Coulée Verte du Paradis",
        "context": "Antony, Hauts-de-Seine",
        "citycode": "92002",
        "depcode": "92"
      }
    },
    {
      "type": "Feature",
      "geometry": {
        "type": "Point",
        "coordinates": [
          2.283140399,
          48.751182696
        ]
      },
      "properties": {
        "name": "Impasse du Bua / Rue de la Tour d'Argent",
        "context": "Antony, Hauts-de-Seine",
        "citycode": "92002",
        "depcode": "92"
      }
    },
    {
      "type": "Feature",
      "geometry": {
        "type": "Point",
        "coordinates": [
          2.283215671,
          48.751249359
        ]
      },
      "properties": {
        "name": "Impasse du Bua / Rue du Colonel Fabien VC3",
        "context": "Antony, Hauts-de-Seine",
        "citycode": "92002",
        "depcode": "92"
      }
    },
    {
      "type": "Feature",
      "geometry": {
        "type": "Point",
        "coordinates": [
          2.316801272,
          48.735962762
        ]
      },
      "properties": {
        "name": "L'Aquitaine A10 / Autoroute du Soleil A6",
        "context": "Antony, Hauts-de-Seine",
        "citycode": "92002",
        "depcode": "92"
      }
    },
    {
      "type": "Feature",
      "geometry": {
        "type": "Point",
        "coordinates": [
          2.313621802,
          48.733964147
        ]
      },
      "properties": {
        "name": "L'Aquitaine A10 / Avenue Léon Jouhaux D66",
        "context": "Antony, Hauts-de-Seine",
        "citycode": "92002",
        "depcode": "92"
      }
    },
    {
      "type": "Feature",
      "geometry": {
        "type": "Point",
        "coordinates": [
          2.313887307,
          48.734126797
        ]
      },
      "properties": {
        "name": "L'Aquitaine A10 / A6b",
        "context": "Antony, Hauts-de-Seine",
        "citycode": "92002",
        "depcode": "92"
      }
    },
    {
      "type": "Feature",
      "geometry": {
        "type": "Point",
        "coordinates": [
          2.296247637,
          48.74934553
        ]
      },
      "properties": {
        "name": "La Bièvre / Allée des Érables",
        "context": "Antony, Hauts-de-Seine",
        "citycode": "92002",
        "depcode": "92"
      }
    },
    {
      "type": "Feature",
      "geometry": {
        "type": "Point",
        "coordinates": [
          2.296181262,
          48.74924629
        ]
      },
      "properties": {
        "name": "La Bièvre / Allée des Ormeaux",
        "context": "Antony, Hauts-de-Seine",
        "citycode": "92002",
        "depcode": "92"
      }
    },
    {
      "type": "Feature",
      "geometry": {
        "type": "Point",
        "coordinates": [
          2.304476059,
          48.750916052
        ]
      },
      "properties": {
        "name": "La Bièvre / Avenue de la Division Leclerc D920",
        "context": "Antony, Hauts-de-Seine",
        "citycode": "92002",
        "depcode": "92"
      }
    },
    {
      "type": "Feature",
      "geometry": {
        "type": "Point",
        "coordinates": [
          2.315994462,
          48.761432223
        ]
      },
      "properties": {
        "name": "La Bièvre / Avenue Paul Vaillant-Couturier D86B",
        "context": "Antony, Hauts-de-Seine",
        "citycode": "92002",
        "depcode": "92"
      }
    },
    {
      "type": "Feature",
      "geometry": {
        "type": "Point",
        "coordinates": [
          2.274725681,
          48.740452163
        ]
      },
      "properties": {
        "name": "La Bièvre / La Coulée Verte",
        "context": "Antony, Hauts-de-Seine",
        "citycode": "92002",
        "depcode": "92"
      }
    },
    {
      "type": "Feature",
      "geometry": {
        "type": "Point",
        "coordinates": [
          2.29989105,
          48.750166
        ]
      },
      "properties": {
        "name": "La Bièvre / Passage de la Bièvre",
        "context": "Antony, Hauts-de-Seine",
        "citycode": "92002",
        "depcode": "92"
      }
    },
    {
      "type": "Feature",
      "geometry": {
        "type": "Point",
        "coordinates": [
          2.309967199,
          48.756673327
        ]
      },
      "properties": {
        "name": "La Bièvre / Ru des Morteaux",
        "context": "Antony, Hauts-de-Seine",
        "citycode": "92002",
        "depcode": "92"
      }
    },
    {
      "type": "Feature",
      "geometry": {
        "type": "Point",
        "coordinates": [
          2.29749591,
          48.749858122
        ]
      },
      "properties": {
        "name": "La Bièvre / Rue Fondouze",
        "context": "Antony, Hauts-de-Seine",
        "citycode": "92002",
        "depcode": "92"
      }
    },
    {
      "type": "Feature",
      "geometry": {
        "type": "Point",
        "coordinates": [
          2.283606643,
          48.744565752
        ]
      },
      "properties": {
        "name": "La Bièvre / Rue Georges Suant D63",
        "context": "Antony, Hauts-de-Seine",
        "citycode": "92002",
        "depcode": "92"
      }
    },
    {
      "type": "Feature",
      "geometry": {
        "type": "Point",
        "coordinates": [
          2.309105712,
          48.755840947
        ]
      },
      "properties": {
        "name": "La Bièvre / Ruisseau de Rungis",
        "context": "Antony, Hauts-de-Seine",
        "citycode": "92002",
        "depcode": "92"
      }
    },
    {
      "type": "Feature",
      "geometry": {
        "type": "Point",
        "coordinates": [
          2.287487314,
          48.745737325
        ]
      },
      "properties": {
        "name": "La Bièvre / Ruisseau des Godets",
        "context": "Antony, Hauts-de-Seine",
        "citycode": "92002",
        "depcode": "92"
      }
    },
    {
      "type": "Feature",
      "geometry": {
        "type": "Point",
        "coordinates": [
          2.315996617,
          48.761323204
        ]
      },
      "properties": {
        "name": "La Bièvre / Trans Val de Marne",
        "context": "Antony, Hauts-de-Seine",
        "citycode": "92002",
        "depcode": "92"
      }
    },
    {
      "type": "Feature",
      "geometry": {
        "type": "Point",
        "coordinates": [
          2.284572784,
          48.755786504
        ]
      },
      "properties": {
        "name": "La Coulée Verte / Avenue du Bois de Verrières VC6",
        "context": "Antony, Hauts-de-Seine",
        "citycode": "92002",
        "depcode": "92"
      }
    },
    {
      "type": "Feature",
      "geometry": {
        "type": "Point",
        "coordinates": [
          2.282065174,
          48.751378865
        ]
      },
      "properties": {
        "name": "La Coulée Verte / Rue du Colonel Fabien",
        "context": "Antony, Hauts-de-Seine",
        "citycode": "92002",
        "depcode": "92"
      }
    },
    {
      "type": "Feature",
      "geometry": {
        "type": "Point",
        "coordinates": [
          2.281436666,
          48.75113096
        ]
      },
      "properties": {
        "name": "La Coulée Verte / Ruisseau des Godets",
        "context": "Antony, Hauts-de-Seine",
        "citycode": "92002",
        "depcode": "92"
      }
    },
    {
      "type": "Feature",
      "geometry": {
        "type": "Point",
        "coordinates": [
          2.284250638,
          48.751747919
        ]
      },
      "properties": {
        "name": "Les Jardins d'Antony / Rue du Colonel Fabien VC3",
        "context": "Antony, Hauts-de-Seine",
        "citycode": "92002",
        "depcode": "92"
      }
    },
    {
      "type": "Feature",
      "geometry": {
        "type": "Point",
        "coordinates": [
          2.285753223,
          48.736286479
        ]
      },
      "properties": {
        "name": "Mail Robert Doisneau / Rue de l'Annapurna",
        "context": "Antony, Hauts-de-Seine",
        "citycode": "92002",
        "depcode": "92"
      }
    },
    {
      "type": "Feature",
      "geometry": {
        "type": "Point",
        "coordinates": [
          2.315734072,
          48.748804332
        ]
      },
      "properties": {
        "name": "Parc de Tourvoie / Rue Pierre-Gilles de Gennes",
        "context": "Antony, Hauts-de-Seine",
        "citycode": "92002",
        "depcode": "92"
      }
    },
    {
      "type": "Feature",
      "geometry": {
        "type": "Point",
        "coordinates": [
          2.303524364,
          48.767099618
        ]
      },
      "properties": {
        "name": "Parcours Sportif / Allée Circulaire",
        "context": "Antony, Hauts-de-Seine",
        "citycode": "92002",
        "depcode": "92"
      }
    },
    {
      "type": "Feature",
      "geometry": {
        "type": "Point",
        "coordinates": [
          2.303520585,
          48.765652021
        ]
      },
      "properties": {
        "name": "Parcours Sportif / Allée de la Faisanderie",
        "context": "Antony, Hauts-de-Seine",
        "citycode": "92002",
        "depcode": "92"
      }
    },
    {
      "type": "Feature",
      "geometry": {
        "type": "Point",
        "coordinates": [
          2.303978248,
          48.768717503
        ]
      },
      "properties": {
        "name": "Parcours Sportif / Avenue de l'Octogone",
        "context": "Antony, Hauts-de-Seine",
        "citycode": "92002",
        "depcode": "92"
      }
    },
    {
      "type": "Feature",
      "geometry": {
        "type": "Point",
        "coordinates": [
          2.284487112,
          48.758049323
        ]
      },
      "properties": {
        "name": "Parcours Sportif / La Coulée Verte",
        "context": "Antony, Hauts-de-Seine",
        "citycode": "92002",
        "depcode": "92"
      }
    },
    {
      "type": "Feature",
      "geometry": {
        "type": "Point",
        "coordinates": [
          2.28434627,
          48.741839967
        ]
      },
      "properties": {
        "name": "Parvis de la Bièvre / Rue Henri Fabre",
        "context": "Antony, Hauts-de-Seine",
        "citycode": "92002",
        "depcode": "92"
      }
    },
    {
      "type": "Feature",
      "geometry": {
        "type": "Point",
        "coordinates": [
          2.281293778,
          48.7406493
        ]
      },
      "properties": {
        "name": "Parvis du Breuil / Rue Adolphe Pajeaud D67A",
        "context": "Antony, Hauts-de-Seine",
        "citycode": "92002",
        "depcode": "92"
      }
    },
    {
      "type": "Feature",
      "geometry": {
        "type": "Point",
        "coordinates": [
          2.281229598,
          48.740802122
        ]
      },
      "properties": {
        "name": "Parvis du Breuil / Rue Henri Fabre",
        "context": "Antony, Hauts-de-Seine",
        "citycode": "92002",
        "depcode": "92"
      }
    },
    {
      "type": "Feature",
      "geometry": {
        "type": "Point",
        "coordinates": [
          2.299569512,
          48.750149451
        ]
      },
      "properties": {
        "name": "Passage de la Bièvre / La Bièvre",
        "context": "Antony, Hauts-de-Seine",
        "citycode": "92002",
        "depcode": "92"
      }
    },
    {
      "type": "Feature",
      "geometry": {
        "type": "Point",
        "coordinates": [
          2.29988318,
          48.75012201
        ]
      },
      "properties": {
        "name": "Passage de la Bièvre / Place des Anciens Combattants d'Afrique du Nord",
        "context": "Antony, Hauts-de-Seine",
        "citycode": "92002",
        "depcode": "92"
      }
    },
    {
      "type": "Feature",
      "geometry": {
        "type": "Point",
        "coordinates": [
          2.299257619,
          48.750144219
        ]
      },
      "properties": {
        "name": "Passage de la Bièvre / Rue de l'Abreuvoir",
        "context": "Antony, Hauts-de-Seine",
        "citycode": "92002",
        "depcode": "92"
      }
    },
    {
      "type": "Feature",
      "geometry": {
        "type": "Point",
        "coordinates": [
          2.29927644,
          48.750148366
        ]
      },
      "properties": {
        "name": "Passage de la Bièvre / Rue Joseph Delon",
        "context": "Antony, Hauts-de-Seine",
        "citycode": "92002",
        "depcode": "92"
      }
    },
    {
      "type": "Feature",
      "geometry": {
        "type": "Point",
        "coordinates": [
          2.308945605,
          48.747998788
        ]
      },
      "properties": {
        "name": "Passage du Beau Vallon / Avenue Armand Guillebaud D67A",
        "context": "Antony, Hauts-de-Seine",
        "citycode": "92002",
        "depcode": "92"
      }
    },
    {
      "type": "Feature",
      "geometry": {
        "type": "Point",
        "coordinates": [
          2.309004705,
          48.747981929
        ]
      },
      "properties": {
        "name": "Passage du Beau Vallon / Cours Jules Raimu",
        "context": "Antony, Hauts-de-Seine",
        "citycode": "92002",
        "depcode": "92"
      }
    },
    {
      "type": "Feature",
      "geometry": {
        "type": "Point",
        "coordinates": [
          2.30472482,
          48.752675222
        ]
      },
      "properties": {
        "name": "Passage du Square / Avenue de la Division Leclerc D920",
        "context": "Antony, Hauts-de-Seine",
        "citycode": "92002",
        "depcode": "92"
      }
    },
    {
      "type": "Feature",
      "geometry": {
        "type": "Point",
        "coordinates": [
          2.296294123,
          48.744505844
        ]
      },
      "properties": {
        "name": "Passage Prosper Legouté / Rue Prosper Legouté",
        "context": "Antony, Hauts-de-Seine",
        "citycode": "92002",
        "depcode": "92"
      }
    },
    {
      "type": "Feature",
      "geometry": {
        "type": "Point",
        "coordinates": [
          2.293247321,
          48.76566829
        ]
      },
      "properties": {
        "name": "Perspective Hanovre Grenouillère / Parcours de Santé",
        "context": "Antony, Hauts-de-Seine",
        "citycode": "92002",
        "depcode": "92"
      }
    },
    {
      "type": "Feature",
      "geometry": {
        "type": "Point",
        "coordinates": [
          2.302211366,
          48.766107341
        ]
      },
      "properties": {
        "name": "Petite Allée de la Faisanderie / Parcours Sportif",
        "context": "Antony, Hauts-de-Seine",
        "citycode": "92002",
        "depcode": "92"
      }
    },
    {
      "type": "Feature",
      "geometry": {
        "type": "Point",
        "coordinates": [
          2.306129618,
          48.765005809
        ]
      },
      "properties": {
        "name": "Place d'Eleftheroupolis / Avenue du Parc de Sceaux",
        "context": "Antony, Hauts-de-Seine",
        "citycode": "92002",
        "depcode": "92"
      }
    },
    {
      "type": "Feature",
      "geometry": {
        "type": "Point",
        "coordinates": [
          2.305876969,
          48.765023933
        ]
      },
      "properties": {
        "name": "Place d'Eleftheroupolis / Avenue Le Brun D77",
        "context": "Antony, Hauts-de-Seine",
        "citycode": "92002",
        "depcode": "92"
      }
    },
    {
      "type": "Feature",
      "geometry": {
        "type": "Point",
        "coordinates": [
          2.317565851,
          48.76952439
        ]
      },
      "properties": {
        "name": "Place de la Résidence / Allée Arnaud Beltrame",
        "context": "Antony, Hauts-de-Seine",
        "citycode": "92002",
        "depcode": "92"
      }
    },
    {
      "type": "Feature",
      "geometry": {
        "type": "Point",
        "coordinates": [
          2.316464443,
          48.769963515
        ]
      },
      "properties": {
        "name": "Place de la Résidence / Avenue de la Résidence",
        "context": "Antony, Hauts-de-Seine",
        "citycode": "92002",
        "depcode": "92"
      }
    },
    {
      "type": "Feature",
      "geometry": {
        "type": "Point",
        "coordinates": [
          2.31669572,
          48.769535743
        ]
      },
      "properties": {
        "name": "Place de la Résidence / Avenue Saint-Exupéry",
        "context": "Antony, Hauts-de-Seine",
        "citycode": "92002",
        "depcode": "92"
      }
    },
    {
      "type": "Feature",
      "geometry": {
        "type": "Point",
        "coordinates": [
          2.3165538,
          48.770294443
        ]
      },
      "properties": {
        "name": "Place de la Résidence / Rue de la Fontaine Grelot",
        "context": "Antony, Hauts-de-Seine",
        "citycode": "92002",
        "depcode": "92"
      }
    },
    {
      "type": "Feature",
      "geometry": {
        "type": "Point",
        "coordinates": [
          2.316616992,
          48.77026677
        ]
      },
      "properties": {
        "name": "Place de la Résidence / Rue Pierre Kohlmann",
        "context": "Antony, Hauts-de-Seine",
        "citycode": "92002",
        "depcode": "92"
      }
    },
    {
      "type": "Feature",
      "geometry": {
        "type": "Point",
        "coordinates": [
          2.284268295,
          48.755880064
        ]
      },
      "properties": {
        "name": "Place de Lexington / Avenue du Bois de Verrières VC6",
        "context": "Antony, Hauts-de-Seine",
        "citycode": "92002",
        "depcode": "92"
      }
    },
    {
      "type": "Feature",
      "geometry": {
        "type": "Point",
        "coordinates": [
          2.284504829,
          48.755830304
        ]
      },
      "properties": {
        "name": "Place de Lexington / La Coulée Verte",
        "context": "Antony, Hauts-de-Seine",
        "citycode": "92002",
        "depcode": "92"
      }
    },
    {
      "type": "Feature",
      "geometry": {
        "type": "Point",
        "coordinates": [
          2.300176607,
          48.750196517
        ]
      },
      "properties": {
        "name": "Place des Anciens Combattants d'Afrique du Nord / La Bièvre",
        "context": "Antony, Hauts-de-Seine",
        "citycode": "92002",
        "depcode": "92"
      }
    },
    {
      "type": "Feature",
      "geometry": {
        "type": "Point",
        "coordinates": [
          2.299899718,
          48.750135822
        ]
      },
      "properties": {
        "name": "Place des Anciens Combattants d'Afrique du Nord / Passage de la Bièvre",
        "context": "Antony, Hauts-de-Seine",
        "citycode": "92002",
        "depcode": "92"
      }
    },
    {
      "type": "Feature",
      "geometry": {
        "type": "Point",
        "coordinates": [
          2.300468852,
          48.750246927
        ]
      },
      "properties": {
        "name": "Place des Anciens Combattants d'Afrique du Nord / Rue Céline",
        "context": "Antony, Hauts-de-Seine",
        "citycode": "92002",
        "depcode": "92"
      }
    },
    {
      "type": "Feature",
      "geometry": {
        "type": "Point",
        "coordinates": [
          2.289987275,
          48.739273046
        ]
      },
      "properties": {
        "name": "Place des Baconnets / Avenue de la Fontaine Mouton",
        "context": "Antony, Hauts-de-Seine",
        "citycode": "92002",
        "depcode": "92"
      }
    },
    {
      "type": "Feature",
      "geometry": {
        "type": "Point",
        "coordinates": [
          2.288614839,
          48.739302233
        ]
      },
      "properties": {
        "name": "Place des Baconnets / Rue de Massy",
        "context": "Antony, Hauts-de-Seine",
        "citycode": "92002",
        "depcode": "92"
      }
    },
    {
      "type": "Feature",
      "geometry": {
        "type": "Point",
        "coordinates": [
          2.309304233,
          48.76376535
        ]
      },
      "properties": {
        "name": "Place du Général de Gaulle D986 / Avenue du Docteur Ténine D986",
        "context": "Antony, Hauts-de-Seine",
        "citycode": "92002",
        "depcode": "92"
      }
    },
    {
      "type": "Feature",
      "geometry": {
        "type": "Point",
        "coordinates": [
          2.30880224,
          48.763563924
        ]
      },
      "properties": {
        "name": "Place du Général de Gaulle D986 / Avenue du Général de Gaulle D986",
        "context": "Antony, Hauts-de-Seine",
        "citycode": "92002",
        "depcode": "92"
      }
    },
    {
      "type": "Feature",
      "geometry": {
        "type": "Point",
        "coordinates": [
          2.309018942,
          48.763823543
        ]
      },
      "properties": {
        "name": "Place du Général de Gaulle D986 / Avenue Raymond Aron D920",
        "context": "Antony, Hauts-de-Seine",
        "citycode": "92002",
        "depcode": "92"
      }
    },
    {
      "type": "Feature",
      "geometry": {
        "type": "Point",
        "coordinates": [
          2.308972017,
          48.763572319
        ]
      },
      "properties": {
        "name": "Place du Général de Gaulle D986 / Place du Général de Gaulle D920",
        "context": "Antony, Hauts-de-Seine",
        "citycode": "92002",
        "depcode": "92"
      }
    },
    {
      "type": "Feature",
      "geometry": {
        "type": "Point",
        "coordinates": [
          2.309151861,
          48.763779069
        ]
      },
      "properties": {
        "name": "Place du Général de Gaulle D986 / Trans Val de Marne",
        "context": "Antony, Hauts-de-Seine",
        "citycode": "92002",
        "depcode": "92"
      }
    },
    {
      "type": "Feature",
      "geometry": {
        "type": "Point",
        "coordinates": [
          2.310756088,
          48.763923202
        ]
      },
      "properties": {
        "name": "Place Olomouc / Rue d'Olomouc",
        "context": "Antony, Hauts-de-Seine",
        "citycode": "92002",
        "depcode": "92"
      }
    },
    {
      "type": "Feature",
      "geometry": {
        "type": "Point",
        "coordinates": [
          2.30325435,
          48.753538372
        ]
      },
      "properties": {
        "name": "Place Patrick Devedjan / Rue du Marché",
        "context": "Antony, Hauts-de-Seine",
        "citycode": "92002",
        "depcode": "92"
      }
    },
    {
      "type": "Feature",
      "geometry": {
        "type": "Point",
        "coordinates": [
          2.303157675,
          48.753361222
        ]
      },
      "properties": {
        "name": "Place Patrick Devedjan / Rue Henri Lasson",
        "context": "Antony, Hauts-de-Seine",
        "citycode": "92002",
        "depcode": "92"
      }
    },
    {
      "type": "Feature",
      "geometry": {
        "type": "Point",
        "coordinates": [
          2.301208631,
          48.755860706
        ]
      },
      "properties": {
        "name": "Pont Nord / Boulevard Pierre Brossolette",
        "context": "Antony, Hauts-de-Seine",
        "citycode": "92002",
        "depcode": "92"
      }
    },
    {
      "type": "Feature",
      "geometry": {
        "type": "Point",
        "coordinates": [
          2.311549466,
          48.758266862
        ]
      },
      "properties": {
        "name": "Promenade du Barrage / La Bièvre",
        "context": "Antony, Hauts-de-Seine",
        "citycode": "92002",
        "depcode": "92"
      }
    },
    {
      "type": "Feature",
      "geometry": {
        "type": "Point",
        "coordinates": [
          2.312124477,
          48.758900895
        ]
      },
      "properties": {
        "name": "Promenade du Barrage / Rue Florian",
        "context": "Antony, Hauts-de-Seine",
        "citycode": "92002",
        "depcode": "92"
      }
    },
    {
      "type": "Feature",
      "geometry": {
        "type": "Point",
        "coordinates": [
          2.313378056,
          48.760147837
        ]
      },
      "properties": {
        "name": "Promenade du Barrage / Rue Victor Hugo",
        "context": "Antony, Hauts-de-Seine",
        "citycode": "92002",
        "depcode": "92"
      }
    },
    {
      "type": "Feature",
      "geometry": {
        "type": "Point",
        "coordinates": [
          2.295467735,
          48.755922676
        ]
      },
      "properties": {
        "name": "Résidence Antony-Châtenay / Rue de Châtenay D67",
        "context": "Antony, Hauts-de-Seine",
        "citycode": "92002",
        "depcode": "92"
      }
    },
    {
      "type": "Feature",
      "geometry": {
        "type": "Point",
        "coordinates": [
          2.309073686,
          48.734673882
        ]
      },
      "properties": {
        "name": "Rond-Point Boyan / Avenue François Sommer",
        "context": "Antony, Hauts-de-Seine",
        "citycode": "92002",
        "depcode": "92"
      }
    },
    {
      "type": "Feature",
      "geometry": {
        "type": "Point",
        "coordinates": [
          2.308934571,
          48.734861754
        ]
      },
      "properties": {
        "name": "Rond-Point Boyan / Avenue Léon Jouhaux D66",
        "context": "Antony, Hauts-de-Seine",
        "citycode": "92002",
        "depcode": "92"
      }
    },
    {
      "type": "Feature",
      "geometry": {
        "type": "Point",
        "coordinates": [
          2.315553884,
          48.744957192
        ]
      },
      "properties": {
        "name": "Route d'Antony D67A / Avenue Armand Guillebaud D67A",
        "context": "Antony, Hauts-de-Seine",
        "citycode": "92002",
        "depcode": "92"
      }
    },
    {
      "type": "Feature",
      "geometry": {
        "type": "Point",
        "coordinates": [
          2.305507007,
          48.767891198
        ]
      },
      "properties": {
        "name": "Route de l'Orangerie / Allée des Quatre Vents",
        "context": "Antony, Hauts-de-Seine",
        "citycode": "92002",
        "depcode": "92"
      }
    },
    {
      "type": "Feature",
      "geometry": {
        "type": "Point",
        "coordinates": [
          2.305245538,
          48.768991545
        ]
      },
      "properties": {
        "name": "Route de l'Orangerie / Avenue de l'Octogone",
        "context": "Antony, Hauts-de-Seine",
        "citycode": "92002",
        "depcode": "92"
      }
    },
    {
      "type": "Feature",
      "geometry": {
        "type": "Point",
        "coordinates": [
          2.306497257,
          48.75722036
        ]
      },
      "properties": {
        "name": "Ru des Morteaux / Avenue Aristide Briand D920",
        "context": "Antony, Hauts-de-Seine",
        "citycode": "92002",
        "depcode": "92"
      }
    },
    {
      "type": "Feature",
      "geometry": {
        "type": "Point",
        "coordinates": [
          2.303023237,
          48.761945289
        ]
      },
      "properties": {
        "name": "Ru des Morteaux / Avenue Léon Blum",
        "context": "Antony, Hauts-de-Seine",
        "citycode": "92002",
        "depcode": "92"
      }
    },
    {
      "type": "Feature",
      "geometry": {
        "type": "Point",
        "coordinates": [
          2.306781897,
          48.757172741
        ]
      },
      "properties": {
        "name": "Ru des Morteaux / Rue Louis Barthou",
        "context": "Antony, Hauts-de-Seine",
        "citycode": "92002",
        "depcode": "92"
      }
    },
    {
      "type": "Feature",
      "geometry": {
        "type": "Point",
        "coordinates": [
          2.2898632,
          48.7437804
        ]
      },
      "properties": {
        "name": "Rue Adolphe Pajeaud D67A / Allée de la Bièvre",
        "context": "Antony, Hauts-de-Seine",
        "citycode": "92002",
        "depcode": "92"
      }
    },
    {
      "type": "Feature",
      "geometry": {
        "type": "Point",
        "coordinates": [
          2.295949547,
          48.74598329
        ]
      },
      "properties": {
        "name": "Rue Adolphe Pajeaud / Avenue Jean Monnet D67A",
        "context": "Antony, Hauts-de-Seine",
        "citycode": "92002",
        "depcode": "92"
      }
    },
    {
      "type": "Feature",
      "geometry": {
        "type": "Point",
        "coordinates": [
          2.295694269,
          48.745896455
        ]
      },
      "properties": {
        "name": "Rue Adolphe Pajeaud / Impasse Davis",
        "context": "Antony, Hauts-de-Seine",
        "citycode": "92002",
        "depcode": "92"
      }
    },
    {
      "type": "Feature",
      "geometry": {
        "type": "Point",
        "coordinates": [
          2.284388697,
          48.741617846
        ]
      },
      "properties": {
        "name": "Rue Adolphe Pajeaud D67A / Parvis de la Bièvre",
        "context": "Antony, Hauts-de-Seine",
        "citycode": "92002",
        "depcode": "92"
      }
    },
    {
      "type": "Feature",
      "geometry": {
        "type": "Point",
        "coordinates": [
          2.28123734,
          48.740618876
        ]
      },
      "properties": {
        "name": "Rue Adolphe Pajeaud D67A / Parvis du Breuil",
        "context": "Antony, Hauts-de-Seine",
        "citycode": "92002",
        "depcode": "92"
      }
    },
    {
      "type": "Feature",
      "geometry": {
        "type": "Point",
        "coordinates": [
          2.28294121,
          48.741006333
        ]
      },
      "properties": {
        "name": "Rue Adolphe Pajeaud D67A / Rue des Garennes",
        "context": "Antony, Hauts-de-Seine",
        "citycode": "92002",
        "depcode": "92"
      }
    },
    {
      "type": "Feature",
      "geometry": {
        "type": "Point",
        "coordinates": [
          2.283881988,
          48.74126372
        ]
      },
      "properties": {
        "name": "Rue Adolphe Pajeaud D67A / Rue des Jardinets",
        "context": "Antony, Hauts-de-Seine",
        "citycode": "92002",
        "depcode": "92"
      }
    },
    {
      "type": "Feature",
      "geometry": {
        "type": "Point",
        "coordinates": [
          2.288125706,
          48.743163461
        ]
      },
      "properties": {
        "name": "Rue Adolphe Pajeaud D67A / Rue des Pâquerettes",
        "context": "Antony, Hauts-de-Seine",
        "citycode": "92002",
        "depcode": "92"
      }
    },
    {
      "type": "Feature",
      "geometry": {
        "type": "Point",
        "coordinates": [
          2.281349405,
          48.740534211
        ]
      },
      "properties": {
        "name": "Rue Adolphe Pajeaud D67A / Rue du Saule",
        "context": "Antony, Hauts-de-Seine",
        "citycode": "92002",
        "depcode": "92"
      }
    },
    {
      "type": "Feature",
      "geometry": {
        "type": "Point",
        "coordinates": [
          2.285665793,
          48.74220515
        ]
      },
      "properties": {
        "name": "Rue Adolphe Pajeaud D67A / Rue Georges Sand D63",
        "context": "Antony, Hauts-de-Seine",
        "citycode": "92002",
        "depcode": "92"
      }
    },
    {
      "type": "Feature",
      "geometry": {
        "type": "Point",
        "coordinates": [
          2.285647992,
          48.742149179
        ]
      },
      "properties": {
        "name": "Rue Adolphe Pajeaud D67A / Rue Georges Suant",
        "context": "Antony, Hauts-de-Seine",
        "citycode": "92002",
        "depcode": "92"
      }
    },
    {
      "type": "Feature",
      "geometry": {
        "type": "Point",
        "coordinates": [
          2.295769151,
          48.745885798
        ]
      },
      "properties": {
        "name": "Rue Adolphe Pajeaud / Rue Prosper Legouté",
        "context": "Antony, Hauts-de-Seine",
        "citycode": "92002",
        "depcode": "92"
      }
    },
    {
      "type": "Feature",
      "geometry": {
        "type": "Point",
        "coordinates": [
          2.292619926,
          48.74456052
        ]
      },
      "properties": {
        "name": "Rue Adolphe Pajeaud D67A / Villa Marguerite",
        "context": "Antony, Hauts-de-Seine",
        "citycode": "92002",
        "depcode": "92"
      }
    },
    {
      "type": "Feature",
      "geometry": {
        "type": "Point",
        "coordinates": [
          2.290451665,
          48.743941912
        ]
      },
      "properties": {
        "name": "Rue Adolphe Pajeaud D67A / Villa Yvonne",
        "context": "Antony, Hauts-de-Seine",
        "citycode": "92002",
        "depcode": "92"
      }
    },
    {
      "type": "Feature",
      "geometry": {
        "type": "Point",
        "coordinates": [
          2.27534735,
          48.738530447
        ]
      },
      "properties": {
        "name": "Rue Adolphe Pajeaud D67A / Voie de la Vallée de la Bièvre D60",
        "context": "Antony, Hauts-de-Seine",
        "citycode": "92002",
        "depcode": "92"
      }
    },
    {
      "type": "Feature",
      "geometry": {
        "type": "Point",
        "coordinates": [
          2.288086965,
          48.75023865
        ]
      },
      "properties": {
        "name": "Rue Albert Camus / Avenue François Molé VC2",
        "context": "Antony, Hauts-de-Seine",
        "citycode": "92002",
        "depcode": "92"
      }
    },
    {
      "type": "Feature",
      "geometry": {
        "type": "Point",
        "coordinates": [
          2.291929335,
          48.745408889
        ]
      },
      "properties": {
        "name": "Rue Alexandre Dumas / Allée Eugène Sue",
        "context": "Antony, Hauts-de-Seine",
        "citycode": "92002",
        "depcode": "92"
      }
    },
    {
      "type": "Feature",
      "geometry": {
        "type": "Point",
        "coordinates": [
          2.292240052,
          48.745058114
        ]
      },
      "properties": {
        "name": "Rue Alexandre Dumas / Rue Marcel Cerdan",
        "context": "Antony, Hauts-de-Seine",
        "citycode": "92002",
        "depcode": "92"
      }
    },
    {
      "type": "Feature",
      "geometry": {
        "type": "Point",
        "coordinates": [
          2.292236494,
          48.745050498
        ]
      },
      "properties": {
        "name": "Rue Alexandre Dumas / Villa Marguerite",
        "context": "Antony, Hauts-de-Seine",
        "citycode": "92002",
        "depcode": "92"
      }
    },
    {
      "type": "Feature",
      "geometry": {
        "type": "Point",
        "coordinates": [
          2.280353248,
          48.734397942
        ]
      },
      "properties": {
        "name": "Rue Alexandre Ribot / Rue des Sorrières",
        "context": "Antony, Hauts-de-Seine",
        "citycode": "92002",
        "depcode": "92"
      }
    },
    {
      "type": "Feature",
      "geometry": {
        "type": "Point",
        "coordinates": [
          2.313848666,
          48.732766362
        ]
      },
      "properties": {
        "name": "Rue Alexis de Tocqueville / Allée Guglielmo Marconi",
        "context": "Antony, Hauts-de-Seine",
        "citycode": "92002",
        "depcode": "92"
      }
    },
    {
      "type": "Feature",
      "geometry": {
        "type": "Point",
        "coordinates": [
          2.312794928,
          48.731779728
        ]
      },
      "properties": {
        "name": "Rue Alexis de Tocqueville / Allée Socrate",
        "context": "Antony, Hauts-de-Seine",
        "citycode": "92002",
        "depcode": "92"
      }
    },
    {
      "type": "Feature",
      "geometry": {
        "type": "Point",
        "coordinates": [
          2.314464803,
          48.733794541
        ]
      },
      "properties": {
        "name": "Rue Alexis de Tocqueville / Avenue Léon Jouhaux D66",
        "context": "Antony, Hauts-de-Seine",
        "citycode": "92002",
        "depcode": "92"
      }
    },
    {
      "type": "Feature",
      "geometry": {
        "type": "Point",
        "coordinates": [
          2.313155422,
          48.731497511
        ]
      },
      "properties": {
        "name": "Rue Alexis de Tocqueville / Rue Georges Besse",
        "context": "Antony, Hauts-de-Seine",
        "citycode": "92002",
        "depcode": "92"
      }
    },
    {
      "type": "Feature",
      "geometry": {
        "type": "Point",
        "coordinates": [
          2.311987774,
          48.747016803
        ]
      },
      "properties": {
        "name": "Rue Alfred de Musset / Avenue Armand Guillebaud D67A",
        "context": "Antony, Hauts-de-Seine",
        "citycode": "92002",
        "depcode": "92"
      }
    },
    {
      "type": "Feature",
      "geometry": {
        "type": "Point",
        "coordinates": [
          2.311952412,
          48.746985775
        ]
      },
      "properties": {
        "name": "Rue Alfred de Musset / Rue Chateaubriand",
        "context": "Antony, Hauts-de-Seine",
        "citycode": "92002",
        "depcode": "92"
      }
    },
    {
      "type": "Feature",
      "geometry": {
        "type": "Point",
        "coordinates": [
          2.309627676,
          48.745184566
        ]
      },
      "properties": {
        "name": "Rue Alfred de Musset / Rue Massenet",
        "context": "Antony, Hauts-de-Seine",
        "citycode": "92002",
        "depcode": "92"
      }
    },
    {
      "type": "Feature",
      "geometry": {
        "type": "Point",
        "coordinates": [
          2.309961559,
          48.754593807
        ]
      },
      "properties": {
        "name": "Rue Alphonse Frager / Rue Gabriel Chamon",
        "context": "Antony, Hauts-de-Seine",
        "citycode": "92002",
        "depcode": "92"
      }
    },
    {
      "type": "Feature",
      "geometry": {
        "type": "Point",
        "coordinates": [
          2.297515285,
          48.738271738
        ]
      },
      "properties": {
        "name": "Rue Alphonsine / Avenue du Président J.F. Kennedy D66",
        "context": "Antony, Hauts-de-Seine",
        "citycode": "92002",
        "depcode": "92"
      }
    },
    {
      "type": "Feature",
      "geometry": {
        "type": "Point",
        "coordinates": [
          2.297590381,
          48.738294077
        ]
      },
      "properties": {
        "name": "Rue Alphonsine / Résidence Le Clair Logis",
        "context": "Antony, Hauts-de-Seine",
        "citycode": "92002",
        "depcode": "92"
      }
    },
    {
      "type": "Feature",
      "geometry": {
        "type": "Point",
        "coordinates": [
          2.311125465,
          48.751029034
        ]
      },
      "properties": {
        "name": "Rue Ampère / Rue des Hortensias",
        "context": "Antony, Hauts-de-Seine",
        "citycode": "92002",
        "depcode": "92"
      }
    },
    {
      "type": "Feature",
      "geometry": {
        "type": "Point",
        "coordinates": [
          2.289902168,
          48.737187606
        ]
      },
      "properties": {
        "name": "Rue Anatole France / Allée de l'Adour",
        "context": "Antony, Hauts-de-Seine",
        "citycode": "92002",
        "depcode": "92"
      }
    },
    {
      "type": "Feature",
      "geometry": {
        "type": "Point",
        "coordinates": [
          2.290831713,
          48.735955487
        ]
      },
      "properties": {
        "name": "Rue Anatole France / Avenue du Président J.F. Kennedy D66",
        "context": "Antony, Hauts-de-Seine",
        "citycode": "92002",
        "depcode": "92"
      }
    },
    {
      "type": "Feature",
      "geometry": {
        "type": "Point",
        "coordinates": [
          2.277404838,
          48.73538707
        ]
      },
      "properties": {
        "name": "Rue André Chénier / Boulevard des Pyrénées",
        "context": "Antony, Hauts-de-Seine",
        "citycode": "92002",
        "depcode": "92"
      }
    },
    {
      "type": "Feature",
      "geometry": {
        "type": "Point",
        "coordinates": [
          2.27986835,
          48.732715973
        ]
      },
      "properties": {
        "name": "Rue André Chénier / Rue Gabriel Péri D121",
        "context": "Antony, Hauts-de-Seine",
        "citycode": "92002",
        "depcode": "92"
      }
    },
    {
      "type": "Feature",
      "geometry": {
        "type": "Point",
        "coordinates": [
          2.278911502,
          48.733920351
        ]
      },
      "properties": {
        "name": "Rue André Chénier / Rue Mangeon",
        "context": "Antony, Hauts-de-Seine",
        "citycode": "92002",
        "depcode": "92"
      }
    },
    {
      "type": "Feature",
      "geometry": {
        "type": "Point",
        "coordinates": [
          2.277683024,
          48.735047332
        ]
      },
      "properties": {
        "name": "Rue André Chénier / Sentier des Pierrottes",
        "context": "Antony, Hauts-de-Seine",
        "citycode": "92002",
        "depcode": "92"
      }
    },
    {
      "type": "Feature",
      "geometry": {
        "type": "Point",
        "coordinates": [
          2.278318563,
          48.734488059
        ]
      },
      "properties": {
        "name": "Rue André Chénier / Sentier des Sorrières",
        "context": "Antony, Hauts-de-Seine",
        "citycode": "92002",
        "depcode": "92"
      }
    },
    {
      "type": "Feature",
      "geometry": {
        "type": "Point",
        "coordinates": [
          2.292040081,
          48.753140242
        ]
      },
      "properties": {
        "name": "Rue Angélique / Avenue François Molé C2",
        "context": "Antony, Hauts-de-Seine",
        "citycode": "92002",
        "depcode": "92"
      }
    },
    {
      "type": "Feature",
      "geometry": {
        "type": "Point",
        "coordinates": [
          2.293961359,
          48.751989603
        ]
      },
      "properties": {
        "name": "Rue Angélique / Rue du Vert Buisson",
        "context": "Antony, Hauts-de-Seine",
        "citycode": "92002",
        "depcode": "92"
      }
    },
    {
      "type": "Feature",
      "geometry": {
        "type": "Point",
        "coordinates": [
          2.294031755,
          48.744840764
        ]
      },
      "properties": {
        "name": "Rue Armand Carrel / Rue Adolphe Pajeaud D67A",
        "context": "Antony, Hauts-de-Seine",
        "citycode": "92002",
        "depcode": "92"
      }
    },
    {
      "type": "Feature",
      "geometry": {
        "type": "Point",
        "coordinates": [
          2.307259963,
          48.753752529
        ]
      },
      "properties": {
        "name": "Rue Arthur Blanchet / La Bièvre",
        "context": "Antony, Hauts-de-Seine",
        "citycode": "92002",
        "depcode": "92"
      }
    },
    {
      "type": "Feature",
      "geometry": {
        "type": "Point",
        "coordinates": [
          2.30852704,
          48.753158708
        ]
      },
      "properties": {
        "name": "Rue Arthur Blanchet / Rue Jean Moulin D67",
        "context": "Antony, Hauts-de-Seine",
        "citycode": "92002",
        "depcode": "92"
      }
    },
    {
      "type": "Feature",
      "geometry": {
        "type": "Point",
        "coordinates": [
          2.307296098,
          48.753735551
        ]
      },
      "properties": {
        "name": "Rue Arthur Blanchet / Rue René Barthélémy",
        "context": "Antony, Hauts-de-Seine",
        "citycode": "92002",
        "depcode": "92"
      }
    },
    {
      "type": "Feature",
      "geometry": {
        "type": "Point",
        "coordinates": [
          2.29918144,
          48.75656702
        ]
      },
      "properties": {
        "name": "Rue Augusta / Avenue Léon Blum",
        "context": "Antony, Hauts-de-Seine",
        "citycode": "92002",
        "depcode": "92"
      }
    },
    {
      "type": "Feature",
      "geometry": {
        "type": "Point",
        "coordinates": [
          2.302963974,
          48.753863574
        ]
      },
      "properties": {
        "name": "Rue Auguste Mounié D67 / Allée Louise",
        "context": "Antony, Hauts-de-Seine",
        "citycode": "92002",
        "depcode": "92"
      }
    },
    {
      "type": "Feature",
      "geometry": {
        "type": "Point",
        "coordinates": [
          2.305037094,
          48.753451139
        ]
      },
      "properties": {
        "name": "Rue Auguste Mounié D67 / Avenue Aristide Briand D920",
        "context": "Antony, Hauts-de-Seine",
        "citycode": "92002",
        "depcode": "92"
      }
    },
    {
      "type": "Feature",
      "geometry": {
        "type": "Point",
        "coordinates": [
          2.305033657,
          48.753439024
        ]
      },
      "properties": {
        "name": "Rue Auguste Mounié D67 / Avenue de la Division Leclerc D920",
        "context": "Antony, Hauts-de-Seine",
        "citycode": "92002",
        "depcode": "92"
      }
    },
    {
      "type": "Feature",
      "geometry": {
        "type": "Point",
        "coordinates": [
          2.300896038,
          48.754258246
        ]
      },
      "properties": {
        "name": "Rue Auguste Mounié D67 / Avenue Gabriel Péri",
        "context": "Antony, Hauts-de-Seine",
        "citycode": "92002",
        "depcode": "92"
      }
    },
    {
      "type": "Feature",
      "geometry": {
        "type": "Point",
        "coordinates": [
          2.300462508,
          48.754344246
        ]
      },
      "properties": {
        "name": "Rue Auguste Mounié D67 / Boulevard Pierre Brossolette",
        "context": "Antony, Hauts-de-Seine",
        "citycode": "92002",
        "depcode": "92"
      }
    },
    {
      "type": "Feature",
      "geometry": {
        "type": "Point",
        "coordinates": [
          2.303349787,
          48.753759667
        ]
      },
      "properties": {
        "name": "Rue Auguste Mounié D67 / Place Patrick Devedjan",
        "context": "Antony, Hauts-de-Seine",
        "citycode": "92002",
        "depcode": "92"
      }
    },
    {
      "type": "Feature",
      "geometry": {
        "type": "Point",
        "coordinates": [
          2.300435449,
          48.75430605
        ]
      },
      "properties": {
        "name": "Rue Auguste Mounié D67 / Rue de l'Abbaye",
        "context": "Antony, Hauts-de-Seine",
        "citycode": "92002",
        "depcode": "92"
      }
    },
    {
      "type": "Feature",
      "geometry": {
        "type": "Point",
        "coordinates": [
          2.303447567,
          48.75374565
        ]
      },
      "properties": {
        "name": "Rue Auguste Mounié D67 / Rue du Marché",
        "context": "Antony, Hauts-de-Seine",
        "citycode": "92002",
        "depcode": "92"
      }
    },
    {
      "type": "Feature",
      "geometry": {
        "type": "Point",
        "coordinates": [
          2.305044401,
          48.753442702
        ]
      },
      "properties": {
        "name": "Rue Auguste Mounié D67 / Rue Jean Moulin D67",
        "context": "Antony, Hauts-de-Seine",
        "citycode": "92002",
        "depcode": "92"
      }
    },
    {
      "type": "Feature",
      "geometry": {
        "type": "Point",
        "coordinates": [
          2.300903623,
          48.754269439
        ]
      },
      "properties": {
        "name": "Rue Auguste Mounié D67 / Rue Velpeau",
        "context": "Antony, Hauts-de-Seine",
        "citycode": "92002",
        "depcode": "92"
      }
    },
    {
      "type": "Feature",
      "geometry": {
        "type": "Point",
        "coordinates": [
          2.313891497,
          48.747178629
        ]
      },
      "properties": {
        "name": "Rue Auguste Renoir / Rue Dunoyer de Ségonzac",
        "context": "Antony, Hauts-de-Seine",
        "citycode": "92002",
        "depcode": "92"
      }
    },
    {
      "type": "Feature",
      "geometry": {
        "type": "Point",
        "coordinates": [
          2.313217896,
          48.746728573
        ]
      },
      "properties": {
        "name": "Rue Auguste Renoir / Rue Pablo Picasso",
        "context": "Antony, Hauts-de-Seine",
        "citycode": "92002",
        "depcode": "92"
      }
    },
    {
      "type": "Feature",
      "geometry": {
        "type": "Point",
        "coordinates": [
          2.303826589,
          48.73096626
        ]
      },
      "properties": {
        "name": "Rue Augustin Fresnel / Avenue François Sommer",
        "context": "Antony, Hauts-de-Seine",
        "citycode": "92002",
        "depcode": "92"
      }
    },
    {
      "type": "Feature",
      "geometry": {
        "type": "Point",
        "coordinates": [
          2.303461961,
          48.745671503
        ]
      },
      "properties": {
        "name": "Rue Blanche de Castille / Avenue de la Division Leclerc D920",
        "context": "Antony, Hauts-de-Seine",
        "citycode": "92002",
        "depcode": "92"
      }
    },
    {
      "type": "Feature",
      "geometry": {
        "type": "Point",
        "coordinates": [
          2.298255803,
          48.752031385
        ]
      },
      "properties": {
        "name": "Rue Bourgneuf / Rue de l'Abbaye",
        "context": "Antony, Hauts-de-Seine",
        "citycode": "92002",
        "depcode": "92"
      }
    },
    {
      "type": "Feature",
      "geometry": {
        "type": "Point",
        "coordinates": [
          2.296861239,
          48.752065386
        ]
      },
      "properties": {
        "name": "Rue Bourgneuf / Rue de l'Église",
        "context": "Antony, Hauts-de-Seine",
        "citycode": "92002",
        "depcode": "92"
      }
    },
    {
      "type": "Feature",
      "geometry": {
        "type": "Point",
        "coordinates": [
          2.307036911,
          48.757900384
        ]
      },
      "properties": {
        "name": "Rue Buffon / Avenue Fernand Fenzy",
        "context": "Antony, Hauts-de-Seine",
        "citycode": "92002",
        "depcode": "92"
      }
    },
    {
      "type": "Feature",
      "geometry": {
        "type": "Point",
        "coordinates": [
          2.31025801,
          48.757005574
        ]
      },
      "properties": {
        "name": "Rue Buffon / La Bièvre",
        "context": "Antony, Hauts-de-Seine",
        "citycode": "92002",
        "depcode": "92"
      }
    },
    {
      "type": "Feature",
      "geometry": {
        "type": "Point",
        "coordinates": [
          2.310262091,
          48.757041033
        ]
      },
      "properties": {
        "name": "Rue Buffon / Promenade du Barrage",
        "context": "Antony, Hauts-de-Seine",
        "citycode": "92002",
        "depcode": "92"
      }
    },
    {
      "type": "Feature",
      "geometry": {
        "type": "Point",
        "coordinates": [
          2.283136948,
          48.756153128
        ]
      },
      "properties": {
        "name": "Rue Camille Pelletan / Avenue du Bois de Verrières",
        "context": "Antony, Hauts-de-Seine",
        "citycode": "92002",
        "depcode": "92"
      }
    },
    {
      "type": "Feature",
      "geometry": {
        "type": "Point",
        "coordinates": [
          2.283158789,
          48.756160444
        ]
      },
      "properties": {
        "name": "Rue Camille Pelletan / Impasse Jacqueline",
        "context": "Antony, Hauts-de-Seine",
        "citycode": "92002",
        "depcode": "92"
      }
    },
    {
      "type": "Feature",
      "geometry": {
        "type": "Point",
        "coordinates": [
          2.282548572,
          48.755665391
        ]
      },
      "properties": {
        "name": "Rue Camille Pelletan / Voie Verte",
        "context": "Antony, Hauts-de-Seine",
        "citycode": "92002",
        "depcode": "92"
      }
    },
    {
      "type": "Feature",
      "geometry": {
        "type": "Point",
        "coordinates": [
          2.311513552,
          48.75825875
        ]
      },
      "properties": {
        "name": "Rue Carnot / La Bièvre",
        "context": "Antony, Hauts-de-Seine",
        "citycode": "92002",
        "depcode": "92"
      }
    },
    {
      "type": "Feature",
      "geometry": {
        "type": "Point",
        "coordinates": [
          2.311470083,
          48.758271517
        ]
      },
      "properties": {
        "name": "Rue Carnot / Promenade du Barrage",
        "context": "Antony, Hauts-de-Seine",
        "citycode": "92002",
        "depcode": "92"
      }
    },
    {
      "type": "Feature",
      "geometry": {
        "type": "Point",
        "coordinates": [
          2.307175349,
          48.759024824
        ]
      },
      "properties": {
        "name": "Rue Carnot / Ru des Morteaux",
        "context": "Antony, Hauts-de-Seine",
        "citycode": "92002",
        "depcode": "92"
      }
    },
    {
      "type": "Feature",
      "geometry": {
        "type": "Point",
        "coordinates": [
          2.311492206,
          48.758270008
        ]
      },
      "properties": {
        "name": "Rue Carnot / Rue du Docteur Émile Roux",
        "context": "Antony, Hauts-de-Seine",
        "citycode": "92002",
        "depcode": "92"
      }
    },
    {
      "type": "Feature",
      "geometry": {
        "type": "Point",
        "coordinates": [
          2.300769225,
          48.752616809
        ]
      },
      "properties": {
        "name": "Rue Céline / Avenue Gabriel Péri",
        "context": "Antony, Hauts-de-Seine",
        "citycode": "92002",
        "depcode": "92"
      }
    },
    {
      "type": "Feature",
      "geometry": {
        "type": "Point",
        "coordinates": [
          2.300477599,
          48.750285542
        ]
      },
      "properties": {
        "name": "Rue Céline / La Bièvre",
        "context": "Antony, Hauts-de-Seine",
        "citycode": "92002",
        "depcode": "92"
      }
    },
    {
      "type": "Feature",
      "geometry": {
        "type": "Point",
        "coordinates": [
          2.300427815,
          48.750508306
        ]
      },
      "properties": {
        "name": "Rue Céline / Passage de la Bièvre",
        "context": "Antony, Hauts-de-Seine",
        "citycode": "92002",
        "depcode": "92"
      }
    },
    {
      "type": "Feature",
      "geometry": {
        "type": "Point",
        "coordinates": [
          2.300913273,
          48.75004151
        ]
      },
      "properties": {
        "name": "Rue Céline / Rue Henri Barbusse",
        "context": "Antony, Hauts-de-Seine",
        "citycode": "92002",
        "depcode": "92"
      }
    },
    {
      "type": "Feature",
      "geometry": {
        "type": "Point",
        "coordinates": [
          2.313042507,
          48.742360791
        ]
      },
      "properties": {
        "name": "Rue Charles de Montesquieu / Impasse Armand",
        "context": "Antony, Hauts-de-Seine",
        "citycode": "92002",
        "depcode": "92"
      }
    },
    {
      "type": "Feature",
      "geometry": {
        "type": "Point",
        "coordinates": [
          2.31147036,
          48.743563193
        ]
      },
      "properties": {
        "name": "Rue Charles de Montesquieu / Rue des Rabats",
        "context": "Antony, Hauts-de-Seine",
        "citycode": "92002",
        "depcode": "92"
      }
    },
    {
      "type": "Feature",
      "geometry": {
        "type": "Point",
        "coordinates": [
          2.297375653,
          48.744003948
        ]
      },
      "properties": {
        "name": "Rue Charles Lebeau / Rue Mirabeau",
        "context": "Antony, Hauts-de-Seine",
        "citycode": "92002",
        "depcode": "92"
      }
    },
    {
      "type": "Feature",
      "geometry": {
        "type": "Point",
        "coordinates": [
          2.297375841,
          48.744024741
        ]
      },
      "properties": {
        "name": "Rue Charles Lebeau / Rue Prosper Legouté",
        "context": "Antony, Hauts-de-Seine",
        "citycode": "92002",
        "depcode": "92"
      }
    },
    {
      "type": "Feature",
      "geometry": {
        "type": "Point",
        "coordinates": [
          2.31268435,
          48.746649712
        ]
      },
      "properties": {
        "name": "Rue Chateaubriand / Allée Pierre Loti",
        "context": "Antony, Hauts-de-Seine",
        "citycode": "92002",
        "depcode": "92"
      }
    },
    {
      "type": "Feature",
      "geometry": {
        "type": "Point",
        "coordinates": [
          2.312845203,
          48.746632658
        ]
      },
      "properties": {
        "name": "Rue Chateaubriand / Avenue Armand Guillebaud D67A",
        "context": "Antony, Hauts-de-Seine",
        "citycode": "92002",
        "depcode": "92"
      }
    },
    {
      "type": "Feature",
      "geometry": {
        "type": "Point",
        "coordinates": [
          2.314190552,
          48.745993925
        ]
      },
      "properties": {
        "name": "Rue Chateaubriand / Rue des Rabats",
        "context": "Antony, Hauts-de-Seine",
        "citycode": "92002",
        "depcode": "92"
      }
    },
    {
      "type": "Feature",
      "geometry": {
        "type": "Point",
        "coordinates": [
          2.314197005,
          48.746036122
        ]
      },
      "properties": {
        "name": "Rue Chateaubriand / Rue Maurice Utrillo",
        "context": "Antony, Hauts-de-Seine",
        "citycode": "92002",
        "depcode": "92"
      }
    },
    {
      "type": "Feature",
      "geometry": {
        "type": "Point",
        "coordinates": [
          2.30987582,
          48.751693092
        ]
      },
      "properties": {
        "name": "Rue Corneille / Rue des Hortensias",
        "context": "Antony, Hauts-de-Seine",
        "citycode": "92002",
        "depcode": "92"
      }
    },
    {
      "type": "Feature",
      "geometry": {
        "type": "Point",
        "coordinates": [
          2.30989578,
          48.751697217
        ]
      },
      "properties": {
        "name": "Rue Corneille / Rue des Œillets",
        "context": "Antony, Hauts-de-Seine",
        "citycode": "92002",
        "depcode": "92"
      }
    },
    {
      "type": "Feature",
      "geometry": {
        "type": "Point",
        "coordinates": [
          2.303160844,
          48.750021477
        ]
      },
      "properties": {
        "name": "Rue Coustou / Allée Julia",
        "context": "Antony, Hauts-de-Seine",
        "citycode": "92002",
        "depcode": "92"
      }
    },
    {
      "type": "Feature",
      "geometry": {
        "type": "Point",
        "coordinates": [
          2.304328644,
          48.749690665
        ]
      },
      "properties": {
        "name": "Rue Coustou / Avenue Armand Guillebaud D67A",
        "context": "Antony, Hauts-de-Seine",
        "citycode": "92002",
        "depcode": "92"
      }
    },
    {
      "type": "Feature",
      "geometry": {
        "type": "Point",
        "coordinates": [
          2.304268253,
          48.749706349
        ]
      },
      "properties": {
        "name": "Rue Coustou / Avenue de la Division Leclerc D920",
        "context": "Antony, Hauts-de-Seine",
        "citycode": "92002",
        "depcode": "92"
      }
    },
    {
      "type": "Feature",
      "geometry": {
        "type": "Point",
        "coordinates": [
          2.3043285,
          48.749692281
        ]
      },
      "properties": {
        "name": "Rue Coustou / Avenue Rabelais",
        "context": "Antony, Hauts-de-Seine",
        "citycode": "92002",
        "depcode": "92"
      }
    },
    {
      "type": "Feature",
      "geometry": {
        "type": "Point",
        "coordinates": [
          2.302227114,
          48.750742796
        ]
      },
      "properties": {
        "name": "Rue Coustou / La Bièvre",
        "context": "Antony, Hauts-de-Seine",
        "citycode": "92002",
        "depcode": "92"
      }
    },
    {
      "type": "Feature",
      "geometry": {
        "type": "Point",
        "coordinates": [
          2.302691506,
          48.750363857
        ]
      },
      "properties": {
        "name": "Rue Coustou / Rue de la Bièvre",
        "context": "Antony, Hauts-de-Seine",
        "citycode": "92002",
        "depcode": "92"
      }
    },
    {
      "type": "Feature",
      "geometry": {
        "type": "Point",
        "coordinates": [
          2.301796136,
          48.758391574
        ]
      },
      "properties": {
        "name": "Rue d'Alsace-Lorraine / Avenue de Sceaux",
        "context": "Antony, Hauts-de-Seine",
        "citycode": "92002",
        "depcode": "92"
      }
    },
    {
      "type": "Feature",
      "geometry": {
        "type": "Point",
        "coordinates": [
          2.302868354,
          48.761776821
        ]
      },
      "properties": {
        "name": "Rue d'Alsace-Lorraine / Avenue Léon Blum",
        "context": "Antony, Hauts-de-Seine",
        "citycode": "92002",
        "depcode": "92"
      }
    },
    {
      "type": "Feature",
      "geometry": {
        "type": "Point",
        "coordinates": [
          2.302550886,
          48.759703601
        ]
      },
      "properties": {
        "name": "Rue d'Alsace-Lorraine / Rue de la Grande Couture",
        "context": "Antony, Hauts-de-Seine",
        "citycode": "92002",
        "depcode": "92"
      }
    },
    {
      "type": "Feature",
      "geometry": {
        "type": "Point",
        "coordinates": [
          2.297078494,
          48.746689715
        ]
      },
      "properties": {
        "name": "Rue d'Aquitaine / Avenue Jean Monnet D67A",
        "context": "Antony, Hauts-de-Seine",
        "citycode": "92002",
        "depcode": "92"
      }
    },
    {
      "type": "Feature",
      "geometry": {
        "type": "Point",
        "coordinates": [
          2.301113723,
          48.74581405
        ]
      },
      "properties": {
        "name": "Rue d'Arras / Rue de Reims",
        "context": "Antony, Hauts-de-Seine",
        "citycode": "92002",
        "depcode": "92"
      }
    },
    {
      "type": "Feature",
      "geometry": {
        "type": "Point",
        "coordinates": [
          2.307007162,
          48.764590515
        ]
      },
      "properties": {
        "name": "Rue d'Artois / Avenue du Parc de Sceaux",
        "context": "Antony, Hauts-de-Seine",
        "citycode": "92002",
        "depcode": "92"
      }
    },
    {
      "type": "Feature",
      "geometry": {
        "type": "Point",
        "coordinates": [
          2.312116675,
          48.763488764
        ]
      },
      "properties": {
        "name": "Rue d'Olomouc / Allée Christian d'Oriola",
        "context": "Antony, Hauts-de-Seine",
        "citycode": "92002",
        "depcode": "92"
      }
    },
    {
      "type": "Feature",
      "geometry": {
        "type": "Point",
        "coordinates": [
          2.31195547,
          48.763147198
        ]
      },
      "properties": {
        "name": "Rue d'Olomouc / Avenue du Docteur Ténine",
        "context": "Antony, Hauts-de-Seine",
        "citycode": "92002",
        "depcode": "92"
      }
    },
    {
      "type": "Feature",
      "geometry": {
        "type": "Point",
        "coordinates": [
          2.309318944,
          48.764359888
        ]
      },
      "properties": {
        "name": "Rue d'Olomouc / Avenue Raymond Aron D920",
        "context": "Antony, Hauts-de-Seine",
        "citycode": "92002",
        "depcode": "92"
      }
    },
    {
      "type": "Feature",
      "geometry": {
        "type": "Point",
        "coordinates": [
          2.311041698,
          48.763828613
        ]
      },
      "properties": {
        "name": "Rue d'Olomouc / Place Olomouc",
        "context": "Antony, Hauts-de-Seine",
        "citycode": "92002",
        "depcode": "92"
      }
    },
    {
      "type": "Feature",
      "geometry": {
        "type": "Point",
        "coordinates": [
          2.303204229,
          48.73233695
        ]
      },
      "properties": {
        "name": "Rue de Bellevue / Allée de Villemilan",
        "context": "Antony, Hauts-de-Seine",
        "citycode": "92002",
        "depcode": "92"
      }
    },
    {
      "type": "Feature",
      "geometry": {
        "type": "Point",
        "coordinates": [
          2.303059836,
          48.733203829
        ]
      },
      "properties": {
        "name": "Rue de Bellevue / Avenue de l'Europe",
        "context": "Antony, Hauts-de-Seine",
        "citycode": "92002",
        "depcode": "92"
      }
    },
    {
      "type": "Feature",
      "geometry": {
        "type": "Point",
        "coordinates": [
          2.302383264,
          48.736172163
        ]
      },
      "properties": {
        "name": "Rue de Bellevue / Avenue Léon Jouhaux D66",
        "context": "Antony, Hauts-de-Seine",
        "citycode": "92002",
        "depcode": "92"
      }
    },
    {
      "type": "Feature",
      "geometry": {
        "type": "Point",
        "coordinates": [
          2.303270895,
          48.732359353
        ]
      },
      "properties": {
        "name": "Rue de Bellevue / Rue de Genève",
        "context": "Antony, Hauts-de-Seine",
        "citycode": "92002",
        "depcode": "92"
      }
    },
    {
      "type": "Feature",
      "geometry": {
        "type": "Point",
        "coordinates": [
          2.302889079,
          48.733866856
        ]
      },
      "properties": {
        "name": "Rue de Bellevue / Rue des Marchais",
        "context": "Antony, Hauts-de-Seine",
        "citycode": "92002",
        "depcode": "92"
      }
    },
    {
      "type": "Feature",
      "geometry": {
        "type": "Point",
        "coordinates": [
          2.303214272,
          48.732694064
        ]
      },
      "properties": {
        "name": "Rue de Bellevue / Rue des Nations-Unies",
        "context": "Antony, Hauts-de-Seine",
        "citycode": "92002",
        "depcode": "92"
      }
    },
    {
      "type": "Feature",
      "geometry": {
        "type": "Point",
        "coordinates": [
          2.303810525,
          48.74750547
        ]
      },
      "properties": {
        "name": "Rue de Bône / Avenue de la Division Leclerc D920",
        "context": "Antony, Hauts-de-Seine",
        "citycode": "92002",
        "depcode": "92"
      }
    },
    {
      "type": "Feature",
      "geometry": {
        "type": "Point",
        "coordinates": [
          2.3038308,
          48.747512651
        ]
      },
      "properties": {
        "name": "Rue de Bône / Avenue René Morin",
        "context": "Antony, Hauts-de-Seine",
        "citycode": "92002",
        "depcode": "92"
      }
    },
    {
      "type": "Feature",
      "geometry": {
        "type": "Point",
        "coordinates": [
          2.309159098,
          48.766652295
        ]
      },
      "properties": {
        "name": "Rue de Bretagne / Avenue de Guyenne",
        "context": "Antony, Hauts-de-Seine",
        "citycode": "92002",
        "depcode": "92"
      }
    },
    {
      "type": "Feature",
      "geometry": {
        "type": "Point",
        "coordinates": [
          2.310081679,
          48.766530588
        ]
      },
      "properties": {
        "name": "Rue de Bretagne / Avenue Raymond Aron D920",
        "context": "Antony, Hauts-de-Seine",
        "citycode": "92002",
        "depcode": "92"
      }
    },
    {
      "type": "Feature",
      "geometry": {
        "type": "Point",
        "coordinates": [
          2.318569772,
          48.771006636
        ]
      },
      "properties": {
        "name": "Rue de Châteaufort / Avenue des Cottages",
        "context": "Antony, Hauts-de-Seine",
        "citycode": "92002",
        "depcode": "92"
      }
    },
    {
      "type": "Feature",
      "geometry": {
        "type": "Point",
        "coordinates": [
          2.293485452,
          48.757354965
        ]
      },
      "properties": {
        "name": "Rue de Châtenay D67 / Allée des Cèdres",
        "context": "Antony, Hauts-de-Seine",
        "citycode": "92002",
        "depcode": "92"
      }
    },
    {
      "type": "Feature",
      "geometry": {
        "type": "Point",
        "coordinates": [
          2.290949332,
          48.761296526
        ]
      },
      "properties": {
        "name": "Rue de Châtenay / Avenue de la Division Leclerc",
        "context": "Antony, Hauts-de-Seine",
        "citycode": "92002",
        "depcode": "92"
      }
    },
    {
      "type": "Feature",
      "geometry": {
        "type": "Point",
        "coordinates": [
          2.29584497,
          48.755497482
        ]
      },
      "properties": {
        "name": "Rue de Châtenay D67 / Avenue du Bois de Verrières C6",
        "context": "Antony, Hauts-de-Seine",
        "citycode": "92002",
        "depcode": "92"
      }
    },
    {
      "type": "Feature",
      "geometry": {
        "type": "Point",
        "coordinates": [
          2.295875769,
          48.755514124
        ]
      },
      "properties": {
        "name": "Rue de Châtenay D67 / Avenue Léon Blum",
        "context": "Antony, Hauts-de-Seine",
        "citycode": "92002",
        "depcode": "92"
      }
    },
    {
      "type": "Feature",
      "geometry": {
        "type": "Point",
        "coordinates": [
          2.290992943,
          48.761260999
        ]
      },
      "properties": {
        "name": "Rue de Châtenay / Carrefour de l'Europe",
        "context": "Antony, Hauts-de-Seine",
        "citycode": "92002",
        "depcode": "92"
      }
    },
    {
      "type": "Feature",
      "geometry": {
        "type": "Point",
        "coordinates": [
          2.291960367,
          48.758114228
        ]
      },
      "properties": {
        "name": "Rue de Châtenay D67 / Passage Grillot",
        "context": "Antony, Hauts-de-Seine",
        "citycode": "92002",
        "depcode": "92"
      }
    },
    {
      "type": "Feature",
      "geometry": {
        "type": "Point",
        "coordinates": [
          2.290762032,
          48.759978335
        ]
      },
      "properties": {
        "name": "Rue de Châtenay D67 / Promenade des Violettes",
        "context": "Antony, Hauts-de-Seine",
        "citycode": "92002",
        "depcode": "92"
      }
    },
    {
      "type": "Feature",
      "geometry": {
        "type": "Point",
        "coordinates": [
          2.294755187,
          48.756478774
        ]
      },
      "properties": {
        "name": "Rue de Châtenay D67 / Résidence Antony-Châtenay",
        "context": "Antony, Hauts-de-Seine",
        "citycode": "92002",
        "depcode": "92"
      }
    },
    {
      "type": "Feature",
      "geometry": {
        "type": "Point",
        "coordinates": [
          2.290735984,
          48.760723493
        ]
      },
      "properties": {
        "name": "Rue de Châtenay D67 / Rue des Primevères",
        "context": "Antony, Hauts-de-Seine",
        "citycode": "92002",
        "depcode": "92"
      }
    },
    {
      "type": "Feature",
      "geometry": {
        "type": "Point",
        "coordinates": [
          2.294876458,
          48.756666688
        ]
      },
      "properties": {
        "name": "Rue de Châtenay D67 / Rue du Clos Joli",
        "context": "Antony, Hauts-de-Seine",
        "citycode": "92002",
        "depcode": "92"
      }
    },
    {
      "type": "Feature",
      "geometry": {
        "type": "Point",
        "coordinates": [
          2.290485357,
          48.759499289
        ]
      },
      "properties": {
        "name": "Rue de Châtenay D67 / Rue Émile Glay",
        "context": "Antony, Hauts-de-Seine",
        "citycode": "92002",
        "depcode": "92"
      }
    },
    {
      "type": "Feature",
      "geometry": {
        "type": "Point",
        "coordinates": [
          2.29590206,
          48.755522923
        ]
      },
      "properties": {
        "name": "Rue de Châtenay D67 / Rue Maurice Labrousse D67",
        "context": "Antony, Hauts-de-Seine",
        "citycode": "92002",
        "depcode": "92"
      }
    },
    {
      "type": "Feature",
      "geometry": {
        "type": "Point",
        "coordinates": [
          2.290701508,
          48.760385798
        ]
      },
      "properties": {
        "name": "Rue de Châtenay D67 / N385",
        "context": "Antony, Hauts-de-Seine",
        "citycode": "92002",
        "depcode": "92"
      }
    },
    {
      "type": "Feature",
      "geometry": {
        "type": "Point",
        "coordinates": [
          2.300399007,
          48.754273598
        ]
      },
      "properties": {
        "name": "Rue de l'Abbaye / Boulevard Pierre Brossolette",
        "context": "Antony, Hauts-de-Seine",
        "citycode": "92002",
        "depcode": "92"
      }
    },
    {
      "type": "Feature",
      "geometry": {
        "type": "Point",
        "coordinates": [
          2.297187748,
          48.751508068
        ]
      },
      "properties": {
        "name": "Rue de l'Abbaye / Rue du Clos de l'Abbaye",
        "context": "Antony, Hauts-de-Seine",
        "citycode": "92002",
        "depcode": "92"
      }
    },
    {
      "type": "Feature",
      "geometry": {
        "type": "Point",
        "coordinates": [
          2.296451085,
          48.751019802
        ]
      },
      "properties": {
        "name": "Rue de l'Abbaye / Rue du Jubilé",
        "context": "Antony, Hauts-de-Seine",
        "citycode": "92002",
        "depcode": "92"
      }
    },
    {
      "type": "Feature",
      "geometry": {
        "type": "Point",
        "coordinates": [
          2.296523047,
          48.750977358
        ]
      },
      "properties": {
        "name": "Rue de l'Abbaye / Rue Fondouze",
        "context": "Antony, Hauts-de-Seine",
        "citycode": "92002",
        "depcode": "92"
      }
    },
    {
      "type": "Feature",
      "geometry": {
        "type": "Point",
        "coordinates": [
          2.297181418,
          48.751530306
        ]
      },
      "properties": {
        "name": "Rue de l'Abbaye / Square de Collegno",
        "context": "Antony, Hauts-de-Seine",
        "citycode": "92002",
        "depcode": "92"
      }
    },
    {
      "type": "Feature",
      "geometry": {
        "type": "Point",
        "coordinates": [
          2.300204268,
          48.749647467
        ]
      },
      "properties": {
        "name": "Rue de l'Abbé Enjalvin / Rue Henri Barbusse",
        "context": "Antony, Hauts-de-Seine",
        "citycode": "92002",
        "depcode": "92"
      }
    },
    {
      "type": "Feature",
      "geometry": {
        "type": "Point",
        "coordinates": [
          2.296311171,
          48.749309795
        ]
      },
      "properties": {
        "name": "Rue de l'Abreuvoir / Allée des Érables",
        "context": "Antony, Hauts-de-Seine",
        "citycode": "92002",
        "depcode": "92"
      }
    },
    {
      "type": "Feature",
      "geometry": {
        "type": "Point",
        "coordinates": [
          2.296232537,
          48.74922461
        ]
      },
      "properties": {
        "name": "Rue de l'Abreuvoir / Allée des Ormeaux",
        "context": "Antony, Hauts-de-Seine",
        "citycode": "92002",
        "depcode": "92"
      }
    },
    {
      "type": "Feature",
      "geometry": {
        "type": "Point",
        "coordinates": [
          2.297136119,
          48.749563784
        ]
      },
      "properties": {
        "name": "Rue de l'Abreuvoir / La Bièvre",
        "context": "Antony, Hauts-de-Seine",
        "citycode": "92002",
        "depcode": "92"
      }
    },
    {
      "type": "Feature",
      "geometry": {
        "type": "Point",
        "coordinates": [
          2.29512102,
          48.748354365
        ]
      },
      "properties": {
        "name": "Rue de l'Abreuvoir / Rue de la Prairie",
        "context": "Antony, Hauts-de-Seine",
        "citycode": "92002",
        "depcode": "92"
      }
    },
    {
      "type": "Feature",
      "geometry": {
        "type": "Point",
        "coordinates": [
          2.29752838,
          48.749809477
        ]
      },
      "properties": {
        "name": "Rue de l'Abreuvoir / Rue Fondouze",
        "context": "Antony, Hauts-de-Seine",
        "citycode": "92002",
        "depcode": "92"
      }
    },
    {
      "type": "Feature",
      "geometry": {
        "type": "Point",
        "coordinates": [
          2.294770237,
          48.748302891
        ]
      },
      "properties": {
        "name": "Rue de l'Abreuvoir / Rue Prosper Legouté",
        "context": "Antony, Hauts-de-Seine",
        "citycode": "92002",
        "depcode": "92"
      }
    },
    {
      "type": "Feature",
      "geometry": {
        "type": "Point",
        "coordinates": [
          2.312731636,
          48.759527256
        ]
      },
      "properties": {
        "name": "Rue de l'Ancien Château / Promenade du Barrage",
        "context": "Antony, Hauts-de-Seine",
        "citycode": "92002",
        "depcode": "92"
      }
    },
    {
      "type": "Feature",
      "geometry": {
        "type": "Point",
        "coordinates": [
          2.286663561,
          48.736511482
        ]
      },
      "properties": {
        "name": "Rue de l'Annapurna / Allée du Chamossaire",
        "context": "Antony, Hauts-de-Seine",
        "citycode": "92002",
        "depcode": "92"
      }
    },
    {
      "type": "Feature",
      "geometry": {
        "type": "Point",
        "coordinates": [
          2.284637448,
          48.735996083
        ]
      },
      "properties": {
        "name": "Rue de l'Annapurna / Avenue du Noyer Doré",
        "context": "Antony, Hauts-de-Seine",
        "citycode": "92002",
        "depcode": "92"
      }
    },
    {
      "type": "Feature",
      "geometry": {
        "type": "Point",
        "coordinates": [
          2.312160094,
          48.741594575
        ]
      },
      "properties": {
        "name": "Rue de l'Aubépine / Allée Irène Joliot-Curie",
        "context": "Antony, Hauts-de-Seine",
        "citycode": "92002",
        "depcode": "92"
      }
    },
    {
      "type": "Feature",
      "geometry": {
        "type": "Point",
        "coordinates": [
          2.310861194,
          48.743221088
        ]
      },
      "properties": {
        "name": "Rue de l'Aubépine / Rue des Rabats",
        "context": "Antony, Hauts-de-Seine",
        "citycode": "92002",
        "depcode": "92"
      }
    },
    {
      "type": "Feature",
      "geometry": {
        "type": "Point",
        "coordinates": [
          2.312339257,
          48.7406643
        ]
      },
      "properties": {
        "name": "Rue de l'Aubépine / Rue Pascal",
        "context": "Antony, Hauts-de-Seine",
        "citycode": "92002",
        "depcode": "92"
      }
    },
    {
      "type": "Feature",
      "geometry": {
        "type": "Point",
        "coordinates": [
          2.302590704,
          48.741504709
        ]
      },
      "properties": {
        "name": "Rue de l'Aurore / Avenue de la Division Leclerc D920",
        "context": "Antony, Hauts-de-Seine",
        "citycode": "92002",
        "depcode": "92"
      }
    },
    {
      "type": "Feature",
      "geometry": {
        "type": "Point",
        "coordinates": [
          2.305368849,
          48.741010058
        ]
      },
      "properties": {
        "name": "Rue de l'Aurore / Bois de l'Aurore",
        "context": "Antony, Hauts-de-Seine",
        "citycode": "92002",
        "depcode": "92"
      }
    },
    {
      "type": "Feature",
      "geometry": {
        "type": "Point",
        "coordinates": [
          2.304623967,
          48.741241528
        ]
      },
      "properties": {
        "name": "Rue de l'Aurore / Rue de la Mutualité",
        "context": "Antony, Hauts-de-Seine",
        "citycode": "92002",
        "depcode": "92"
      }
    },
    {
      "type": "Feature",
      "geometry": {
        "type": "Point",
        "coordinates": [
          2.306392173,
          48.740340921
        ]
      },
      "properties": {
        "name": "Rue de l'Aurore / Rue des Rabats",
        "context": "Antony, Hauts-de-Seine",
        "citycode": "92002",
        "depcode": "92"
      }
    },
    {
      "type": "Feature",
      "geometry": {
        "type": "Point",
        "coordinates": [
          2.302526692,
          48.741607191
        ]
      },
      "properties": {
        "name": "Rue de l'Aurore / Rue Germaine",
        "context": "Antony, Hauts-de-Seine",
        "citycode": "92002",
        "depcode": "92"
      }
    },
    {
      "type": "Feature",
      "geometry": {
        "type": "Point",
        "coordinates": [
          2.303092297,
          48.74386978
        ]
      },
      "properties": {
        "name": "Rue de l'Avenir / Avenue de la Division Leclerc D920",
        "context": "Antony, Hauts-de-Seine",
        "citycode": "92002",
        "depcode": "92"
      }
    },
    {
      "type": "Feature",
      "geometry": {
        "type": "Point",
        "coordinates": [
          2.306728677,
          48.743504081
        ]
      },
      "properties": {
        "name": "Rue de l'Avenir / Rue de la Mutualité",
        "context": "Antony, Hauts-de-Seine",
        "citycode": "92002",
        "depcode": "92"
      }
    },
    {
      "type": "Feature",
      "geometry": {
        "type": "Point",
        "coordinates": [
          2.304430751,
          48.743708213
        ]
      },
      "properties": {
        "name": "Rue de l'Avenir / Rue de la Prévoyance",
        "context": "Antony, Hauts-de-Seine",
        "citycode": "92002",
        "depcode": "92"
      }
    },
    {
      "type": "Feature",
      "geometry": {
        "type": "Point",
        "coordinates": [
          2.303334688,
          48.743856182
        ]
      },
      "properties": {
        "name": "Rue de l'Avenir / Rue du Chemin de Fer",
        "context": "Antony, Hauts-de-Seine",
        "citycode": "92002",
        "depcode": "92"
      }
    },
    {
      "type": "Feature",
      "geometry": {
        "type": "Point",
        "coordinates": [
          2.296663845,
          48.752419305
        ]
      },
      "properties": {
        "name": "Rue de l'Église / Place des Quatre Tilleuls",
        "context": "Antony, Hauts-de-Seine",
        "citycode": "92002",
        "depcode": "92"
      }
    },
    {
      "type": "Feature",
      "geometry": {
        "type": "Point",
        "coordinates": [
          2.296586208,
          48.752485992
        ]
      },
      "properties": {
        "name": "Rue de l'Église / Rue des Champs",
        "context": "Antony, Hauts-de-Seine",
        "citycode": "92002",
        "depcode": "92"
      }
    },
    {
      "type": "Feature",
      "geometry": {
        "type": "Point",
        "coordinates": [
          2.297412591,
          48.754560871
        ]
      },
      "properties": {
        "name": "Rue de l'Église / Rue Maurice Labrousse D67",
        "context": "Antony, Hauts-de-Seine",
        "citycode": "92002",
        "depcode": "92"
      }
    },
    {
      "type": "Feature",
      "geometry": {
        "type": "Point",
        "coordinates": [
          2.296588658,
          48.752453861
        ]
      },
      "properties": {
        "name": "Rue de l'Église / Rue Paul Langevin",
        "context": "Antony, Hauts-de-Seine",
        "citycode": "92002",
        "depcode": "92"
      }
    },
    {
      "type": "Feature",
      "geometry": {
        "type": "Point",
        "coordinates": [
          2.297087705,
          48.754239851
        ]
      },
      "properties": {
        "name": "Rue de l'Église / Ruelle à Riou",
        "context": "Antony, Hauts-de-Seine",
        "citycode": "92002",
        "depcode": "92"
      }
    },
    {
      "type": "Feature",
      "geometry": {
        "type": "Point",
        "coordinates": [
          2.297880618,
          48.75648596
        ]
      },
      "properties": {
        "name": "Rue de l'Espérance / Avenue Léon Blum",
        "context": "Antony, Hauts-de-Seine",
        "citycode": "92002",
        "depcode": "92"
      }
    },
    {
      "type": "Feature",
      "geometry": {
        "type": "Point",
        "coordinates": [
          2.297861545,
          48.756526896
        ]
      },
      "properties": {
        "name": "Rue de l'Espérance / Rue des Marguerites",
        "context": "Antony, Hauts-de-Seine",
        "citycode": "92002",
        "depcode": "92"
      }
    },
    {
      "type": "Feature",
      "geometry": {
        "type": "Point",
        "coordinates": [
          2.298165018,
          48.757347061
        ]
      },
      "properties": {
        "name": "Rue de l'Espérance / Rue Lafontaine",
        "context": "Antony, Hauts-de-Seine",
        "citycode": "92002",
        "depcode": "92"
      }
    },
    {
      "type": "Feature",
      "geometry": {
        "type": "Point",
        "coordinates": [
          2.305900901,
          48.762538203
        ]
      },
      "properties": {
        "name": "Rue de l'Ouest / Rue du Nord",
        "context": "Antony, Hauts-de-Seine",
        "citycode": "92002",
        "depcode": "92"
      }
    },
    {
      "type": "Feature",
      "geometry": {
        "type": "Point",
        "coordinates": [
          2.305897756,
          48.762537775
        ]
      },
      "properties": {
        "name": "Rue de l'Ouest / Rue du Sud",
        "context": "Antony, Hauts-de-Seine",
        "citycode": "92002",
        "depcode": "92"
      }
    },
    {
      "type": "Feature",
      "geometry": {
        "type": "Point",
        "coordinates": [
          2.305528121,
          48.762930055
        ]
      },
      "properties": {
        "name": "Rue de l'Ouest / Rue Velpeau",
        "context": "Antony, Hauts-de-Seine",
        "citycode": "92002",
        "depcode": "92"
      }
    },
    {
      "type": "Feature",
      "geometry": {
        "type": "Point",
        "coordinates": [
          2.305509485,
          48.762958773
        ]
      },
      "properties": {
        "name": "Rue de l'Ouest / Trans Val de Marne",
        "context": "Antony, Hauts-de-Seine",
        "citycode": "92002",
        "depcode": "92"
      }
    },
    {
      "type": "Feature",
      "geometry": {
        "type": "Point",
        "coordinates": [
          2.280518514,
          48.758238377
        ]
      },
      "properties": {
        "name": "Rue de l'Union / Rue des Graviers",
        "context": "Antony, Hauts-de-Seine",
        "citycode": "92002",
        "depcode": "92"
      }
    },
    {
      "type": "Feature",
      "geometry": {
        "type": "Point",
        "coordinates": [
          2.281452946,
          48.758106131
        ]
      },
      "properties": {
        "name": "Rue de l'Union / Rue Marcel Maillard",
        "context": "Antony, Hauts-de-Seine",
        "citycode": "92002",
        "depcode": "92"
      }
    },
    {
      "type": "Feature",
      "geometry": {
        "type": "Point",
        "coordinates": [
          2.282258615,
          48.757953712
        ]
      },
      "properties": {
        "name": "Rue de l'Union / Villa Carman",
        "context": "Antony, Hauts-de-Seine",
        "citycode": "92002",
        "depcode": "92"
      }
    },
    {
      "type": "Feature",
      "geometry": {
        "type": "Point",
        "coordinates": [
          2.304412235,
          48.7507514
        ]
      },
      "properties": {
        "name": "Rue de la Bièvre / Avenue de la Division Leclerc D920",
        "context": "Antony, Hauts-de-Seine",
        "citycode": "92002",
        "depcode": "92"
      }
    },
    {
      "type": "Feature",
      "geometry": {
        "type": "Point",
        "coordinates": [
          2.291155946,
          48.738181535
        ]
      },
      "properties": {
        "name": "Rue de la Caspienne / Allée de l'Escaut",
        "context": "Antony, Hauts-de-Seine",
        "citycode": "92002",
        "depcode": "92"
      }
    },
    {
      "type": "Feature",
      "geometry": {
        "type": "Point",
        "coordinates": [
          2.291404408,
          48.737812127
        ]
      },
      "properties": {
        "name": "Rue de la Caspienne / Allée de la Loire",
        "context": "Antony, Hauts-de-Seine",
        "citycode": "92002",
        "depcode": "92"
      }
    },
    {
      "type": "Feature",
      "geometry": {
        "type": "Point",
        "coordinates": [
          2.292212825,
          48.736352146
        ]
      },
      "properties": {
        "name": "Rue de la Caspienne / Allée de Strasbourg",
        "context": "Antony, Hauts-de-Seine",
        "citycode": "92002",
        "depcode": "92"
      }
    },
    {
      "type": "Feature",
      "geometry": {
        "type": "Point",
        "coordinates": [
          2.292204095,
          48.736377842
        ]
      },
      "properties": {
        "name": "Rue de la Caspienne / Avenue du Président J.F. Kennedy D66",
        "context": "Antony, Hauts-de-Seine",
        "citycode": "92002",
        "depcode": "92"
      }
    },
    {
      "type": "Feature",
      "geometry": {
        "type": "Point",
        "coordinates": [
          2.291792696,
          48.737151298
        ]
      },
      "properties": {
        "name": "Rue de la Caspienne / Rue de la Garonne",
        "context": "Antony, Hauts-de-Seine",
        "citycode": "92002",
        "depcode": "92"
      }
    },
    {
      "type": "Feature",
      "geometry": {
        "type": "Point",
        "coordinates": [
          2.282450335,
          48.756372337
        ]
      },
      "properties": {
        "name": "Rue de la Cité Moderne / Avenue du Bois de Verrières",
        "context": "Antony, Hauts-de-Seine",
        "citycode": "92002",
        "depcode": "92"
      }
    },
    {
      "type": "Feature",
      "geometry": {
        "type": "Point",
        "coordinates": [
          2.282768142,
          48.75788149
        ]
      },
      "properties": {
        "name": "Rue de la Cité Moderne / Rue de l'Union",
        "context": "Antony, Hauts-de-Seine",
        "citycode": "92002",
        "depcode": "92"
      }
    },
    {
      "type": "Feature",
      "geometry": {
        "type": "Point",
        "coordinates": [
          2.281551528,
          48.753623171
        ]
      },
      "properties": {
        "name": "Rue de la Fontaine du Sault / Allée du Ruisseau",
        "context": "Antony, Hauts-de-Seine",
        "citycode": "92002",
        "depcode": "92"
      }
    },
    {
      "type": "Feature",
      "geometry": {
        "type": "Point",
        "coordinates": [
          2.281562395,
          48.753640642
        ]
      },
      "properties": {
        "name": "Rue de la Fontaine du Sault / Rue de la Fonte des Godets",
        "context": "Antony, Hauts-de-Seine",
        "citycode": "92002",
        "depcode": "92"
      }
    },
    {
      "type": "Feature",
      "geometry": {
        "type": "Point",
        "coordinates": [
          2.31649571,
          48.7703191
        ]
      },
      "properties": {
        "name": "Rue de la Fontaine Grelot / Avenue de la Résidence",
        "context": "Antony, Hauts-de-Seine",
        "citycode": "92002",
        "depcode": "92"
      }
    },
    {
      "type": "Feature",
      "geometry": {
        "type": "Point",
        "coordinates": [
          2.316967014,
          48.771316637
        ]
      },
      "properties": {
        "name": "Rue de la Fontaine Grelot / Avenue des Cottages",
        "context": "Antony, Hauts-de-Seine",
        "citycode": "92002",
        "depcode": "92"
      }
    },
    {
      "type": "Feature",
      "geometry": {
        "type": "Point",
        "coordinates": [
          2.281516866,
          48.753631209
        ]
      },
      "properties": {
        "name": "Rue de la Fonte des Godets / Allée du Ruisseau",
        "context": "Antony, Hauts-de-Seine",
        "citycode": "92002",
        "depcode": "92"
      }
    },
    {
      "type": "Feature",
      "geometry": {
        "type": "Point",
        "coordinates": [
          2.301438262,
          48.759968706
        ]
      },
      "properties": {
        "name": "Rue de la Grande Couture / Avenue Léon Blum",
        "context": "Antony, Hauts-de-Seine",
        "citycode": "92002",
        "depcode": "92"
      }
    },
    {
      "type": "Feature",
      "geometry": {
        "type": "Point",
        "coordinates": [
          2.288770785,
          48.737974534
        ]
      },
      "properties": {
        "name": "Rue de la Méditerranée / Allée du Saint-Laurent",
        "context": "Antony, Hauts-de-Seine",
        "citycode": "92002",
        "depcode": "92"
      }
    },
    {
      "type": "Feature",
      "geometry": {
        "type": "Point",
        "coordinates": [
          2.290503253,
          48.738355689
        ]
      },
      "properties": {
        "name": "Rue de la Méditerranée / Avenue de la Fontaine Mouton",
        "context": "Antony, Hauts-de-Seine",
        "citycode": "92002",
        "depcode": "92"
      }
    },
    {
      "type": "Feature",
      "geometry": {
        "type": "Point",
        "coordinates": [
          2.303645989,
          48.740068422
        ]
      },
      "properties": {
        "name": "Rue de la Mutualité / Rue du Midi",
        "context": "Antony, Hauts-de-Seine",
        "citycode": "92002",
        "depcode": "92"
      }
    },
    {
      "type": "Feature",
      "geometry": {
        "type": "Point",
        "coordinates": [
          2.30371202,
          48.740103353
        ]
      },
      "properties": {
        "name": "Rue de la Mutualité / Rue du Vallon",
        "context": "Antony, Hauts-de-Seine",
        "citycode": "92002",
        "depcode": "92"
      }
    },
    {
      "type": "Feature",
      "geometry": {
        "type": "Point",
        "coordinates": [
          2.303672044,
          48.746849983
        ]
      },
      "properties": {
        "name": "Rue de la Paix / Avenue de la Division Leclerc D920",
        "context": "Antony, Hauts-de-Seine",
        "citycode": "92002",
        "depcode": "92"
      }
    },
    {
      "type": "Feature",
      "geometry": {
        "type": "Point",
        "coordinates": [
          2.303679264,
          48.74678746
        ]
      },
      "properties": {
        "name": "Rue de la Paix / Impasse de l'Épine",
        "context": "Antony, Hauts-de-Seine",
        "citycode": "92002",
        "depcode": "92"
      }
    },
    {
      "type": "Feature",
      "geometry": {
        "type": "Point",
        "coordinates": [
          2.315700294,
          48.770954793
        ]
      },
      "properties": {
        "name": "Rue de la Pépinière / Avenue Beauséjour",
        "context": "Antony, Hauts-de-Seine",
        "citycode": "92002",
        "depcode": "92"
      }
    },
    {
      "type": "Feature",
      "geometry": {
        "type": "Point",
        "coordinates": [
          2.298650924,
          48.747586152
        ]
      },
      "properties": {
        "name": "Rue de la Prairie / Avenue Jean Monnet D67A",
        "context": "Antony, Hauts-de-Seine",
        "citycode": "92002",
        "depcode": "92"
      }
    },
    {
      "type": "Feature",
      "geometry": {
        "type": "Point",
        "coordinates": [
          2.298568337,
          48.761375797
        ]
      },
      "properties": {
        "name": "Rue de la Renaissance / Avenue du Général de Gaulle D986",
        "context": "Antony, Hauts-de-Seine",
        "citycode": "92002",
        "depcode": "92"
      }
    },
    {
      "type": "Feature",
      "geometry": {
        "type": "Point",
        "coordinates": [
          2.297433167,
          48.76080772
        ]
      },
      "properties": {
        "name": "Rue de la Renaissance / Avenue Galliéni",
        "context": "Antony, Hauts-de-Seine",
        "citycode": "92002",
        "depcode": "92"
      }
    },
    {
      "type": "Feature",
      "geometry": {
        "type": "Point",
        "coordinates": [
          2.297603309,
          48.760424684
        ]
      },
      "properties": {
        "name": "Rue de la Renaissance / Rue Sœur Emmanuelle",
        "context": "Antony, Hauts-de-Seine",
        "citycode": "92002",
        "depcode": "92"
      }
    },
    {
      "type": "Feature",
      "geometry": {
        "type": "Point",
        "coordinates": [
          2.284556884,
          48.755430545
        ]
      },
      "properties": {
        "name": "Rue de la Station / La Coulée Verte",
        "context": "Antony, Hauts-de-Seine",
        "citycode": "92002",
        "depcode": "92"
      }
    },
    {
      "type": "Feature",
      "geometry": {
        "type": "Point",
        "coordinates": [
          2.28645983,
          48.748756856
        ]
      },
      "properties": {
        "name": "Rue de la Tour d'Argent / Avenue François Molé VC2",
        "context": "Antony, Hauts-de-Seine",
        "citycode": "92002",
        "depcode": "92"
      }
    },
    {
      "type": "Feature",
      "geometry": {
        "type": "Point",
        "coordinates": [
          2.283238057,
          48.751254621
        ]
      },
      "properties": {
        "name": "Rue de la Tour d'Argent / Rue du Colonel Fabien VC3",
        "context": "Antony, Hauts-de-Seine",
        "citycode": "92002",
        "depcode": "92"
      }
    },
    {
      "type": "Feature",
      "geometry": {
        "type": "Point",
        "coordinates": [
          2.28062474,
          48.734014275
        ]
      },
      "properties": {
        "name": "Rue de Lutèce / Rue Alexandre Ribot",
        "context": "Antony, Hauts-de-Seine",
        "citycode": "92002",
        "depcode": "92"
      }
    },
    {
      "type": "Feature",
      "geometry": {
        "type": "Point",
        "coordinates": [
          2.279173351,
          48.733523392
        ]
      },
      "properties": {
        "name": "Rue de Lutèce / Rue André Chénier",
        "context": "Antony, Hauts-de-Seine",
        "citycode": "92002",
        "depcode": "92"
      }
    },
    {
      "type": "Feature",
      "geometry": {
        "type": "Point",
        "coordinates": [
          2.290583759,
          48.740059053
        ]
      },
      "properties": {
        "name": "Rue de Massy / Allée de la Tamise",
        "context": "Antony, Hauts-de-Seine",
        "citycode": "92002",
        "depcode": "92"
      }
    },
    {
      "type": "Feature",
      "geometry": {
        "type": "Point",
        "coordinates": [
          2.296348538,
          48.74191152
        ]
      },
      "properties": {
        "name": "Rue de Massy / Allée Suzanne",
        "context": "Antony, Hauts-de-Seine",
        "citycode": "92002",
        "depcode": "92"
      }
    },
    {
      "type": "Feature",
      "geometry": {
        "type": "Point",
        "coordinates": [
          2.291676711,
          48.74057916
        ]
      },
      "properties": {
        "name": "Rue de Massy / Impasse des Sept Vertus",
        "context": "Antony, Hauts-de-Seine",
        "citycode": "92002",
        "depcode": "92"
      }
    },
    {
      "type": "Feature",
      "geometry": {
        "type": "Point",
        "coordinates": [
          2.288522004,
          48.739280596
        ]
      },
      "properties": {
        "name": "Rue de Massy / Place des Baconnets",
        "context": "Antony, Hauts-de-Seine",
        "citycode": "92002",
        "depcode": "92"
      }
    },
    {
      "type": "Feature",
      "geometry": {
        "type": "Point",
        "coordinates": [
          2.277157473,
          48.735817938
        ]
      },
      "properties": {
        "name": "Rue de Massy / Rue André Chénier",
        "context": "Antony, Hauts-de-Seine",
        "citycode": "92002",
        "depcode": "92"
      }
    },
    {
      "type": "Feature",
      "geometry": {
        "type": "Point",
        "coordinates": [
          2.293181401,
          48.741039835
        ]
      },
      "properties": {
        "name": "Rue de Massy / Rue de la Vallée des Saubergeaux",
        "context": "Antony, Hauts-de-Seine",
        "citycode": "92002",
        "depcode": "92"
      }
    },
    {
      "type": "Feature",
      "geometry": {
        "type": "Point",
        "coordinates": [
          2.287676768,
          48.738949521
        ]
      },
      "properties": {
        "name": "Rue de Massy / Rue de Megève",
        "context": "Antony, Hauts-de-Seine",
        "citycode": "92002",
        "depcode": "92"
      }
    },
    {
      "type": "Feature",
      "geometry": {
        "type": "Point",
        "coordinates": [
          2.288386586,
          48.739302352
        ]
      },
      "properties": {
        "name": "Rue de Massy / Rue des Garennes",
        "context": "Antony, Hauts-de-Seine",
        "citycode": "92002",
        "depcode": "92"
      }
    },
    {
      "type": "Feature",
      "geometry": {
        "type": "Point",
        "coordinates": [
          2.292654437,
          48.740890092
        ]
      },
      "properties": {
        "name": "Rue de Massy / Rue des Tilleuls",
        "context": "Antony, Hauts-de-Seine",
        "citycode": "92002",
        "depcode": "92"
      }
    },
    {
      "type": "Feature",
      "geometry": {
        "type": "Point",
        "coordinates": [
          2.295329012,
          48.741661306
        ]
      },
      "properties": {
        "name": "Rue de Massy / Rue Michel-Ange",
        "context": "Antony, Hauts-de-Seine",
        "citycode": "92002",
        "depcode": "92"
      }
    },
    {
      "type": "Feature",
      "geometry": {
        "type": "Point",
        "coordinates": [
          2.2970456,
          48.742028193
        ]
      },
      "properties": {
        "name": "Rue de Massy / Rue Mirabeau",
        "context": "Antony, Hauts-de-Seine",
        "citycode": "92002",
        "depcode": "92"
      }
    },
    {
      "type": "Feature",
      "geometry": {
        "type": "Point",
        "coordinates": [
          2.293918837,
          48.741252404
        ]
      },
      "properties": {
        "name": "Rue de Massy / Rue Paul Cézanne",
        "context": "Antony, Hauts-de-Seine",
        "citycode": "92002",
        "depcode": "92"
      }
    },
    {
      "type": "Feature",
      "geometry": {
        "type": "Point",
        "coordinates": [
          2.277154511,
          48.735809487
        ]
      },
      "properties": {
        "name": "Rue de Massy / Rue Pierre Picard",
        "context": "Antony, Hauts-de-Seine",
        "citycode": "92002",
        "depcode": "92"
      }
    },
    {
      "type": "Feature",
      "geometry": {
        "type": "Point",
        "coordinates": [
          2.287549089,
          48.738410892
        ]
      },
      "properties": {
        "name": "Rue de Megève / Rue de Tignes",
        "context": "Antony, Hauts-de-Seine",
        "citycode": "92002",
        "depcode": "92"
      }
    },
    {
      "type": "Feature",
      "geometry": {
        "type": "Point",
        "coordinates": [
          2.287338648,
          48.753167354
        ]
      },
      "properties": {
        "name": "Rue de Nicosie / Rue de Venise",
        "context": "Antony, Hauts-de-Seine",
        "citycode": "92002",
        "depcode": "92"
      }
    },
    {
      "type": "Feature",
      "geometry": {
        "type": "Point",
        "coordinates": [
          2.310865383,
          48.768528409
        ]
      },
      "properties": {
        "name": "Rue de Normandie / Avenue Raymond Aron D920",
        "context": "Antony, Hauts-de-Seine",
        "citycode": "92002",
        "depcode": "92"
      }
    },
    {
      "type": "Feature",
      "geometry": {
        "type": "Point",
        "coordinates": [
          2.302947701,
          48.745900052
        ]
      },
      "properties": {
        "name": "Rue de Reims / Avenue de la Marne",
        "context": "Antony, Hauts-de-Seine",
        "citycode": "92002",
        "depcode": "92"
      }
    },
    {
      "type": "Feature",
      "geometry": {
        "type": "Point",
        "coordinates": [
          2.299559959,
          48.745033247
        ]
      },
      "properties": {
        "name": "Rue de Reims / Rue de Verdun",
        "context": "Antony, Hauts-de-Seine",
        "citycode": "92002",
        "depcode": "92"
      }
    },
    {
      "type": "Feature",
      "geometry": {
        "type": "Point",
        "coordinates": [
          2.279474067,
          48.759192994
        ]
      },
      "properties": {
        "name": "Rue de Samoens / Allée de la Tuilerie",
        "context": "Antony, Hauts-de-Seine",
        "citycode": "92002",
        "depcode": "92"
      }
    },
    {
      "type": "Feature",
      "geometry": {
        "type": "Point",
        "coordinates": [
          2.278391146,
          48.759341037
        ]
      },
      "properties": {
        "name": "Rue de Samoens / Allée des Hellebores",
        "context": "Antony, Hauts-de-Seine",
        "citycode": "92002",
        "depcode": "92"
      }
    },
    {
      "type": "Feature",
      "geometry": {
        "type": "Point",
        "coordinates": [
          2.278093967,
          48.759424706
        ]
      },
      "properties": {
        "name": "Rue de Samoens / Avenue d'Estienne d'Orves D128",
        "context": "Antony, Hauts-de-Seine",
        "citycode": "92002",
        "depcode": "92"
      }
    },
    {
      "type": "Feature",
      "geometry": {
        "type": "Point",
        "coordinates": [
          2.300515999,
          48.745513963
        ]
      },
      "properties": {
        "name": "Rue de Soissons / Rue de Reims",
        "context": "Antony, Hauts-de-Seine",
        "citycode": "92002",
        "depcode": "92"
      }
    },
    {
      "type": "Feature",
      "geometry": {
        "type": "Point",
        "coordinates": [
          2.287358689,
          48.753155802
        ]
      },
      "properties": {
        "name": "Rue de Venise / Rue de Nicosie",
        "context": "Antony, Hauts-de-Seine",
        "citycode": "92002",
        "depcode": "92"
      }
    },
    {
      "type": "Feature",
      "geometry": {
        "type": "Point",
        "coordinates": [
          2.300831977,
          48.744816795
        ]
      },
      "properties": {
        "name": "Rue de Verdun / Avenue de la Marne",
        "context": "Antony, Hauts-de-Seine",
        "citycode": "92002",
        "depcode": "92"
      }
    },
    {
      "type": "Feature",
      "geometry": {
        "type": "Point",
        "coordinates": [
          2.299570908,
          48.745023702
        ]
      },
      "properties": {
        "name": "Rue de Verdun / Rue de Reims",
        "context": "Antony, Hauts-de-Seine",
        "citycode": "92002",
        "depcode": "92"
      }
    },
    {
      "type": "Feature",
      "geometry": {
        "type": "Point",
        "coordinates": [
          2.278384125,
          48.739516196
        ]
      },
      "properties": {
        "name": "Rue des Acacias / Rue Adolphe Pajeaud D67A",
        "context": "Antony, Hauts-de-Seine",
        "citycode": "92002",
        "depcode": "92"
      }
    },
    {
      "type": "Feature",
      "geometry": {
        "type": "Point",
        "coordinates": [
          2.305309992,
          48.737067855
        ]
      },
      "properties": {
        "name": "Rue des Alouettes / Impasse des Alouettes",
        "context": "Antony, Hauts-de-Seine",
        "citycode": "92002",
        "depcode": "92"
      }
    },
    {
      "type": "Feature",
      "geometry": {
        "type": "Point",
        "coordinates": [
          2.305320882,
          48.737066821
        ]
      },
      "properties": {
        "name": "Rue des Alouettes / Rue des Pinsons",
        "context": "Antony, Hauts-de-Seine",
        "citycode": "92002",
        "depcode": "92"
      }
    },
    {
      "type": "Feature",
      "geometry": {
        "type": "Point",
        "coordinates": [
          2.304256473,
          48.738115228
        ]
      },
      "properties": {
        "name": "Rue des Alouettes / Rue des Rabats",
        "context": "Antony, Hauts-de-Seine",
        "citycode": "92002",
        "depcode": "92"
      }
    },
    {
      "type": "Feature",
      "geometry": {
        "type": "Point",
        "coordinates": [
          2.290315263,
          48.755741769
        ]
      },
      "properties": {
        "name": "Rue des Anémones / Rue des Glaieuls",
        "context": "Antony, Hauts-de-Seine",
        "citycode": "92002",
        "depcode": "92"
      }
    },
    {
      "type": "Feature",
      "geometry": {
        "type": "Point",
        "coordinates": [
          2.291755101,
          48.75264626
        ]
      },
      "properties": {
        "name": "Rue des Augustins / Avenue François Molé C2",
        "context": "Antony, Hauts-de-Seine",
        "citycode": "92002",
        "depcode": "92"
      }
    },
    {
      "type": "Feature",
      "geometry": {
        "type": "Point",
        "coordinates": [
          2.293398912,
          48.751671268
        ]
      },
      "properties": {
        "name": "Rue des Augustins / Rue du Vert Buisson",
        "context": "Antony, Hauts-de-Seine",
        "citycode": "92002",
        "depcode": "92"
      }
    },
    {
      "type": "Feature",
      "geometry": {
        "type": "Point",
        "coordinates": [
          2.291135459,
          48.738188861
        ]
      },
      "properties": {
        "name": "Rue des Baconnets / Allée de l'Escaut",
        "context": "Antony, Hauts-de-Seine",
        "citycode": "92002",
        "depcode": "92"
      }
    },
    {
      "type": "Feature",
      "geometry": {
        "type": "Point",
        "coordinates": [
          2.294807252,
          48.739327827
        ]
      },
      "properties": {
        "name": "Rue des Baconnets / Allée des Fauvettes",
        "context": "Antony, Hauts-de-Seine",
        "citycode": "92002",
        "depcode": "92"
      }
    },
    {
      "type": "Feature",
      "geometry": {
        "type": "Point",
        "coordinates": [
          2.291844097,
          48.738334314
        ]
      },
      "properties": {
        "name": "Rue des Baconnets / Allée du Rhône",
        "context": "Antony, Hauts-de-Seine",
        "citycode": "92002",
        "depcode": "92"
      }
    },
    {
      "type": "Feature",
      "geometry": {
        "type": "Point",
        "coordinates": [
          2.297380382,
          48.740518348
        ]
      },
      "properties": {
        "name": "Rue des Baconnets / Allée Suzanne",
        "context": "Antony, Hauts-de-Seine",
        "citycode": "92002",
        "depcode": "92"
      }
    },
    {
      "type": "Feature",
      "geometry": {
        "type": "Point",
        "coordinates": [
          2.290699802,
          48.738071777
        ]
      },
      "properties": {
        "name": "Rue des Baconnets / Avenue de la Fontaine Mouton",
        "context": "Antony, Hauts-de-Seine",
        "citycode": "92002",
        "depcode": "92"
      }
    },
    {
      "type": "Feature",
      "geometry": {
        "type": "Point",
        "coordinates": [
          2.294383467,
          48.739007898
        ]
      },
      "properties": {
        "name": "Rue des Baconnets / Chemin Potier",
        "context": "Antony, Hauts-de-Seine",
        "citycode": "92002",
        "depcode": "92"
      }
    },
    {
      "type": "Feature",
      "geometry": {
        "type": "Point",
        "coordinates": [
          2.295017766,
          48.739548465
        ]
      },
      "properties": {
        "name": "Rue des Baconnets / Impasse des Saubergeaux",
        "context": "Antony, Hauts-de-Seine",
        "citycode": "92002",
        "depcode": "92"
      }
    },
    {
      "type": "Feature",
      "geometry": {
        "type": "Point",
        "coordinates": [
          2.296041675,
          48.73998467
        ]
      },
      "properties": {
        "name": "Rue des Baconnets / Rue Alphonsine",
        "context": "Antony, Hauts-de-Seine",
        "citycode": "92002",
        "depcode": "92"
      }
    },
    {
      "type": "Feature",
      "geometry": {
        "type": "Point",
        "coordinates": [
          2.293220663,
          48.738671845
        ]
      },
      "properties": {
        "name": "Rue des Baconnets / Rue de l'Aunette",
        "context": "Antony, Hauts-de-Seine",
        "citycode": "92002",
        "depcode": "92"
      }
    },
    {
      "type": "Feature",
      "geometry": {
        "type": "Point",
        "coordinates": [
          2.291175891,
          48.73817442
        ]
      },
      "properties": {
        "name": "Rue des Baconnets / Rue de la Caspienne",
        "context": "Antony, Hauts-de-Seine",
        "citycode": "92002",
        "depcode": "92"
      }
    },
    {
      "type": "Feature",
      "geometry": {
        "type": "Point",
        "coordinates": [
          2.297977571,
          48.74076341
        ]
      },
      "properties": {
        "name": "Rue des Baconnets / Rue des Mûres",
        "context": "Antony, Hauts-de-Seine",
        "citycode": "92002",
        "depcode": "92"
      }
    },
    {
      "type": "Feature",
      "geometry": {
        "type": "Point",
        "coordinates": [
          2.293665084,
          48.738802913
        ]
      },
      "properties": {
        "name": "Rue des Baconnets / Rue des Tilleuls",
        "context": "Antony, Hauts-de-Seine",
        "citycode": "92002",
        "depcode": "92"
      }
    },
    {
      "type": "Feature",
      "geometry": {
        "type": "Point",
        "coordinates": [
          2.296940978,
          48.740323231
        ]
      },
      "properties": {
        "name": "Rue des Baconnets / Rue Léonie",
        "context": "Antony, Hauts-de-Seine",
        "citycode": "92002",
        "depcode": "92"
      }
    },
    {
      "type": "Feature",
      "geometry": {
        "type": "Point",
        "coordinates": [
          2.292918913,
          48.738623923
        ]
      },
      "properties": {
        "name": "Rue des Baconnets / Rue Maurice Brouard",
        "context": "Antony, Hauts-de-Seine",
        "citycode": "92002",
        "depcode": "92"
      }
    },
    {
      "type": "Feature",
      "geometry": {
        "type": "Point",
        "coordinates": [
          2.296323192,
          48.740116908
        ]
      },
      "properties": {
        "name": "Rue des Baconnets / Rue Michel-Ange",
        "context": "Antony, Hauts-de-Seine",
        "citycode": "92002",
        "depcode": "92"
      }
    },
    {
      "type": "Feature",
      "geometry": {
        "type": "Point",
        "coordinates": [
          2.297974844,
          48.740755386
        ]
      },
      "properties": {
        "name": "Rue des Baconnets / Rue Mirabeau",
        "context": "Antony, Hauts-de-Seine",
        "citycode": "92002",
        "depcode": "92"
      }
    },
    {
      "type": "Feature",
      "geometry": {
        "type": "Point",
        "coordinates": [
          2.295618333,
          48.739851048
        ]
      },
      "properties": {
        "name": "Rue des Baconnets / Rue Paul Cézanne",
        "context": "Antony, Hauts-de-Seine",
        "citycode": "92002",
        "depcode": "92"
      }
    },
    {
      "type": "Feature",
      "geometry": {
        "type": "Point",
        "coordinates": [
          2.292701253,
          48.738548301
        ]
      },
      "properties": {
        "name": "Rue des Baconnets / Rue Rameau",
        "context": "Antony, Hauts-de-Seine",
        "citycode": "92002",
        "depcode": "92"
      }
    },
    {
      "type": "Feature",
      "geometry": {
        "type": "Point",
        "coordinates": [
          2.286631339,
          48.755524309
        ]
      },
      "properties": {
        "name": "Rue des Bleuets / Avenue du Bois de Verrières C6",
        "context": "Antony, Hauts-de-Seine",
        "citycode": "92002",
        "depcode": "92"
      }
    },
    {
      "type": "Feature",
      "geometry": {
        "type": "Point",
        "coordinates": [
          2.288182637,
          48.755973186
        ]
      },
      "properties": {
        "name": "Rue des Bleuets / Rue des Coquelicots",
        "context": "Antony, Hauts-de-Seine",
        "citycode": "92002",
        "depcode": "92"
      }
    },
    {
      "type": "Feature",
      "geometry": {
        "type": "Point",
        "coordinates": [
          2.2865528,
          48.755539966
        ]
      },
      "properties": {
        "name": "Rue des Bleuets / Rue des Grouettes",
        "context": "Antony, Hauts-de-Seine",
        "citycode": "92002",
        "depcode": "92"
      }
    },
    {
      "type": "Feature",
      "geometry": {
        "type": "Point",
        "coordinates": [
          2.288224603,
          48.755978595
        ]
      },
      "properties": {
        "name": "Rue des Bleuets / Rue des Liserons",
        "context": "Antony, Hauts-de-Seine",
        "citycode": "92002",
        "depcode": "92"
      }
    },
    {
      "type": "Feature",
      "geometry": {
        "type": "Point",
        "coordinates": [
          2.287257144,
          48.755725977
        ]
      },
      "properties": {
        "name": "Rue des Bleuets / Rue des Myosotis",
        "context": "Antony, Hauts-de-Seine",
        "citycode": "92002",
        "depcode": "92"
      }
    },
    {
      "type": "Feature",
      "geometry": {
        "type": "Point",
        "coordinates": [
          2.286532429,
          48.755519395
        ]
      },
      "properties": {
        "name": "Rue des Bleuets / Rue Julien Perin",
        "context": "Antony, Hauts-de-Seine",
        "citycode": "92002",
        "depcode": "92"
      }
    },
    {
      "type": "Feature",
      "geometry": {
        "type": "Point",
        "coordinates": [
          2.308652498,
          48.734959976
        ]
      },
      "properties": {
        "name": "Rue des Canaris / Avenue Léon Jouhaux D66",
        "context": "Antony, Hauts-de-Seine",
        "citycode": "92002",
        "depcode": "92"
      }
    },
    {
      "type": "Feature",
      "geometry": {
        "type": "Point",
        "coordinates": [
          2.29354486,
          48.754421346
        ]
      },
      "properties": {
        "name": "Rue des Champs / Avenue du Bois de Verrières C6",
        "context": "Antony, Hauts-de-Seine",
        "citycode": "92002",
        "depcode": "92"
      }
    },
    {
      "type": "Feature",
      "geometry": {
        "type": "Point",
        "coordinates": [
          2.295622361,
          48.753126229
        ]
      },
      "properties": {
        "name": "Rue des Champs / Place de l'Hôtel de Ville",
        "context": "Antony, Hauts-de-Seine",
        "citycode": "92002",
        "depcode": "92"
      }
    },
    {
      "type": "Feature",
      "geometry": {
        "type": "Point",
        "coordinates": [
          2.296501892,
          48.752473351
        ]
      },
      "properties": {
        "name": "Rue des Champs / Place des Quatre Tilleuls",
        "context": "Antony, Hauts-de-Seine",
        "citycode": "92002",
        "depcode": "92"
      }
    },
    {
      "type": "Feature",
      "geometry": {
        "type": "Point",
        "coordinates": [
          2.296585933,
          48.752431527
        ]
      },
      "properties": {
        "name": "Rue des Champs / Rue de l'Église",
        "context": "Antony, Hauts-de-Seine",
        "citycode": "92002",
        "depcode": "92"
      }
    },
    {
      "type": "Feature",
      "geometry": {
        "type": "Point",
        "coordinates": [
          2.295688513,
          48.753053772
        ]
      },
      "properties": {
        "name": "Rue des Champs / Rue du Vert Buisson",
        "context": "Antony, Hauts-de-Seine",
        "citycode": "92002",
        "depcode": "92"
      }
    },
    {
      "type": "Feature",
      "geometry": {
        "type": "Point",
        "coordinates": [
          2.296498338,
          48.752441205
        ]
      },
      "properties": {
        "name": "Rue des Champs / Rue Paul Langevin",
        "context": "Antony, Hauts-de-Seine",
        "citycode": "92002",
        "depcode": "92"
      }
    },
    {
      "type": "Feature",
      "geometry": {
        "type": "Point",
        "coordinates": [
          2.307382192,
          48.735211642
        ]
      },
      "properties": {
        "name": "Rue des Chardonnerets / Avenue Léon Jouhaux D66",
        "context": "Antony, Hauts-de-Seine",
        "citycode": "92002",
        "depcode": "92"
      }
    },
    {
      "type": "Feature",
      "geometry": {
        "type": "Point",
        "coordinates": [
          2.304559207,
          48.738384894
        ]
      },
      "properties": {
        "name": "Rue des Chardonnerets / Rue des Rabats",
        "context": "Antony, Hauts-de-Seine",
        "citycode": "92002",
        "depcode": "92"
      }
    },
    {
      "type": "Feature",
      "geometry": {
        "type": "Point",
        "coordinates": [
          2.28488746,
          48.739503995
        ]
      },
      "properties": {
        "name": "Rue des Chênes / Rue des Garennes",
        "context": "Antony, Hauts-de-Seine",
        "citycode": "92002",
        "depcode": "92"
      }
    },
    {
      "type": "Feature",
      "geometry": {
        "type": "Point",
        "coordinates": [
          2.279299034,
          48.73704221
        ]
      },
      "properties": {
        "name": "Rue des Chênes / Rue du Clos de Massy",
        "context": "Antony, Hauts-de-Seine",
        "citycode": "92002",
        "depcode": "92"
      }
    },
    {
      "type": "Feature",
      "geometry": {
        "type": "Point",
        "coordinates": [
          2.283245827,
          48.738317547
        ]
      },
      "properties": {
        "name": "Rue des Chênes / Rue du Saule",
        "context": "Antony, Hauts-de-Seine",
        "citycode": "92002",
        "depcode": "92"
      }
    },
    {
      "type": "Feature",
      "geometry": {
        "type": "Point",
        "coordinates": [
          2.287379221,
          48.756403247
        ]
      },
      "properties": {
        "name": "Rue des Coquelicots / Rue des Myosotis",
        "context": "Antony, Hauts-de-Seine",
        "citycode": "92002",
        "depcode": "92"
      }
    },
    {
      "type": "Feature",
      "geometry": {
        "type": "Point",
        "coordinates": [
          2.284581186,
          48.759465448
        ]
      },
      "properties": {
        "name": "Rue des Crocheteurs / La Coulée Verte",
        "context": "Antony, Hauts-de-Seine",
        "citycode": "92002",
        "depcode": "92"
      }
    },
    {
      "type": "Feature",
      "geometry": {
        "type": "Point",
        "coordinates": [
          2.283991077,
          48.759561182
        ]
      },
      "properties": {
        "name": "Rue des Crocheteurs / Rue de la Cité Moderne",
        "context": "Antony, Hauts-de-Seine",
        "citycode": "92002",
        "depcode": "92"
      }
    },
    {
      "type": "Feature",
      "geometry": {
        "type": "Point",
        "coordinates": [
          2.28909479,
          48.758871776
        ]
      },
      "properties": {
        "name": "Rue des Crocheteurs / Rue Émile Glay",
        "context": "Antony, Hauts-de-Seine",
        "citycode": "92002",
        "depcode": "92"
      }
    },
    {
      "type": "Feature",
      "geometry": {
        "type": "Point",
        "coordinates": [
          2.285891831,
          48.759256958
        ]
      },
      "properties": {
        "name": "Rue des Crocheteurs / Rue Émile Lévêque",
        "context": "Antony, Hauts-de-Seine",
        "citycode": "92002",
        "depcode": "92"
      }
    },
    {
      "type": "Feature",
      "geometry": {
        "type": "Point",
        "coordinates": [
          2.286730632,
          48.75918091
        ]
      },
      "properties": {
        "name": "Rue des Crocheteurs / Rue Jeanne Meurdra",
        "context": "Antony, Hauts-de-Seine",
        "citycode": "92002",
        "depcode": "92"
      }
    },
    {
      "type": "Feature",
      "geometry": {
        "type": "Point",
        "coordinates": [
          2.287237836,
          48.739317889
        ]
      },
      "properties": {
        "name": "Rue des Garennes / Chemin Latéral",
        "context": "Antony, Hauts-de-Seine",
        "citycode": "92002",
        "depcode": "92"
      }
    },
    {
      "type": "Feature",
      "geometry": {
        "type": "Point",
        "coordinates": [
          2.288358651,
          48.739343003
        ]
      },
      "properties": {
        "name": "Rue des Garennes / Place des Baconnets",
        "context": "Antony, Hauts-de-Seine",
        "citycode": "92002",
        "depcode": "92"
      }
    },
    {
      "type": "Feature",
      "geometry": {
        "type": "Point",
        "coordinates": [
          2.285003789,
          48.739575729
        ]
      },
      "properties": {
        "name": "Rue des Garennes / Rue des Jardinets",
        "context": "Antony, Hauts-de-Seine",
        "citycode": "92002",
        "depcode": "92"
      }
    },
    {
      "type": "Feature",
      "geometry": {
        "type": "Point",
        "coordinates": [
          2.279847611,
          48.738889492
        ]
      },
      "properties": {
        "name": "Rue des Glaises / Allée des Charmes",
        "context": "Antony, Hauts-de-Seine",
        "citycode": "92002",
        "depcode": "92"
      }
    },
    {
      "type": "Feature",
      "geometry": {
        "type": "Point",
        "coordinates": [
          2.279208524,
          48.738677263
        ]
      },
      "properties": {
        "name": "Rue des Glaises / Rue des Acacias",
        "context": "Antony, Hauts-de-Seine",
        "citycode": "92002",
        "depcode": "92"
      }
    },
    {
      "type": "Feature",
      "geometry": {
        "type": "Point",
        "coordinates": [
          2.283754953,
          48.740272105
        ]
      },
      "properties": {
        "name": "Rue des Glaises / Rue des Garennes",
        "context": "Antony, Hauts-de-Seine",
        "citycode": "92002",
        "depcode": "92"
      }
    },
    {
      "type": "Feature",
      "geometry": {
        "type": "Point",
        "coordinates": [
          2.27731027,
          48.737726884
        ]
      },
      "properties": {
        "name": "Rue des Glaises / Rue des Lilas",
        "context": "Antony, Hauts-de-Seine",
        "citycode": "92002",
        "depcode": "92"
      }
    },
    {
      "type": "Feature",
      "geometry": {
        "type": "Point",
        "coordinates": [
          2.28197974,
          48.739689091
        ]
      },
      "properties": {
        "name": "Rue des Glaises / Rue du Saule",
        "context": "Antony, Hauts-de-Seine",
        "citycode": "92002",
        "depcode": "92"
      }
    },
    {
      "type": "Feature",
      "geometry": {
        "type": "Point",
        "coordinates": [
          2.294451361,
          48.759594133
        ]
      },
      "properties": {
        "name": "Rue des Glycines / Rue des Marguerites",
        "context": "Antony, Hauts-de-Seine",
        "citycode": "92002",
        "depcode": "92"
      }
    },
    {
      "type": "Feature",
      "geometry": {
        "type": "Point",
        "coordinates": [
          2.292145375,
          48.754340191
        ]
      },
      "properties": {
        "name": "Rue des Gouttières / Avenue du Bois de Verrières C6",
        "context": "Antony, Hauts-de-Seine",
        "citycode": "92002",
        "depcode": "92"
      }
    },
    {
      "type": "Feature",
      "geometry": {
        "type": "Point",
        "coordinates": [
          2.291162014,
          48.756498942
        ]
      },
      "properties": {
        "name": "Rue des Gouttières / Résidence Antony-Châtenay",
        "context": "Antony, Hauts-de-Seine",
        "citycode": "92002",
        "depcode": "92"
      }
    },
    {
      "type": "Feature",
      "geometry": {
        "type": "Point",
        "coordinates": [
          2.291420063,
          48.755568801
        ]
      },
      "properties": {
        "name": "Rue des Gouttières / Rue des Anémones",
        "context": "Antony, Hauts-de-Seine",
        "citycode": "92002",
        "depcode": "92"
      }
    },
    {
      "type": "Feature",
      "geometry": {
        "type": "Point",
        "coordinates": [
          2.291021674,
          48.756557176
        ]
      },
      "properties": {
        "name": "Rue des Gouttières / Rue des Jasmins",
        "context": "Antony, Hauts-de-Seine",
        "citycode": "92002",
        "depcode": "92"
      }
    },
    {
      "type": "Feature",
      "geometry": {
        "type": "Point",
        "coordinates": [
          2.279898346,
          48.75697799
        ]
      },
      "properties": {
        "name": "Rue des Graviers / Avenue du Bois de Verrières",
        "context": "Antony, Hauts-de-Seine",
        "citycode": "92002",
        "depcode": "92"
      }
    },
    {
      "type": "Feature",
      "geometry": {
        "type": "Point",
        "coordinates": [
          2.286528133,
          48.755531443
        ]
      },
      "properties": {
        "name": "Rue des Grouettes / Avenue du Bois de Verrières C6",
        "context": "Antony, Hauts-de-Seine",
        "citycode": "92002",
        "depcode": "92"
      }
    },
    {
      "type": "Feature",
      "geometry": {
        "type": "Point",
        "coordinates": [
          2.286719542,
          48.756764504
        ]
      },
      "properties": {
        "name": "Rue des Grouettes / Rue des Coquelicots",
        "context": "Antony, Hauts-de-Seine",
        "citycode": "92002",
        "depcode": "92"
      }
    },
    {
      "type": "Feature",
      "geometry": {
        "type": "Point",
        "coordinates": [
          2.286927474,
          48.75791772
        ]
      },
      "properties": {
        "name": "Rue des Grouettes / Rue Émile Glay",
        "context": "Antony, Hauts-de-Seine",
        "citycode": "92002",
        "depcode": "92"
      }
    },
    {
      "type": "Feature",
      "geometry": {
        "type": "Point",
        "coordinates": [
          2.286530464,
          48.755520504
        ]
      },
      "properties": {
        "name": "Rue des Grouettes / Rue Julien Perin",
        "context": "Antony, Hauts-de-Seine",
        "citycode": "92002",
        "depcode": "92"
      }
    },
    {
      "type": "Feature",
      "geometry": {
        "type": "Point",
        "coordinates": [
          2.286913027,
          48.757914635
        ]
      },
      "properties": {
        "name": "Rue des Grouettes / Rue Marguerite Chaumeny",
        "context": "Antony, Hauts-de-Seine",
        "citycode": "92002",
        "depcode": "92"
      }
    },
    {
      "type": "Feature",
      "geometry": {
        "type": "Point",
        "coordinates": [
          2.283987172,
          48.735479565
        ]
      },
      "properties": {
        "name": "Rue des Hautes Berges / Rue des Sorrières",
        "context": "Antony, Hauts-de-Seine",
        "citycode": "92002",
        "depcode": "92"
      }
    },
    {
      "type": "Feature",
      "geometry": {
        "type": "Point",
        "coordinates": [
          2.286443631,
          48.748778975
        ]
      },
      "properties": {
        "name": "Rue des Hautes Bièvres / Allée du Paradis",
        "context": "Antony, Hauts-de-Seine",
        "citycode": "92002",
        "depcode": "92"
      }
    },
    {
      "type": "Feature",
      "geometry": {
        "type": "Point",
        "coordinates": [
          2.286578987,
          48.748818786
        ]
      },
      "properties": {
        "name": "Rue des Hautes Bièvres / Avenue François Molé VC2",
        "context": "Antony, Hauts-de-Seine",
        "citycode": "92002",
        "depcode": "92"
      }
    },
    {
      "type": "Feature",
      "geometry": {
        "type": "Point",
        "coordinates": [
          2.286531277,
          48.748789646
        ]
      },
      "properties": {
        "name": "Rue des Hautes Bièvres / Rue de la Tour d'Argent",
        "context": "Antony, Hauts-de-Seine",
        "citycode": "92002",
        "depcode": "92"
      }
    },
    {
      "type": "Feature",
      "geometry": {
        "type": "Point",
        "coordinates": [
          2.291815641,
          48.750110781
        ]
      },
      "properties": {
        "name": "Rue des Hautes Bièvres / Rue des Sources",
        "context": "Antony, Hauts-de-Seine",
        "citycode": "92002",
        "depcode": "92"
      }
    },
    {
      "type": "Feature",
      "geometry": {
        "type": "Point",
        "coordinates": [
          2.310636995,
          48.751310973
        ]
      },
      "properties": {
        "name": "Rue des Hortensias / Avenue Jules Ferry",
        "context": "Antony, Hauts-de-Seine",
        "citycode": "92002",
        "depcode": "92"
      }
    },
    {
      "type": "Feature",
      "geometry": {
        "type": "Point",
        "coordinates": [
          2.311143693,
          48.751048379
        ]
      },
      "properties": {
        "name": "Rue des Hortensias / Rue Ampère",
        "context": "Antony, Hauts-de-Seine",
        "citycode": "92002",
        "depcode": "92"
      }
    },
    {
      "type": "Feature",
      "geometry": {
        "type": "Point",
        "coordinates": [
          2.309913846,
          48.751702517
        ]
      },
      "properties": {
        "name": "Rue des Hortensias / Rue des Œillets",
        "context": "Antony, Hauts-de-Seine",
        "citycode": "92002",
        "depcode": "92"
      }
    },
    {
      "type": "Feature",
      "geometry": {
        "type": "Point",
        "coordinates": [
          2.311620493,
          48.750802424
        ]
      },
      "properties": {
        "name": "Rue des Hortensias / Rue des Pivoines",
        "context": "Antony, Hauts-de-Seine",
        "citycode": "92002",
        "depcode": "92"
      }
    },
    {
      "type": "Feature",
      "geometry": {
        "type": "Point",
        "coordinates": [
          2.306009626,
          48.75208108
        ]
      },
      "properties": {
        "name": "Rue des Iris / Allée d'Orléans",
        "context": "Antony, Hauts-de-Seine",
        "citycode": "92002",
        "depcode": "92"
      }
    },
    {
      "type": "Feature",
      "geometry": {
        "type": "Point",
        "coordinates": [
          2.307395682,
          48.751867294
        ]
      },
      "properties": {
        "name": "Rue des Iris / Avenue Rabelais",
        "context": "Antony, Hauts-de-Seine",
        "citycode": "92002",
        "depcode": "92"
      }
    },
    {
      "type": "Feature",
      "geometry": {
        "type": "Point",
        "coordinates": [
          2.306024576,
          48.75211551
        ]
      },
      "properties": {
        "name": "Rue des Iris / La Bièvre",
        "context": "Antony, Hauts-de-Seine",
        "citycode": "92002",
        "depcode": "92"
      }
    },
    {
      "type": "Feature",
      "geometry": {
        "type": "Point",
        "coordinates": [
          2.306720691,
          48.753094357
        ]
      },
      "properties": {
        "name": "Rue des Iris / Rue Jean Moulin D67",
        "context": "Antony, Hauts-de-Seine",
        "citycode": "92002",
        "depcode": "92"
      }
    },
    {
      "type": "Feature",
      "geometry": {
        "type": "Point",
        "coordinates": [
          2.306727366,
          48.753104005
        ]
      },
      "properties": {
        "name": "Rue des Iris / Rue René Barthélémy",
        "context": "Antony, Hauts-de-Seine",
        "citycode": "92002",
        "depcode": "92"
      }
    },
    {
      "type": "Feature",
      "geometry": {
        "type": "Point",
        "coordinates": [
          2.283855108,
          48.74131786
        ]
      },
      "properties": {
        "name": "Rue des Jardinets / Rue Adolphe Pajeaud D67A",
        "context": "Antony, Hauts-de-Seine",
        "citycode": "92002",
        "depcode": "92"
      }
    },
    {
      "type": "Feature",
      "geometry": {
        "type": "Point",
        "coordinates": [
          2.2848838,
          48.739583385
        ]
      },
      "properties": {
        "name": "Rue des Jardinets / Rue des Garennes",
        "context": "Antony, Hauts-de-Seine",
        "citycode": "92002",
        "depcode": "92"
      }
    },
    {
      "type": "Feature",
      "geometry": {
        "type": "Point",
        "coordinates": [
          2.290058139,
          48.75638286
        ]
      },
      "properties": {
        "name": "Rue des Jasmins / Rue des Glaieuls",
        "context": "Antony, Hauts-de-Seine",
        "citycode": "92002",
        "depcode": "92"
      }
    },
    {
      "type": "Feature",
      "geometry": {
        "type": "Point",
        "coordinates": [
          2.289125007,
          48.756211087
        ]
      },
      "properties": {
        "name": "Rue des Jasmins / Rue des Liserons",
        "context": "Antony, Hauts-de-Seine",
        "citycode": "92002",
        "depcode": "92"
      }
    },
    {
      "type": "Feature",
      "geometry": {
        "type": "Point",
        "coordinates": [
          2.289136946,
          48.756210762
        ]
      },
      "properties": {
        "name": "Rue des Jasmins / Rue des Mimosas",
        "context": "Antony, Hauts-de-Seine",
        "citycode": "92002",
        "depcode": "92"
      }
    },
    {
      "type": "Feature",
      "geometry": {
        "type": "Point",
        "coordinates": [
          2.276399565,
          48.738682572
        ]
      },
      "properties": {
        "name": "Rue des Lilas / Rue Adolphe Pajeaud D67A",
        "context": "Antony, Hauts-de-Seine",
        "citycode": "92002",
        "depcode": "92"
      }
    },
    {
      "type": "Feature",
      "geometry": {
        "type": "Point",
        "coordinates": [
          2.288233651,
          48.755977778
        ]
      },
      "properties": {
        "name": "Rue des Liserons / Rue des Coquelicots",
        "context": "Antony, Hauts-de-Seine",
        "citycode": "92002",
        "depcode": "92"
      }
    },
    {
      "type": "Feature",
      "geometry": {
        "type": "Point",
        "coordinates": [
          2.305080336,
          48.734135115
        ]
      },
      "properties": {
        "name": "Rue des Marchais / Impasse d'Aulnay",
        "context": "Antony, Hauts-de-Seine",
        "citycode": "92002",
        "depcode": "92"
      }
    },
    {
      "type": "Feature",
      "geometry": {
        "type": "Point",
        "coordinates": [
          2.294546415,
          48.760539696
        ]
      },
      "properties": {
        "name": "Rue des Marguerites / Avenue du Général de Gaulle D986",
        "context": "Antony, Hauts-de-Seine",
        "citycode": "92002",
        "depcode": "92"
      }
    },
    {
      "type": "Feature",
      "geometry": {
        "type": "Point",
        "coordinates": [
          2.297867754,
          48.756462003
        ]
      },
      "properties": {
        "name": "Rue des Marguerites / Avenue Léon Blum",
        "context": "Antony, Hauts-de-Seine",
        "citycode": "92002",
        "depcode": "92"
      }
    },
    {
      "type": "Feature",
      "geometry": {
        "type": "Point",
        "coordinates": [
          2.297865211,
          48.756508413
        ]
      },
      "properties": {
        "name": "Rue des Marguerites / Rue de l'Espérance",
        "context": "Antony, Hauts-de-Seine",
        "citycode": "92002",
        "depcode": "92"
      }
    },
    {
      "type": "Feature",
      "geometry": {
        "type": "Point",
        "coordinates": [
          2.289670783,
          48.754695105
        ]
      },
      "properties": {
        "name": "Rue des Mimosas / Avenue du Bois de Verrières C6",
        "context": "Antony, Hauts-de-Seine",
        "citycode": "92002",
        "depcode": "92"
      }
    },
    {
      "type": "Feature",
      "geometry": {
        "type": "Point",
        "coordinates": [
          2.289378853,
          48.755568604
        ]
      },
      "properties": {
        "name": "Rue des Mimosas / Rue des Anémones",
        "context": "Antony, Hauts-de-Seine",
        "citycode": "92002",
        "depcode": "92"
      }
    },
    {
      "type": "Feature",
      "geometry": {
        "type": "Point",
        "coordinates": [
          2.289098243,
          48.756206405
        ]
      },
      "properties": {
        "name": "Rue des Mimosas / Rue des Liserons",
        "context": "Antony, Hauts-de-Seine",
        "citycode": "92002",
        "depcode": "92"
      }
    },
    {
      "type": "Feature",
      "geometry": {
        "type": "Point",
        "coordinates": [
          2.287254869,
          48.757982065
        ]
      },
      "properties": {
        "name": "Rue des Mimosas / Rue Émile Glay",
        "context": "Antony, Hauts-de-Seine",
        "citycode": "92002",
        "depcode": "92"
      }
    },
    {
      "type": "Feature",
      "geometry": {
        "type": "Point",
        "coordinates": [
          2.306241232,
          48.760338053
        ]
      },
      "properties": {
        "name": "Rue des Morteaux / Allée François Masart",
        "context": "Antony, Hauts-de-Seine",
        "citycode": "92002",
        "depcode": "92"
      }
    },
    {
      "type": "Feature",
      "geometry": {
        "type": "Point",
        "coordinates": [
          2.3053749,
          48.760768686
        ]
      },
      "properties": {
        "name": "Rue des Morteaux / Impasse Curie",
        "context": "Antony, Hauts-de-Seine",
        "citycode": "92002",
        "depcode": "92"
      }
    },
    {
      "type": "Feature",
      "geometry": {
        "type": "Point",
        "coordinates": [
          2.306613699,
          48.76020293
        ]
      },
      "properties": {
        "name": "Rue des Morteaux / Impasse des Morteaux",
        "context": "Antony, Hauts-de-Seine",
        "citycode": "92002",
        "depcode": "92"
      }
    },
    {
      "type": "Feature",
      "geometry": {
        "type": "Point",
        "coordinates": [
          2.305081427,
          48.760882766
        ]
      },
      "properties": {
        "name": "Rue des Morteaux / Ru des Morteaux",
        "context": "Antony, Hauts-de-Seine",
        "citycode": "92002",
        "depcode": "92"
      }
    },
    {
      "type": "Feature",
      "geometry": {
        "type": "Point",
        "coordinates": [
          2.300933419,
          48.742600984
        ]
      },
      "properties": {
        "name": "Rue des Mûres / Allée du Clos des Mûres",
        "context": "Antony, Hauts-de-Seine",
        "citycode": "92002",
        "depcode": "92"
      }
    },
    {
      "type": "Feature",
      "geometry": {
        "type": "Point",
        "coordinates": [
          2.300296357,
          48.742282844
        ]
      },
      "properties": {
        "name": "Rue des Mûres / Allée Fantin Latour",
        "context": "Antony, Hauts-de-Seine",
        "citycode": "92002",
        "depcode": "92"
      }
    },
    {
      "type": "Feature",
      "geometry": {
        "type": "Point",
        "coordinates": [
          2.302992384,
          48.743482649
        ]
      },
      "properties": {
        "name": "Rue des Mûres / Avenue de la Division Leclerc D920",
        "context": "Antony, Hauts-de-Seine",
        "citycode": "92002",
        "depcode": "92"
      }
    },
    {
      "type": "Feature",
      "geometry": {
        "type": "Point",
        "coordinates": [
          2.299264151,
          48.741699846
        ]
      },
      "properties": {
        "name": "Rue des Mûres / Rue Louis",
        "context": "Antony, Hauts-de-Seine",
        "citycode": "92002",
        "depcode": "92"
      }
    },
    {
      "type": "Feature",
      "geometry": {
        "type": "Point",
        "coordinates": [
          2.297980212,
          48.740779433
        ]
      },
      "properties": {
        "name": "Rue des Mûres / Rue Mirabeau",
        "context": "Antony, Hauts-de-Seine",
        "citycode": "92002",
        "depcode": "92"
      }
    },
    {
      "type": "Feature",
      "geometry": {
        "type": "Point",
        "coordinates": [
          2.301227548,
          48.742740756
        ]
      },
      "properties": {
        "name": "Rue des Mûres / Villa des Plantes",
        "context": "Antony, Hauts-de-Seine",
        "citycode": "92002",
        "depcode": "92"
      }
    },
    {
      "type": "Feature",
      "geometry": {
        "type": "Point",
        "coordinates": [
          2.295422846,
          48.759738212
        ]
      },
      "properties": {
        "name": "Rue des Muses / Provisoire Travaux",
        "context": "Antony, Hauts-de-Seine",
        "citycode": "92002",
        "depcode": "92"
      }
    },
    {
      "type": "Feature",
      "geometry": {
        "type": "Point",
        "coordinates": [
          2.306064445,
          48.733625218
        ]
      },
      "properties": {
        "name": "Rue des Nations-Unies / Avenue de l'Europe",
        "context": "Antony, Hauts-de-Seine",
        "citycode": "92002",
        "depcode": "92"
      }
    },
    {
      "type": "Feature",
      "geometry": {
        "type": "Point",
        "coordinates": [
          2.305863684,
          48.734212034
        ]
      },
      "properties": {
        "name": "Rue des Nations-Unies / Rue des Marchais",
        "context": "Antony, Hauts-de-Seine",
        "citycode": "92002",
        "depcode": "92"
      }
    },
    {
      "type": "Feature",
      "geometry": {
        "type": "Point",
        "coordinates": [
          2.290065963,
          48.741038534
        ]
      },
      "properties": {
        "name": "Rue des Pâquerettes / Rue Pierre Vermeir",
        "context": "Antony, Hauts-de-Seine",
        "citycode": "92002",
        "depcode": "92"
      }
    },
    {
      "type": "Feature",
      "geometry": {
        "type": "Point",
        "coordinates": [
          2.305320951,
          48.737062914
        ]
      },
      "properties": {
        "name": "Rue des Pinsons / Impasse des Alouettes",
        "context": "Antony, Hauts-de-Seine",
        "citycode": "92002",
        "depcode": "92"
      }
    },
    {
      "type": "Feature",
      "geometry": {
        "type": "Point",
        "coordinates": [
          2.311605844,
          48.75078112
        ]
      },
      "properties": {
        "name": "Rue des Pivoines / Rue des Hortensias",
        "context": "Antony, Hauts-de-Seine",
        "citycode": "92002",
        "depcode": "92"
      }
    },
    {
      "type": "Feature",
      "geometry": {
        "type": "Point",
        "coordinates": [
          2.294457009,
          48.759870012
        ]
      },
      "properties": {
        "name": "Rue des Poètes / Rue des Marguerites",
        "context": "Antony, Hauts-de-Seine",
        "citycode": "92002",
        "depcode": "92"
      }
    },
    {
      "type": "Feature",
      "geometry": {
        "type": "Point",
        "coordinates": [
          2.295267903,
          48.760024865
        ]
      },
      "properties": {
        "name": "Rue des Poètes / Rue des Muses",
        "context": "Antony, Hauts-de-Seine",
        "citycode": "92002",
        "depcode": "92"
      }
    },
    {
      "type": "Feature",
      "geometry": {
        "type": "Point",
        "coordinates": [
          2.301324291,
          48.75015717
        ]
      },
      "properties": {
        "name": "Rue des Prés / Rue Henri Barbusse",
        "context": "Antony, Hauts-de-Seine",
        "citycode": "92002",
        "depcode": "92"
      }
    },
    {
      "type": "Feature",
      "geometry": {
        "type": "Point",
        "coordinates": [
          2.298322095,
          48.750465524
        ]
      },
      "properties": {
        "name": "Rue des Quatre Cadrans / Rue du Clos de l'Abbaye",
        "context": "Antony, Hauts-de-Seine",
        "citycode": "92002",
        "depcode": "92"
      }
    },
    {
      "type": "Feature",
      "geometry": {
        "type": "Point",
        "coordinates": [
          2.297303124,
          48.750384357
        ]
      },
      "properties": {
        "name": "Rue des Quatre Cadrans / Rue Fondouze",
        "context": "Antony, Hauts-de-Seine",
        "citycode": "92002",
        "depcode": "92"
      }
    },
    {
      "type": "Feature",
      "geometry": {
        "type": "Point",
        "coordinates": [
          2.31421134,
          48.745981032
        ]
      },
      "properties": {
        "name": "Rue des Rabats / Avenue Armand Guillebaud D67A",
        "context": "Antony, Hauts-de-Seine",
        "citycode": "92002",
        "depcode": "92"
      }
    },
    {
      "type": "Feature",
      "geometry": {
        "type": "Point",
        "coordinates": [
          2.307288709,
          48.741222191
        ]
      },
      "properties": {
        "name": "Rue des Rabats / Impasse Stendhal",
        "context": "Antony, Hauts-de-Seine",
        "citycode": "92002",
        "depcode": "92"
      }
    },
    {
      "type": "Feature",
      "geometry": {
        "type": "Point",
        "coordinates": [
          2.314191473,
          48.745980808
        ]
      },
      "properties": {
        "name": "Rue des Rabats / Rue Chateaubriand",
        "context": "Antony, Hauts-de-Seine",
        "citycode": "92002",
        "depcode": "92"
      }
    },
    {
      "type": "Feature",
      "geometry": {
        "type": "Point",
        "coordinates": [
          2.3142127,
          48.74602335
        ]
      },
      "properties": {
        "name": "Rue des Rabats / Rue Maurice Utrillo",
        "context": "Antony, Hauts-de-Seine",
        "citycode": "92002",
        "depcode": "92"
      }
    },
    {
      "type": "Feature",
      "geometry": {
        "type": "Point",
        "coordinates": [
          2.305970183,
          48.739836559
        ]
      },
      "properties": {
        "name": "Rue des Rabats / Square Alexandre Fleming",
        "context": "Antony, Hauts-de-Seine",
        "citycode": "92002",
        "depcode": "92"
      }
    },
    {
      "type": "Feature",
      "geometry": {
        "type": "Point",
        "coordinates": [
          2.287056614,
          48.742723642
        ]
      },
      "properties": {
        "name": "Rue des Roses / Rue Adolphe Pajeaud D67A",
        "context": "Antony, Hauts-de-Seine",
        "citycode": "92002",
        "depcode": "92"
      }
    },
    {
      "type": "Feature",
      "geometry": {
        "type": "Point",
        "coordinates": [
          2.288984689,
          48.74064357
        ]
      },
      "properties": {
        "name": "Rue des Roses / Rue Pierre Vermeir",
        "context": "Antony, Hauts-de-Seine",
        "citycode": "92002",
        "depcode": "92"
      }
    },
    {
      "type": "Feature",
      "geometry": {
        "type": "Point",
        "coordinates": [
          2.280336838,
          48.734392677
        ]
      },
      "properties": {
        "name": "Rue des Sorrières / Rue Alexandre Ribot",
        "context": "Antony, Hauts-de-Seine",
        "citycode": "92002",
        "depcode": "92"
      }
    },
    {
      "type": "Feature",
      "geometry": {
        "type": "Point",
        "coordinates": [
          2.278924741,
          48.733933377
        ]
      },
      "properties": {
        "name": "Rue des Sorrières / Rue André Chénier",
        "context": "Antony, Hauts-de-Seine",
        "citycode": "92002",
        "depcode": "92"
      }
    },
    {
      "type": "Feature",
      "geometry": {
        "type": "Point",
        "coordinates": [
          2.278919072,
          48.733926425
        ]
      },
      "properties": {
        "name": "Rue des Sorrières / Rue Mangeon",
        "context": "Antony, Hauts-de-Seine",
        "citycode": "92002",
        "depcode": "92"
      }
    },
    {
      "type": "Feature",
      "geometry": {
        "type": "Point",
        "coordinates": [
          2.289738389,
          48.751288302
        ]
      },
      "properties": {
        "name": "Rue des Sources / Avenue François Molé C2",
        "context": "Antony, Hauts-de-Seine",
        "citycode": "92002",
        "depcode": "92"
      }
    },
    {
      "type": "Feature",
      "geometry": {
        "type": "Point",
        "coordinates": [
          2.291914917,
          48.750105514
        ]
      },
      "properties": {
        "name": "Rue des Sources / Rue des Hautes Bièvres",
        "context": "Antony, Hauts-de-Seine",
        "citycode": "92002",
        "depcode": "92"
      }
    },
    {
      "type": "Feature",
      "geometry": {
        "type": "Point",
        "coordinates": [
          2.286824489,
          48.752348236
        ]
      },
      "properties": {
        "name": "Rue des Sources / Rue du Colonel Fabien VC3",
        "context": "Antony, Hauts-de-Seine",
        "citycode": "92002",
        "depcode": "92"
      }
    },
    {
      "type": "Feature",
      "geometry": {
        "type": "Point",
        "coordinates": [
          2.293040429,
          48.749926062
        ]
      },
      "properties": {
        "name": "Rue des Sources / Rue du Jubilé",
        "context": "Antony, Hauts-de-Seine",
        "citycode": "92002",
        "depcode": "92"
      }
    },
    {
      "type": "Feature",
      "geometry": {
        "type": "Point",
        "coordinates": [
          2.294182193,
          48.749235521
        ]
      },
      "properties": {
        "name": "Rue des Sources / Rue du Moulin",
        "context": "Antony, Hauts-de-Seine",
        "citycode": "92002",
        "depcode": "92"
      }
    },
    {
      "type": "Feature",
      "geometry": {
        "type": "Point",
        "coordinates": [
          2.294183687,
          48.749219593
        ]
      },
      "properties": {
        "name": "Rue des Sources / Rue Prosper Legouté",
        "context": "Antony, Hauts-de-Seine",
        "citycode": "92002",
        "depcode": "92"
      }
    },
    {
      "type": "Feature",
      "geometry": {
        "type": "Point",
        "coordinates": [
          2.292951549,
          48.749887031
        ]
      },
      "properties": {
        "name": "Rue des Sources / Rue Roger Salengro",
        "context": "Antony, Hauts-de-Seine",
        "citycode": "92002",
        "depcode": "92"
      }
    },
    {
      "type": "Feature",
      "geometry": {
        "type": "Point",
        "coordinates": [
          2.284765654,
          48.755757554
        ]
      },
      "properties": {
        "name": "Rue des Sources Prolongée / Avenue du Bois de Verrières VC6",
        "context": "Antony, Hauts-de-Seine",
        "citycode": "92002",
        "depcode": "92"
      }
    },
    {
      "type": "Feature",
      "geometry": {
        "type": "Point",
        "coordinates": [
          2.283741214,
          48.753553425
        ]
      },
      "properties": {
        "name": "Rue des Sources Prolongée / Impasse des Sources",
        "context": "Antony, Hauts-de-Seine",
        "citycode": "92002",
        "depcode": "92"
      }
    },
    {
      "type": "Feature",
      "geometry": {
        "type": "Point",
        "coordinates": [
          2.284116045,
          48.75456341
        ]
      },
      "properties": {
        "name": "Rue des Sources Prolongée / La Coulée Verte",
        "context": "Antony, Hauts-de-Seine",
        "citycode": "92002",
        "depcode": "92"
      }
    },
    {
      "type": "Feature",
      "geometry": {
        "type": "Point",
        "coordinates": [
          2.284601159,
          48.755418338
        ]
      },
      "properties": {
        "name": "Rue des Sources Prolongée / Rue de la Station",
        "context": "Antony, Hauts-de-Seine",
        "citycode": "92002",
        "depcode": "92"
      }
    },
    {
      "type": "Feature",
      "geometry": {
        "type": "Point",
        "coordinates": [
          2.286094194,
          48.752336217
        ]
      },
      "properties": {
        "name": "Rue des Sources Prolongée / Rue du Colonel Fabien VC3",
        "context": "Antony, Hauts-de-Seine",
        "citycode": "92002",
        "depcode": "92"
      }
    },
    {
      "type": "Feature",
      "geometry": {
        "type": "Point",
        "coordinates": [
          2.284769268,
          48.755762606
        ]
      },
      "properties": {
        "name": "Rue des Sources Prolongée / Rue Émile Lévêque",
        "context": "Antony, Hauts-de-Seine",
        "citycode": "92002",
        "depcode": "92"
      }
    },
    {
      "type": "Feature",
      "geometry": {
        "type": "Point",
        "coordinates": [
          2.28489879,
          48.753014582
        ]
      },
      "properties": {
        "name": "Rue des Sources Prolongée / Rue Julien Perin",
        "context": "Antony, Hauts-de-Seine",
        "citycode": "92002",
        "depcode": "92"
      }
    },
    {
      "type": "Feature",
      "geometry": {
        "type": "Point",
        "coordinates": [
          2.293337193,
          48.739915428
        ]
      },
      "properties": {
        "name": "Rue des Tilleuls / Rue de la Vallée des Saubergeaux",
        "context": "Antony, Hauts-de-Seine",
        "citycode": "92002",
        "depcode": "92"
      }
    },
    {
      "type": "Feature",
      "geometry": {
        "type": "Point",
        "coordinates": [
          2.292666099,
          48.76013572
        ]
      },
      "properties": {
        "name": "Rue des Violettes / Promenade des Violettes",
        "context": "Antony, Hauts-de-Seine",
        "citycode": "92002",
        "depcode": "92"
      }
    },
    {
      "type": "Feature",
      "geometry": {
        "type": "Point",
        "coordinates": [
          2.294381219,
          48.760225756
        ]
      },
      "properties": {
        "name": "Rue des Violettes / Rue des Marguerites",
        "context": "Antony, Hauts-de-Seine",
        "citycode": "92002",
        "depcode": "92"
      }
    },
    {
      "type": "Feature",
      "geometry": {
        "type": "Point",
        "coordinates": [
          2.311276032,
          48.753696785
        ]
      },
      "properties": {
        "name": "Rue du Capricorne / Boulevard Jean Jaurès D267",
        "context": "Antony, Hauts-de-Seine",
        "citycode": "92002",
        "depcode": "92"
      }
    },
    {
      "type": "Feature",
      "geometry": {
        "type": "Point",
        "coordinates": [
          2.311157078,
          48.754042743
        ]
      },
      "properties": {
        "name": "Rue du Capricorne / Rue Louis",
        "context": "Antony, Hauts-de-Seine",
        "citycode": "92002",
        "depcode": "92"
      }
    },
    {
      "type": "Feature",
      "geometry": {
        "type": "Point",
        "coordinates": [
          2.311102861,
          48.75410295
        ]
      },
      "properties": {
        "name": "Rue du Capricorne / Ruisseau de Rungis",
        "context": "Antony, Hauts-de-Seine",
        "citycode": "92002",
        "depcode": "92"
      }
    },
    {
      "type": "Feature",
      "geometry": {
        "type": "Point",
        "coordinates": [
          2.310895068,
          48.747488725
        ]
      },
      "properties": {
        "name": "Rue du Chemin de Fer / Avenue Armand Guillebaud D67A",
        "context": "Antony, Hauts-de-Seine",
        "citycode": "92002",
        "depcode": "92"
      }
    },
    {
      "type": "Feature",
      "geometry": {
        "type": "Point",
        "coordinates": [
          2.303216064,
          48.743870629
        ]
      },
      "properties": {
        "name": "Rue du Chemin de Fer / Avenue de la Division Leclerc D920",
        "context": "Antony, Hauts-de-Seine",
        "citycode": "92002",
        "depcode": "92"
      }
    },
    {
      "type": "Feature",
      "geometry": {
        "type": "Point",
        "coordinates": [
          2.309859874,
          48.747324723
        ]
      },
      "properties": {
        "name": "Rue du Chemin de Fer / Boulevard Colbert",
        "context": "Antony, Hauts-de-Seine",
        "citycode": "92002",
        "depcode": "92"
      }
    },
    {
      "type": "Feature",
      "geometry": {
        "type": "Point",
        "coordinates": [
          2.30961801,
          48.747335265
        ]
      },
      "properties": {
        "name": "Rue du Chemin de Fer / Passage du Beau Vallon",
        "context": "Antony, Hauts-de-Seine",
        "citycode": "92002",
        "depcode": "92"
      }
    },
    {
      "type": "Feature",
      "geometry": {
        "type": "Point",
        "coordinates": [
          2.311147686,
          48.747361986
        ]
      },
      "properties": {
        "name": "Rue du Chemin de Fer / Rue Chateaubriand",
        "context": "Antony, Hauts-de-Seine",
        "citycode": "92002",
        "depcode": "92"
      }
    },
    {
      "type": "Feature",
      "geometry": {
        "type": "Point",
        "coordinates": [
          2.311128792,
          48.747359781
        ]
      },
      "properties": {
        "name": "Rue du Chemin de Fer / Rue Lecommandeur",
        "context": "Antony, Hauts-de-Seine",
        "citycode": "92002",
        "depcode": "92"
      }
    },
    {
      "type": "Feature",
      "geometry": {
        "type": "Point",
        "coordinates": [
          2.304844705,
          48.744486002
        ]
      },
      "properties": {
        "name": "Rue du Chemin de Fer / Rue Thierry",
        "context": "Antony, Hauts-de-Seine",
        "citycode": "92002",
        "depcode": "92"
      }
    },
    {
      "type": "Feature",
      "geometry": {
        "type": "Point",
        "coordinates": [
          2.29719575,
          48.75152979
        ]
      },
      "properties": {
        "name": "Rue du Clos de l'Abbaye / Rue de l'Abbaye",
        "context": "Antony, Hauts-de-Seine",
        "citycode": "92002",
        "depcode": "92"
      }
    },
    {
      "type": "Feature",
      "geometry": {
        "type": "Point",
        "coordinates": [
          2.297185894,
          48.751530497
        ]
      },
      "properties": {
        "name": "Rue du Clos de l'Abbaye / Square de Collegno",
        "context": "Antony, Hauts-de-Seine",
        "citycode": "92002",
        "depcode": "92"
      }
    },
    {
      "type": "Feature",
      "geometry": {
        "type": "Point",
        "coordinates": [
          2.277404057,
          48.739088004
        ]
      },
      "properties": {
        "name": "Rue du Clos de Massy / Rue Adolphe Pajeaud D67A",
        "context": "Antony, Hauts-de-Seine",
        "citycode": "92002",
        "depcode": "92"
      }
    },
    {
      "type": "Feature",
      "geometry": {
        "type": "Point",
        "coordinates": [
          2.27827295,
          48.738196405
        ]
      },
      "properties": {
        "name": "Rue du Clos de Massy / Rue des Glaises",
        "context": "Antony, Hauts-de-Seine",
        "citycode": "92002",
        "depcode": "92"
      }
    },
    {
      "type": "Feature",
      "geometry": {
        "type": "Point",
        "coordinates": [
          2.295695772,
          48.757157157
        ]
      },
      "properties": {
        "name": "Rue du Clos Joli / Rue Robert Doisy",
        "context": "Antony, Hauts-de-Seine",
        "citycode": "92002",
        "depcode": "92"
      }
    },
    {
      "type": "Feature",
      "geometry": {
        "type": "Point",
        "coordinates": [
          2.288394931,
          48.752953432
        ]
      },
      "properties": {
        "name": "Rue du Colonel Fabien VC3 / Allée des Impressionnistes",
        "context": "Antony, Hauts-de-Seine",
        "citycode": "92002",
        "depcode": "92"
      }
    },
    {
      "type": "Feature",
      "geometry": {
        "type": "Point",
        "coordinates": [
          2.290468431,
          48.75447761
        ]
      },
      "properties": {
        "name": "Rue du Colonel Fabien VC3 / Avenue du Bois de Verrières C6",
        "context": "Antony, Hauts-de-Seine",
        "citycode": "92002",
        "depcode": "92"
      }
    },
    {
      "type": "Feature",
      "geometry": {
        "type": "Point",
        "coordinates": [
          2.288866299,
          48.753257102
        ]
      },
      "properties": {
        "name": "Rue du Colonel Fabien VC3 / Impasse des Denises",
        "context": "Antony, Hauts-de-Seine",
        "citycode": "92002",
        "depcode": "92"
      }
    },
    {
      "type": "Feature",
      "geometry": {
        "type": "Point",
        "coordinates": [
          2.282072843,
          48.751386984
        ]
      },
      "properties": {
        "name": "Rue du Colonel Fabien VC3 / La Coulée Verte",
        "context": "Antony, Hauts-de-Seine",
        "citycode": "92002",
        "depcode": "92"
      }
    },
    {
      "type": "Feature",
      "geometry": {
        "type": "Point",
        "coordinates": [
          2.290359741,
          48.754484553
        ]
      },
      "properties": {
        "name": "Rue du Colonel Fabien VC3 / Résidence Pierres et Lumières",
        "context": "Antony, Hauts-de-Seine",
        "citycode": "92002",
        "depcode": "92"
      }
    },
    {
      "type": "Feature",
      "geometry": {
        "type": "Point",
        "coordinates": [
          2.287689329,
          48.752938571
        ]
      },
      "properties": {
        "name": "Rue du Colonel Fabien VC3 / Rue de Venise",
        "context": "Antony, Hauts-de-Seine",
        "citycode": "92002",
        "depcode": "92"
      }
    },
    {
      "type": "Feature",
      "geometry": {
        "type": "Point",
        "coordinates": [
          2.286851034,
          48.75235506
        ]
      },
      "properties": {
        "name": "Rue du Colonel Fabien VC3 / Rue des Sources",
        "context": "Antony, Hauts-de-Seine",
        "citycode": "92002",
        "depcode": "92"
      }
    },
    {
      "type": "Feature",
      "geometry": {
        "type": "Point",
        "coordinates": [
          2.28945739,
          48.753671716
        ]
      },
      "properties": {
        "name": "Rue du Colonel Fabien VC3 / Rue Joseph Bricon",
        "context": "Antony, Hauts-de-Seine",
        "citycode": "92002",
        "depcode": "92"
      }
    },
    {
      "type": "Feature",
      "geometry": {
        "type": "Point",
        "coordinates": [
          2.281269594,
          48.75148289
        ]
      },
      "properties": {
        "name": "Rue du Colonel Fabien / Ruisseau des Godets",
        "context": "Antony, Hauts-de-Seine",
        "citycode": "92002",
        "depcode": "92"
      }
    },
    {
      "type": "Feature",
      "geometry": {
        "type": "Point",
        "coordinates": [
          2.293010241,
          48.744619908
        ]
      },
      "properties": {
        "name": "Rue du Coteau / Rue Adolphe Pajeaud D67A",
        "context": "Antony, Hauts-de-Seine",
        "citycode": "92002",
        "depcode": "92"
      }
    },
    {
      "type": "Feature",
      "geometry": {
        "type": "Point",
        "coordinates": [
          2.282941338,
          48.754383247
        ]
      },
      "properties": {
        "name": "Rue du Docteur Barié / Avenue du Parc de la Noisette",
        "context": "Antony, Hauts-de-Seine",
        "citycode": "92002",
        "depcode": "92"
      }
    },
    {
      "type": "Feature",
      "geometry": {
        "type": "Point",
        "coordinates": [
          2.282996912,
          48.754378256
        ]
      },
      "properties": {
        "name": "Rue du Docteur Barié / Place des Cinq Cèdres",
        "context": "Antony, Hauts-de-Seine",
        "citycode": "92002",
        "depcode": "92"
      }
    },
    {
      "type": "Feature",
      "geometry": {
        "type": "Point",
        "coordinates": [
          2.280903689,
          48.755511533
        ]
      },
      "properties": {
        "name": "Rue du Docteur Barié / Rue Camille Pelletan",
        "context": "Antony, Hauts-de-Seine",
        "citycode": "92002",
        "depcode": "92"
      }
    },
    {
      "type": "Feature",
      "geometry": {
        "type": "Point",
        "coordinates": [
          2.281347857,
          48.75523905
        ]
      },
      "properties": {
        "name": "Rue du Docteur Barié / Rue du Poirier du Gange",
        "context": "Antony, Hauts-de-Seine",
        "citycode": "92002",
        "depcode": "92"
      }
    },
    {
      "type": "Feature",
      "geometry": {
        "type": "Point",
        "coordinates": [
          2.28617704,
          48.742325192
        ]
      },
      "properties": {
        "name": "Rue du Docteur Schweitzer / Rue Adolphe Pajeaud D67A",
        "context": "Antony, Hauts-de-Seine",
        "citycode": "92002",
        "depcode": "92"
      }
    },
    {
      "type": "Feature",
      "geometry": {
        "type": "Point",
        "coordinates": [
          2.288089859,
          48.740409766
        ]
      },
      "properties": {
        "name": "Rue du Docteur Schweitzer / Rue Pierre Vermeir",
        "context": "Antony, Hauts-de-Seine",
        "citycode": "92002",
        "depcode": "92"
      }
    },
    {
      "type": "Feature",
      "geometry": {
        "type": "Point",
        "coordinates": [
          2.302466137,
          48.740810459
        ]
      },
      "properties": {
        "name": "Rue du Jour / Avenue de la Division Leclerc D920",
        "context": "Antony, Hauts-de-Seine",
        "citycode": "92002",
        "depcode": "92"
      }
    },
    {
      "type": "Feature",
      "geometry": {
        "type": "Point",
        "coordinates": [
          2.304185707,
          48.74063794
        ]
      },
      "properties": {
        "name": "Rue du Jour / Rue de la Mutualité",
        "context": "Antony, Hauts-de-Seine",
        "citycode": "92002",
        "depcode": "92"
      }
    },
    {
      "type": "Feature",
      "geometry": {
        "type": "Point",
        "coordinates": [
          2.295934941,
          48.751324386
        ]
      },
      "properties": {
        "name": "Rue du Jubilé / Rue de l'Église",
        "context": "Antony, Hauts-de-Seine",
        "citycode": "92002",
        "depcode": "92"
      }
    },
    {
      "type": "Feature",
      "geometry": {
        "type": "Point",
        "coordinates": [
          2.294482185,
          48.750887427
        ]
      },
      "properties": {
        "name": "Rue du Jubilé / Rue des Augustins",
        "context": "Antony, Hauts-de-Seine",
        "citycode": "92002",
        "depcode": "92"
      }
    },
    {
      "type": "Feature",
      "geometry": {
        "type": "Point",
        "coordinates": [
          2.292960565,
          48.749969856
        ]
      },
      "properties": {
        "name": "Rue du Jubilé / Rue des Sources",
        "context": "Antony, Hauts-de-Seine",
        "citycode": "92002",
        "depcode": "92"
      }
    },
    {
      "type": "Feature",
      "geometry": {
        "type": "Point",
        "coordinates": [
          2.293237262,
          48.750099034
        ]
      },
      "properties": {
        "name": "Rue du Jubilé / Rue Marie-Laure",
        "context": "Antony, Hauts-de-Seine",
        "citycode": "92002",
        "depcode": "92"
      }
    },
    {
      "type": "Feature",
      "geometry": {
        "type": "Point",
        "coordinates": [
          2.295876801,
          48.751332734
        ]
      },
      "properties": {
        "name": "Rue du Jubilé / Rue Pierre et Marie Curie",
        "context": "Antony, Hauts-de-Seine",
        "citycode": "92002",
        "depcode": "92"
      }
    },
    {
      "type": "Feature",
      "geometry": {
        "type": "Point",
        "coordinates": [
          2.293852591,
          48.750552578
        ]
      },
      "properties": {
        "name": "Rue du Jubilé / Rue René Roeckel",
        "context": "Antony, Hauts-de-Seine",
        "citycode": "92002",
        "depcode": "92"
      }
    },
    {
      "type": "Feature",
      "geometry": {
        "type": "Point",
        "coordinates": [
          2.297976403,
          48.751894245
        ]
      },
      "properties": {
        "name": "Rue du Lavoir de la Grande Pierre / Rue de l'Abbaye",
        "context": "Antony, Hauts-de-Seine",
        "citycode": "92002",
        "depcode": "92"
      }
    },
    {
      "type": "Feature",
      "geometry": {
        "type": "Point",
        "coordinates": [
          2.299260915,
          48.750647412
        ]
      },
      "properties": {
        "name": "Rue du Lavoir de la Grande Pierre / Rue des Quatre Cadrans",
        "context": "Antony, Hauts-de-Seine",
        "citycode": "92002",
        "depcode": "92"
      }
    },
    {
      "type": "Feature",
      "geometry": {
        "type": "Point",
        "coordinates": [
          2.302407415,
          48.752305253
        ]
      },
      "properties": {
        "name": "Rue du Marché / Avenue Gabriel Péri",
        "context": "Antony, Hauts-de-Seine",
        "citycode": "92002",
        "depcode": "92"
      }
    },
    {
      "type": "Feature",
      "geometry": {
        "type": "Point",
        "coordinates": [
          2.303156018,
          48.753371852
        ]
      },
      "properties": {
        "name": "Rue du Marché / Place Patrick Devedjan",
        "context": "Antony, Hauts-de-Seine",
        "citycode": "92002",
        "depcode": "92"
      }
    },
    {
      "type": "Feature",
      "geometry": {
        "type": "Point",
        "coordinates": [
          2.303163854,
          48.753351386
        ]
      },
      "properties": {
        "name": "Rue du Marché / Rue Henri Lasson",
        "context": "Antony, Hauts-de-Seine",
        "citycode": "92002",
        "depcode": "92"
      }
    },
    {
      "type": "Feature",
      "geometry": {
        "type": "Point",
        "coordinates": [
          2.302352691,
          48.740201329
        ]
      },
      "properties": {
        "name": "Rue du Midi / Avenue de la Division Leclerc D920",
        "context": "Antony, Hauts-de-Seine",
        "citycode": "92002",
        "depcode": "92"
      }
    },
    {
      "type": "Feature",
      "geometry": {
        "type": "Point",
        "coordinates": [
          2.302294422,
          48.740193495
        ]
      },
      "properties": {
        "name": "Rue du Midi / Avenue du Maréchal Leclerc D920",
        "context": "Antony, Hauts-de-Seine",
        "citycode": "92002",
        "depcode": "92"
      }
    },
    {
      "type": "Feature",
      "geometry": {
        "type": "Point",
        "coordinates": [
          2.303668409,
          48.740079653
        ]
      },
      "properties": {
        "name": "Rue du Midi / Rue de la Mutualité",
        "context": "Antony, Hauts-de-Seine",
        "citycode": "92002",
        "depcode": "92"
      }
    },
    {
      "type": "Feature",
      "geometry": {
        "type": "Point",
        "coordinates": [
          2.303707977,
          48.7401067
        ]
      },
      "properties": {
        "name": "Rue du Midi / Rue du Vallon",
        "context": "Antony, Hauts-de-Seine",
        "citycode": "92002",
        "depcode": "92"
      }
    },
    {
      "type": "Feature",
      "geometry": {
        "type": "Point",
        "coordinates": [
          2.288521507,
          48.736908439
        ]
      },
      "properties": {
        "name": "Rue du Mont-Blanc / Allée de l'Adour",
        "context": "Antony, Hauts-de-Seine",
        "citycode": "92002",
        "depcode": "92"
      }
    },
    {
      "type": "Feature",
      "geometry": {
        "type": "Point",
        "coordinates": [
          2.289298674,
          48.735498096
        ]
      },
      "properties": {
        "name": "Rue du Mont-Blanc / Avenue du Président J.F. Kennedy D66",
        "context": "Antony, Hauts-de-Seine",
        "citycode": "92002",
        "depcode": "92"
      }
    },
    {
      "type": "Feature",
      "geometry": {
        "type": "Point",
        "coordinates": [
          2.288398134,
          48.736975089
        ]
      },
      "properties": {
        "name": "Rue du Mont-Blanc / Rue de l'Annapurna",
        "context": "Antony, Hauts-de-Seine",
        "citycode": "92002",
        "depcode": "92"
      }
    },
    {
      "type": "Feature",
      "geometry": {
        "type": "Point",
        "coordinates": [
          2.288071018,
          48.737730145
        ]
      },
      "properties": {
        "name": "Rue du Mont-Blanc / Rue de la Méditerranée",
        "context": "Antony, Hauts-de-Seine",
        "citycode": "92002",
        "depcode": "92"
      }
    },
    {
      "type": "Feature",
      "geometry": {
        "type": "Point",
        "coordinates": [
          2.288628627,
          48.736615934
        ]
      },
      "properties": {
        "name": "Rue du Mont-Blanc / Rue du Lac Léman",
        "context": "Antony, Hauts-de-Seine",
        "citycode": "92002",
        "depcode": "92"
      }
    },
    {
      "type": "Feature",
      "geometry": {
        "type": "Point",
        "coordinates": [
          2.288212683,
          48.737167032
        ]
      },
      "properties": {
        "name": "Rue du Mont-Blanc / Square des Cévennes",
        "context": "Antony, Hauts-de-Seine",
        "citycode": "92002",
        "depcode": "92"
      }
    },
    {
      "type": "Feature",
      "geometry": {
        "type": "Point",
        "coordinates": [
          2.294899527,
          48.749928261
        ]
      },
      "properties": {
        "name": "Rue du Moulin / Allée des Érables",
        "context": "Antony, Hauts-de-Seine",
        "citycode": "92002",
        "depcode": "92"
      }
    },
    {
      "type": "Feature",
      "geometry": {
        "type": "Point",
        "coordinates": [
          2.29543486,
          48.750457145
        ]
      },
      "properties": {
        "name": "Rue du Moulin / Allée des Meuniers",
        "context": "Antony, Hauts-de-Seine",
        "citycode": "92002",
        "depcode": "92"
      }
    },
    {
      "type": "Feature",
      "geometry": {
        "type": "Point",
        "coordinates": [
          2.296156334,
          48.751136765
        ]
      },
      "properties": {
        "name": "Rue du Moulin / Rue du Jubilé",
        "context": "Antony, Hauts-de-Seine",
        "citycode": "92002",
        "depcode": "92"
      }
    },
    {
      "type": "Feature",
      "geometry": {
        "type": "Point",
        "coordinates": [
          2.294189389,
          48.74921973
        ]
      },
      "properties": {
        "name": "Rue du Moulin / Rue Prosper Legouté",
        "context": "Antony, Hauts-de-Seine",
        "citycode": "92002",
        "depcode": "92"
      }
    },
    {
      "type": "Feature",
      "geometry": {
        "type": "Point",
        "coordinates": [
          2.308298692,
          48.761827698
        ]
      },
      "properties": {
        "name": "Rue du Nord / Avenue Aristide Briand D920",
        "context": "Antony, Hauts-de-Seine",
        "citycode": "92002",
        "depcode": "92"
      }
    },
    {
      "type": "Feature",
      "geometry": {
        "type": "Point",
        "coordinates": [
          2.308300404,
          48.761802968
        ]
      },
      "properties": {
        "name": "Rue du Nord / Rue Voltaire",
        "context": "Antony, Hauts-de-Seine",
        "citycode": "92002",
        "depcode": "92"
      }
    },
    {
      "type": "Feature",
      "geometry": {
        "type": "Point",
        "coordinates": [
          2.282258103,
          48.734560963
        ]
      },
      "properties": {
        "name": "Rue du Noyer Doré / Rue de Lutèce",
        "context": "Antony, Hauts-de-Seine",
        "citycode": "92002",
        "depcode": "92"
      }
    },
    {
      "type": "Feature",
      "geometry": {
        "type": "Point",
        "coordinates": [
          2.281994282,
          48.734923851
        ]
      },
      "properties": {
        "name": "Rue du Noyer Doré / Rue des Sorrières",
        "context": "Antony, Hauts-de-Seine",
        "citycode": "92002",
        "depcode": "92"
      }
    },
    {
      "type": "Feature",
      "geometry": {
        "type": "Point",
        "coordinates": [
          2.308555597,
          48.762390868
        ]
      },
      "properties": {
        "name": "Rue du Parc / Avenue Aristide Briand D920",
        "context": "Antony, Hauts-de-Seine",
        "citycode": "92002",
        "depcode": "92"
      }
    },
    {
      "type": "Feature",
      "geometry": {
        "type": "Point",
        "coordinates": [
          2.313085872,
          48.761583331
        ]
      },
      "properties": {
        "name": "Rue du Parc / Avenue Gambetta",
        "context": "Antony, Hauts-de-Seine",
        "citycode": "92002",
        "depcode": "92"
      }
    },
    {
      "type": "Feature",
      "geometry": {
        "type": "Point",
        "coordinates": [
          2.280668266,
          48.754088225
        ]
      },
      "properties": {
        "name": "Rue du Poirier du Gange / Rue de la Fonte des Godets",
        "context": "Antony, Hauts-de-Seine",
        "citycode": "92002",
        "depcode": "92"
      }
    },
    {
      "type": "Feature",
      "geometry": {
        "type": "Point",
        "coordinates": [
          2.303330827,
          48.745012169
        ]
      },
      "properties": {
        "name": "Rue du Pont / Avenue de la Division Leclerc D920",
        "context": "Antony, Hauts-de-Seine",
        "citycode": "92002",
        "depcode": "92"
      }
    },
    {
      "type": "Feature",
      "geometry": {
        "type": "Point",
        "coordinates": [
          2.274686794,
          48.740432597
        ]
      },
      "properties": {
        "name": "Rue du Pont de Pierre / La Bièvre",
        "context": "Antony, Hauts-de-Seine",
        "citycode": "92002",
        "depcode": "92"
      }
    },
    {
      "type": "Feature",
      "geometry": {
        "type": "Point",
        "coordinates": [
          2.274653377,
          48.740524395
        ]
      },
      "properties": {
        "name": "Rue du Pont de Pierre / La Coulée Verte",
        "context": "Antony, Hauts-de-Seine",
        "citycode": "92002",
        "depcode": "92"
      }
    },
    {
      "type": "Feature",
      "geometry": {
        "type": "Point",
        "coordinates": [
          2.275384651,
          48.738546801
        ]
      },
      "properties": {
        "name": "Rue du Pont de Pierre / Rue Adolphe Pajeaud D67A",
        "context": "Antony, Hauts-de-Seine",
        "citycode": "92002",
        "depcode": "92"
      }
    },
    {
      "type": "Feature",
      "geometry": {
        "type": "Point",
        "coordinates": [
          2.275538179,
          48.739965956
        ]
      },
      "properties": {
        "name": "Rue du Pont de Pierre / Rue Marius Hue",
        "context": "Antony, Hauts-de-Seine",
        "citycode": "92002",
        "depcode": "92"
      }
    },
    {
      "type": "Feature",
      "geometry": {
        "type": "Point",
        "coordinates": [
          2.275285568,
          48.738542493
        ]
      },
      "properties": {
        "name": "Rue du Pont de Pierre / Voie de la Vallée de la Bièvre D60",
        "context": "Antony, Hauts-de-Seine",
        "citycode": "92002",
        "depcode": "92"
      }
    },
    {
      "type": "Feature",
      "geometry": {
        "type": "Point",
        "coordinates": [
          2.2754306,
          48.739658014
        ]
      },
      "properties": {
        "name": "Rue du Pont de Pierre / Voie Verte",
        "context": "Antony, Hauts-de-Seine",
        "citycode": "92002",
        "depcode": "92"
      }
    },
    {
      "type": "Feature",
      "geometry": {
        "type": "Point",
        "coordinates": [
          2.302851611,
          48.742682526
        ]
      },
      "properties": {
        "name": "Rue du Progrès / Avenue de la Division Leclerc D920",
        "context": "Antony, Hauts-de-Seine",
        "citycode": "92002",
        "depcode": "92"
      }
    },
    {
      "type": "Feature",
      "geometry": {
        "type": "Point",
        "coordinates": [
          2.305035856,
          48.742505138
        ]
      },
      "properties": {
        "name": "Rue du Progrès / Rue de la Mutualité",
        "context": "Antony, Hauts-de-Seine",
        "citycode": "92002",
        "depcode": "92"
      }
    },
    {
      "type": "Feature",
      "geometry": {
        "type": "Point",
        "coordinates": [
          2.304193257,
          48.742591689
        ]
      },
      "properties": {
        "name": "Rue du Progrès / Rue de la Prévoyance",
        "context": "Antony, Hauts-de-Seine",
        "citycode": "92002",
        "depcode": "92"
      }
    },
    {
      "type": "Feature",
      "geometry": {
        "type": "Point",
        "coordinates": [
          2.302810029,
          48.74272582
        ]
      },
      "properties": {
        "name": "Rue du Progrès / Rue Maninville",
        "context": "Antony, Hauts-de-Seine",
        "citycode": "92002",
        "depcode": "92"
      }
    },
    {
      "type": "Feature",
      "geometry": {
        "type": "Point",
        "coordinates": [
          2.281255802,
          48.740512214
        ]
      },
      "properties": {
        "name": "Rue du Saule / Rue Adolphe Pajeaud D67A",
        "context": "Antony, Hauts-de-Seine",
        "citycode": "92002",
        "depcode": "92"
      }
    },
    {
      "type": "Feature",
      "geometry": {
        "type": "Point",
        "coordinates": [
          2.302710772,
          48.742006782
        ]
      },
      "properties": {
        "name": "Rue du Soleil Levant / Avenue de la Division Leclerc D920",
        "context": "Antony, Hauts-de-Seine",
        "citycode": "92002",
        "depcode": "92"
      }
    },
    {
      "type": "Feature",
      "geometry": {
        "type": "Point",
        "coordinates": [
          2.304724319,
          48.741838954
        ]
      },
      "properties": {
        "name": "Rue du Soleil Levant / Rue de la Mutualité",
        "context": "Antony, Hauts-de-Seine",
        "citycode": "92002",
        "depcode": "92"
      }
    },
    {
      "type": "Feature",
      "geometry": {
        "type": "Point",
        "coordinates": [
          2.305905068,
          48.76252994
        ]
      },
      "properties": {
        "name": "Rue du Sud / Rue du Nord",
        "context": "Antony, Hauts-de-Seine",
        "citycode": "92002",
        "depcode": "92"
      }
    },
    {
      "type": "Feature",
      "geometry": {
        "type": "Point",
        "coordinates": [
          2.308995648,
          48.744863298
        ]
      },
      "properties": {
        "name": "Rue du Val Fleury / Rue Alfred de Musset",
        "context": "Antony, Hauts-de-Seine",
        "citycode": "92002",
        "depcode": "92"
      }
    },
    {
      "type": "Feature",
      "geometry": {
        "type": "Point",
        "coordinates": [
          2.308983506,
          48.744855512
        ]
      },
      "properties": {
        "name": "Rue du Val Fleury / Rue George Sand",
        "context": "Antony, Hauts-de-Seine",
        "citycode": "92002",
        "depcode": "92"
      }
    },
    {
      "type": "Feature",
      "geometry": {
        "type": "Point",
        "coordinates": [
          2.303751749,
          48.740144647
        ]
      },
      "properties": {
        "name": "Rue du Vallon / Rue de la Mutualité",
        "context": "Antony, Hauts-de-Seine",
        "citycode": "92002",
        "depcode": "92"
      }
    },
    {
      "type": "Feature",
      "geometry": {
        "type": "Point",
        "coordinates": [
          2.305382812,
          48.739184343
        ]
      },
      "properties": {
        "name": "Rue du Vallon / Rue des Rabats",
        "context": "Antony, Hauts-de-Seine",
        "citycode": "92002",
        "depcode": "92"
      }
    },
    {
      "type": "Feature",
      "geometry": {
        "type": "Point",
        "coordinates": [
          2.295645098,
          48.753099506
        ]
      },
      "properties": {
        "name": "Rue du Vert Buisson / Place de l'Hôtel de Ville",
        "context": "Antony, Hauts-de-Seine",
        "citycode": "92002",
        "depcode": "92"
      }
    },
    {
      "type": "Feature",
      "geometry": {
        "type": "Point",
        "coordinates": [
          2.295678939,
          48.753067278
        ]
      },
      "properties": {
        "name": "Rue du Vert Buisson / Rue des Champs",
        "context": "Antony, Hauts-de-Seine",
        "citycode": "92002",
        "depcode": "92"
      }
    },
    {
      "type": "Feature",
      "geometry": {
        "type": "Point",
        "coordinates": [
          2.291210015,
          48.750477469
        ]
      },
      "properties": {
        "name": "Rue du Vert Buisson / Rue des Sources",
        "context": "Antony, Hauts-de-Seine",
        "citycode": "92002",
        "depcode": "92"
      }
    },
    {
      "type": "Feature",
      "geometry": {
        "type": "Point",
        "coordinates": [
          2.295099862,
          48.752641892
        ]
      },
      "properties": {
        "name": "Rue du Vert Buisson / Rue Pasteur",
        "context": "Antony, Hauts-de-Seine",
        "citycode": "92002",
        "depcode": "92"
      }
    },
    {
      "type": "Feature",
      "geometry": {
        "type": "Point",
        "coordinates": [
          2.306884558,
          48.748830661
        ]
      },
      "properties": {
        "name": "Rue Dupressoir Chailloux / Avenue Armand Guillebaud D67A",
        "context": "Antony, Hauts-de-Seine",
        "citycode": "92002",
        "depcode": "92"
      }
    },
    {
      "type": "Feature",
      "geometry": {
        "type": "Point",
        "coordinates": [
          2.304119078,
          48.748779774
        ]
      },
      "properties": {
        "name": "Rue Dupressoir Chailloux / Avenue de la Division Leclerc D920",
        "context": "Antony, Hauts-de-Seine",
        "citycode": "92002",
        "depcode": "92"
      }
    },
    {
      "type": "Feature",
      "geometry": {
        "type": "Point",
        "coordinates": [
          2.304134097,
          48.74879029
        ]
      },
      "properties": {
        "name": "Rue Dupressoir Chailloux / Avenue Jean Monnet D67A",
        "context": "Antony, Hauts-de-Seine",
        "citycode": "92002",
        "depcode": "92"
      }
    },
    {
      "type": "Feature",
      "geometry": {
        "type": "Point",
        "coordinates": [
          2.30654647,
          48.748264344
        ]
      },
      "properties": {
        "name": "Rue Dupressoir Chailloux / Rue Émile Zola",
        "context": "Antony, Hauts-de-Seine",
        "citycode": "92002",
        "depcode": "92"
      }
    },
    {
      "type": "Feature",
      "geometry": {
        "type": "Point",
        "coordinates": [
          2.28807284,
          48.735201709
        ]
      },
      "properties": {
        "name": "Rue Einstein / Avenue du Président J.F. Kennedy D66",
        "context": "Antony, Hauts-de-Seine",
        "citycode": "92002",
        "depcode": "92"
      }
    },
    {
      "type": "Feature",
      "geometry": {
        "type": "Point",
        "coordinates": [
          2.290477303,
          48.7594907
        ]
      },
      "properties": {
        "name": "Rue Émile Glay / Rue de Châtenay D67",
        "context": "Antony, Hauts-de-Seine",
        "citycode": "92002",
        "depcode": "92"
      }
    },
    {
      "type": "Feature",
      "geometry": {
        "type": "Point",
        "coordinates": [
          2.309629589,
          48.754338615
        ]
      },
      "properties": {
        "name": "Rue Émile Grassot / Rue Alphonse Frager",
        "context": "Antony, Hauts-de-Seine",
        "citycode": "92002",
        "depcode": "92"
      }
    },
    {
      "type": "Feature",
      "geometry": {
        "type": "Point",
        "coordinates": [
          2.308857278,
          48.755028193
        ]
      },
      "properties": {
        "name": "Rue Émile Grassot / Rue Gabriel Chamon",
        "context": "Antony, Hauts-de-Seine",
        "citycode": "92002",
        "depcode": "92"
      }
    },
    {
      "type": "Feature",
      "geometry": {
        "type": "Point",
        "coordinates": [
          2.284761162,
          48.755772161
        ]
      },
      "properties": {
        "name": "Rue Émile Lévêque / Avenue du Bois de Verrières VC6",
        "context": "Antony, Hauts-de-Seine",
        "citycode": "92002",
        "depcode": "92"
      }
    },
    {
      "type": "Feature",
      "geometry": {
        "type": "Point",
        "coordinates": [
          2.284712068,
          48.755884012
        ]
      },
      "properties": {
        "name": "Rue Émile Lévêque / La Coulée Verte",
        "context": "Antony, Hauts-de-Seine",
        "citycode": "92002",
        "depcode": "92"
      }
    },
    {
      "type": "Feature",
      "geometry": {
        "type": "Point",
        "coordinates": [
          2.285575897,
          48.756986667
        ]
      },
      "properties": {
        "name": "Rue Émile Lévêque / Rue des Coquelicots",
        "context": "Antony, Hauts-de-Seine",
        "citycode": "92002",
        "depcode": "92"
      }
    },
    {
      "type": "Feature",
      "geometry": {
        "type": "Point",
        "coordinates": [
          2.285875542,
          48.759259634
        ]
      },
      "properties": {
        "name": "Rue Émile Lévêque / Rue des Crocheteurs",
        "context": "Antony, Hauts-de-Seine",
        "citycode": "92002",
        "depcode": "92"
      }
    },
    {
      "type": "Feature",
      "geometry": {
        "type": "Point",
        "coordinates": [
          2.285736524,
          48.757994469
        ]
      },
      "properties": {
        "name": "Rue Émile Lévêque / Rue Marguerite Chaumeny",
        "context": "Antony, Hauts-de-Seine",
        "citycode": "92002",
        "depcode": "92"
      }
    },
    {
      "type": "Feature",
      "geometry": {
        "type": "Point",
        "coordinates": [
          2.307645882,
          48.741479698
        ]
      },
      "properties": {
        "name": "Rue Émile Seitz / Rue des Rabats",
        "context": "Antony, Hauts-de-Seine",
        "citycode": "92002",
        "depcode": "92"
      }
    },
    {
      "type": "Feature",
      "geometry": {
        "type": "Point",
        "coordinates": [
          2.307303692,
          48.747825142
        ]
      },
      "properties": {
        "name": "Rue Émile Zola / Rue Langlois",
        "context": "Antony, Hauts-de-Seine",
        "citycode": "92002",
        "depcode": "92"
      }
    },
    {
      "type": "Feature",
      "geometry": {
        "type": "Point",
        "coordinates": [
          2.308114114,
          48.747574176
        ]
      },
      "properties": {
        "name": "Rue Émile Zola / Rue Ricquebourg",
        "context": "Antony, Hauts-de-Seine",
        "citycode": "92002",
        "depcode": "92"
      }
    },
    {
      "type": "Feature",
      "geometry": {
        "type": "Point",
        "coordinates": [
          2.298048897,
          48.743270293
        ]
      },
      "properties": {
        "name": "Rue Esther / Rue Charles Lebeau",
        "context": "Antony, Hauts-de-Seine",
        "citycode": "92002",
        "depcode": "92"
      }
    },
    {
      "type": "Feature",
      "geometry": {
        "type": "Point",
        "coordinates": [
          2.312157994,
          48.758892314
        ]
      },
      "properties": {
        "name": "Rue Florian / La Bièvre",
        "context": "Antony, Hauts-de-Seine",
        "citycode": "92002",
        "depcode": "92"
      }
    },
    {
      "type": "Feature",
      "geometry": {
        "type": "Point",
        "coordinates": [
          2.296396339,
          48.751035075
        ]
      },
      "properties": {
        "name": "Rue Fondouze / Rue du Jubilé",
        "context": "Antony, Hauts-de-Seine",
        "citycode": "92002",
        "depcode": "92"
      }
    },
    {
      "type": "Feature",
      "geometry": {
        "type": "Point",
        "coordinates": [
          2.313477039,
          48.746314693
        ]
      },
      "properties": {
        "name": "Rue Frédéric Chopin / Avenue Armand Guillebaud D67A",
        "context": "Antony, Hauts-de-Seine",
        "citycode": "92002",
        "depcode": "92"
      }
    },
    {
      "type": "Feature",
      "geometry": {
        "type": "Point",
        "coordinates": [
          2.31345654,
          48.746269026
        ]
      },
      "properties": {
        "name": "Rue Frédéric Chopin / Rue Chateaubriand",
        "context": "Antony, Hauts-de-Seine",
        "citycode": "92002",
        "depcode": "92"
      }
    },
    {
      "type": "Feature",
      "geometry": {
        "type": "Point",
        "coordinates": [
          2.310808566,
          48.744313754
        ]
      },
      "properties": {
        "name": "Rue Frédéric Chopin / Rue Massenet",
        "context": "Antony, Hauts-de-Seine",
        "citycode": "92002",
        "depcode": "92"
      }
    },
    {
      "type": "Feature",
      "geometry": {
        "type": "Point",
        "coordinates": [
          2.308493959,
          48.755180887
        ]
      },
      "properties": {
        "name": "Rue Gabriel Chamon / La Bièvre",
        "context": "Antony, Hauts-de-Seine",
        "citycode": "92002",
        "depcode": "92"
      }
    },
    {
      "type": "Feature",
      "geometry": {
        "type": "Point",
        "coordinates": [
          2.308842318,
          48.755035391
        ]
      },
      "properties": {
        "name": "Rue Gabriel Chamon / Rue Émile Grassot",
        "context": "Antony, Hauts-de-Seine",
        "citycode": "92002",
        "depcode": "92"
      }
    },
    {
      "type": "Feature",
      "geometry": {
        "type": "Point",
        "coordinates": [
          2.319771829,
          48.748331123
        ]
      },
      "properties": {
        "name": "Rue Galilée / Rue Nicolas Copernic",
        "context": "Antony, Hauts-de-Seine",
        "citycode": "92002",
        "depcode": "92"
      }
    },
    {
      "type": "Feature",
      "geometry": {
        "type": "Point",
        "coordinates": [
          2.320058006,
          48.748643794
        ]
      },
      "properties": {
        "name": "Rue Galilée / Square Johannes Kepler",
        "context": "Antony, Hauts-de-Seine",
        "citycode": "92002",
        "depcode": "92"
      }
    },
    {
      "type": "Feature",
      "geometry": {
        "type": "Point",
        "coordinates": [
          2.305972096,
          48.755707076
        ]
      },
      "properties": {
        "name": "Rue Galipeau / Avenue Aristide Briand D920",
        "context": "Antony, Hauts-de-Seine",
        "citycode": "92002",
        "depcode": "92"
      }
    },
    {
      "type": "Feature",
      "geometry": {
        "type": "Point",
        "coordinates": [
          2.308349232,
          48.755084981
        ]
      },
      "properties": {
        "name": "Rue Galipeau / La Bièvre",
        "context": "Antony, Hauts-de-Seine",
        "citycode": "92002",
        "depcode": "92"
      }
    },
    {
      "type": "Feature",
      "geometry": {
        "type": "Point",
        "coordinates": [
          2.313725021,
          48.768064109
        ]
      },
      "properties": {
        "name": "Rue Gauguin / Avenue Giovanni Boldini",
        "context": "Antony, Hauts-de-Seine",
        "citycode": "92002",
        "depcode": "92"
      }
    },
    {
      "type": "Feature",
      "geometry": {
        "type": "Point",
        "coordinates": [
          2.315291761,
          48.767029824
        ]
      },
      "properties": {
        "name": "Rue Gauguin / Avenue Saint-Exupéry",
        "context": "Antony, Hauts-de-Seine",
        "citycode": "92002",
        "depcode": "92"
      }
    },
    {
      "type": "Feature",
      "geometry": {
        "type": "Point",
        "coordinates": [
          2.308994319,
          48.744855085
        ]
      },
      "properties": {
        "name": "Rue George Sand / Rue Alfred de Musset",
        "context": "Antony, Hauts-de-Seine",
        "citycode": "92002",
        "depcode": "92"
      }
    },
    {
      "type": "Feature",
      "geometry": {
        "type": "Point",
        "coordinates": [
          2.307914213,
          48.74417349
        ]
      },
      "properties": {
        "name": "Rue George Sand / Rue de la Mutualité",
        "context": "Antony, Hauts-de-Seine",
        "citycode": "92002",
        "depcode": "92"
      }
    },
    {
      "type": "Feature",
      "geometry": {
        "type": "Point",
        "coordinates": [
          2.30981435,
          48.729949459
        ]
      },
      "properties": {
        "name": "Rue Georges Besse / Allée Socrate",
        "context": "Antony, Hauts-de-Seine",
        "citycode": "92002",
        "depcode": "92"
      }
    },
    {
      "type": "Feature",
      "geometry": {
        "type": "Point",
        "coordinates": [
          2.313167337,
          48.73149727
        ]
      },
      "properties": {
        "name": "Rue Georges Besse / Rue Alexis de Tocqueville",
        "context": "Antony, Hauts-de-Seine",
        "citycode": "92002",
        "depcode": "92"
      }
    },
    {
      "type": "Feature",
      "geometry": {
        "type": "Point",
        "coordinates": [
          2.310094476,
          48.729818259
        ]
      },
      "properties": {
        "name": "Rue Georges Besse / Rue Jacques Auriol",
        "context": "Antony, Hauts-de-Seine",
        "citycode": "92002",
        "depcode": "92"
      }
    },
    {
      "type": "Feature",
      "geometry": {
        "type": "Point",
        "coordinates": [
          2.318843537,
          48.748715049
        ]
      },
      "properties": {
        "name": "Rue Georges Charpak / Rue Nicolas Copernic",
        "context": "Antony, Hauts-de-Seine",
        "citycode": "92002",
        "depcode": "92"
      }
    },
    {
      "type": "Feature",
      "geometry": {
        "type": "Point",
        "coordinates": [
          2.319290686,
          48.749076191
        ]
      },
      "properties": {
        "name": "Rue Georges Charpak / Square Johannes Kepler",
        "context": "Antony, Hauts-de-Seine",
        "citycode": "92002",
        "depcode": "92"
      }
    },
    {
      "type": "Feature",
      "geometry": {
        "type": "Point",
        "coordinates": [
          2.285635773,
          48.742205819
        ]
      },
      "properties": {
        "name": "Rue Georges Sand D63 / Rue Adolphe Pajeaud D67A",
        "context": "Antony, Hauts-de-Seine",
        "citycode": "92002",
        "depcode": "92"
      }
    },
    {
      "type": "Feature",
      "geometry": {
        "type": "Point",
        "coordinates": [
          2.285651309,
          48.742212449
        ]
      },
      "properties": {
        "name": "Rue Georges Sand D63 / Rue Georges Suant",
        "context": "Antony, Hauts-de-Seine",
        "citycode": "92002",
        "depcode": "92"
      }
    },
    {
      "type": "Feature",
      "geometry": {
        "type": "Point",
        "coordinates": [
          2.285593533,
          48.742179278
        ]
      },
      "properties": {
        "name": "Rue Georges Suant D63 / Rue Adolphe Pajeaud D67A",
        "context": "Antony, Hauts-de-Seine",
        "citycode": "92002",
        "depcode": "92"
      }
    },
    {
      "type": "Feature",
      "geometry": {
        "type": "Point",
        "coordinates": [
          2.285554039,
          48.742276315
        ]
      },
      "properties": {
        "name": "Rue Georges Suant D63 / Rue Georges Sand D63",
        "context": "Antony, Hauts-de-Seine",
        "citycode": "92002",
        "depcode": "92"
      }
    },
    {
      "type": "Feature",
      "geometry": {
        "type": "Point",
        "coordinates": [
          2.284152934,
          48.743908933
        ]
      },
      "properties": {
        "name": "Rue Georges Suant D63 / Voie Verte",
        "context": "Antony, Hauts-de-Seine",
        "citycode": "92002",
        "depcode": "92"
      }
    },
    {
      "type": "Feature",
      "geometry": {
        "type": "Point",
        "coordinates": [
          2.291746714,
          48.745943019
        ]
      },
      "properties": {
        "name": "Rue Gérard de Nerval / Rue Alexandre Dumas",
        "context": "Antony, Hauts-de-Seine",
        "citycode": "92002",
        "depcode": "92"
      }
    },
    {
      "type": "Feature",
      "geometry": {
        "type": "Point",
        "coordinates": [
          2.302593404,
          48.741680048
        ]
      },
      "properties": {
        "name": "Rue Germaine / Avenue de la Division Leclerc D920",
        "context": "Antony, Hauts-de-Seine",
        "citycode": "92002",
        "depcode": "92"
      }
    },
    {
      "type": "Feature",
      "geometry": {
        "type": "Point",
        "coordinates": [
          2.300089025,
          48.740780742
        ]
      },
      "properties": {
        "name": "Rue Germaine / Rue Louis",
        "context": "Antony, Hauts-de-Seine",
        "citycode": "92002",
        "depcode": "92"
      }
    },
    {
      "type": "Feature",
      "geometry": {
        "type": "Point",
        "coordinates": [
          2.299326292,
          48.747722354
        ]
      },
      "properties": {
        "name": "Rue Henri Barbusse / Avenue Jean Monnet D67A",
        "context": "Antony, Hauts-de-Seine",
        "citycode": "92002",
        "depcode": "92"
      }
    },
    {
      "type": "Feature",
      "geometry": {
        "type": "Point",
        "coordinates": [
          2.281061868,
          48.740780212
        ]
      },
      "properties": {
        "name": "Rue Henri Fabre / Parvis du Breuil",
        "context": "Antony, Hauts-de-Seine",
        "citycode": "92002",
        "depcode": "92"
      }
    },
    {
      "type": "Feature",
      "geometry": {
        "type": "Point",
        "coordinates": [
          2.304598383,
          48.752370328
        ]
      },
      "properties": {
        "name": "Rue Henri Lasson / Avenue de la Division Leclerc D920",
        "context": "Antony, Hauts-de-Seine",
        "citycode": "92002",
        "depcode": "92"
      }
    },
    {
      "type": "Feature",
      "geometry": {
        "type": "Point",
        "coordinates": [
          2.303842801,
          48.752988466
        ]
      },
      "properties": {
        "name": "Rue Henri Lasson / Passage du Square",
        "context": "Antony, Hauts-de-Seine",
        "citycode": "92002",
        "depcode": "92"
      }
    },
    {
      "type": "Feature",
      "geometry": {
        "type": "Point",
        "coordinates": [
          2.307735401,
          48.733651468
        ]
      },
      "properties": {
        "name": "Rue Henri Poincaré / Avenue François Sommer",
        "context": "Antony, Hauts-de-Seine",
        "citycode": "92002",
        "depcode": "92"
      }
    },
    {
      "type": "Feature",
      "geometry": {
        "type": "Point",
        "coordinates": [
          2.299907067,
          48.757983002
        ]
      },
      "properties": {
        "name": "Rue Irma / Avenue Léon Blum",
        "context": "Antony, Hauts-de-Seine",
        "citycode": "92002",
        "depcode": "92"
      }
    },
    {
      "type": "Feature",
      "geometry": {
        "type": "Point",
        "coordinates": [
          2.314581673,
          48.730912401
        ]
      },
      "properties": {
        "name": "Rue Jacques Rueff / Chemin de la Croix Brisée",
        "context": "Antony, Hauts-de-Seine",
        "citycode": "92002",
        "depcode": "92"
      }
    },
    {
      "type": "Feature",
      "geometry": {
        "type": "Point",
        "coordinates": [
          2.31353143,
          48.731650654
        ]
      },
      "properties": {
        "name": "Rue Jacques Rueff / Rue Alexis de Tocqueville",
        "context": "Antony, Hauts-de-Seine",
        "citycode": "92002",
        "depcode": "92"
      }
    },
    {
      "type": "Feature",
      "geometry": {
        "type": "Point",
        "coordinates": [
          2.301804066,
          48.752407851
        ]
      },
      "properties": {
        "name": "Rue Jean Jaurès / Avenue Gabriel Péri",
        "context": "Antony, Hauts-de-Seine",
        "citycode": "92002",
        "depcode": "92"
      }
    },
    {
      "type": "Feature",
      "geometry": {
        "type": "Point",
        "coordinates": [
          2.291561953,
          48.744284149
        ]
      },
      "properties": {
        "name": "Rue Jean Mermoz / Rue Adolphe Pajeaud D67A",
        "context": "Antony, Hauts-de-Seine",
        "citycode": "92002",
        "depcode": "92"
      }
    },
    {
      "type": "Feature",
      "geometry": {
        "type": "Point",
        "coordinates": [
          2.305054469,
          48.753446522
        ]
      },
      "properties": {
        "name": "Rue Jean Moulin D67 / Avenue Aristide Briand D920",
        "context": "Antony, Hauts-de-Seine",
        "citycode": "92002",
        "depcode": "92"
      }
    },
    {
      "type": "Feature",
      "geometry": {
        "type": "Point",
        "coordinates": [
          2.305053899,
          48.753433258
        ]
      },
      "properties": {
        "name": "Rue Jean Moulin D67 / Avenue de la Division Leclerc D920",
        "context": "Antony, Hauts-de-Seine",
        "citycode": "92002",
        "depcode": "92"
      }
    },
    {
      "type": "Feature",
      "geometry": {
        "type": "Point",
        "coordinates": [
          2.309028707,
          48.753221416
        ]
      },
      "properties": {
        "name": "Rue Jean Moulin D67 / Avenue Rabelais",
        "context": "Antony, Hauts-de-Seine",
        "citycode": "92002",
        "depcode": "92"
      }
    },
    {
      "type": "Feature",
      "geometry": {
        "type": "Point",
        "coordinates": [
          2.306687832,
          48.753114395
        ]
      },
      "properties": {
        "name": "Rue Jean Moulin D67 / La Bièvre",
        "context": "Antony, Hauts-de-Seine",
        "citycode": "92002",
        "depcode": "92"
      }
    },
    {
      "type": "Feature",
      "geometry": {
        "type": "Point",
        "coordinates": [
          2.299481553,
          48.752982232
        ]
      },
      "properties": {
        "name": "Rue Jean-Charles Persil / Rue de l'Abbaye",
        "context": "Antony, Hauts-de-Seine",
        "citycode": "92002",
        "depcode": "92"
      }
    },
    {
      "type": "Feature",
      "geometry": {
        "type": "Point",
        "coordinates": [
          2.297011881,
          48.753678939
        ]
      },
      "properties": {
        "name": "Rue Jean-Charles Persil / Rue de l'Église",
        "context": "Antony, Hauts-de-Seine",
        "citycode": "92002",
        "depcode": "92"
      }
    },
    {
      "type": "Feature",
      "geometry": {
        "type": "Point",
        "coordinates": [
          2.292190676,
          48.744435404
        ]
      },
      "properties": {
        "name": "Rue Jeanne / Rue Adolphe Pajeaud D67A",
        "context": "Antony, Hauts-de-Seine",
        "citycode": "92002",
        "depcode": "92"
      }
    },
    {
      "type": "Feature",
      "geometry": {
        "type": "Point",
        "coordinates": [
          2.291633476,
          48.752506692
        ]
      },
      "properties": {
        "name": "Rue Joseph Bricon / Avenue François Molé C2",
        "context": "Antony, Hauts-de-Seine",
        "citycode": "92002",
        "depcode": "92"
      }
    },
    {
      "type": "Feature",
      "geometry": {
        "type": "Point",
        "coordinates": [
          2.298710057,
          48.747568096
        ]
      },
      "properties": {
        "name": "Rue Joseph Delon / Avenue Jean Monnet D67A",
        "context": "Antony, Hauts-de-Seine",
        "citycode": "92002",
        "depcode": "92"
      }
    },
    {
      "type": "Feature",
      "geometry": {
        "type": "Point",
        "coordinates": [
          2.299264362,
          48.750176401
        ]
      },
      "properties": {
        "name": "Rue Joseph Delon / La Bièvre",
        "context": "Antony, Hauts-de-Seine",
        "citycode": "92002",
        "depcode": "92"
      }
    },
    {
      "type": "Feature",
      "geometry": {
        "type": "Point",
        "coordinates": [
          2.299231878,
          48.75012848
        ]
      },
      "properties": {
        "name": "Rue Joseph Delon / Rue de l'Abreuvoir",
        "context": "Antony, Hauts-de-Seine",
        "citycode": "92002",
        "depcode": "92"
      }
    },
    {
      "type": "Feature",
      "geometry": {
        "type": "Point",
        "coordinates": [
          2.298660946,
          48.747621318
        ]
      },
      "properties": {
        "name": "Rue Joseph Delon / Rue de la Prairie",
        "context": "Antony, Hauts-de-Seine",
        "citycode": "92002",
        "depcode": "92"
      }
    },
    {
      "type": "Feature",
      "geometry": {
        "type": "Point",
        "coordinates": [
          2.299352107,
          48.750515298
        ]
      },
      "properties": {
        "name": "Rue Joseph Delon / Rue du Lavoir de la Grande Pierre",
        "context": "Antony, Hauts-de-Seine",
        "citycode": "92002",
        "depcode": "92"
      }
    },
    {
      "type": "Feature",
      "geometry": {
        "type": "Point",
        "coordinates": [
          2.289173695,
          48.743621598
        ]
      },
      "properties": {
        "name": "Rue Joseph Fouriaux / Allée de la Bièvre",
        "context": "Antony, Hauts-de-Seine",
        "citycode": "92002",
        "depcode": "92"
      }
    },
    {
      "type": "Feature",
      "geometry": {
        "type": "Point",
        "coordinates": [
          2.289220945,
          48.743568844
        ]
      },
      "properties": {
        "name": "Rue Joseph Fouriaux / Rue Adolphe Pajeaud D67A",
        "context": "Antony, Hauts-de-Seine",
        "citycode": "92002",
        "depcode": "92"
      }
    },
    {
      "type": "Feature",
      "geometry": {
        "type": "Point",
        "coordinates": [
          2.291171328,
          48.741484693
        ]
      },
      "properties": {
        "name": "Rue Joseph Fouriaux / Rue Pierre Vermeir",
        "context": "Antony, Hauts-de-Seine",
        "citycode": "92002",
        "depcode": "92"
      }
    },
    {
      "type": "Feature",
      "geometry": {
        "type": "Point",
        "coordinates": [
          2.290525613,
          48.742168062
        ]
      },
      "properties": {
        "name": "Rue Joseph Fouriaux / Rue Vaillant",
        "context": "Antony, Hauts-de-Seine",
        "citycode": "92002",
        "depcode": "92"
      }
    },
    {
      "type": "Feature",
      "geometry": {
        "type": "Point",
        "coordinates": [
          2.286296565,
          48.754815581
        ]
      },
      "properties": {
        "name": "Rue Julien Perin / Allée Marlène",
        "context": "Antony, Hauts-de-Seine",
        "citycode": "92002",
        "depcode": "92"
      }
    },
    {
      "type": "Feature",
      "geometry": {
        "type": "Point",
        "coordinates": [
          2.286525629,
          48.755508343
        ]
      },
      "properties": {
        "name": "Rue Julien Perin / Avenue du Bois de Verrières C6",
        "context": "Antony, Hauts-de-Seine",
        "citycode": "92002",
        "depcode": "92"
      }
    },
    {
      "type": "Feature",
      "geometry": {
        "type": "Point",
        "coordinates": [
          2.286305115,
          48.754949593
        ]
      },
      "properties": {
        "name": "Rue Julien Perin / Rue de la Station",
        "context": "Antony, Hauts-de-Seine",
        "citycode": "92002",
        "depcode": "92"
      }
    },
    {
      "type": "Feature",
      "geometry": {
        "type": "Point",
        "coordinates": [
          2.286209342,
          48.754643128
        ]
      },
      "properties": {
        "name": "Rue Julien Perin / Voie Privée",
        "context": "Antony, Hauts-de-Seine",
        "citycode": "92002",
        "depcode": "92"
      }
    },
    {
      "type": "Feature",
      "geometry": {
        "type": "Point",
        "coordinates": [
          2.278585149,
          48.758801832
        ]
      },
      "properties": {
        "name": "Rue Ker Jouanno / Allée de la Puisaye",
        "context": "Antony, Hauts-de-Seine",
        "citycode": "92002",
        "depcode": "92"
      }
    },
    {
      "type": "Feature",
      "geometry": {
        "type": "Point",
        "coordinates": [
          2.279198023,
          48.758707983
        ]
      },
      "properties": {
        "name": "Rue Ker Jouanno / Allée de la Tuilerie",
        "context": "Antony, Hauts-de-Seine",
        "citycode": "92002",
        "depcode": "92"
      }
    },
    {
      "type": "Feature",
      "geometry": {
        "type": "Point",
        "coordinates": [
          2.278268481,
          48.758892828
        ]
      },
      "properties": {
        "name": "Rue Ker Jouanno / Allée des Hellebores",
        "context": "Antony, Hauts-de-Seine",
        "citycode": "92002",
        "depcode": "92"
      }
    },
    {
      "type": "Feature",
      "geometry": {
        "type": "Point",
        "coordinates": [
          2.277705444,
          48.758985391
        ]
      },
      "properties": {
        "name": "Rue Ker Jouanno / Avenue d'Estienne d'Orves D128",
        "context": "Antony, Hauts-de-Seine",
        "citycode": "92002",
        "depcode": "92"
      }
    },
    {
      "type": "Feature",
      "geometry": {
        "type": "Point",
        "coordinates": [
          2.29819538,
          48.759821627
        ]
      },
      "properties": {
        "name": "Rue Lafontaine / Avenue Galliéni",
        "context": "Antony, Hauts-de-Seine",
        "citycode": "92002",
        "depcode": "92"
      }
    },
    {
      "type": "Feature",
      "geometry": {
        "type": "Point",
        "coordinates": [
          2.299530093,
          48.756882143
        ]
      },
      "properties": {
        "name": "Rue Lafontaine / Avenue Léon Blum",
        "context": "Antony, Hauts-de-Seine",
        "citycode": "92002",
        "depcode": "92"
      }
    },
    {
      "type": "Feature",
      "geometry": {
        "type": "Point",
        "coordinates": [
          2.298183402,
          48.757324335
        ]
      },
      "properties": {
        "name": "Rue Lafontaine / Rue de l'Espérance",
        "context": "Antony, Hauts-de-Seine",
        "citycode": "92002",
        "depcode": "92"
      }
    },
    {
      "type": "Feature",
      "geometry": {
        "type": "Point",
        "coordinates": [
          2.297257883,
          48.759232715
        ]
      },
      "properties": {
        "name": "Rue Lafontaine / Rue Sœur Emmanuelle",
        "context": "Antony, Hauts-de-Seine",
        "citycode": "92002",
        "depcode": "92"
      }
    },
    {
      "type": "Feature",
      "geometry": {
        "type": "Point",
        "coordinates": [
          2.304015318,
          48.748083318
        ]
      },
      "properties": {
        "name": "Rue Langlois / Avenue de la Division Leclerc D920",
        "context": "Antony, Hauts-de-Seine",
        "citycode": "92002",
        "depcode": "92"
      }
    },
    {
      "type": "Feature",
      "geometry": {
        "type": "Point",
        "coordinates": [
          2.311170956,
          48.747389225
        ]
      },
      "properties": {
        "name": "Rue Lecommandeur / Avenue Armand Guillebaud D67A",
        "context": "Antony, Hauts-de-Seine",
        "citycode": "92002",
        "depcode": "92"
      }
    },
    {
      "type": "Feature",
      "geometry": {
        "type": "Point",
        "coordinates": [
          2.311149055,
          48.747355111
        ]
      },
      "properties": {
        "name": "Rue Lecommandeur / Rue Chateaubriand",
        "context": "Antony, Hauts-de-Seine",
        "citycode": "92002",
        "depcode": "92"
      }
    },
    {
      "type": "Feature",
      "geometry": {
        "type": "Point",
        "coordinates": [
          2.315260169,
          48.740005585
        ]
      },
      "properties": {
        "name": "Rue Léonard de Vinci / Rue André-Charles Boulle",
        "context": "Antony, Hauts-de-Seine",
        "citycode": "92002",
        "depcode": "92"
      }
    },
    {
      "type": "Feature",
      "geometry": {
        "type": "Point",
        "coordinates": [
          2.315271711,
          48.740005607
        ]
      },
      "properties": {
        "name": "Rue Léonard de Vinci / Rue de Vaulorin",
        "context": "Antony, Hauts-de-Seine",
        "citycode": "92002",
        "depcode": "92"
      }
    },
    {
      "type": "Feature",
      "geometry": {
        "type": "Point",
        "coordinates": [
          2.314420438,
          48.74152165
        ]
      },
      "properties": {
        "name": "Rue Léonard de Vinci / Rue Pascal",
        "context": "Antony, Hauts-de-Seine",
        "citycode": "92002",
        "depcode": "92"
      }
    },
    {
      "type": "Feature",
      "geometry": {
        "type": "Point",
        "coordinates": [
          2.298368552,
          48.738652742
        ]
      },
      "properties": {
        "name": "Rue Léonie / Avenue du Président J.F. Kennedy D66",
        "context": "Antony, Hauts-de-Seine",
        "citycode": "92002",
        "depcode": "92"
      }
    },
    {
      "type": "Feature",
      "geometry": {
        "type": "Point",
        "coordinates": [
          2.298316527,
          48.738614626
        ]
      },
      "properties": {
        "name": "Rue Léonie / Résidence Les Peupliers",
        "context": "Antony, Hauts-de-Seine",
        "citycode": "92002",
        "depcode": "92"
      }
    },
    {
      "type": "Feature",
      "geometry": {
        "type": "Point",
        "coordinates": [
          2.300909239,
          48.739860543
        ]
      },
      "properties": {
        "name": "Rue Louis / Avenue du Président J.F. Kennedy D66",
        "context": "Antony, Hauts-de-Seine",
        "citycode": "92002",
        "depcode": "92"
      }
    },
    {
      "type": "Feature",
      "geometry": {
        "type": "Point",
        "coordinates": [
          2.300854028,
          48.739810937
        ]
      },
      "properties": {
        "name": "Rue Louis / Rue Paul Boudet",
        "context": "Antony, Hauts-de-Seine",
        "citycode": "92002",
        "depcode": "92"
      }
    },
    {
      "type": "Feature",
      "geometry": {
        "type": "Point",
        "coordinates": [
          2.306497679,
          48.757207139
        ]
      },
      "properties": {
        "name": "Rue Louis Barthou / Avenue Aristide Briand D920",
        "context": "Antony, Hauts-de-Seine",
        "citycode": "92002",
        "depcode": "92"
      }
    },
    {
      "type": "Feature",
      "geometry": {
        "type": "Point",
        "coordinates": [
          2.309649121,
          48.756378901
        ]
      },
      "properties": {
        "name": "Rue Louis Barthou / La Bièvre",
        "context": "Antony, Hauts-de-Seine",
        "citycode": "92002",
        "depcode": "92"
      }
    },
    {
      "type": "Feature",
      "geometry": {
        "type": "Point",
        "coordinates": [
          2.307541252,
          48.757010933
        ]
      },
      "properties": {
        "name": "Rue Louis Barthou / Ru des Morteaux",
        "context": "Antony, Hauts-de-Seine",
        "citycode": "92002",
        "depcode": "92"
      }
    },
    {
      "type": "Feature",
      "geometry": {
        "type": "Point",
        "coordinates": [
          2.31017308,
          48.756228618
        ]
      },
      "properties": {
        "name": "Rue Louis Barthou / Rue Adolphe Kara",
        "context": "Antony, Hauts-de-Seine",
        "citycode": "92002",
        "depcode": "92"
      }
    },
    {
      "type": "Feature",
      "geometry": {
        "type": "Point",
        "coordinates": [
          2.308487669,
          48.750706815
        ]
      },
      "properties": {
        "name": "Rue Louis Gaudry / Avenue des Giroflées",
        "context": "Antony, Hauts-de-Seine",
        "citycode": "92002",
        "depcode": "92"
      }
    },
    {
      "type": "Feature",
      "geometry": {
        "type": "Point",
        "coordinates": [
          2.306669723,
          48.751296896
        ]
      },
      "properties": {
        "name": "Rue Louis Gaudry / Avenue Rabelais",
        "context": "Antony, Hauts-de-Seine",
        "citycode": "92002",
        "depcode": "92"
      }
    },
    {
      "type": "Feature",
      "geometry": {
        "type": "Point",
        "coordinates": [
          2.30852549,
          48.75068789
        ]
      },
      "properties": {
        "name": "Rue Louis Gaudry / Rue Corneille",
        "context": "Antony, Hauts-de-Seine",
        "citycode": "92002",
        "depcode": "92"
      }
    },
    {
      "type": "Feature",
      "geometry": {
        "type": "Point",
        "coordinates": [
          2.310844809,
          48.749226205
        ]
      },
      "properties": {
        "name": "Rue Louis Jouvet / Avenue Lavoisier",
        "context": "Antony, Hauts-de-Seine",
        "citycode": "92002",
        "depcode": "92"
      }
    },
    {
      "type": "Feature",
      "geometry": {
        "type": "Point",
        "coordinates": [
          2.304434392,
          48.731373849
        ]
      },
      "properties": {
        "name": "Rue Luigi Galvani / Avenue François Sommer",
        "context": "Antony, Hauts-de-Seine",
        "citycode": "92002",
        "depcode": "92"
      }
    },
    {
      "type": "Feature",
      "geometry": {
        "type": "Point",
        "coordinates": [
          2.303600585,
          48.751520776
        ]
      },
      "properties": {
        "name": "Rue Madeleine / Avenue Gabriel Péri",
        "context": "Antony, Hauts-de-Seine",
        "citycode": "92002",
        "depcode": "92"
      }
    },
    {
      "type": "Feature",
      "geometry": {
        "type": "Point",
        "coordinates": [
          2.300505639,
          48.750792769
        ]
      },
      "properties": {
        "name": "Rue Madeleine / Rue Céline",
        "context": "Antony, Hauts-de-Seine",
        "citycode": "92002",
        "depcode": "92"
      }
    },
    {
      "type": "Feature",
      "geometry": {
        "type": "Point",
        "coordinates": [
          2.301614454,
          48.751062175
        ]
      },
      "properties": {
        "name": "Rue Madeleine / Rue Jean Jaurès",
        "context": "Antony, Hauts-de-Seine",
        "citycode": "92002",
        "depcode": "92"
      }
    },
    {
      "type": "Feature",
      "geometry": {
        "type": "Point",
        "coordinates": [
          2.302827332,
          48.742792415
        ]
      },
      "properties": {
        "name": "Rue Maninville / Avenue de la Division Leclerc D920",
        "context": "Antony, Hauts-de-Seine",
        "citycode": "92002",
        "depcode": "92"
      }
    },
    {
      "type": "Feature",
      "geometry": {
        "type": "Point",
        "coordinates": [
          2.299549192,
          48.741406466
        ]
      },
      "properties": {
        "name": "Rue Maninville / Rue Louis",
        "context": "Antony, Hauts-de-Seine",
        "citycode": "92002",
        "depcode": "92"
      }
    },
    {
      "type": "Feature",
      "geometry": {
        "type": "Point",
        "coordinates": [
          2.292249142,
          48.745047845
        ]
      },
      "properties": {
        "name": "Rue Marcel Cerdan / Villa Marguerite",
        "context": "Antony, Hauts-de-Seine",
        "citycode": "92002",
        "depcode": "92"
      }
    },
    {
      "type": "Feature",
      "geometry": {
        "type": "Point",
        "coordinates": [
          2.280862088,
          48.756753765
        ]
      },
      "properties": {
        "name": "Rue Marcel Maillard / Avenue du Bois de Verrières",
        "context": "Antony, Hauts-de-Seine",
        "citycode": "92002",
        "depcode": "92"
      }
    },
    {
      "type": "Feature",
      "geometry": {
        "type": "Point",
        "coordinates": [
          2.31315392,
          48.73406391
        ]
      },
      "properties": {
        "name": "Rue Marcelin Berthelot / Avenue Léon Jouhaux D66",
        "context": "Antony, Hauts-de-Seine",
        "citycode": "92002",
        "depcode": "92"
      }
    },
    {
      "type": "Feature",
      "geometry": {
        "type": "Point",
        "coordinates": [
          2.286923389,
          48.757920216
        ]
      },
      "properties": {
        "name": "Rue Marguerite Chaumeny / Rue Émile Glay",
        "context": "Antony, Hauts-de-Seine",
        "citycode": "92002",
        "depcode": "92"
      }
    },
    {
      "type": "Feature",
      "geometry": {
        "type": "Point",
        "coordinates": [
          2.286510964,
          48.757958291
        ]
      },
      "properties": {
        "name": "Rue Marguerite Chaumeny / Rue Jeanne Meurdra",
        "context": "Antony, Hauts-de-Seine",
        "citycode": "92002",
        "depcode": "92"
      }
    },
    {
      "type": "Feature",
      "geometry": {
        "type": "Point",
        "coordinates": [
          2.290569431,
          48.751681237
        ]
      },
      "properties": {
        "name": "Rue Marie-Laure / Avenue François Molé C2",
        "context": "Antony, Hauts-de-Seine",
        "citycode": "92002",
        "depcode": "92"
      }
    },
    {
      "type": "Feature",
      "geometry": {
        "type": "Point",
        "coordinates": [
          2.291930285,
          48.750884351
        ]
      },
      "properties": {
        "name": "Rue Marie-Laure / Rue du Vert Buisson",
        "context": "Antony, Hauts-de-Seine",
        "citycode": "92002",
        "depcode": "92"
      }
    },
    {
      "type": "Feature",
      "geometry": {
        "type": "Point",
        "coordinates": [
          2.290509924,
          48.751665309
        ]
      },
      "properties": {
        "name": "Rue Marie-Laure / Villa des Fontenettes",
        "context": "Antony, Hauts-de-Seine",
        "citycode": "92002",
        "depcode": "92"
      }
    },
    {
      "type": "Feature",
      "geometry": {
        "type": "Point",
        "coordinates": [
          2.30811034,
          48.741848598
        ]
      },
      "properties": {
        "name": "Rue Marin La Meslée / Rue des Rabats",
        "context": "Antony, Hauts-de-Seine",
        "citycode": "92002",
        "depcode": "92"
      }
    },
    {
      "type": "Feature",
      "geometry": {
        "type": "Point",
        "coordinates": [
          2.311676721,
          48.743702692
        ]
      },
      "properties": {
        "name": "Rue Massenet / Impasse Armand",
        "context": "Antony, Hauts-de-Seine",
        "citycode": "92002",
        "depcode": "92"
      }
    },
    {
      "type": "Feature",
      "geometry": {
        "type": "Point",
        "coordinates": [
          2.311610183,
          48.743675847
        ]
      },
      "properties": {
        "name": "Rue Massenet / Rue des Rabats",
        "context": "Antony, Hauts-de-Seine",
        "citycode": "92002",
        "depcode": "92"
      }
    },
    {
      "type": "Feature",
      "geometry": {
        "type": "Point",
        "coordinates": [
          2.310162928,
          48.744779204
        ]
      },
      "properties": {
        "name": "Rue Massenet / Villa Raspail",
        "context": "Antony, Hauts-de-Seine",
        "citycode": "92002",
        "depcode": "92"
      }
    },
    {
      "type": "Feature",
      "geometry": {
        "type": "Point",
        "coordinates": [
          2.295858953,
          48.755487725
        ]
      },
      "properties": {
        "name": "Rue Maurice Labrousse D67 / Avenue du Bois de Verrières C6",
        "context": "Antony, Hauts-de-Seine",
        "citycode": "92002",
        "depcode": "92"
      }
    },
    {
      "type": "Feature",
      "geometry": {
        "type": "Point",
        "coordinates": [
          2.300409702,
          48.754288819
        ]
      },
      "properties": {
        "name": "Rue Maurice Labrousse D67 / Avenue Gabriel Péri",
        "context": "Antony, Hauts-de-Seine",
        "citycode": "92002",
        "depcode": "92"
      }
    },
    {
      "type": "Feature",
      "geometry": {
        "type": "Point",
        "coordinates": [
          2.295883743,
          48.755510892
        ]
      },
      "properties": {
        "name": "Rue Maurice Labrousse D67 / Avenue Léon Blum",
        "context": "Antony, Hauts-de-Seine",
        "citycode": "92002",
        "depcode": "92"
      }
    },
    {
      "type": "Feature",
      "geometry": {
        "type": "Point",
        "coordinates": [
          2.30041931,
          48.754312987
        ]
      },
      "properties": {
        "name": "Rue Maurice Labrousse D67 / Boulevard Pierre Brossolette",
        "context": "Antony, Hauts-de-Seine",
        "citycode": "92002",
        "depcode": "92"
      }
    },
    {
      "type": "Feature",
      "geometry": {
        "type": "Point",
        "coordinates": [
          2.300447,
          48.754335262
        ]
      },
      "properties": {
        "name": "Rue Maurice Labrousse D67 / Rue Auguste Mounié D67",
        "context": "Antony, Hauts-de-Seine",
        "citycode": "92002",
        "depcode": "92"
      }
    },
    {
      "type": "Feature",
      "geometry": {
        "type": "Point",
        "coordinates": [
          2.295863947,
          48.755517635
        ]
      },
      "properties": {
        "name": "Rue Maurice Labrousse D67 / Rue de Châtenay D67",
        "context": "Antony, Hauts-de-Seine",
        "citycode": "92002",
        "depcode": "92"
      }
    },
    {
      "type": "Feature",
      "geometry": {
        "type": "Point",
        "coordinates": [
          2.300392513,
          48.754284719
        ]
      },
      "properties": {
        "name": "Rue Maurice Labrousse D67 / Rue de l'Abbaye",
        "context": "Antony, Hauts-de-Seine",
        "citycode": "92002",
        "depcode": "92"
      }
    },
    {
      "type": "Feature",
      "geometry": {
        "type": "Point",
        "coordinates": [
          2.29738728,
          48.754547151
        ]
      },
      "properties": {
        "name": "Rue Maurice Labrousse D67 / Rue de l'Église",
        "context": "Antony, Hauts-de-Seine",
        "citycode": "92002",
        "depcode": "92"
      }
    },
    {
      "type": "Feature",
      "geometry": {
        "type": "Point",
        "coordinates": [
          2.314214474,
          48.74608742
        ]
      },
      "properties": {
        "name": "Rue Maurice Utrillo / Avenue Armand Guillebaud D67A",
        "context": "Antony, Hauts-de-Seine",
        "citycode": "92002",
        "depcode": "92"
      }
    },
    {
      "type": "Feature",
      "geometry": {
        "type": "Point",
        "coordinates": [
          2.314226795,
          48.7460635
        ]
      },
      "properties": {
        "name": "Rue Maurice Utrillo / Rue des Rabats",
        "context": "Antony, Hauts-de-Seine",
        "citycode": "92002",
        "depcode": "92"
      }
    },
    {
      "type": "Feature",
      "geometry": {
        "type": "Point",
        "coordinates": [
          2.315687332,
          48.74677483
        ]
      },
      "properties": {
        "name": "Rue Maurice Utrillo / Rue Dunoyer de Ségonzac",
        "context": "Antony, Hauts-de-Seine",
        "citycode": "92002",
        "depcode": "92"
      }
    },
    {
      "type": "Feature",
      "geometry": {
        "type": "Point",
        "coordinates": [
          2.299302399,
          48.747698655
        ]
      },
      "properties": {
        "name": "Rue Mirabeau / Avenue Jean Monnet D67A",
        "context": "Antony, Hauts-de-Seine",
        "citycode": "92002",
        "depcode": "92"
      }
    },
    {
      "type": "Feature",
      "geometry": {
        "type": "Point",
        "coordinates": [
          2.297379931,
          48.744024738
        ]
      },
      "properties": {
        "name": "Rue Mirabeau / Rue Charles Lebeau",
        "context": "Antony, Hauts-de-Seine",
        "citycode": "92002",
        "depcode": "92"
      }
    },
    {
      "type": "Feature",
      "geometry": {
        "type": "Point",
        "coordinates": [
          2.29925035,
          48.747310146
        ]
      },
      "properties": {
        "name": "Rue Mirabeau / Rue d'Arras",
        "context": "Antony, Hauts-de-Seine",
        "citycode": "92002",
        "depcode": "92"
      }
    },
    {
      "type": "Feature",
      "geometry": {
        "type": "Point",
        "coordinates": [
          2.299088204,
          48.746690042
        ]
      },
      "properties": {
        "name": "Rue Mirabeau / Rue de Soissons",
        "context": "Antony, Hauts-de-Seine",
        "citycode": "92002",
        "depcode": "92"
      }
    },
    {
      "type": "Feature",
      "geometry": {
        "type": "Point",
        "coordinates": [
          2.298715574,
          48.745736348
        ]
      },
      "properties": {
        "name": "Rue Mirabeau / Rue de Verdun",
        "context": "Antony, Hauts-de-Seine",
        "citycode": "92002",
        "depcode": "92"
      }
    },
    {
      "type": "Feature",
      "geometry": {
        "type": "Point",
        "coordinates": [
          2.297851035,
          48.744513636
        ]
      },
      "properties": {
        "name": "Rue Mirabeau / Rue Esther",
        "context": "Antony, Hauts-de-Seine",
        "citycode": "92002",
        "depcode": "92"
      }
    },
    {
      "type": "Feature",
      "geometry": {
        "type": "Point",
        "coordinates": [
          2.299329673,
          48.747720702
        ]
      },
      "properties": {
        "name": "Rue Mirabeau / Rue Henri Barbusse",
        "context": "Antony, Hauts-de-Seine",
        "citycode": "92002",
        "depcode": "92"
      }
    },
    {
      "type": "Feature",
      "geometry": {
        "type": "Point",
        "coordinates": [
          2.298232071,
          48.745022654
        ]
      },
      "properties": {
        "name": "Rue Mirabeau / Rue Liénard",
        "context": "Antony, Hauts-de-Seine",
        "citycode": "92002",
        "depcode": "92"
      }
    },
    {
      "type": "Feature",
      "geometry": {
        "type": "Point",
        "coordinates": [
          2.297377912,
          48.74404132
        ]
      },
      "properties": {
        "name": "Rue Mirabeau / Rue Prosper Legouté",
        "context": "Antony, Hauts-de-Seine",
        "citycode": "92002",
        "depcode": "92"
      }
    },
    {
      "type": "Feature",
      "geometry": {
        "type": "Point",
        "coordinates": [
          2.310572601,
          48.753158308
        ]
      },
      "properties": {
        "name": "Rue Molière / Résidence Opéra",
        "context": "Antony, Hauts-de-Seine",
        "citycode": "92002",
        "depcode": "92"
      }
    },
    {
      "type": "Feature",
      "geometry": {
        "type": "Point",
        "coordinates": [
          2.311235412,
          48.75282871
        ]
      },
      "properties": {
        "name": "Rue Molière / Rue des Peupliers",
        "context": "Antony, Hauts-de-Seine",
        "citycode": "92002",
        "depcode": "92"
      }
    },
    {
      "type": "Feature",
      "geometry": {
        "type": "Point",
        "coordinates": [
          2.310056924,
          48.753432873
        ]
      },
      "properties": {
        "name": "Rue Molière / Rue Jean Moulin D67",
        "context": "Antony, Hauts-de-Seine",
        "citycode": "92002",
        "depcode": "92"
      }
    },
    {
      "type": "Feature",
      "geometry": {
        "type": "Point",
        "coordinates": [
          2.310991452,
          48.757746641
        ]
      },
      "properties": {
        "name": "Rue Mozart / La Bièvre",
        "context": "Antony, Hauts-de-Seine",
        "citycode": "92002",
        "depcode": "92"
      }
    },
    {
      "type": "Feature",
      "geometry": {
        "type": "Point",
        "coordinates": [
          2.310942646,
          48.757758993
        ]
      },
      "properties": {
        "name": "Rue Mozart / Promenade du Barrage",
        "context": "Antony, Hauts-de-Seine",
        "citycode": "92002",
        "depcode": "92"
      }
    },
    {
      "type": "Feature",
      "geometry": {
        "type": "Point",
        "coordinates": [
          2.313609023,
          48.746453762
        ]
      },
      "properties": {
        "name": "Rue Pablo Picasso / Avenue Armand Guillebaud D67A",
        "context": "Antony, Hauts-de-Seine",
        "citycode": "92002",
        "depcode": "92"
      }
    },
    {
      "type": "Feature",
      "geometry": {
        "type": "Point",
        "coordinates": [
          2.314284168,
          48.746250696
        ]
      },
      "properties": {
        "name": "Rue Pablo Picasso / Rue Maurice Utrillo",
        "context": "Antony, Hauts-de-Seine",
        "citycode": "92002",
        "depcode": "92"
      }
    },
    {
      "type": "Feature",
      "geometry": {
        "type": "Point",
        "coordinates": [
          2.314978003,
          48.74186723
        ]
      },
      "properties": {
        "name": "Rue Pascal / Rue Nicolas Poussin",
        "context": "Antony, Hauts-de-Seine",
        "citycode": "92002",
        "depcode": "92"
      }
    },
    {
      "type": "Feature",
      "geometry": {
        "type": "Point",
        "coordinates": [
          2.292713648,
          48.754019655
        ]
      },
      "properties": {
        "name": "Rue Pasteur / Avenue François Molé C2",
        "context": "Antony, Hauts-de-Seine",
        "citycode": "92002",
        "depcode": "92"
      }
    },
    {
      "type": "Feature",
      "geometry": {
        "type": "Point",
        "coordinates": [
          2.295086636,
          48.752632785
        ]
      },
      "properties": {
        "name": "Rue Pasteur / Rue du Vert Buisson",
        "context": "Antony, Hauts-de-Seine",
        "citycode": "92002",
        "depcode": "92"
      }
    },
    {
      "type": "Feature",
      "geometry": {
        "type": "Point",
        "coordinates": [
          2.306965464,
          48.758612018
        ]
      },
      "properties": {
        "name": "Rue Paul Bourget / Ru des Morteaux",
        "context": "Antony, Hauts-de-Seine",
        "citycode": "92002",
        "depcode": "92"
      }
    },
    {
      "type": "Feature",
      "geometry": {
        "type": "Point",
        "coordinates": [
          2.296493015,
          48.752410563
        ]
      },
      "properties": {
        "name": "Rue Paul Langevin / Place des Quatre Tilleuls",
        "context": "Antony, Hauts-de-Seine",
        "citycode": "92002",
        "depcode": "92"
      }
    },
    {
      "type": "Feature",
      "geometry": {
        "type": "Point",
        "coordinates": [
          2.296574829,
          48.75240195
        ]
      },
      "properties": {
        "name": "Rue Paul Langevin / Rue de l'Église",
        "context": "Antony, Hauts-de-Seine",
        "citycode": "92002",
        "depcode": "92"
      }
    },
    {
      "type": "Feature",
      "geometry": {
        "type": "Point",
        "coordinates": [
          2.293967044,
          48.751274902
        ]
      },
      "properties": {
        "name": "Rue Paul Langevin / Rue des Augustins",
        "context": "Antony, Hauts-de-Seine",
        "citycode": "92002",
        "depcode": "92"
      }
    },
    {
      "type": "Feature",
      "geometry": {
        "type": "Point",
        "coordinates": [
          2.306170565,
          48.756333569
        ]
      },
      "properties": {
        "name": "Rue Pernoud / Avenue Aristide Briand D920",
        "context": "Antony, Hauts-de-Seine",
        "citycode": "92002",
        "depcode": "92"
      }
    },
    {
      "type": "Feature",
      "geometry": {
        "type": "Point",
        "coordinates": [
          2.308821123,
          48.755634241
        ]
      },
      "properties": {
        "name": "Rue Pernoud / La Bièvre",
        "context": "Antony, Hauts-de-Seine",
        "citycode": "92002",
        "depcode": "92"
      }
    },
    {
      "type": "Feature",
      "geometry": {
        "type": "Point",
        "coordinates": [
          2.308881445,
          48.75562549
        ]
      },
      "properties": {
        "name": "Rue Pernoud / Rue Léon Bernard",
        "context": "Antony, Hauts-de-Seine",
        "citycode": "92002",
        "depcode": "92"
      }
    },
    {
      "type": "Feature",
      "geometry": {
        "type": "Point",
        "coordinates": [
          2.309926463,
          48.740408227
        ]
      },
      "properties": {
        "name": "Rue Pierre Cot / Allée Cécile Brumschwig",
        "context": "Antony, Hauts-de-Seine",
        "citycode": "92002",
        "depcode": "92"
      }
    },
    {
      "type": "Feature",
      "geometry": {
        "type": "Point",
        "coordinates": [
          2.310224275,
          48.740553543
        ]
      },
      "properties": {
        "name": "Rue Pierre Cot / Allée Irène Joliot-Curie",
        "context": "Antony, Hauts-de-Seine",
        "citycode": "92002",
        "depcode": "92"
      }
    },
    {
      "type": "Feature",
      "geometry": {
        "type": "Point",
        "coordinates": [
          2.309227172,
          48.739946377
        ]
      },
      "properties": {
        "name": "Rue Pierre Cot / Allée Suzanne Lacore",
        "context": "Antony, Hauts-de-Seine",
        "citycode": "92002",
        "depcode": "92"
      }
    },
    {
      "type": "Feature",
      "geometry": {
        "type": "Point",
        "coordinates": [
          2.308841808,
          48.738899857
        ]
      },
      "properties": {
        "name": "Rue Pierre Cot / Avenue des Frères Lumière",
        "context": "Antony, Hauts-de-Seine",
        "citycode": "92002",
        "depcode": "92"
      }
    },
    {
      "type": "Feature",
      "geometry": {
        "type": "Point",
        "coordinates": [
          2.310572374,
          48.740735866
        ]
      },
      "properties": {
        "name": "Rue Pierre Cot / Cours Jean Gabin",
        "context": "Antony, Hauts-de-Seine",
        "citycode": "92002",
        "depcode": "92"
      }
    },
    {
      "type": "Feature",
      "geometry": {
        "type": "Point",
        "coordinates": [
          2.292390914,
          48.753603866
        ]
      },
      "properties": {
        "name": "Rue Pierre et Marie Curie / Avenue François Molé C2",
        "context": "Antony, Hauts-de-Seine",
        "citycode": "92002",
        "depcode": "92"
      }
    },
    {
      "type": "Feature",
      "geometry": {
        "type": "Point",
        "coordinates": [
          2.295920861,
          48.7513289
        ]
      },
      "properties": {
        "name": "Rue Pierre et Marie Curie / Rue de l'Église",
        "context": "Antony, Hauts-de-Seine",
        "citycode": "92002",
        "depcode": "92"
      }
    },
    {
      "type": "Feature",
      "geometry": {
        "type": "Point",
        "coordinates": [
          2.29592028,
          48.751326386
        ]
      },
      "properties": {
        "name": "Rue Pierre et Marie Curie / Rue du Jubilé",
        "context": "Antony, Hauts-de-Seine",
        "citycode": "92002",
        "depcode": "92"
      }
    },
    {
      "type": "Feature",
      "geometry": {
        "type": "Point",
        "coordinates": [
          2.294565414,
          48.75229414
        ]
      },
      "properties": {
        "name": "Rue Pierre et Marie Curie / Rue du Vert Buisson",
        "context": "Antony, Hauts-de-Seine",
        "citycode": "92002",
        "depcode": "92"
      }
    },
    {
      "type": "Feature",
      "geometry": {
        "type": "Point",
        "coordinates": [
          2.295196209,
          48.751832379
        ]
      },
      "properties": {
        "name": "Rue Pierre et Marie Curie / Rue Paul Langevin",
        "context": "Antony, Hauts-de-Seine",
        "citycode": "92002",
        "depcode": "92"
      }
    },
    {
      "type": "Feature",
      "geometry": {
        "type": "Point",
        "coordinates": [
          2.316590165,
          48.77028101
        ]
      },
      "properties": {
        "name": "Rue Pierre Kohlmann / Avenue de la Résidence",
        "context": "Antony, Hauts-de-Seine",
        "citycode": "92002",
        "depcode": "92"
      }
    },
    {
      "type": "Feature",
      "geometry": {
        "type": "Point",
        "coordinates": [
          2.31656149,
          48.770298592
        ]
      },
      "properties": {
        "name": "Rue Pierre Kohlmann / Rue de la Fontaine Grelot",
        "context": "Antony, Hauts-de-Seine",
        "citycode": "92002",
        "depcode": "92"
      }
    },
    {
      "type": "Feature",
      "geometry": {
        "type": "Point",
        "coordinates": [
          2.295513848,
          48.743438242
        ]
      },
      "properties": {
        "name": "Rue Pierre Vermeir / Passage Prosper Legouté",
        "context": "Antony, Hauts-de-Seine",
        "citycode": "92002",
        "depcode": "92"
      }
    },
    {
      "type": "Feature",
      "geometry": {
        "type": "Point",
        "coordinates": [
          2.29546107,
          48.745244882
        ]
      },
      "properties": {
        "name": "Rue Pierre Vermeir / Rue Adolphe Pajeaud D67A",
        "context": "Antony, Hauts-de-Seine",
        "citycode": "92002",
        "depcode": "92"
      }
    },
    {
      "type": "Feature",
      "geometry": {
        "type": "Point",
        "coordinates": [
          2.295247277,
          48.74329513
        ]
      },
      "properties": {
        "name": "Rue Pierre Vermeir / Rue Armand Carrel",
        "context": "Antony, Hauts-de-Seine",
        "citycode": "92002",
        "depcode": "92"
      }
    },
    {
      "type": "Feature",
      "geometry": {
        "type": "Point",
        "coordinates": [
          2.290070406,
          48.741049319
        ]
      },
      "properties": {
        "name": "Rue Pierre Vermeir / Rue des Pâquerettes",
        "context": "Antony, Hauts-de-Seine",
        "citycode": "92002",
        "depcode": "92"
      }
    },
    {
      "type": "Feature",
      "geometry": {
        "type": "Point",
        "coordinates": [
          2.294434743,
          48.742795958
        ]
      },
      "properties": {
        "name": "Rue Pierre Vermeir / Rue du Coteau",
        "context": "Antony, Hauts-de-Seine",
        "citycode": "92002",
        "depcode": "92"
      }
    },
    {
      "type": "Feature",
      "geometry": {
        "type": "Point",
        "coordinates": [
          2.291189028,
          48.74148194
        ]
      },
      "properties": {
        "name": "Rue Pierre Vermeir / Rue Joseph Fouriaux",
        "context": "Antony, Hauts-de-Seine",
        "citycode": "92002",
        "depcode": "92"
      }
    },
    {
      "type": "Feature",
      "geometry": {
        "type": "Point",
        "coordinates": [
          2.295503157,
          48.745238057
        ]
      },
      "properties": {
        "name": "Rue Pierre Vermeir / Rue Prosper Legouté",
        "context": "Antony, Hauts-de-Seine",
        "citycode": "92002",
        "depcode": "92"
      }
    },
    {
      "type": "Feature",
      "geometry": {
        "type": "Point",
        "coordinates": [
          2.292520599,
          48.742022062
        ]
      },
      "properties": {
        "name": "Rue Pierre Vermeir / Rue Victor Clément",
        "context": "Antony, Hauts-de-Seine",
        "citycode": "92002",
        "depcode": "92"
      }
    },
    {
      "type": "Feature",
      "geometry": {
        "type": "Point",
        "coordinates": [
          2.317073449,
          48.749707618
        ]
      },
      "properties": {
        "name": "Rue Pierre-Gilles de Gennes / Parc de Tourvoie",
        "context": "Antony, Hauts-de-Seine",
        "citycode": "92002",
        "depcode": "92"
      }
    },
    {
      "type": "Feature",
      "geometry": {
        "type": "Point",
        "coordinates": [
          2.32026214,
          48.748860893
        ]
      },
      "properties": {
        "name": "Rue Pierre-Gilles de Gennes / Rue Galilée",
        "context": "Antony, Hauts-de-Seine",
        "citycode": "92002",
        "depcode": "92"
      }
    },
    {
      "type": "Feature",
      "geometry": {
        "type": "Point",
        "coordinates": [
          2.319575984,
          48.749266896
        ]
      },
      "properties": {
        "name": "Rue Pierre-Gilles de Gennes / Rue Georges Charpak",
        "context": "Antony, Hauts-de-Seine",
        "citycode": "92002",
        "depcode": "92"
      }
    },
    {
      "type": "Feature",
      "geometry": {
        "type": "Point",
        "coordinates": [
          2.316794488,
          48.750111057
        ]
      },
      "properties": {
        "name": "Rue Pierre-Gilles de Gennes / Voie des Martyrs",
        "context": "Antony, Hauts-de-Seine",
        "citycode": "92002",
        "depcode": "92"
      }
    },
    {
      "type": "Feature",
      "geometry": {
        "type": "Point",
        "coordinates": [
          2.295774974,
          48.745898421
        ]
      },
      "properties": {
        "name": "Rue Prosper Legouté / Avenue Jean Monnet D67A",
        "context": "Antony, Hauts-de-Seine",
        "citycode": "92002",
        "depcode": "92"
      }
    },
    {
      "type": "Feature",
      "geometry": {
        "type": "Point",
        "coordinates": [
          2.295671788,
          48.745959626
        ]
      },
      "properties": {
        "name": "Rue Prosper Legouté / Impasse Davis",
        "context": "Antony, Hauts-de-Seine",
        "citycode": "92002",
        "depcode": "92"
      }
    },
    {
      "type": "Feature",
      "geometry": {
        "type": "Point",
        "coordinates": [
          2.29466409,
          48.748591156
        ]
      },
      "properties": {
        "name": "Rue Prosper Legouté / La Bièvre",
        "context": "Antony, Hauts-de-Seine",
        "citycode": "92002",
        "depcode": "92"
      }
    },
    {
      "type": "Feature",
      "geometry": {
        "type": "Point",
        "coordinates": [
          2.296254418,
          48.744533698
        ]
      },
      "properties": {
        "name": "Rue Prosper Legouté / Passage Prosper Legouté",
        "context": "Antony, Hauts-de-Seine",
        "citycode": "92002",
        "depcode": "92"
      }
    },
    {
      "type": "Feature",
      "geometry": {
        "type": "Point",
        "coordinates": [
          2.29554345,
          48.745366425
        ]
      },
      "properties": {
        "name": "Rue Prosper Legouté / Rue Adolphe Pajeaud D67A",
        "context": "Antony, Hauts-de-Seine",
        "citycode": "92002",
        "depcode": "92"
      }
    },
    {
      "type": "Feature",
      "geometry": {
        "type": "Point",
        "coordinates": [
          2.29536574,
          48.746485046
        ]
      },
      "properties": {
        "name": "Rue Prosper Legouté / Rue Marcel Cerdan",
        "context": "Antony, Hauts-de-Seine",
        "citycode": "92002",
        "depcode": "92"
      }
    },
    {
      "type": "Feature",
      "geometry": {
        "type": "Point",
        "coordinates": [
          2.308295686,
          48.749378205
        ]
      },
      "properties": {
        "name": "Rue Racine / Avenue Jules Ferry",
        "context": "Antony, Hauts-de-Seine",
        "citycode": "92002",
        "depcode": "92"
      }
    },
    {
      "type": "Feature",
      "geometry": {
        "type": "Point",
        "coordinates": [
          2.293703561,
          48.736863253
        ]
      },
      "properties": {
        "name": "Rue Rameau / Avenue du Président J.F. Kennedy D66",
        "context": "Antony, Hauts-de-Seine",
        "citycode": "92002",
        "depcode": "92"
      }
    },
    {
      "type": "Feature",
      "geometry": {
        "type": "Point",
        "coordinates": [
          2.307434747,
          48.753932351
        ]
      },
      "properties": {
        "name": "Rue René Barthélémy / Allée Fernand Braudel",
        "context": "Antony, Hauts-de-Seine",
        "citycode": "92002",
        "depcode": "92"
      }
    },
    {
      "type": "Feature",
      "geometry": {
        "type": "Point",
        "coordinates": [
          2.30763025,
          48.754212724
        ]
      },
      "properties": {
        "name": "Rue René Barthélémy / La Bièvre",
        "context": "Antony, Hauts-de-Seine",
        "citycode": "92002",
        "depcode": "92"
      }
    },
    {
      "type": "Feature",
      "geometry": {
        "type": "Point",
        "coordinates": [
          2.307306986,
          48.753743716
        ]
      },
      "properties": {
        "name": "Rue René Barthélémy / Rue Arthur Blanchet",
        "context": "Antony, Hauts-de-Seine",
        "citycode": "92002",
        "depcode": "92"
      }
    },
    {
      "type": "Feature",
      "geometry": {
        "type": "Point",
        "coordinates": [
          2.30851441,
          48.75517242
        ]
      },
      "properties": {
        "name": "Rue René Barthélémy / Rue Gabriel Chamon",
        "context": "Antony, Hauts-de-Seine",
        "citycode": "92002",
        "depcode": "92"
      }
    },
    {
      "type": "Feature",
      "geometry": {
        "type": "Point",
        "coordinates": [
          2.308385712,
          48.755074581
        ]
      },
      "properties": {
        "name": "Rue René Barthélémy / Rue Galipeau",
        "context": "Antony, Hauts-de-Seine",
        "citycode": "92002",
        "depcode": "92"
      }
    },
    {
      "type": "Feature",
      "geometry": {
        "type": "Point",
        "coordinates": [
          2.306733385,
          48.75311643
        ]
      },
      "properties": {
        "name": "Rue René Barthélémy / Rue Jean Moulin D67",
        "context": "Antony, Hauts-de-Seine",
        "citycode": "92002",
        "depcode": "92"
      }
    },
    {
      "type": "Feature",
      "geometry": {
        "type": "Point",
        "coordinates": [
          2.307840018,
          48.754458183
        ]
      },
      "properties": {
        "name": "Rue René Barthélémy / Rue Sderot",
        "context": "Antony, Hauts-de-Seine",
        "citycode": "92002",
        "depcode": "92"
      }
    },
    {
      "type": "Feature",
      "geometry": {
        "type": "Point",
        "coordinates": [
          2.308138337,
          48.754794027
        ]
      },
      "properties": {
        "name": "Rue René Barthélémy / Villa Thorain",
        "context": "Antony, Hauts-de-Seine",
        "citycode": "92002",
        "depcode": "92"
      }
    },
    {
      "type": "Feature",
      "geometry": {
        "type": "Point",
        "coordinates": [
          2.291282611,
          48.75210457
        ]
      },
      "properties": {
        "name": "Rue René Roeckel / Avenue François Molé C2",
        "context": "Antony, Hauts-de-Seine",
        "citycode": "92002",
        "depcode": "92"
      }
    },
    {
      "type": "Feature",
      "geometry": {
        "type": "Point",
        "coordinates": [
          2.292661474,
          48.751270207
        ]
      },
      "properties": {
        "name": "Rue René Roeckel / Rue du Vert Buisson",
        "context": "Antony, Hauts-de-Seine",
        "citycode": "92002",
        "depcode": "92"
      }
    },
    {
      "type": "Feature",
      "geometry": {
        "type": "Point",
        "coordinates": [
          2.306637959,
          48.746437039
        ]
      },
      "properties": {
        "name": "Rue Ricquebourg / Avenue Manin",
        "context": "Antony, Hauts-de-Seine",
        "citycode": "92002",
        "depcode": "92"
      }
    },
    {
      "type": "Feature",
      "geometry": {
        "type": "Point",
        "coordinates": [
          2.306025533,
          48.745612462
        ]
      },
      "properties": {
        "name": "Rue Ricquebourg / Avenue Montaigne",
        "context": "Antony, Hauts-de-Seine",
        "citycode": "92002",
        "depcode": "92"
      }
    },
    {
      "type": "Feature",
      "geometry": {
        "type": "Point",
        "coordinates": [
          2.307429529,
          48.74681472
        ]
      },
      "properties": {
        "name": "Rue Ricquebourg / Avenue René Morin",
        "context": "Antony, Hauts-de-Seine",
        "citycode": "92002",
        "depcode": "92"
      }
    },
    {
      "type": "Feature",
      "geometry": {
        "type": "Point",
        "coordinates": [
          2.296742,
          48.756377708
        ]
      },
      "properties": {
        "name": "Rue Robert Doisy / Avenue Léon Blum",
        "context": "Antony, Hauts-de-Seine",
        "citycode": "92002",
        "depcode": "92"
      }
    },
    {
      "type": "Feature",
      "geometry": {
        "type": "Point",
        "coordinates": [
          2.294910163,
          48.757714385
        ]
      },
      "properties": {
        "name": "Rue Robert Doisy / Impasse sous la Tour",
        "context": "Antony, Hauts-de-Seine",
        "citycode": "92002",
        "depcode": "92"
      }
    },
    {
      "type": "Feature",
      "geometry": {
        "type": "Point",
        "coordinates": [
          2.286790892,
          48.737399566
        ]
      },
      "properties": {
        "name": "Rue Robert Scherrer / Allée Martin Luther King",
        "context": "Antony, Hauts-de-Seine",
        "citycode": "92002",
        "depcode": "92"
      }
    },
    {
      "type": "Feature",
      "geometry": {
        "type": "Point",
        "coordinates": [
          2.284195641,
          48.736757932
        ]
      },
      "properties": {
        "name": "Rue Robert Scherrer / Avenue du Noyer Doré",
        "context": "Antony, Hauts-de-Seine",
        "citycode": "92002",
        "depcode": "92"
      }
    },
    {
      "type": "Feature",
      "geometry": {
        "type": "Point",
        "coordinates": [
          2.284184,
          48.7367614
        ]
      },
      "properties": {
        "name": "Rue Robert Scherrer / Boulevard des Pyrénées",
        "context": "Antony, Hauts-de-Seine",
        "citycode": "92002",
        "depcode": "92"
      }
    },
    {
      "type": "Feature",
      "geometry": {
        "type": "Point",
        "coordinates": [
          2.285324182,
          48.737025802
        ]
      },
      "properties": {
        "name": "Rue Robert Scherrer / Mail Robert Doisneau",
        "context": "Antony, Hauts-de-Seine",
        "citycode": "92002",
        "depcode": "92"
      }
    },
    {
      "type": "Feature",
      "geometry": {
        "type": "Point",
        "coordinates": [
          2.28812301,
          48.737755484
        ]
      },
      "properties": {
        "name": "Rue Robert Scherrer / Rue de la Méditerranée",
        "context": "Antony, Hauts-de-Seine",
        "citycode": "92002",
        "depcode": "92"
      }
    },
    {
      "type": "Feature",
      "geometry": {
        "type": "Point",
        "coordinates": [
          2.288000943,
          48.737706246
        ]
      },
      "properties": {
        "name": "Rue Robert Scherrer / Rue du Mont-Blanc",
        "context": "Antony, Hauts-de-Seine",
        "citycode": "92002",
        "depcode": "92"
      }
    },
    {
      "type": "Feature",
      "geometry": {
        "type": "Point",
        "coordinates": [
          2.286121326,
          48.737232342
        ]
      },
      "properties": {
        "name": "Rue Robert Scherrer / Square des Corbières",
        "context": "Antony, Hauts-de-Seine",
        "citycode": "92002",
        "depcode": "92"
      }
    },
    {
      "type": "Feature",
      "geometry": {
        "type": "Point",
        "coordinates": [
          2.279274083,
          48.757664146
        ]
      },
      "properties": {
        "name": "Rue Saint-Gervais / Allée d'Arz",
        "context": "Antony, Hauts-de-Seine",
        "citycode": "92002",
        "depcode": "92"
      }
    },
    {
      "type": "Feature",
      "geometry": {
        "type": "Point",
        "coordinates": [
          2.279059005,
          48.757227372
        ]
      },
      "properties": {
        "name": "Rue Saint-Gervais / Avenue du Bois de Verrières",
        "context": "Antony, Hauts-de-Seine",
        "citycode": "92002",
        "depcode": "92"
      }
    },
    {
      "type": "Feature",
      "geometry": {
        "type": "Point",
        "coordinates": [
          2.279911297,
          48.758362291
        ]
      },
      "properties": {
        "name": "Rue Saint-Gervais / Rue de l'Union",
        "context": "Antony, Hauts-de-Seine",
        "citycode": "92002",
        "depcode": "92"
      }
    },
    {
      "type": "Feature",
      "geometry": {
        "type": "Point",
        "coordinates": [
          2.279928214,
          48.758604124
        ]
      },
      "properties": {
        "name": "Rue Saint-Gervais / Rue Ker Jouanno",
        "context": "Antony, Hauts-de-Seine",
        "citycode": "92002",
        "depcode": "92"
      }
    },
    {
      "type": "Feature",
      "geometry": {
        "type": "Point",
        "coordinates": [
          2.307788125,
          48.754481154
        ]
      },
      "properties": {
        "name": "Rue Sderot / La Bièvre",
        "context": "Antony, Hauts-de-Seine",
        "citycode": "92002",
        "depcode": "92"
      }
    },
    {
      "type": "Feature",
      "geometry": {
        "type": "Point",
        "coordinates": [
          2.28383152,
          48.736687677
        ]
      },
      "properties": {
        "name": "Rue Simone Seailles / Boulevard des Pyrénées",
        "context": "Antony, Hauts-de-Seine",
        "citycode": "92002",
        "depcode": "92"
      }
    },
    {
      "type": "Feature",
      "geometry": {
        "type": "Point",
        "coordinates": [
          2.28618101,
          48.737998788
        ]
      },
      "properties": {
        "name": "Rue Simone Seailles / Rue de Megève",
        "context": "Antony, Hauts-de-Seine",
        "citycode": "92002",
        "depcode": "92"
      }
    },
    {
      "type": "Feature",
      "geometry": {
        "type": "Point",
        "coordinates": [
          2.306778166,
          48.74430208
        ]
      },
      "properties": {
        "name": "Rue Thierry / Boulevard Colbert",
        "context": "Antony, Hauts-de-Seine",
        "citycode": "92002",
        "depcode": "92"
      }
    },
    {
      "type": "Feature",
      "geometry": {
        "type": "Point",
        "coordinates": [
          2.307864451,
          48.744165052
        ]
      },
      "properties": {
        "name": "Rue Thierry / Rue de la Mutualité",
        "context": "Antony, Hauts-de-Seine",
        "citycode": "92002",
        "depcode": "92"
      }
    },
    {
      "type": "Feature",
      "geometry": {
        "type": "Point",
        "coordinates": [
          2.307913649,
          48.744175587
        ]
      },
      "properties": {
        "name": "Rue Thierry / Rue George Sand",
        "context": "Antony, Hauts-de-Seine",
        "citycode": "92002",
        "depcode": "92"
      }
    },
    {
      "type": "Feature",
      "geometry": {
        "type": "Point",
        "coordinates": [
          2.315393095,
          48.767179761
        ]
      },
      "properties": {
        "name": "Rue Toulouse-Lautrec / Avenue Saint-Exupéry",
        "context": "Antony, Hauts-de-Seine",
        "citycode": "92002",
        "depcode": "92"
      }
    },
    {
      "type": "Feature",
      "geometry": {
        "type": "Point",
        "coordinates": [
          2.316014209,
          48.767082119
        ]
      },
      "properties": {
        "name": "Rue Toulouse-Lautrec / Avenue Victor-Hugo",
        "context": "Antony, Hauts-de-Seine",
        "citycode": "92002",
        "depcode": "92"
      }
    },
    {
      "type": "Feature",
      "geometry": {
        "type": "Point",
        "coordinates": [
          2.299739562,
          48.749277384
        ]
      },
      "properties": {
        "name": "Rue Trudon / Rue Henri Barbusse",
        "context": "Antony, Hauts-de-Seine",
        "citycode": "92002",
        "depcode": "92"
      }
    },
    {
      "type": "Feature",
      "geometry": {
        "type": "Point",
        "coordinates": [
          2.291901732,
          48.742732889
        ]
      },
      "properties": {
        "name": "Rue Vaillant / Rue Victor Clément",
        "context": "Antony, Hauts-de-Seine",
        "citycode": "92002",
        "depcode": "92"
      }
    },
    {
      "type": "Feature",
      "geometry": {
        "type": "Point",
        "coordinates": [
          2.302505047,
          48.756634725
        ]
      },
      "properties": {
        "name": "Rue Velpeau / Avenue de la Providence",
        "context": "Antony, Hauts-de-Seine",
        "citycode": "92002",
        "depcode": "92"
      }
    },
    {
      "type": "Feature",
      "geometry": {
        "type": "Point",
        "coordinates": [
          2.305552659,
          48.763060241
        ]
      },
      "properties": {
        "name": "Rue Velpeau / Avenue du Général de Gaulle D986",
        "context": "Antony, Hauts-de-Seine",
        "citycode": "92002",
        "depcode": "92"
      }
    },
    {
      "type": "Feature",
      "geometry": {
        "type": "Point",
        "coordinates": [
          2.302867568,
          48.757886589
        ]
      },
      "properties": {
        "name": "Rue Velpeau / Avenue Jeanne d'Arc",
        "context": "Antony, Hauts-de-Seine",
        "citycode": "92002",
        "depcode": "92"
      }
    },
    {
      "type": "Feature",
      "geometry": {
        "type": "Point",
        "coordinates": [
          2.30185413,
          48.755728158
        ]
      },
      "properties": {
        "name": "Rue Velpeau / Pont Nord",
        "context": "Antony, Hauts-de-Seine",
        "citycode": "92002",
        "depcode": "92"
      }
    },
    {
      "type": "Feature",
      "geometry": {
        "type": "Point",
        "coordinates": [
          2.304482598,
          48.761188922
        ]
      },
      "properties": {
        "name": "Rue Velpeau / Ru des Morteaux",
        "context": "Antony, Hauts-de-Seine",
        "citycode": "92002",
        "depcode": "92"
      }
    },
    {
      "type": "Feature",
      "geometry": {
        "type": "Point",
        "coordinates": [
          2.305532195,
          48.762894162
        ]
      },
      "properties": {
        "name": "Rue Velpeau / Rue de l'Ouest",
        "context": "Antony, Hauts-de-Seine",
        "citycode": "92002",
        "depcode": "92"
      }
    },
    {
      "type": "Feature",
      "geometry": {
        "type": "Point",
        "coordinates": [
          2.304534235,
          48.761234815
        ]
      },
      "properties": {
        "name": "Rue Velpeau / Rue des Morteaux",
        "context": "Antony, Hauts-de-Seine",
        "citycode": "92002",
        "depcode": "92"
      }
    },
    {
      "type": "Feature",
      "geometry": {
        "type": "Point",
        "coordinates": [
          2.304317315,
          48.760918919
        ]
      },
      "properties": {
        "name": "Rue Velpeau / Rue Paul Bourget",
        "context": "Antony, Hauts-de-Seine",
        "citycode": "92002",
        "depcode": "92"
      }
    },
    {
      "type": "Feature",
      "geometry": {
        "type": "Point",
        "coordinates": [
          2.305493087,
          48.762950898
        ]
      },
      "properties": {
        "name": "Rue Velpeau / Trans Val de Marne",
        "context": "Antony, Hauts-de-Seine",
        "citycode": "92002",
        "depcode": "92"
      }
    },
    {
      "type": "Feature",
      "geometry": {
        "type": "Point",
        "coordinates": [
          2.290824547,
          48.744032868
        ]
      },
      "properties": {
        "name": "Rue Victor Clément / Rue Adolphe Pajeaud D67A",
        "context": "Antony, Hauts-de-Seine",
        "citycode": "92002",
        "depcode": "92"
      }
    },
    {
      "type": "Feature",
      "geometry": {
        "type": "Point",
        "coordinates": [
          2.284680501,
          48.7358559
        ]
      },
      "properties": {
        "name": "Rue Victor Schœlcher / Avenue du Noyer Doré",
        "context": "Antony, Hauts-de-Seine",
        "citycode": "92002",
        "depcode": "92"
      }
    },
    {
      "type": "Feature",
      "geometry": {
        "type": "Point",
        "coordinates": [
          2.281584632,
          48.736094514
        ]
      },
      "properties": {
        "name": "Rue Victor Schœlcher / Boulevard des Pyrénées",
        "context": "Antony, Hauts-de-Seine",
        "citycode": "92002",
        "depcode": "92"
      }
    },
    {
      "type": "Feature",
      "geometry": {
        "type": "Point",
        "coordinates": [
          2.308304094,
          48.761793506
        ]
      },
      "properties": {
        "name": "Rue Voltaire / Avenue Aristide Briand D920",
        "context": "Antony, Hauts-de-Seine",
        "citycode": "92002",
        "depcode": "92"
      }
    },
    {
      "type": "Feature",
      "geometry": {
        "type": "Point",
        "coordinates": [
          2.313203862,
          48.760960923
        ]
      },
      "properties": {
        "name": "Rue Voltaire / Avenue Gambetta",
        "context": "Antony, Hauts-de-Seine",
        "citycode": "92002",
        "depcode": "92"
      }
    },
    {
      "type": "Feature",
      "geometry": {
        "type": "Point",
        "coordinates": [
          2.29475371,
          48.7548631
        ]
      },
      "properties": {
        "name": "Ruelle à Riou / Avenue du Bois de Verrières C6",
        "context": "Antony, Hauts-de-Seine",
        "citycode": "92002",
        "depcode": "92"
      }
    },
    {
      "type": "Feature",
      "geometry": {
        "type": "Point",
        "coordinates": [
          2.312546445,
          48.753139414
        ]
      },
      "properties": {
        "name": "Ruisseau de Rungis / Avenue du 8 Mai 1945 D127",
        "context": "Antony, Hauts-de-Seine",
        "citycode": "92002",
        "depcode": "92"
      }
    },
    {
      "type": "Feature",
      "geometry": {
        "type": "Point",
        "coordinates": [
          2.285363437,
          48.7474689
        ]
      },
      "properties": {
        "name": "Ruisseau des Godets / Avenue François Molé",
        "context": "Antony, Hauts-de-Seine",
        "citycode": "92002",
        "depcode": "92"
      }
    },
    {
      "type": "Feature",
      "geometry": {
        "type": "Point",
        "coordinates": [
          2.297187489,
          48.751541134
        ]
      },
      "properties": {
        "name": "Square de Collegno / Rue de l'Abbaye",
        "context": "Antony, Hauts-de-Seine",
        "citycode": "92002",
        "depcode": "92"
      }
    },
    {
      "type": "Feature",
      "geometry": {
        "type": "Point",
        "coordinates": [
          2.296882671,
          48.751785797
        ]
      },
      "properties": {
        "name": "Square de Collegno / Rue de l'Église",
        "context": "Antony, Hauts-de-Seine",
        "citycode": "92002",
        "depcode": "92"
      }
    },
    {
      "type": "Feature",
      "geometry": {
        "type": "Point",
        "coordinates": [
          2.291182229,
          48.738871281
        ]
      },
      "properties": {
        "name": "Square de l'Atlantique / Allée de la Tamise",
        "context": "Antony, Hauts-de-Seine",
        "citycode": "92002",
        "depcode": "92"
      }
    },
    {
      "type": "Feature",
      "geometry": {
        "type": "Point",
        "coordinates": [
          2.291050194,
          48.739108308
        ]
      },
      "properties": {
        "name": "Square de l'Atlantique / Allée de la Volga",
        "context": "Antony, Hauts-de-Seine",
        "citycode": "92002",
        "depcode": "92"
      }
    },
    {
      "type": "Feature",
      "geometry": {
        "type": "Point",
        "coordinates": [
          2.290293259,
          48.738764034
        ]
      },
      "properties": {
        "name": "Square de l'Atlantique / Avenue de la Fontaine Mouton",
        "context": "Antony, Hauts-de-Seine",
        "citycode": "92002",
        "depcode": "92"
      }
    },
    {
      "type": "Feature",
      "geometry": {
        "type": "Point",
        "coordinates": [
          2.315602406,
          48.770471822
        ]
      },
      "properties": {
        "name": "Square Gabriel Fauré / Rue de la Pépinière",
        "context": "Antony, Hauts-de-Seine",
        "citycode": "92002",
        "depcode": "92"
      }
    },
    {
      "type": "Feature",
      "geometry": {
        "type": "Point",
        "coordinates": [
          2.311384742,
          48.770754571
        ]
      },
      "properties": {
        "name": "Square Gilbert / Avenue de la Duchesse du Maine",
        "context": "Antony, Hauts-de-Seine",
        "citycode": "92002",
        "depcode": "92"
      }
    },
    {
      "type": "Feature",
      "geometry": {
        "type": "Point",
        "coordinates": [
          2.31159285,
          48.770587386
        ]
      },
      "properties": {
        "name": "Square Gilbert / Avenue du Général Leclerc D920",
        "context": "Antony, Hauts-de-Seine",
        "citycode": "92002",
        "depcode": "92"
      }
    },
    {
      "type": "Feature",
      "geometry": {
        "type": "Point",
        "coordinates": [
          2.311613394,
          48.770480961
        ]
      },
      "properties": {
        "name": "Square Gilbert / Avenue Raymond Aron D920",
        "context": "Antony, Hauts-de-Seine",
        "citycode": "92002",
        "depcode": "92"
      }
    },
    {
      "type": "Feature",
      "geometry": {
        "type": "Point",
        "coordinates": [
          2.31098702,
          48.762772167
        ]
      },
      "properties": {
        "name": "Trans Val de Marne / Avenue de la Division Leclerc D986",
        "context": "Antony, Hauts-de-Seine",
        "citycode": "92002",
        "depcode": "92"
      }
    },
    {
      "type": "Feature",
      "geometry": {
        "type": "Point",
        "coordinates": [
          2.310494316,
          48.763449605
        ]
      },
      "properties": {
        "name": "Trans Val de Marne / Avenue du Docteur Ténine D986",
        "context": "Antony, Hauts-de-Seine",
        "citycode": "92002",
        "depcode": "92"
      }
    },
    {
      "type": "Feature",
      "geometry": {
        "type": "Point",
        "coordinates": [
          2.305251522,
          48.763025434
        ]
      },
      "properties": {
        "name": "Trans Val de Marne / Avenue du Général de Gaulle D986",
        "context": "Antony, Hauts-de-Seine",
        "citycode": "92002",
        "depcode": "92"
      }
    },
    {
      "type": "Feature",
      "geometry": {
        "type": "Point",
        "coordinates": [
          2.315644723,
          48.761523692
        ]
      },
      "properties": {
        "name": "Trans Val de Marne / Avenue Paul Vaillant-Couturier D86B",
        "context": "Antony, Hauts-de-Seine",
        "citycode": "92002",
        "depcode": "92"
      }
    },
    {
      "type": "Feature",
      "geometry": {
        "type": "Point",
        "coordinates": [
          2.308923521,
          48.763826439
        ]
      },
      "properties": {
        "name": "Trans Val de Marne / Avenue Raymond Aron D920",
        "context": "Antony, Hauts-de-Seine",
        "citycode": "92002",
        "depcode": "92"
      }
    },
    {
      "type": "Feature",
      "geometry": {
        "type": "Point",
        "coordinates": [
          2.318501795,
          48.760928873
        ]
      },
      "properties": {
        "name": "Trans Val de Marne / Carrefour de la Déportation",
        "context": "Antony, Hauts-de-Seine",
        "citycode": "92002",
        "depcode": "92"
      }
    },
    {
      "type": "Feature",
      "geometry": {
        "type": "Point",
        "coordinates": [
          2.316005038,
          48.761551723
        ]
      },
      "properties": {
        "name": "Trans Val de Marne / La Bièvre",
        "context": "Antony, Hauts-de-Seine",
        "citycode": "92002",
        "depcode": "92"
      }
    },
    {
      "type": "Feature",
      "geometry": {
        "type": "Point",
        "coordinates": [
          2.308875298,
          48.763799164
        ]
      },
      "properties": {
        "name": "Trans Val de Marne / Place du Général de Gaulle D920",
        "context": "Antony, Hauts-de-Seine",
        "citycode": "92002",
        "depcode": "92"
      }
    },
    {
      "type": "Feature",
      "geometry": {
        "type": "Point",
        "coordinates": [
          2.311846819,
          48.763111461
        ]
      },
      "properties": {
        "name": "Trans Val de Marne / Rue d'Olomouc",
        "context": "Antony, Hauts-de-Seine",
        "citycode": "92002",
        "depcode": "92"
      }
    },
    {
      "type": "Feature",
      "geometry": {
        "type": "Point",
        "coordinates": [
          2.315487995,
          48.76145089
        ]
      },
      "properties": {
        "name": "Trans Val de Marne / Rue Léon Gambetta",
        "context": "Antony, Hauts-de-Seine",
        "citycode": "92002",
        "depcode": "92"
      }
    },
    {
      "type": "Feature",
      "geometry": {
        "type": "Point",
        "coordinates": [
          2.305532317,
          48.763007757
        ]
      },
      "properties": {
        "name": "Trans Val de Marne / Rue Velpeau",
        "context": "Antony, Hauts-de-Seine",
        "citycode": "92002",
        "depcode": "92"
      }
    },
    {
      "type": "Feature",
      "geometry": {
        "type": "Point",
        "coordinates": [
          2.308754883,
          48.763422347
        ]
      },
      "properties": {
        "name": "Tunnel d'Antony A86 / Avenue Aristide Briand D920",
        "context": "Antony, Hauts-de-Seine",
        "citycode": "92002",
        "depcode": "92"
      }
    },
    {
      "type": "Feature",
      "geometry": {
        "type": "Point",
        "coordinates": [
          2.30442316,
          48.762924583
        ]
      },
      "properties": {
        "name": "Tunnel d'Antony A86 / Avenue du Général de Gaulle D986",
        "context": "Antony, Hauts-de-Seine",
        "citycode": "92002",
        "depcode": "92"
      }
    },
    {
      "type": "Feature",
      "geometry": {
        "type": "Point",
        "coordinates": [
          2.30398941,
          48.762882593
        ]
      },
      "properties": {
        "name": "Tunnel d'Antony A86 / Avenue Le Brun D77",
        "context": "Antony, Hauts-de-Seine",
        "citycode": "92002",
        "depcode": "92"
      }
    },
    {
      "type": "Feature",
      "geometry": {
        "type": "Point",
        "coordinates": [
          2.302683587,
          48.762583218
        ]
      },
      "properties": {
        "name": "Tunnel d'Antony A86 / DDE Bureaux Chantier A86",
        "context": "Antony, Hauts-de-Seine",
        "citycode": "92002",
        "depcode": "92"
      }
    },
    {
      "type": "Feature",
      "geometry": {
        "type": "Point",
        "coordinates": [
          2.308927388,
          48.763475727
        ]
      },
      "properties": {
        "name": "Tunnel d'Antony A86 / Place du Général de Gaulle D986",
        "context": "Antony, Hauts-de-Seine",
        "citycode": "92002",
        "depcode": "92"
      }
    },
    {
      "type": "Feature",
      "geometry": {
        "type": "Point",
        "coordinates": [
          2.302181162,
          48.762438262
        ]
      },
      "properties": {
        "name": "Tunnel d'Antony A86 / Ru des Morteaux",
        "context": "Antony, Hauts-de-Seine",
        "citycode": "92002",
        "depcode": "92"
      }
    },
    {
      "type": "Feature",
      "geometry": {
        "type": "Point",
        "coordinates": [
          2.306464371,
          48.763314097
        ]
      },
      "properties": {
        "name": "Tunnel d'Antony A86 / Trans Val de Marne",
        "context": "Antony, Hauts-de-Seine",
        "citycode": "92002",
        "depcode": "92"
      }
    },
    {
      "type": "Feature",
      "geometry": {
        "type": "Point",
        "coordinates": [
          2.28168893,
          48.756577052
        ]
      },
      "properties": {
        "name": "Villa Carman / Avenue du Bois de Verrières",
        "context": "Antony, Hauts-de-Seine",
        "citycode": "92002",
        "depcode": "92"
      }
    },
    {
      "type": "Feature",
      "geometry": {
        "type": "Point",
        "coordinates": [
          2.30187699,
          48.75573685
        ]
      },
      "properties": {
        "name": "Villa Domas / Pont Nord",
        "context": "Antony, Hauts-de-Seine",
        "citycode": "92002",
        "depcode": "92"
      }
    },
    {
      "type": "Feature",
      "geometry": {
        "type": "Point",
        "coordinates": [
          2.301901892,
          48.755745541
        ]
      },
      "properties": {
        "name": "Villa Domas / Rue Velpeau",
        "context": "Antony, Hauts-de-Seine",
        "citycode": "92002",
        "depcode": "92"
      }
    },
    {
      "type": "Feature",
      "geometry": {
        "type": "Point",
        "coordinates": [
          2.304657882,
          48.755199724
        ]
      },
      "properties": {
        "name": "Villa Domas / Villa du Petit Valet",
        "context": "Antony, Hauts-de-Seine",
        "citycode": "92002",
        "depcode": "92"
      }
    },
    {
      "type": "Feature",
      "geometry": {
        "type": "Point",
        "coordinates": [
          2.313653189,
          48.745238692
        ]
      },
      "properties": {
        "name": "Villa Elise / Rue des Rabats",
        "context": "Antony, Hauts-de-Seine",
        "citycode": "92002",
        "depcode": "92"
      }
    },
    {
      "type": "Feature",
      "geometry": {
        "type": "Point",
        "coordinates": [
          2.291435628,
          48.745877972
        ]
      },
      "properties": {
        "name": "Villa Henriette / Allée Eugène Sue",
        "context": "Antony, Hauts-de-Seine",
        "citycode": "92002",
        "depcode": "92"
      }
    },
    {
      "type": "Feature",
      "geometry": {
        "type": "Point",
        "coordinates": [
          2.291554155,
          48.744307269
        ]
      },
      "properties": {
        "name": "Villa Henriette / Rue Adolphe Pajeaud D67A",
        "context": "Antony, Hauts-de-Seine",
        "citycode": "92002",
        "depcode": "92"
      }
    },
    {
      "type": "Feature",
      "geometry": {
        "type": "Point",
        "coordinates": [
          2.291728472,
          48.74593473
        ]
      },
      "properties": {
        "name": "Villa Henriette / Rue Alexandre Dumas",
        "context": "Antony, Hauts-de-Seine",
        "citycode": "92002",
        "depcode": "92"
      }
    },
    {
      "type": "Feature",
      "geometry": {
        "type": "Point",
        "coordinates": [
          2.291740798,
          48.745945805
        ]
      },
      "properties": {
        "name": "Villa Henriette / Rue Gérard de Nerval",
        "context": "Antony, Hauts-de-Seine",
        "citycode": "92002",
        "depcode": "92"
      }
    },
    {
      "type": "Feature",
      "geometry": {
        "type": "Point",
        "coordinates": [
          2.2915501,
          48.74429554
        ]
      },
      "properties": {
        "name": "Villa Henriette / Rue Jean Mermoz",
        "context": "Antony, Hauts-de-Seine",
        "citycode": "92002",
        "depcode": "92"
      }
    },
    {
      "type": "Feature",
      "geometry": {
        "type": "Point",
        "coordinates": [
          2.28658762,
          48.752324645
        ]
      },
      "properties": {
        "name": "Villa Jean Pierre / Rue du Colonel Fabien VC3",
        "context": "Antony, Hauts-de-Seine",
        "citycode": "92002",
        "depcode": "92"
      }
    },
    {
      "type": "Feature",
      "geometry": {
        "type": "Point",
        "coordinates": [
          2.299791667,
          48.757522274
        ]
      },
      "properties": {
        "name": "Villa Maurice / Avenue Léon Blum",
        "context": "Antony, Hauts-de-Seine",
        "citycode": "92002",
        "depcode": "92"
      }
    },
    {
      "type": "Feature",
      "geometry": {
        "type": "Point",
        "coordinates": [
          2.308876877,
          48.74402752
        ]
      },
      "properties": {
        "name": "Villa Raspail / Bois de l'Aurore",
        "context": "Antony, Hauts-de-Seine",
        "citycode": "92002",
        "depcode": "92"
      }
    },
    {
      "type": "Feature",
      "geometry": {
        "type": "Point",
        "coordinates": [
          2.301444278,
          48.757453606
        ]
      },
      "properties": {
        "name": "Villa Saint-Georges / Boulevard Pierre Brossolette",
        "context": "Antony, Hauts-de-Seine",
        "citycode": "92002",
        "depcode": "92"
      }
    },
    {
      "type": "Feature",
      "geometry": {
        "type": "Point",
        "coordinates": [
          2.305839745,
          48.755428821
        ]
      },
      "properties": {
        "name": "Villa Thorain / Avenue Aristide Briand D920",
        "context": "Antony, Hauts-de-Seine",
        "citycode": "92002",
        "depcode": "92"
      }
    },
    {
      "type": "Feature",
      "geometry": {
        "type": "Point",
        "coordinates": [
          2.308093317,
          48.754810167
        ]
      },
      "properties": {
        "name": "Villa Thorain / La Bièvre",
        "context": "Antony, Hauts-de-Seine",
        "citycode": "92002",
        "depcode": "92"
      }
    },
    {
      "type": "Feature",
      "geometry": {
        "type": "Point",
        "coordinates": [
          2.283770937,
          48.756008078
        ]
      },
      "properties": {
        "name": "Villa Véronique / Avenue du Bois de Verrières",
        "context": "Antony, Hauts-de-Seine",
        "citycode": "92002",
        "depcode": "92"
      }
    },
    {
      "type": "Feature",
      "geometry": {
        "type": "Point",
        "coordinates": [
          2.28410835,
          48.756854414
        ]
      },
      "properties": {
        "name": "Villa Véronique / La Coulée Verte",
        "context": "Antony, Hauts-de-Seine",
        "citycode": "92002",
        "depcode": "92"
      }
    },
    {
      "type": "Feature",
      "geometry": {
        "type": "Point",
        "coordinates": [
          2.282239546,
          48.753641168
        ]
      },
      "properties": {
        "name": "Voie des Vignes / Rue de la Fontaine du Sault",
        "context": "Antony, Hauts-de-Seine",
        "citycode": "92002",
        "depcode": "92"
      }
    },
    {
      "type": "Feature",
      "geometry": {
        "type": "Point",
        "coordinates": [
          2.282564033,
          48.755324681
        ]
      },
      "properties": {
        "name": "Voie Verte / Allée de l'Orme au Messier",
        "context": "Antony, Hauts-de-Seine",
        "citycode": "92002",
        "depcode": "92"
      }
    },
    {
      "type": "Feature",
      "geometry": {
        "type": "Point",
        "coordinates": [
          2.282789293,
          48.754850269
        ]
      },
      "properties": {
        "name": "Voie Verte / Allée des Tourterelles",
        "context": "Antony, Hauts-de-Seine",
        "citycode": "92002",
        "depcode": "92"
      }
    },
    {
      "type": "Feature",
      "geometry": {
        "type": "Point",
        "coordinates": [
          2.282951701,
          48.754384121
        ]
      },
      "properties": {
        "name": "Voie Verte / Avenue du Parc de la Noisette",
        "context": "Antony, Hauts-de-Seine",
        "citycode": "92002",
        "depcode": "92"
      }
    },
    {
      "type": "Feature",
      "geometry": {
        "type": "Point",
        "coordinates": [
          2.283017826,
          48.754398752
        ]
      },
      "properties": {
        "name": "Voie Verte / Place des Cinq Cèdres",
        "context": "Antony, Hauts-de-Seine",
        "citycode": "92002",
        "depcode": "92"
      }
    },
    {
      "type": "Feature",
      "geometry": {
        "type": "Point",
        "coordinates": [
          2.282531686,
          48.755651224
        ]
      },
      "properties": {
        "name": "Voie Verte / Rue Camille Pelletan",
        "context": "Antony, Hauts-de-Seine",
        "citycode": "92002",
        "depcode": "92"
      }
    },
    {
      "type": "Feature",
      "geometry": {
        "type": "Point",
        "coordinates": [
          2.282920063,
          48.754431266
        ]
      },
      "properties": {
        "name": "Voie Verte / Rue du Docteur Barié",
        "context": "Antony, Hauts-de-Seine",
        "citycode": "92002",
        "depcode": "92"
      }
    },
    {
      "type": "Feature",
      "geometry": {
        "type": "Point",
        "coordinates": [
          2.275660341,
          48.740117072
        ]
      },
      "properties": {
        "name": "Voie Verte / Rue Marius Hue",
        "context": "Antony, Hauts-de-Seine",
        "citycode": "92002",
        "depcode": "92"
      }
    },
    {
      "type": "Feature",
      "geometry": {
        "type": "Point",
        "coordinates": [
          2.316719001,
          48.735659444
        ]
      },
      "properties": {
        "name": "A6b / Autoroute du Soleil A6",
        "context": "Antony, Hauts-de-Seine",
        "citycode": "92002",
        "depcode": "92"
      }
    },
    {
      "type": "Feature",
      "geometry": {
        "type": "Point",
        "coordinates": [
          2.312854668,
          48.762477041
        ]
      },
      "properties": {
        "name": "A86 / Avenue de la Division Leclerc D986",
        "context": "Antony, Hauts-de-Seine",
        "citycode": "92002",
        "depcode": "92"
      }
    },
    {
      "type": "Feature",
      "geometry": {
        "type": "Point",
        "coordinates": [
          2.298510907,
          48.761790379
        ]
      },
      "properties": {
        "name": "A86 / Avenue du Général de Gaulle D986",
        "context": "Antony, Hauts-de-Seine",
        "citycode": "92002",
        "depcode": "92"
      }
    },
    {
      "type": "Feature",
      "geometry": {
        "type": "Point",
        "coordinates": [
          2.313908845,
          48.733906891
        ]
      },
      "properties": {
        "name": "A6b / Avenue Léon Jouhaux D66",
        "context": "Antony, Hauts-de-Seine",
        "citycode": "92002",
        "depcode": "92"
      }
    },
    {
      "type": "Feature",
      "geometry": {
        "type": "Point",
        "coordinates": [
          2.3147234,
          48.734463458
        ]
      },
      "properties": {
        "name": "A6b / L'Aquitaine A10",
        "context": "Antony, Hauts-de-Seine",
        "citycode": "92002",
        "depcode": "92"
      }
    },
    {
      "type": "Feature",
      "geometry": {
        "type": "Point",
        "coordinates": [
          2.291812411,
          48.760470917
        ]
      },
      "properties": {
        "name": "A86 / N385",
        "context": "Antony, Hauts-de-Seine",
        "citycode": "92002",
        "depcode": "92"
      }
    }
  ]
}