{
  "type": "FeatureCollection",
  "features": [
    {
      "type": "Feature",
      "geometry": {
        "type": "Point",
        "coordinates": [
          6.07835609,
          44.560823365
        ]
      },
      "properties": {
        "name": "16 ter Boulevard de la Libération / Boulevard de la Libération D994",
        "context": "Gap, Hautes-Alpes",
        "citycode": "05061",
        "depcode": "05"
      }
    },
    {
      "type": "Feature",
      "geometry": {
        "type": "Point",
        "coordinates": [
          6.078346268,
          44.560829232
        ]
      },
      "properties": {
        "name": "16 ter Boulevard de la Libération / Cours Victor Hugo",
        "context": "Gap, Hautes-Alpes",
        "citycode": "05061",
        "depcode": "05"
      }
    },
    {
      "type": "Feature",
      "geometry": {
        "type": "Point",
        "coordinates": [
          6.097593992,
          44.571371675
        ]
      },
      "properties": {
        "name": "Allée Chantoiseau / Rue du Plan de Gap",
        "context": "Gap, Hautes-Alpes",
        "citycode": "05061",
        "depcode": "05"
      }
    },
    {
      "type": "Feature",
      "geometry": {
        "type": "Point",
        "coordinates": [
          6.067426476,
          44.563741762
        ]
      },
      "properties": {
        "name": "Allée de Chabanottes / Chemin de Puymaure",
        "context": "Gap, Hautes-Alpes",
        "citycode": "05061",
        "depcode": "05"
      }
    },
    {
      "type": "Feature",
      "geometry": {
        "type": "Point",
        "coordinates": [
          6.067694384,
          44.566087343
        ]
      },
      "properties": {
        "name": "Allée de Guizière / Chemin de Tavanet",
        "context": "Gap, Hautes-Alpes",
        "citycode": "05061",
        "depcode": "05"
      }
    },
    {
      "type": "Feature",
      "geometry": {
        "type": "Point",
        "coordinates": [
          6.058633281,
          44.568105465
        ]
      },
      "properties": {
        "name": "Allée de la Farandole / Route de Chabanas",
        "context": "Gap, Hautes-Alpes",
        "citycode": "05061",
        "depcode": "05"
      }
    },
    {
      "type": "Feature",
      "geometry": {
        "type": "Point",
        "coordinates": [
          6.062328915,
          44.563502952
        ]
      },
      "properties": {
        "name": "Allée de la Frenaie / Avenue de Charance",
        "context": "Gap, Hautes-Alpes",
        "citycode": "05061",
        "depcode": "05"
      }
    },
    {
      "type": "Feature",
      "geometry": {
        "type": "Point",
        "coordinates": [
          6.059197437,
          44.542325143
        ]
      },
      "properties": {
        "name": "Allée de Provence / Avenue de Provence N85",
        "context": "Gap, Hautes-Alpes",
        "citycode": "05061",
        "depcode": "05"
      }
    },
    {
      "type": "Feature",
      "geometry": {
        "type": "Point",
        "coordinates": [
          6.060719838,
          44.543597558
        ]
      },
      "properties": {
        "name": "Allée de Provence / Avenue François Mitterrand N85",
        "context": "Gap, Hautes-Alpes",
        "citycode": "05061",
        "depcode": "05"
      }
    },
    {
      "type": "Feature",
      "geometry": {
        "type": "Point",
        "coordinates": [
          6.061497548,
          44.54436678
        ]
      },
      "properties": {
        "name": "Allée de Provence / Rue de Fontreyne",
        "context": "Gap, Hautes-Alpes",
        "citycode": "05061",
        "depcode": "05"
      }
    },
    {
      "type": "Feature",
      "geometry": {
        "type": "Point",
        "coordinates": [
          6.058218828,
          44.541691579
        ]
      },
      "properties": {
        "name": "Allée de Provence / Rue des Mimosas",
        "context": "Gap, Hautes-Alpes",
        "citycode": "05061",
        "depcode": "05"
      }
    },
    {
      "type": "Feature",
      "geometry": {
        "type": "Point",
        "coordinates": [
          6.06609176,
          44.563229674
        ]
      },
      "properties": {
        "name": "Allée des 4 Vents / Chemin de Puymaure",
        "context": "Gap, Hautes-Alpes",
        "citycode": "05061",
        "depcode": "05"
      }
    },
    {
      "type": "Feature",
      "geometry": {
        "type": "Point",
        "coordinates": [
          6.089440036,
          44.545765844
        ]
      },
      "properties": {
        "name": "Allée des Bergeronnettes / Route de Treschâtel",
        "context": "Gap, Hautes-Alpes",
        "citycode": "05061",
        "depcode": "05"
      }
    },
    {
      "type": "Feature",
      "geometry": {
        "type": "Point",
        "coordinates": [
          6.058125699,
          44.560670988
        ]
      },
      "properties": {
        "name": "Allée des Brunettes / Chemin des Évêques",
        "context": "Gap, Hautes-Alpes",
        "citycode": "05061",
        "depcode": "05"
      }
    },
    {
      "type": "Feature",
      "geometry": {
        "type": "Point",
        "coordinates": [
          6.072148514,
          44.556021785
        ]
      },
      "properties": {
        "name": "Allée des Chamois / Allée des Mouflons",
        "context": "Gap, Hautes-Alpes",
        "citycode": "05061",
        "depcode": "05"
      }
    },
    {
      "type": "Feature",
      "geometry": {
        "type": "Point",
        "coordinates": [
          6.072346003,
          44.556010954
        ]
      },
      "properties": {
        "name": "Allée des Chamois / Chemin du Cimetière",
        "context": "Gap, Hautes-Alpes",
        "citycode": "05061",
        "depcode": "05"
      }
    },
    {
      "type": "Feature",
      "geometry": {
        "type": "Point",
        "coordinates": [
          6.072050872,
          44.555770143
        ]
      },
      "properties": {
        "name": "Allée des Chamois / Rue de la Chapelle",
        "context": "Gap, Hautes-Alpes",
        "citycode": "05061",
        "depcode": "05"
      }
    },
    {
      "type": "Feature",
      "geometry": {
        "type": "Point",
        "coordinates": [
          6.089538124,
          44.560812039
        ]
      },
      "properties": {
        "name": "Allée des Écureuils / Boulevard Bellevue",
        "context": "Gap, Hautes-Alpes",
        "citycode": "05061",
        "depcode": "05"
      }
    },
    {
      "type": "Feature",
      "geometry": {
        "type": "Point",
        "coordinates": [
          6.0599843,
          44.561578783
        ]
      },
      "properties": {
        "name": "Allée des Érables / Chemin de la Brèche",
        "context": "Gap, Hautes-Alpes",
        "citycode": "05061",
        "depcode": "05"
      }
    },
    {
      "type": "Feature",
      "geometry": {
        "type": "Point",
        "coordinates": [
          6.068666291,
          44.532234561
        ]
      },
      "properties": {
        "name": "Allée des Étoiles / Route des Prés",
        "context": "Gap, Hautes-Alpes",
        "citycode": "05061",
        "depcode": "05"
      }
    },
    {
      "type": "Feature",
      "geometry": {
        "type": "Point",
        "coordinates": [
          6.065573321,
          44.566615368
        ]
      },
      "properties": {
        "name": "Allée des Étournelles / Route de Chabanas",
        "context": "Gap, Hautes-Alpes",
        "citycode": "05061",
        "depcode": "05"
      }
    },
    {
      "type": "Feature",
      "geometry": {
        "type": "Point",
        "coordinates": [
          6.071591852,
          44.555919579
        ]
      },
      "properties": {
        "name": "Allée des Marmottes / Rue de la Chapelle",
        "context": "Gap, Hautes-Alpes",
        "citycode": "05061",
        "depcode": "05"
      }
    },
    {
      "type": "Feature",
      "geometry": {
        "type": "Point",
        "coordinates": [
          6.071891399,
          44.555816864
        ]
      },
      "properties": {
        "name": "Allée des Mouflons / Rue de la Chapelle",
        "context": "Gap, Hautes-Alpes",
        "citycode": "05061",
        "depcode": "05"
      }
    },
    {
      "type": "Feature",
      "geometry": {
        "type": "Point",
        "coordinates": [
          6.063688916,
          44.562343499
        ]
      },
      "properties": {
        "name": "Allée des Ormes / Avenue de Charance",
        "context": "Gap, Hautes-Alpes",
        "citycode": "05061",
        "depcode": "05"
      }
    },
    {
      "type": "Feature",
      "geometry": {
        "type": "Point",
        "coordinates": [
          6.065497791,
          44.562945808
        ]
      },
      "properties": {
        "name": "Allée des Ormes / Chemin de Puymaure",
        "context": "Gap, Hautes-Alpes",
        "citycode": "05061",
        "depcode": "05"
      }
    },
    {
      "type": "Feature",
      "geometry": {
        "type": "Point",
        "coordinates": [
          6.065431568,
          44.562906618
        ]
      },
      "properties": {
        "name": "Allée des Ormes / Le Turrelet",
        "context": "Gap, Hautes-Alpes",
        "citycode": "05061",
        "depcode": "05"
      }
    },
    {
      "type": "Feature",
      "geometry": {
        "type": "Point",
        "coordinates": [
          6.065464611,
          44.562923271
        ]
      },
      "properties": {
        "name": "Allée des Ormes / Route de Chabanas",
        "context": "Gap, Hautes-Alpes",
        "citycode": "05061",
        "depcode": "05"
      }
    },
    {
      "type": "Feature",
      "geometry": {
        "type": "Point",
        "coordinates": [
          6.062929947,
          44.547013382
        ]
      },
      "properties": {
        "name": "Allée des Primevères / Rue des Pervenches",
        "context": "Gap, Hautes-Alpes",
        "citycode": "05061",
        "depcode": "05"
      }
    },
    {
      "type": "Feature",
      "geometry": {
        "type": "Point",
        "coordinates": [
          6.062192741,
          44.546455499
        ]
      },
      "properties": {
        "name": "Allée des Violettes / Rue des Pervenches",
        "context": "Gap, Hautes-Alpes",
        "citycode": "05061",
        "depcode": "05"
      }
    },
    {
      "type": "Feature",
      "geometry": {
        "type": "Point",
        "coordinates": [
          6.050742623,
          44.537649361
        ]
      },
      "properties": {
        "name": "Allée du Bois de Saint-Jean / Route de Saint-Jean D47",
        "context": "Gap, Hautes-Alpes",
        "citycode": "05061",
        "depcode": "05"
      }
    },
    {
      "type": "Feature",
      "geometry": {
        "type": "Point",
        "coordinates": [
          6.077700284,
          44.565766189
        ]
      },
      "properties": {
        "name": "Allée du Clos Fleuri / Rue Colonel Piddington",
        "context": "Gap, Hautes-Alpes",
        "citycode": "05061",
        "depcode": "05"
      }
    },
    {
      "type": "Feature",
      "geometry": {
        "type": "Point",
        "coordinates": [
          6.072410225,
          44.555856102
        ]
      },
      "properties": {
        "name": "Allée du Souvenir Français / Chemin du Cimetière",
        "context": "Gap, Hautes-Alpes",
        "citycode": "05061",
        "depcode": "05"
      }
    },
    {
      "type": "Feature",
      "geometry": {
        "type": "Point",
        "coordinates": [
          6.07515276,
          44.556206227
        ]
      },
      "properties": {
        "name": "Allée du Souvenir Français / Rue Abbé Pascal",
        "context": "Gap, Hautes-Alpes",
        "citycode": "05061",
        "depcode": "05"
      }
    },
    {
      "type": "Feature",
      "geometry": {
        "type": "Point",
        "coordinates": [
          6.072262297,
          44.555705803
        ]
      },
      "properties": {
        "name": "Allée du Souvenir Français / Rue de la Chapelle",
        "context": "Gap, Hautes-Alpes",
        "citycode": "05061",
        "depcode": "05"
      }
    },
    {
      "type": "Feature",
      "geometry": {
        "type": "Point",
        "coordinates": [
          6.072293019,
          44.555706689
        ]
      },
      "properties": {
        "name": "Allée du Souvenir Français / Rue du Pré de Foire",
        "context": "Gap, Hautes-Alpes",
        "citycode": "05061",
        "depcode": "05"
      }
    },
    {
      "type": "Feature",
      "geometry": {
        "type": "Point",
        "coordinates": [
          6.074114134,
          44.556158439
        ]
      },
      "properties": {
        "name": "Allée du Souvenir Français / Rue Marchon",
        "context": "Gap, Hautes-Alpes",
        "citycode": "05061",
        "depcode": "05"
      }
    },
    {
      "type": "Feature",
      "geometry": {
        "type": "Point",
        "coordinates": [
          6.075064183,
          44.556168526
        ]
      },
      "properties": {
        "name": "Allée du Souvenir Français / Rue Maurice Garnier",
        "context": "Gap, Hautes-Alpes",
        "citycode": "05061",
        "depcode": "05"
      }
    },
    {
      "type": "Feature",
      "geometry": {
        "type": "Point",
        "coordinates": [
          6.073862572,
          44.556168728
        ]
      },
      "properties": {
        "name": "Allée du Souvenir Français / Rue Valentin Chabrand",
        "context": "Gap, Hautes-Alpes",
        "citycode": "05061",
        "depcode": "05"
      }
    },
    {
      "type": "Feature",
      "geometry": {
        "type": "Point",
        "coordinates": [
          6.097980607,
          44.565633704
        ]
      },
      "properties": {
        "name": "Allée du Torrent / La Luye",
        "context": "Gap, Hautes-Alpes",
        "citycode": "05061",
        "depcode": "05"
      }
    },
    {
      "type": "Feature",
      "geometry": {
        "type": "Point",
        "coordinates": [
          6.097488186,
          44.566845368
        ]
      },
      "properties": {
        "name": "Allée du Torrent / Rue de Tokoro",
        "context": "Gap, Hautes-Alpes",
        "citycode": "05061",
        "depcode": "05"
      }
    },
    {
      "type": "Feature",
      "geometry": {
        "type": "Point",
        "coordinates": [
          6.049992403,
          44.544752681
        ]
      },
      "properties": {
        "name": "Allée Fleurie / Rue des Orchidées",
        "context": "Gap, Hautes-Alpes",
        "citycode": "05061",
        "depcode": "05"
      }
    },
    {
      "type": "Feature",
      "geometry": {
        "type": "Point",
        "coordinates": [
          6.043463584,
          44.540241109
        ]
      },
      "properties": {
        "name": "Allée Jacques Prévert / Chemin du Viaduc",
        "context": "Gap, Hautes-Alpes",
        "citycode": "05061",
        "depcode": "05"
      }
    },
    {
      "type": "Feature",
      "geometry": {
        "type": "Point",
        "coordinates": [
          6.084085611,
          44.557171153
        ]
      },
      "properties": {
        "name": "Allée Raoul Vanderbecq / Rue de Saint-Mens",
        "context": "Gap, Hautes-Alpes",
        "citycode": "05061",
        "depcode": "05"
      }
    },
    {
      "type": "Feature",
      "geometry": {
        "type": "Point",
        "coordinates": [
          6.084077083,
          44.557167459
        ]
      },
      "properties": {
        "name": "Allée Raoul Vanderbecq / Rue du Clair Logis",
        "context": "Gap, Hautes-Alpes",
        "citycode": "05061",
        "depcode": "05"
      }
    },
    {
      "type": "Feature",
      "geometry": {
        "type": "Point",
        "coordinates": [
          6.068163738,
          44.55771771
        ]
      },
      "properties": {
        "name": "Ancienne Route de Veynes / Avenue de Veynes D994",
        "context": "Gap, Hautes-Alpes",
        "citycode": "05061",
        "depcode": "05"
      }
    },
    {
      "type": "Feature",
      "geometry": {
        "type": "Point",
        "coordinates": [
          6.064660456,
          44.557657159
        ]
      },
      "properties": {
        "name": "Ancienne Route de Veynes / Le Turrelet",
        "context": "Gap, Hautes-Alpes",
        "citycode": "05061",
        "depcode": "05"
      }
    },
    {
      "type": "Feature",
      "geometry": {
        "type": "Point",
        "coordinates": [
          6.063981107,
          44.557637317
        ]
      },
      "properties": {
        "name": "Ancienne Route de Veynes / Route de Chabanas",
        "context": "Gap, Hautes-Alpes",
        "citycode": "05061",
        "depcode": "05"
      }
    },
    {
      "type": "Feature",
      "geometry": {
        "type": "Point",
        "coordinates": [
          6.102973189,
          44.569077445
        ]
      },
      "properties": {
        "name": "Avenue d'Embrun N94 / Boulevard d'Orient",
        "context": "Gap, Hautes-Alpes",
        "citycode": "05061",
        "depcode": "05"
      }
    },
    {
      "type": "Feature",
      "geometry": {
        "type": "Point",
        "coordinates": [
          6.102913315,
          44.569197109
        ]
      },
      "properties": {
        "name": "Avenue d'Embrun N94 / Carrefour de Tokoro",
        "context": "Gap, Hautes-Alpes",
        "citycode": "05061",
        "depcode": "05"
      }
    },
    {
      "type": "Feature",
      "geometry": {
        "type": "Point",
        "coordinates": [
          6.097181988,
          44.567554947
        ]
      },
      "properties": {
        "name": "Avenue d'Embrun N94 / Rue de l'Usine Nestlé",
        "context": "Gap, Hautes-Alpes",
        "citycode": "05061",
        "depcode": "05"
      }
    },
    {
      "type": "Feature",
      "geometry": {
        "type": "Point",
        "coordinates": [
          6.097278568,
          44.567398597
        ]
      },
      "properties": {
        "name": "Avenue d'Embrun N94 / Rue de Tokoro",
        "context": "Gap, Hautes-Alpes",
        "citycode": "05061",
        "depcode": "05"
      }
    },
    {
      "type": "Feature",
      "geometry": {
        "type": "Point",
        "coordinates": [
          6.084949402,
          44.571373694
        ]
      },
      "properties": {
        "name": "Avenue de Bure / Rue de Villarobert D92",
        "context": "Gap, Hautes-Alpes",
        "citycode": "05061",
        "depcode": "05"
      }
    },
    {
      "type": "Feature",
      "geometry": {
        "type": "Point",
        "coordinates": [
          6.086775794,
          44.569986635
        ]
      },
      "properties": {
        "name": "Avenue de Bure / Rue des Autanes",
        "context": "Gap, Hautes-Alpes",
        "citycode": "05061",
        "depcode": "05"
      }
    },
    {
      "type": "Feature",
      "geometry": {
        "type": "Point",
        "coordinates": [
          6.085481438,
          44.57102898
        ]
      },
      "properties": {
        "name": "Avenue de Chabriere / Avenue de Bure",
        "context": "Gap, Hautes-Alpes",
        "citycode": "05061",
        "depcode": "05"
      }
    },
    {
      "type": "Feature",
      "geometry": {
        "type": "Point",
        "coordinates": [
          6.086888823,
          44.571492321
        ]
      },
      "properties": {
        "name": "Avenue de Chabriere / Rue de Chaillol",
        "context": "Gap, Hautes-Alpes",
        "citycode": "05061",
        "depcode": "05"
      }
    },
    {
      "type": "Feature",
      "geometry": {
        "type": "Point",
        "coordinates": [
          6.08688989,
          44.571490903
        ]
      },
      "properties": {
        "name": "Avenue de Chabriere / Rue des Autanes",
        "context": "Gap, Hautes-Alpes",
        "citycode": "05061",
        "depcode": "05"
      }
    },
    {
      "type": "Feature",
      "geometry": {
        "type": "Point",
        "coordinates": [
          6.063125822,
          44.58857089
        ]
      },
      "properties": {
        "name": "Avenue de Charance / Canal de Gap",
        "context": "Gap, Hautes-Alpes",
        "citycode": "05061",
        "depcode": "05"
      }
    },
    {
      "type": "Feature",
      "geometry": {
        "type": "Point",
        "coordinates": [
          6.058082618,
          44.566432102
        ]
      },
      "properties": {
        "name": "Avenue de Charance / Chemin de la Clairière",
        "context": "Gap, Hautes-Alpes",
        "citycode": "05061",
        "depcode": "05"
      }
    },
    {
      "type": "Feature",
      "geometry": {
        "type": "Point",
        "coordinates": [
          6.060643364,
          44.564665489
        ]
      },
      "properties": {
        "name": "Avenue de Charance / Chemin des Évêques",
        "context": "Gap, Hautes-Alpes",
        "citycode": "05061",
        "depcode": "05"
      }
    },
    {
      "type": "Feature",
      "geometry": {
        "type": "Point",
        "coordinates": [
          6.058092181,
          44.566403758
        ]
      },
      "properties": {
        "name": "Avenue de Charance / Impasse des Évêques",
        "context": "Gap, Hautes-Alpes",
        "citycode": "05061",
        "depcode": "05"
      }
    },
    {
      "type": "Feature",
      "geometry": {
        "type": "Point",
        "coordinates": [
          6.061107186,
          44.564697113
        ]
      },
      "properties": {
        "name": "Avenue de Charance / Le Turrelet",
        "context": "Gap, Hautes-Alpes",
        "citycode": "05061",
        "depcode": "05"
      }
    },
    {
      "type": "Feature",
      "geometry": {
        "type": "Point",
        "coordinates": [
          6.063348011,
          44.588587115
        ]
      },
      "properties": {
        "name": "Avenue de Charance / Promenade du Canal",
        "context": "Gap, Hautes-Alpes",
        "citycode": "05061",
        "depcode": "05"
      }
    },
    {
      "type": "Feature",
      "geometry": {
        "type": "Point",
        "coordinates": [
          6.060142855,
          44.564971436
        ]
      },
      "properties": {
        "name": "Avenue de Charance / Rocade de Gap Séquence 2 N1085",
        "context": "Gap, Hautes-Alpes",
        "citycode": "05061",
        "depcode": "05"
      }
    },
    {
      "type": "Feature",
      "geometry": {
        "type": "Point",
        "coordinates": [
          6.060995378,
          44.564853605
        ]
      },
      "properties": {
        "name": "Avenue de Charance / Route de Chabanas",
        "context": "Gap, Hautes-Alpes",
        "citycode": "05061",
        "depcode": "05"
      }
    },
    {
      "type": "Feature",
      "geometry": {
        "type": "Point",
        "coordinates": [
          6.065232851,
          44.560749854
        ]
      },
      "properties": {
        "name": "Avenue de Charance / Rue Georges Pouget",
        "context": "Gap, Hautes-Alpes",
        "citycode": "05061",
        "depcode": "05"
      }
    },
    {
      "type": "Feature",
      "geometry": {
        "type": "Point",
        "coordinates": [
          6.085718829,
          44.563548104
        ]
      },
      "properties": {
        "name": "Avenue de la Gare / Avenue des Alpes",
        "context": "Gap, Hautes-Alpes",
        "citycode": "05061",
        "depcode": "05"
      }
    },
    {
      "type": "Feature",
      "geometry": {
        "type": "Point",
        "coordinates": [
          6.08624719,
          44.562969878
        ]
      },
      "properties": {
        "name": "Avenue de la Gare / Avenue du Maréchal Foch N94",
        "context": "Gap, Hautes-Alpes",
        "citycode": "05061",
        "depcode": "05"
      }
    },
    {
      "type": "Feature",
      "geometry": {
        "type": "Point",
        "coordinates": [
          6.085810587,
          44.563586342
        ]
      },
      "properties": {
        "name": "Avenue de la Gare / Place de la Gare",
        "context": "Gap, Hautes-Alpes",
        "citycode": "05061",
        "depcode": "05"
      }
    },
    {
      "type": "Feature",
      "geometry": {
        "type": "Point",
        "coordinates": [
          6.092680303,
          44.56551275
        ]
      },
      "properties": {
        "name": "Avenue de Pignerol / Avenue Émile Didier N94",
        "context": "Gap, Hautes-Alpes",
        "citycode": "05061",
        "depcode": "05"
      }
    },
    {
      "type": "Feature",
      "geometry": {
        "type": "Point",
        "coordinates": [
          6.093476891,
          44.564251491
        ]
      },
      "properties": {
        "name": "Avenue de Pignerol / La Luye",
        "context": "Gap, Hautes-Alpes",
        "citycode": "05061",
        "depcode": "05"
      }
    },
    {
      "type": "Feature",
      "geometry": {
        "type": "Point",
        "coordinates": [
          6.093500137,
          44.564110103
        ]
      },
      "properties": {
        "name": "Avenue de Pignerol / Route des Fauvins",
        "context": "Gap, Hautes-Alpes",
        "citycode": "05061",
        "depcode": "05"
      }
    },
    {
      "type": "Feature",
      "geometry": {
        "type": "Point",
        "coordinates": [
          6.058861118,
          44.542121907
        ]
      },
      "properties": {
        "name": "Avenue de Provence N85 / Allée de Provence",
        "context": "Gap, Hautes-Alpes",
        "citycode": "05061",
        "depcode": "05"
      }
    },
    {
      "type": "Feature",
      "geometry": {
        "type": "Point",
        "coordinates": [
          6.059486864,
          44.542498168
        ]
      },
      "properties": {
        "name": "Avenue de Provence N85 / Avenue François Mitterrand N85",
        "context": "Gap, Hautes-Alpes",
        "citycode": "05061",
        "depcode": "05"
      }
    },
    {
      "type": "Feature",
      "geometry": {
        "type": "Point",
        "coordinates": [
          6.048035159,
          44.52678466
        ]
      },
      "properties": {
        "name": "Avenue de Provence N85 / Chemin de Baroncelli",
        "context": "Gap, Hautes-Alpes",
        "citycode": "05061",
        "depcode": "05"
      }
    },
    {
      "type": "Feature",
      "geometry": {
        "type": "Point",
        "coordinates": [
          6.048148436,
          44.52713434
        ]
      },
      "properties": {
        "name": "Avenue de Provence N85 / Chemin des Huppes",
        "context": "Gap, Hautes-Alpes",
        "citycode": "05061",
        "depcode": "05"
      }
    },
    {
      "type": "Feature",
      "geometry": {
        "type": "Point",
        "coordinates": [
          6.058641237,
          44.541695959
        ]
      },
      "properties": {
        "name": "Avenue de Provence N85 / Chemin des Matins Calmes",
        "context": "Gap, Hautes-Alpes",
        "citycode": "05061",
        "depcode": "05"
      }
    },
    {
      "type": "Feature",
      "geometry": {
        "type": "Point",
        "coordinates": [
          6.053837812,
          44.537930244
        ]
      },
      "properties": {
        "name": "Avenue de Provence N85 / Rocade de Gap Séquence 1 Construction",
        "context": "Gap, Hautes-Alpes",
        "citycode": "05061",
        "depcode": "05"
      }
    },
    {
      "type": "Feature",
      "geometry": {
        "type": "Point",
        "coordinates": [
          6.048241615,
          44.526628801
        ]
      },
      "properties": {
        "name": "Avenue de Provence N85 / Route Napoléon N85",
        "context": "Gap, Hautes-Alpes",
        "citycode": "05061",
        "depcode": "05"
      }
    },
    {
      "type": "Feature",
      "geometry": {
        "type": "Point",
        "coordinates": [
          6.058295704,
          44.541669107
        ]
      },
      "properties": {
        "name": "Avenue de Provence N85 / Rue des Mimosas",
        "context": "Gap, Hautes-Alpes",
        "citycode": "05061",
        "depcode": "05"
      }
    },
    {
      "type": "Feature",
      "geometry": {
        "type": "Point",
        "coordinates": [
          6.057146487,
          44.540626991
        ]
      },
      "properties": {
        "name": "Avenue de Provence N85 / Rue du Soleil",
        "context": "Gap, Hautes-Alpes",
        "citycode": "05061",
        "depcode": "05"
      }
    },
    {
      "type": "Feature",
      "geometry": {
        "type": "Point",
        "coordinates": [
          6.069407128,
          44.557510359
        ]
      },
      "properties": {
        "name": "Avenue de Sabbat / Avenue de Veynes D994",
        "context": "Gap, Hautes-Alpes",
        "citycode": "05061",
        "depcode": "05"
      }
    },
    {
      "type": "Feature",
      "geometry": {
        "type": "Point",
        "coordinates": [
          6.059648186,
          44.542090779
        ]
      },
      "properties": {
        "name": "Avenue de Traunstein / Chemin des Matins Calmes",
        "context": "Gap, Hautes-Alpes",
        "citycode": "05061",
        "depcode": "05"
      }
    },
    {
      "type": "Feature",
      "geometry": {
        "type": "Point",
        "coordinates": [
          6.062830663,
          44.539322044
        ]
      },
      "properties": {
        "name": "Avenue de Traunstein / Route de Graffinel",
        "context": "Gap, Hautes-Alpes",
        "citycode": "05061",
        "depcode": "05"
      }
    },
    {
      "type": "Feature",
      "geometry": {
        "type": "Point",
        "coordinates": [
          6.068194414,
          44.557722278
        ]
      },
      "properties": {
        "name": "Avenue de Veynes D994 / Ancienne Route de Veynes",
        "context": "Gap, Hautes-Alpes",
        "citycode": "05061",
        "depcode": "05"
      }
    },
    {
      "type": "Feature",
      "geometry": {
        "type": "Point",
        "coordinates": [
          6.069416633,
          44.557500186
        ]
      },
      "properties": {
        "name": "Avenue de Veynes D994 / Avenue de Sabbat",
        "context": "Gap, Hautes-Alpes",
        "citycode": "05061",
        "depcode": "05"
      }
    },
    {
      "type": "Feature",
      "geometry": {
        "type": "Point",
        "coordinates": [
          6.070793526,
          44.557980813
        ]
      },
      "properties": {
        "name": "Avenue de Veynes D994 / Avenue Guillaume Farel D994",
        "context": "Gap, Hautes-Alpes",
        "citycode": "05061",
        "depcode": "05"
      }
    },
    {
      "type": "Feature",
      "geometry": {
        "type": "Point",
        "coordinates": [
          6.06805563,
          44.557479946
        ]
      },
      "properties": {
        "name": "Avenue de Veynes D994 / Le Turrelet",
        "context": "Gap, Hautes-Alpes",
        "citycode": "05061",
        "depcode": "05"
      }
    },
    {
      "type": "Feature",
      "geometry": {
        "type": "Point",
        "coordinates": [
          6.068613873,
          44.557839811
        ]
      },
      "properties": {
        "name": "Avenue de Veynes D994 / Rond-Point des Trois Fontaines",
        "context": "Gap, Hautes-Alpes",
        "citycode": "05061",
        "depcode": "05"
      }
    },
    {
      "type": "Feature",
      "geometry": {
        "type": "Point",
        "coordinates": [
          6.068823425,
          44.557879488
        ]
      },
      "properties": {
        "name": "Avenue de Veynes D994 / Rue Jean Macé",
        "context": "Gap, Hautes-Alpes",
        "citycode": "05061",
        "depcode": "05"
      }
    },
    {
      "type": "Feature",
      "geometry": {
        "type": "Point",
        "coordinates": [
          6.085626739,
          44.563508816
        ]
      },
      "properties": {
        "name": "Avenue des Alpes / Avenue de la Gare",
        "context": "Gap, Hautes-Alpes",
        "citycode": "05061",
        "depcode": "05"
      }
    },
    {
      "type": "Feature",
      "geometry": {
        "type": "Point",
        "coordinates": [
          6.083939022,
          44.562947535
        ]
      },
      "properties": {
        "name": "Avenue des Alpes / Avenue du Commandant Dumont N85",
        "context": "Gap, Hautes-Alpes",
        "citycode": "05061",
        "depcode": "05"
      }
    },
    {
      "type": "Feature",
      "geometry": {
        "type": "Point",
        "coordinates": [
          6.083961746,
          44.562942385
        ]
      },
      "properties": {
        "name": "Avenue du Commandant Dumont N85 / Avenue des Alpes",
        "context": "Gap, Hautes-Alpes",
        "citycode": "05061",
        "depcode": "05"
      }
    },
    {
      "type": "Feature",
      "geometry": {
        "type": "Point",
        "coordinates": [
          6.084178536,
          44.562099509
        ]
      },
      "properties": {
        "name": "Avenue du Commandant Dumont N85 / Avenue du Maréchal Foch N94",
        "context": "Gap, Hautes-Alpes",
        "citycode": "05061",
        "depcode": "05"
      }
    },
    {
      "type": "Feature",
      "geometry": {
        "type": "Point",
        "coordinates": [
          6.083898029,
          44.562034248
        ]
      },
      "properties": {
        "name": "Avenue du Commandant Dumont N85 / Cours Ladoucette N85",
        "context": "Gap, Hautes-Alpes",
        "citycode": "05061",
        "depcode": "05"
      }
    },
    {
      "type": "Feature",
      "geometry": {
        "type": "Point",
        "coordinates": [
          6.083964955,
          44.562384339
        ]
      },
      "properties": {
        "name": "Avenue du Commandant Dumont N85 / Impasse de Bonne",
        "context": "Gap, Hautes-Alpes",
        "citycode": "05061",
        "depcode": "05"
      }
    },
    {
      "type": "Feature",
      "geometry": {
        "type": "Point",
        "coordinates": [
          6.083841518,
          44.563275426
        ]
      },
      "properties": {
        "name": "Avenue du Commandant Dumont N85 / Passage Montjoie",
        "context": "Gap, Hautes-Alpes",
        "citycode": "05061",
        "depcode": "05"
      }
    },
    {
      "type": "Feature",
      "geometry": {
        "type": "Point",
        "coordinates": [
          6.07787351,
          44.572523337
        ]
      },
      "properties": {
        "name": "Avenue du Commandant Dumont N85 / Rocade de Gap Séquence 3 Construction",
        "context": "Gap, Hautes-Alpes",
        "citycode": "05061",
        "depcode": "05"
      }
    },
    {
      "type": "Feature",
      "geometry": {
        "type": "Point",
        "coordinates": [
          6.084062467,
          44.562080779
        ]
      },
      "properties": {
        "name": "Avenue du Commandant Dumont N85 / Rond-Point du Cèdre",
        "context": "Gap, Hautes-Alpes",
        "citycode": "05061",
        "depcode": "05"
      }
    },
    {
      "type": "Feature",
      "geometry": {
        "type": "Point",
        "coordinates": [
          6.082262507,
          44.572874909
        ]
      },
      "properties": {
        "name": "Avenue du Commandant Dumont N85 / Route de la Descente",
        "context": "Gap, Hautes-Alpes",
        "citycode": "05061",
        "depcode": "05"
      }
    },
    {
      "type": "Feature",
      "geometry": {
        "type": "Point",
        "coordinates": [
          6.083987382,
          44.563903386
        ]
      },
      "properties": {
        "name": "Avenue du Commandant Dumont N85 / Route du Forest d'Entrais",
        "context": "Gap, Hautes-Alpes",
        "citycode": "05061",
        "depcode": "05"
      }
    },
    {
      "type": "Feature",
      "geometry": {
        "type": "Point",
        "coordinates": [
          6.076501909,
          44.572726481
        ]
      },
      "properties": {
        "name": "Avenue du Commandant Dumont N85 / Route Napoléon N85",
        "context": "Gap, Hautes-Alpes",
        "citycode": "05061",
        "depcode": "05"
      }
    },
    {
      "type": "Feature",
      "geometry": {
        "type": "Point",
        "coordinates": [
          6.083183096,
          44.569866858
        ]
      },
      "properties": {
        "name": "Avenue du Commandant Dumont N85 / Rue de Villarobert D92",
        "context": "Gap, Hautes-Alpes",
        "citycode": "05061",
        "depcode": "05"
      }
    },
    {
      "type": "Feature",
      "geometry": {
        "type": "Point",
        "coordinates": [
          6.08355422,
          44.566222844
        ]
      },
      "properties": {
        "name": "Avenue du Commandant Dumont N85 / Rue Ferdinand Buisson",
        "context": "Gap, Hautes-Alpes",
        "citycode": "05061",
        "depcode": "05"
      }
    },
    {
      "type": "Feature",
      "geometry": {
        "type": "Point",
        "coordinates": [
          6.083353546,
          44.567980648
        ]
      },
      "properties": {
        "name": "Avenue du Commandant Dumont N85 / Rue Gaston Espitallier",
        "context": "Gap, Hautes-Alpes",
        "citycode": "05061",
        "depcode": "05"
      }
    },
    {
      "type": "Feature",
      "geometry": {
        "type": "Point",
        "coordinates": [
          6.086172611,
          44.562947813
        ]
      },
      "properties": {
        "name": "Avenue du Maréchal Foch N94 / Avenue de la Gare",
        "context": "Gap, Hautes-Alpes",
        "citycode": "05061",
        "depcode": "05"
      }
    },
    {
      "type": "Feature",
      "geometry": {
        "type": "Point",
        "coordinates": [
          6.088998314,
          44.56408953
        ]
      },
      "properties": {
        "name": "Avenue du Maréchal Foch N94 / Avenue Émile Didier N94",
        "context": "Gap, Hautes-Alpes",
        "citycode": "05061",
        "depcode": "05"
      }
    },
    {
      "type": "Feature",
      "geometry": {
        "type": "Point",
        "coordinates": [
          6.084257342,
          44.562040789
        ]
      },
      "properties": {
        "name": "Avenue du Maréchal Foch N94 / Rond-Point du Cèdre",
        "context": "Gap, Hautes-Alpes",
        "citycode": "05061",
        "depcode": "05"
      }
    },
    {
      "type": "Feature",
      "geometry": {
        "type": "Point",
        "coordinates": [
          6.092598536,
          44.56544515
        ]
      },
      "properties": {
        "name": "Avenue Émile Didier N94 / Avenue de Pignerol",
        "context": "Gap, Hautes-Alpes",
        "citycode": "05061",
        "depcode": "05"
      }
    },
    {
      "type": "Feature",
      "geometry": {
        "type": "Point",
        "coordinates": [
          6.094665591,
          44.56636964
        ]
      },
      "properties": {
        "name": "Avenue Émile Didier N94 / Contre-Allée Avenue Émile Didier",
        "context": "Gap, Hautes-Alpes",
        "citycode": "05061",
        "depcode": "05"
      }
    },
    {
      "type": "Feature",
      "geometry": {
        "type": "Point",
        "coordinates": [
          6.090433261,
          44.564713979
        ]
      },
      "properties": {
        "name": "Avenue Émile Didier N94 / Rue Paul Aubert",
        "context": "Gap, Hautes-Alpes",
        "citycode": "05061",
        "depcode": "05"
      }
    },
    {
      "type": "Feature",
      "geometry": {
        "type": "Point",
        "coordinates": [
          6.060993653,
          44.543829765
        ]
      },
      "properties": {
        "name": "Avenue François Mitterrand N85 / Allée de Provence",
        "context": "Gap, Hautes-Alpes",
        "citycode": "05061",
        "depcode": "05"
      }
    },
    {
      "type": "Feature",
      "geometry": {
        "type": "Point",
        "coordinates": [
          6.059486942,
          44.542498166
        ]
      },
      "properties": {
        "name": "Avenue François Mitterrand N85 / Avenue de Provence N85",
        "context": "Gap, Hautes-Alpes",
        "citycode": "05061",
        "depcode": "05"
      }
    },
    {
      "type": "Feature",
      "geometry": {
        "type": "Point",
        "coordinates": [
          6.063020618,
          44.545404415
        ]
      },
      "properties": {
        "name": "Avenue François Mitterrand N85 / Carrefour des Marronniers",
        "context": "Gap, Hautes-Alpes",
        "citycode": "05061",
        "depcode": "05"
      }
    },
    {
      "type": "Feature",
      "geometry": {
        "type": "Point",
        "coordinates": [
          6.061617746,
          44.544261776
        ]
      },
      "properties": {
        "name": "Avenue François Mitterrand N85 / Rue de Fontreyne",
        "context": "Gap, Hautes-Alpes",
        "citycode": "05061",
        "depcode": "05"
      }
    },
    {
      "type": "Feature",
      "geometry": {
        "type": "Point",
        "coordinates": [
          6.062971754,
          44.54547749
        ]
      },
      "properties": {
        "name": "Avenue François Mitterrand N85 / Rue des Boutons d'Or",
        "context": "Gap, Hautes-Alpes",
        "citycode": "05061",
        "depcode": "05"
      }
    },
    {
      "type": "Feature",
      "geometry": {
        "type": "Point",
        "coordinates": [
          6.074510045,
          44.559610919
        ]
      },
      "properties": {
        "name": "Avenue Guillaume Farel D994 / Rue Condorcet",
        "context": "Gap, Hautes-Alpes",
        "citycode": "05061",
        "depcode": "05"
      }
    },
    {
      "type": "Feature",
      "geometry": {
        "type": "Point",
        "coordinates": [
          6.075420708,
          44.55990016
        ]
      },
      "properties": {
        "name": "Avenue Guillaume Farel D994 / Rue sous Puymaure",
        "context": "Gap, Hautes-Alpes",
        "citycode": "05061",
        "depcode": "05"
      }
    },
    {
      "type": "Feature",
      "geometry": {
        "type": "Point",
        "coordinates": [
          6.075259089,
          44.555075633
        ]
      },
      "properties": {
        "name": "Avenue Jean Jaurès N85 / Boulevard Georges Pompidou N85",
        "context": "Gap, Hautes-Alpes",
        "citycode": "05061",
        "depcode": "05"
      }
    },
    {
      "type": "Feature",
      "geometry": {
        "type": "Point",
        "coordinates": [
          6.063450651,
          44.545658129
        ]
      },
      "properties": {
        "name": "Avenue Jean Jaurès N85 / Carrefour des Marronniers",
        "context": "Gap, Hautes-Alpes",
        "citycode": "05061",
        "depcode": "05"
      }
    },
    {
      "type": "Feature",
      "geometry": {
        "type": "Point",
        "coordinates": [
          6.066169537,
          44.548045116
        ]
      },
      "properties": {
        "name": "Avenue Jean Jaurès N85 / Contre-Allée",
        "context": "Gap, Hautes-Alpes",
        "citycode": "05061",
        "depcode": "05"
      }
    },
    {
      "type": "Feature",
      "geometry": {
        "type": "Point",
        "coordinates": [
          6.076500477,
          44.556559514
        ]
      },
      "properties": {
        "name": "Avenue Jean Jaurès N85 / Cours Frédéric Mistral D91",
        "context": "Gap, Hautes-Alpes",
        "citycode": "05061",
        "depcode": "05"
      }
    },
    {
      "type": "Feature",
      "geometry": {
        "type": "Point",
        "coordinates": [
          6.066564201,
          44.548256311
        ]
      },
      "properties": {
        "name": "Avenue Jean Jaurès N85 / Impasse Saint-Roch",
        "context": "Gap, Hautes-Alpes",
        "citycode": "05061",
        "depcode": "05"
      }
    },
    {
      "type": "Feature",
      "geometry": {
        "type": "Point",
        "coordinates": [
          6.076526889,
          44.55652932
        ]
      },
      "properties": {
        "name": "Avenue Jean Jaurès N85 / Place Frédéric Euzières",
        "context": "Gap, Hautes-Alpes",
        "citycode": "05061",
        "depcode": "05"
      }
    },
    {
      "type": "Feature",
      "geometry": {
        "type": "Point",
        "coordinates": [
          6.073655414,
          44.554126222
        ]
      },
      "properties": {
        "name": "Avenue Jean Jaurès N85 / Promenade Albert Laty",
        "context": "Gap, Hautes-Alpes",
        "citycode": "05061",
        "depcode": "05"
      }
    },
    {
      "type": "Feature",
      "geometry": {
        "type": "Point",
        "coordinates": [
          6.074988366,
          44.554935495
        ]
      },
      "properties": {
        "name": "Avenue Jean Jaurès N85 / Rond-Point de l'Europe",
        "context": "Gap, Hautes-Alpes",
        "citycode": "05061",
        "depcode": "05"
      }
    },
    {
      "type": "Feature",
      "geometry": {
        "type": "Point",
        "coordinates": [
          6.076364681,
          44.556252692
        ]
      },
      "properties": {
        "name": "Avenue Jean Jaurès N85 / Rue Cyprien Chaix",
        "context": "Gap, Hautes-Alpes",
        "citycode": "05061",
        "depcode": "05"
      }
    },
    {
      "type": "Feature",
      "geometry": {
        "type": "Point",
        "coordinates": [
          6.064683913,
          44.546671096
        ]
      },
      "properties": {
        "name": "Avenue Jean Jaurès N85 / Rue des Fusillés D900B",
        "context": "Gap, Hautes-Alpes",
        "citycode": "05061",
        "depcode": "05"
      }
    },
    {
      "type": "Feature",
      "geometry": {
        "type": "Point",
        "coordinates": [
          6.074757158,
          44.554896817
        ]
      },
      "properties": {
        "name": "Avenue Jean Jaurès N85 / Rue du Pré de Foire",
        "context": "Gap, Hautes-Alpes",
        "citycode": "05061",
        "depcode": "05"
      }
    },
    {
      "type": "Feature",
      "geometry": {
        "type": "Point",
        "coordinates": [
          6.074481265,
          44.554633333
        ]
      },
      "properties": {
        "name": "Avenue Jean Jaurès N85 / Rue Emile Rolland",
        "context": "Gap, Hautes-Alpes",
        "citycode": "05061",
        "depcode": "05"
      }
    },
    {
      "type": "Feature",
      "geometry": {
        "type": "Point",
        "coordinates": [
          6.073071453,
          44.553556562
        ]
      },
      "properties": {
        "name": "Avenue Jean Jaurès N85 / Rue Joseph Faure",
        "context": "Gap, Hautes-Alpes",
        "citycode": "05061",
        "depcode": "05"
      }
    },
    {
      "type": "Feature",
      "geometry": {
        "type": "Point",
        "coordinates": [
          6.079621625,
          44.561230861
        ]
      },
      "properties": {
        "name": "Avenue Lesdiguières / Boulevard de la Libération D994",
        "context": "Gap, Hautes-Alpes",
        "citycode": "05061",
        "depcode": "05"
      }
    },
    {
      "type": "Feature",
      "geometry": {
        "type": "Point",
        "coordinates": [
          6.079637496,
          44.561246265
        ]
      },
      "properties": {
        "name": "Avenue Lesdiguières / Place du Revelly",
        "context": "Gap, Hautes-Alpes",
        "citycode": "05061",
        "depcode": "05"
      }
    },
    {
      "type": "Feature",
      "geometry": {
        "type": "Point",
        "coordinates": [
          6.079168516,
          44.562046777
        ]
      },
      "properties": {
        "name": "Avenue Lesdiguières / Rue Bayard",
        "context": "Gap, Hautes-Alpes",
        "citycode": "05061",
        "depcode": "05"
      }
    },
    {
      "type": "Feature",
      "geometry": {
        "type": "Point",
        "coordinates": [
          6.079682684,
          44.561232713
        ]
      },
      "properties": {
        "name": "Avenue Lesdiguières / Rue des Cordiers",
        "context": "Gap, Hautes-Alpes",
        "citycode": "05061",
        "depcode": "05"
      }
    },
    {
      "type": "Feature",
      "geometry": {
        "type": "Point",
        "coordinates": [
          6.068011893,
          44.538479013
        ]
      },
      "properties": {
        "name": "Barreau de Patac / Chemin de Patac",
        "context": "Gap, Hautes-Alpes",
        "citycode": "05061",
        "depcode": "05"
      }
    },
    {
      "type": "Feature",
      "geometry": {
        "type": "Point",
        "coordinates": [
          6.073362689,
          44.539302421
        ]
      },
      "properties": {
        "name": "Barreau de Patac / Contre-Allée Lucien Chaix",
        "context": "Gap, Hautes-Alpes",
        "citycode": "05061",
        "depcode": "05"
      }
    },
    {
      "type": "Feature",
      "geometry": {
        "type": "Point",
        "coordinates": [
          6.0939904,
          44.561818803
        ]
      },
      "properties": {
        "name": "Boulevard Bellevue / Route de Rambaud D6",
        "context": "Gap, Hautes-Alpes",
        "citycode": "05061",
        "depcode": "05"
      }
    },
    {
      "type": "Feature",
      "geometry": {
        "type": "Point",
        "coordinates": [
          6.086519696,
          44.559742392
        ]
      },
      "properties": {
        "name": "Boulevard Bellevue / Rue de Narvik",
        "context": "Gap, Hautes-Alpes",
        "citycode": "05061",
        "depcode": "05"
      }
    },
    {
      "type": "Feature",
      "geometry": {
        "type": "Point",
        "coordinates": [
          6.085716872,
          44.559413212
        ]
      },
      "properties": {
        "name": "Boulevard Bellevue / Rue de Saint-Mens",
        "context": "Gap, Hautes-Alpes",
        "citycode": "05061",
        "depcode": "05"
      }
    },
    {
      "type": "Feature",
      "geometry": {
        "type": "Point",
        "coordinates": [
          6.093640282,
          44.56189162
        ]
      },
      "properties": {
        "name": "Boulevard Bellevue / Rue du Docteur Ayasse D6",
        "context": "Gap, Hautes-Alpes",
        "citycode": "05061",
        "depcode": "05"
      }
    },
    {
      "type": "Feature",
      "geometry": {
        "type": "Point",
        "coordinates": [
          6.103181945,
          44.569004959
        ]
      },
      "properties": {
        "name": "Boulevard d'Orient / Carrefour de Tokoro",
        "context": "Gap, Hautes-Alpes",
        "citycode": "05061",
        "depcode": "05"
      }
    },
    {
      "type": "Feature",
      "geometry": {
        "type": "Point",
        "coordinates": [
          6.10175635,
          44.566637105
        ]
      },
      "properties": {
        "name": "Boulevard d'Orient / La Luye",
        "context": "Gap, Hautes-Alpes",
        "citycode": "05061",
        "depcode": "05"
      }
    },
    {
      "type": "Feature",
      "geometry": {
        "type": "Point",
        "coordinates": [
          6.100488759,
          44.564160415
        ]
      },
      "properties": {
        "name": "Boulevard d'Orient / Route de la Justice",
        "context": "Gap, Hautes-Alpes",
        "citycode": "05061",
        "depcode": "05"
      }
    },
    {
      "type": "Feature",
      "geometry": {
        "type": "Point",
        "coordinates": [
          6.100286694,
          44.564059104
        ]
      },
      "properties": {
        "name": "Boulevard d'Orient / Route des Fauvins",
        "context": "Gap, Hautes-Alpes",
        "citycode": "05061",
        "depcode": "05"
      }
    },
    {
      "type": "Feature",
      "geometry": {
        "type": "Point",
        "coordinates": [
          6.101796161,
          44.566819163
        ]
      },
      "properties": {
        "name": "Boulevard d'Orient / Rue de Tokoro",
        "context": "Gap, Hautes-Alpes",
        "citycode": "05061",
        "depcode": "05"
      }
    },
    {
      "type": "Feature",
      "geometry": {
        "type": "Point",
        "coordinates": [
          6.078372536,
          44.560829077
        ]
      },
      "properties": {
        "name": "Boulevard de la Libération D994 / 16 ter Boulevard de la Libération",
        "context": "Gap, Hautes-Alpes",
        "citycode": "05061",
        "depcode": "05"
      }
    },
    {
      "type": "Feature",
      "geometry": {
        "type": "Point",
        "coordinates": [
          6.079636807,
          44.561232007
        ]
      },
      "properties": {
        "name": "Boulevard de la Libération D994 / Avenue Lesdiguières",
        "context": "Gap, Hautes-Alpes",
        "citycode": "05061",
        "depcode": "05"
      }
    },
    {
      "type": "Feature",
      "geometry": {
        "type": "Point",
        "coordinates": [
          6.077469125,
          44.560547273
        ]
      },
      "properties": {
        "name": "Boulevard de la Libération D994 / Cours Émile Fabre",
        "context": "Gap, Hautes-Alpes",
        "citycode": "05061",
        "depcode": "05"
      }
    },
    {
      "type": "Feature",
      "geometry": {
        "type": "Point",
        "coordinates": [
          6.078367754,
          44.560820329
        ]
      },
      "properties": {
        "name": "Boulevard de la Libération D994 / Cours Victor Hugo",
        "context": "Gap, Hautes-Alpes",
        "citycode": "05061",
        "depcode": "05"
      }
    },
    {
      "type": "Feature",
      "geometry": {
        "type": "Point",
        "coordinates": [
          6.079717186,
          44.561240914
        ]
      },
      "properties": {
        "name": "Boulevard de la Libération D994 / Place du Revelly",
        "context": "Gap, Hautes-Alpes",
        "citycode": "05061",
        "depcode": "05"
      }
    },
    {
      "type": "Feature",
      "geometry": {
        "type": "Point",
        "coordinates": [
          6.079760869,
          44.561216773
        ]
      },
      "properties": {
        "name": "Boulevard de la Libération D994 / Rue des Cordiers",
        "context": "Gap, Hautes-Alpes",
        "citycode": "05061",
        "depcode": "05"
      }
    },
    {
      "type": "Feature",
      "geometry": {
        "type": "Point",
        "coordinates": [
          6.080325391,
          44.561118317
        ]
      },
      "properties": {
        "name": "Boulevard de la Libération D994 / Rue des Jardins",
        "context": "Gap, Hautes-Alpes",
        "citycode": "05061",
        "depcode": "05"
      }
    },
    {
      "type": "Feature",
      "geometry": {
        "type": "Point",
        "coordinates": [
          6.076409016,
          44.560168983
        ]
      },
      "properties": {
        "name": "Boulevard Général Charles de Gaulle D91 / Boulevard de la Libération D994",
        "context": "Gap, Hautes-Alpes",
        "citycode": "05061",
        "depcode": "05"
      }
    },
    {
      "type": "Feature",
      "geometry": {
        "type": "Point",
        "coordinates": [
          6.074415391,
          44.558234614
        ]
      },
      "properties": {
        "name": "Boulevard Général Charles de Gaulle D91 / Rue Ernest Cezanne (branche d'Accès Hôpital)",
        "context": "Gap, Hautes-Alpes",
        "citycode": "05061",
        "depcode": "05"
      }
    },
    {
      "type": "Feature",
      "geometry": {
        "type": "Point",
        "coordinates": [
          6.084410976,
          44.559820308
        ]
      },
      "properties": {
        "name": "Boulevard Georges Pompidou N85 / Boulevard Pierre et Marie Curie N85",
        "context": "Gap, Hautes-Alpes",
        "citycode": "05061",
        "depcode": "05"
      }
    },
    {
      "type": "Feature",
      "geometry": {
        "type": "Point",
        "coordinates": [
          6.077176141,
          44.555300779
        ]
      },
      "properties": {
        "name": "Boulevard Georges Pompidou N85 / Chemin de la Passerelle",
        "context": "Gap, Hautes-Alpes",
        "citycode": "05061",
        "depcode": "05"
      }
    },
    {
      "type": "Feature",
      "geometry": {
        "type": "Point",
        "coordinates": [
          6.075666892,
          44.554966664
        ]
      },
      "properties": {
        "name": "Boulevard Georges Pompidou N85 / Cours Émile Zola",
        "context": "Gap, Hautes-Alpes",
        "citycode": "05061",
        "depcode": "05"
      }
    },
    {
      "type": "Feature",
      "geometry": {
        "type": "Point",
        "coordinates": [
          6.082035519,
          44.557907262
        ]
      },
      "properties": {
        "name": "Boulevard Georges Pompidou N85 / La Luye",
        "context": "Gap, Hautes-Alpes",
        "citycode": "05061",
        "depcode": "05"
      }
    },
    {
      "type": "Feature",
      "geometry": {
        "type": "Point",
        "coordinates": [
          6.07530331,
          44.554945129
        ]
      },
      "properties": {
        "name": "Boulevard Georges Pompidou N85 / Rond-Point de l'Europe",
        "context": "Gap, Hautes-Alpes",
        "citycode": "05061",
        "depcode": "05"
      }
    },
    {
      "type": "Feature",
      "geometry": {
        "type": "Point",
        "coordinates": [
          6.07858101,
          44.555897876
        ]
      },
      "properties": {
        "name": "Boulevard Georges Pompidou N85 / Rond-Point Gaston Julian",
        "context": "Gap, Hautes-Alpes",
        "citycode": "05061",
        "depcode": "05"
      }
    },
    {
      "type": "Feature",
      "geometry": {
        "type": "Point",
        "coordinates": [
          6.084466527,
          44.559789884
        ]
      },
      "properties": {
        "name": "Boulevard Georges Pompidou N85 / Rue de Saint-Mens",
        "context": "Gap, Hautes-Alpes",
        "citycode": "05061",
        "depcode": "05"
      }
    },
    {
      "type": "Feature",
      "geometry": {
        "type": "Point",
        "coordinates": [
          6.078425289,
          44.555908827
        ]
      },
      "properties": {
        "name": "Boulevard Georges Pompidou N85 / Rue de Valserres",
        "context": "Gap, Hautes-Alpes",
        "citycode": "05061",
        "depcode": "05"
      }
    },
    {
      "type": "Feature",
      "geometry": {
        "type": "Point",
        "coordinates": [
          6.084397279,
          44.559816764
        ]
      },
      "properties": {
        "name": "Boulevard Georges Pompidou N85 / Rue du Capitaine de Bresson",
        "context": "Gap, Hautes-Alpes",
        "citycode": "05061",
        "depcode": "05"
      }
    },
    {
      "type": "Feature",
      "geometry": {
        "type": "Point",
        "coordinates": [
          6.079371572,
          44.556511623
        ]
      },
      "properties": {
        "name": "Boulevard Georges Pompidou N85 / Rue Sainte-Marguerite",
        "context": "Gap, Hautes-Alpes",
        "citycode": "05061",
        "depcode": "05"
      }
    },
    {
      "type": "Feature",
      "geometry": {
        "type": "Point",
        "coordinates": [
          6.080960908,
          44.557291105
        ]
      },
      "properties": {
        "name": "Boulevard Georges Pompidou N85 / Rue Villars",
        "context": "Gap, Hautes-Alpes",
        "citycode": "05061",
        "depcode": "05"
      }
    },
    {
      "type": "Feature",
      "geometry": {
        "type": "Point",
        "coordinates": [
          6.078268947,
          44.55571115
        ]
      },
      "properties": {
        "name": "Boulevard Georges Pompidou N85 / Trottoir de la Médiathèque",
        "context": "Gap, Hautes-Alpes",
        "citycode": "05061",
        "depcode": "05"
      }
    },
    {
      "type": "Feature",
      "geometry": {
        "type": "Point",
        "coordinates": [
          6.083955715,
          44.561860328
        ]
      },
      "properties": {
        "name": "Boulevard Pierre et Marie Curie N85 / Cours Ladoucette N85",
        "context": "Gap, Hautes-Alpes",
        "citycode": "05061",
        "depcode": "05"
      }
    },
    {
      "type": "Feature",
      "geometry": {
        "type": "Point",
        "coordinates": [
          6.084044091,
          44.561809235
        ]
      },
      "properties": {
        "name": "Boulevard Pierre et Marie Curie N85 / Rond-Point du Cèdre",
        "context": "Gap, Hautes-Alpes",
        "citycode": "05061",
        "depcode": "05"
      }
    },
    {
      "type": "Feature",
      "geometry": {
        "type": "Point",
        "coordinates": [
          6.084476003,
          44.559806672
        ]
      },
      "properties": {
        "name": "Boulevard Pierre et Marie Curie N85 / Rue de Saint-Mens",
        "context": "Gap, Hautes-Alpes",
        "citycode": "05061",
        "depcode": "05"
      }
    },
    {
      "type": "Feature",
      "geometry": {
        "type": "Point",
        "coordinates": [
          6.084405514,
          44.559829726
        ]
      },
      "properties": {
        "name": "Boulevard Pierre et Marie Curie N85 / Rue du Capitaine de Bresson",
        "context": "Gap, Hautes-Alpes",
        "citycode": "05061",
        "depcode": "05"
      }
    },
    {
      "type": "Feature",
      "geometry": {
        "type": "Point",
        "coordinates": [
          6.063404159,
          44.58859548
        ]
      },
      "properties": {
        "name": "Canal de Gap / Avenue de Charance",
        "context": "Gap, Hautes-Alpes",
        "citycode": "05061",
        "depcode": "05"
      }
    },
    {
      "type": "Feature",
      "geometry": {
        "type": "Point",
        "coordinates": [
          6.119689249,
          44.603439059
        ]
      },
      "properties": {
        "name": "Canal de Gap / Chemin de la Ligne de Chemin de Fer Gap la Mure",
        "context": "Gap, Hautes-Alpes",
        "citycode": "05061",
        "depcode": "05"
      }
    },
    {
      "type": "Feature",
      "geometry": {
        "type": "Point",
        "coordinates": [
          6.070351784,
          44.58724136
        ]
      },
      "properties": {
        "name": "Canal de Gap / Promenade du Canal",
        "context": "Gap, Hautes-Alpes",
        "citycode": "05061",
        "depcode": "05"
      }
    },
    {
      "type": "Feature",
      "geometry": {
        "type": "Point",
        "coordinates": [
          6.116402784,
          44.602037665
        ]
      },
      "properties": {
        "name": "Canal de Gap / Route du Col de Manse D292",
        "context": "Gap, Hautes-Alpes",
        "citycode": "05061",
        "depcode": "05"
      }
    },
    {
      "type": "Feature",
      "geometry": {
        "type": "Point",
        "coordinates": [
          6.110770455,
          44.602500755
        ]
      },
      "properties": {
        "name": "Canal de Gap / Torrent de l'Oursatas",
        "context": "Gap, Hautes-Alpes",
        "citycode": "05061",
        "depcode": "05"
      }
    },
    {
      "type": "Feature",
      "geometry": {
        "type": "Point",
        "coordinates": [
          6.013736157,
          44.559311196
        ]
      },
      "properties": {
        "name": "Canal de Gap / Torrent de la Selle",
        "context": "Gap, Hautes-Alpes",
        "citycode": "05061",
        "depcode": "05"
      }
    },
    {
      "type": "Feature",
      "geometry": {
        "type": "Point",
        "coordinates": [
          6.045799792,
          44.509683337
        ]
      },
      "properties": {
        "name": "Carrefour de Lachaup / La Plaine de Lachaup N85",
        "context": "Gap, Hautes-Alpes",
        "citycode": "05061",
        "depcode": "05"
      }
    },
    {
      "type": "Feature",
      "geometry": {
        "type": "Point",
        "coordinates": [
          6.051573339,
          44.537771278
        ]
      },
      "properties": {
        "name": "Carrefour de Saint-Jean / Route de Saint-Jean D47",
        "context": "Gap, Hautes-Alpes",
        "citycode": "05061",
        "depcode": "05"
      }
    },
    {
      "type": "Feature",
      "geometry": {
        "type": "Point",
        "coordinates": [
          6.05163776,
          44.537827174
        ]
      },
      "properties": {
        "name": "Carrefour de Saint-Jean / Route des Eyssagnières D291",
        "context": "Gap, Hautes-Alpes",
        "citycode": "05061",
        "depcode": "05"
      }
    },
    {
      "type": "Feature",
      "geometry": {
        "type": "Point",
        "coordinates": [
          6.103035675,
          44.569025287
        ]
      },
      "properties": {
        "name": "Carrefour de Tokoro / Boulevard d'Orient",
        "context": "Gap, Hautes-Alpes",
        "citycode": "05061",
        "depcode": "05"
      }
    },
    {
      "type": "Feature",
      "geometry": {
        "type": "Point",
        "coordinates": [
          6.063022832,
          44.545553346
        ]
      },
      "properties": {
        "name": "Carrefour des Marronniers / Rue des Boutons d'Or",
        "context": "Gap, Hautes-Alpes",
        "citycode": "05061",
        "depcode": "05"
      }
    },
    {
      "type": "Feature",
      "geometry": {
        "type": "Point",
        "coordinates": [
          6.065241874,
          44.543177565
        ]
      },
      "properties": {
        "name": "Carrefour des Médaillés Militaires / Allée du Cimetière de Saint-Roch",
        "context": "Gap, Hautes-Alpes",
        "citycode": "05061",
        "depcode": "05"
      }
    },
    {
      "type": "Feature",
      "geometry": {
        "type": "Point",
        "coordinates": [
          6.065220175,
          44.543409075
        ]
      },
      "properties": {
        "name": "Carrefour des Médaillés Militaires / Chemin de Châteauvieux",
        "context": "Gap, Hautes-Alpes",
        "citycode": "05061",
        "depcode": "05"
      }
    },
    {
      "type": "Feature",
      "geometry": {
        "type": "Point",
        "coordinates": [
          6.064953447,
          44.543455682
        ]
      },
      "properties": {
        "name": "Carrefour des Médaillés Militaires / Rue des Fusillés D900B",
        "context": "Gap, Hautes-Alpes",
        "citycode": "05061",
        "depcode": "05"
      }
    },
    {
      "type": "Feature",
      "geometry": {
        "type": "Point",
        "coordinates": [
          6.055335054,
          44.558073709
        ]
      },
      "properties": {
        "name": "Carrefour du Sénateur / Chemin des Évêques",
        "context": "Gap, Hautes-Alpes",
        "citycode": "05061",
        "depcode": "05"
      }
    },
    {
      "type": "Feature",
      "geometry": {
        "type": "Point",
        "coordinates": [
          6.055084849,
          44.558289934
        ]
      },
      "properties": {
        "name": "Carrefour du Sénateur / Rocade de Gap Séquence 2 N1085",
        "context": "Gap, Hautes-Alpes",
        "citycode": "05061",
        "depcode": "05"
      }
    },
    {
      "type": "Feature",
      "geometry": {
        "type": "Point",
        "coordinates": [
          6.082213672,
          44.620594259
        ]
      },
      "properties": {
        "name": "Centre Oxygénation / Route Napoléon N85",
        "context": "Gap, Hautes-Alpes",
        "citycode": "05061",
        "depcode": "05"
      }
    },
    {
      "type": "Feature",
      "geometry": {
        "type": "Point",
        "coordinates": [
          6.076207599,
          44.573113986
        ]
      },
      "properties": {
        "name": "Chemin Communal 17 / Rocade de Gap Séquence 3 Construction",
        "context": "Gap, Hautes-Alpes",
        "citycode": "05061",
        "depcode": "05"
      }
    },
    {
      "type": "Feature",
      "geometry": {
        "type": "Point",
        "coordinates": [
          6.076564591,
          44.575154907
        ]
      },
      "properties": {
        "name": "Chemin Communal 17 / Route Napoléon N85",
        "context": "Gap, Hautes-Alpes",
        "citycode": "05061",
        "depcode": "05"
      }
    },
    {
      "type": "Feature",
      "geometry": {
        "type": "Point",
        "coordinates": [
          6.072954084,
          44.537157283
        ]
      },
      "properties": {
        "name": "Chemin d'Antan / Route des Prés",
        "context": "Gap, Hautes-Alpes",
        "citycode": "05061",
        "depcode": "05"
      }
    },
    {
      "type": "Feature",
      "geometry": {
        "type": "Point",
        "coordinates": [
          6.047527594,
          44.528182158
        ]
      },
      "properties": {
        "name": "Chemin de Baroncelli / Impasse de Baroncelli",
        "context": "Gap, Hautes-Alpes",
        "citycode": "05061",
        "depcode": "05"
      }
    },
    {
      "type": "Feature",
      "geometry": {
        "type": "Point",
        "coordinates": [
          6.060940246,
          44.557419478
        ]
      },
      "properties": {
        "name": "Chemin de Beausite / Ancienne Route de Veynes",
        "context": "Gap, Hautes-Alpes",
        "citycode": "05061",
        "depcode": "05"
      }
    },
    {
      "type": "Feature",
      "geometry": {
        "type": "Point",
        "coordinates": [
          6.083262668,
          44.563160341
        ]
      },
      "properties": {
        "name": "Chemin de Bonne / Passage Montjoie",
        "context": "Gap, Hautes-Alpes",
        "citycode": "05061",
        "depcode": "05"
      }
    },
    {
      "type": "Feature",
      "geometry": {
        "type": "Point",
        "coordinates": [
          6.081738275,
          44.566594817
        ]
      },
      "properties": {
        "name": "Chemin de Bonne / Rue des Champsaurins",
        "context": "Gap, Hautes-Alpes",
        "citycode": "05061",
        "depcode": "05"
      }
    },
    {
      "type": "Feature",
      "geometry": {
        "type": "Point",
        "coordinates": [
          6.082109422,
          44.564458315
        ]
      },
      "properties": {
        "name": "Chemin de Bonne / Rue des Jardins",
        "context": "Gap, Hautes-Alpes",
        "citycode": "05061",
        "depcode": "05"
      }
    },
    {
      "type": "Feature",
      "geometry": {
        "type": "Point",
        "coordinates": [
          6.081858481,
          44.566145118
        ]
      },
      "properties": {
        "name": "Chemin de Bonne / Rue Ferdinand Buisson",
        "context": "Gap, Hautes-Alpes",
        "citycode": "05061",
        "depcode": "05"
      }
    },
    {
      "type": "Feature",
      "geometry": {
        "type": "Point",
        "coordinates": [
          6.065272168,
          44.54322676
        ]
      },
      "properties": {
        "name": "Chemin de Châteauvieux / Allée du Cimetière de Saint-Roch",
        "context": "Gap, Hautes-Alpes",
        "citycode": "05061",
        "depcode": "05"
      }
    },
    {
      "type": "Feature",
      "geometry": {
        "type": "Point",
        "coordinates": [
          6.06527692,
          44.543339068
        ]
      },
      "properties": {
        "name": "Chemin de Châteauvieux / Carrefour des Médaillés Militaires",
        "context": "Gap, Hautes-Alpes",
        "citycode": "05061",
        "depcode": "05"
      }
    },
    {
      "type": "Feature",
      "geometry": {
        "type": "Point",
        "coordinates": [
          6.066534166,
          44.546109964
        ]
      },
      "properties": {
        "name": "Chemin de Châteauvieux / Rue des Mésanges",
        "context": "Gap, Hautes-Alpes",
        "citycode": "05061",
        "depcode": "05"
      }
    },
    {
      "type": "Feature",
      "geometry": {
        "type": "Point",
        "coordinates": [
          6.071098433,
          44.569871651
        ]
      },
      "properties": {
        "name": "Chemin de Chaudun / Allée des Hautes Plaines",
        "context": "Gap, Hautes-Alpes",
        "citycode": "05061",
        "depcode": "05"
      }
    },
    {
      "type": "Feature",
      "geometry": {
        "type": "Point",
        "coordinates": [
          6.073711361,
          44.567761145
        ]
      },
      "properties": {
        "name": "Chemin de Chaudun / Chemin des Hauts de Valbonne",
        "context": "Gap, Hautes-Alpes",
        "citycode": "05061",
        "depcode": "05"
      }
    },
    {
      "type": "Feature",
      "geometry": {
        "type": "Point",
        "coordinates": [
          6.071983808,
          44.568972032
        ]
      },
      "properties": {
        "name": "Chemin de Chaudun / Rue Antonin Coronat",
        "context": "Gap, Hautes-Alpes",
        "citycode": "05061",
        "depcode": "05"
      }
    },
    {
      "type": "Feature",
      "geometry": {
        "type": "Point",
        "coordinates": [
          6.069867932,
          44.571158082
        ]
      },
      "properties": {
        "name": "Chemin de Chaudun / Rue Charles Aurouze",
        "context": "Gap, Hautes-Alpes",
        "citycode": "05061",
        "depcode": "05"
      }
    },
    {
      "type": "Feature",
      "geometry": {
        "type": "Point",
        "coordinates": [
          6.073616435,
          44.567745534
        ]
      },
      "properties": {
        "name": "Chemin de Chaudun / Rue du Coteau",
        "context": "Gap, Hautes-Alpes",
        "citycode": "05061",
        "depcode": "05"
      }
    },
    {
      "type": "Feature",
      "geometry": {
        "type": "Point",
        "coordinates": [
          6.074745628,
          44.566397468
        ]
      },
      "properties": {
        "name": "Chemin de Crève Coeur / Chemin de Chaudun",
        "context": "Gap, Hautes-Alpes",
        "citycode": "05061",
        "depcode": "05"
      }
    },
    {
      "type": "Feature",
      "geometry": {
        "type": "Point",
        "coordinates": [
          6.076140783,
          44.565401916
        ]
      },
      "properties": {
        "name": "Chemin de Crève Coeur / Rue Colonel Piddington",
        "context": "Gap, Hautes-Alpes",
        "citycode": "05061",
        "depcode": "05"
      }
    },
    {
      "type": "Feature",
      "geometry": {
        "type": "Point",
        "coordinates": [
          6.114775582,
          44.555309836
        ]
      },
      "properties": {
        "name": "Chemin de Curbanion / Route de Treschâtel",
        "context": "Gap, Hautes-Alpes",
        "citycode": "05061",
        "depcode": "05"
      }
    },
    {
      "type": "Feature",
      "geometry": {
        "type": "Point",
        "coordinates": [
          6.056179357,
          44.536620039
        ]
      },
      "properties": {
        "name": "Chemin de Graffinel / Route de Graffinel",
        "context": "Gap, Hautes-Alpes",
        "citycode": "05061",
        "depcode": "05"
      }
    },
    {
      "type": "Feature",
      "geometry": {
        "type": "Point",
        "coordinates": [
          6.087379825,
          44.579130415
        ]
      },
      "properties": {
        "name": "Chemin de Hauteville / Chemin des Paons",
        "context": "Gap, Hautes-Alpes",
        "citycode": "05061",
        "depcode": "05"
      }
    },
    {
      "type": "Feature",
      "geometry": {
        "type": "Point",
        "coordinates": [
          6.083952835,
          44.577357655
        ]
      },
      "properties": {
        "name": "Chemin de Hauteville / Route de la Descente",
        "context": "Gap, Hautes-Alpes",
        "citycode": "05061",
        "depcode": "05"
      }
    },
    {
      "type": "Feature",
      "geometry": {
        "type": "Point",
        "coordinates": [
          6.087115691,
          44.577974632
        ]
      },
      "properties": {
        "name": "Chemin de Hauteville / Rue des Moissons",
        "context": "Gap, Hautes-Alpes",
        "citycode": "05061",
        "depcode": "05"
      }
    },
    {
      "type": "Feature",
      "geometry": {
        "type": "Point",
        "coordinates": [
          6.047649729,
          44.519133707
        ]
      },
      "properties": {
        "name": "Chemin de l'Empereur / Route des Lacets de la Tourronde",
        "context": "Gap, Hautes-Alpes",
        "citycode": "05061",
        "depcode": "05"
      }
    },
    {
      "type": "Feature",
      "geometry": {
        "type": "Point",
        "coordinates": [
          6.078698261,
          44.548520744
        ]
      },
      "properties": {
        "name": "Chemin de l'Indien / Route de Valserres D942A",
        "context": "Gap, Hautes-Alpes",
        "citycode": "05061",
        "depcode": "05"
      }
    },
    {
      "type": "Feature",
      "geometry": {
        "type": "Point",
        "coordinates": [
          6.087577863,
          44.573029941
        ]
      },
      "properties": {
        "name": "Chemin de l'Oratoire / Chemin de la Ferme Blanche",
        "context": "Gap, Hautes-Alpes",
        "citycode": "05061",
        "depcode": "05"
      }
    },
    {
      "type": "Feature",
      "geometry": {
        "type": "Point",
        "coordinates": [
          6.087652533,
          44.572833542
        ]
      },
      "properties": {
        "name": "Chemin de l'Oratoire / Impasse des Dahlias",
        "context": "Gap, Hautes-Alpes",
        "citycode": "05061",
        "depcode": "05"
      }
    },
    {
      "type": "Feature",
      "geometry": {
        "type": "Point",
        "coordinates": [
          6.087851046,
          44.573503611
        ]
      },
      "properties": {
        "name": "Chemin de l'Oratoire / Rocade de Gap Séquence 3 Construction",
        "context": "Gap, Hautes-Alpes",
        "citycode": "05061",
        "depcode": "05"
      }
    },
    {
      "type": "Feature",
      "geometry": {
        "type": "Point",
        "coordinates": [
          6.087819648,
          44.572536374
        ]
      },
      "properties": {
        "name": "Chemin de l'Oratoire / Rue de Villarobert D92",
        "context": "Gap, Hautes-Alpes",
        "citycode": "05061",
        "depcode": "05"
      }
    },
    {
      "type": "Feature",
      "geometry": {
        "type": "Point",
        "coordinates": [
          6.063661036,
          44.562353534
        ]
      },
      "properties": {
        "name": "Chemin de la Brèche / Allée des Ormes",
        "context": "Gap, Hautes-Alpes",
        "citycode": "05061",
        "depcode": "05"
      }
    },
    {
      "type": "Feature",
      "geometry": {
        "type": "Point",
        "coordinates": [
          6.063635453,
          44.562362539
        ]
      },
      "properties": {
        "name": "Chemin de la Brèche / Avenue de Charance",
        "context": "Gap, Hautes-Alpes",
        "citycode": "05061",
        "depcode": "05"
      }
    },
    {
      "type": "Feature",
      "geometry": {
        "type": "Point",
        "coordinates": [
          6.05869871,
          44.561270519
        ]
      },
      "properties": {
        "name": "Chemin de la Brèche / Chemin des Évêques",
        "context": "Gap, Hautes-Alpes",
        "citycode": "05061",
        "depcode": "05"
      }
    },
    {
      "type": "Feature",
      "geometry": {
        "type": "Point",
        "coordinates": [
          6.048354205,
          44.536414747
        ]
      },
      "properties": {
        "name": "Chemin de la Carrière / Route de Saint-Jean D47",
        "context": "Gap, Hautes-Alpes",
        "citycode": "05061",
        "depcode": "05"
      }
    },
    {
      "type": "Feature",
      "geometry": {
        "type": "Point",
        "coordinates": [
          6.043325461,
          44.538594623
        ]
      },
      "properties": {
        "name": "Chemin de la Chêneraie / Chemin du Domaine du Lac",
        "context": "Gap, Hautes-Alpes",
        "citycode": "05061",
        "depcode": "05"
      }
    },
    {
      "type": "Feature",
      "geometry": {
        "type": "Point",
        "coordinates": [
          6.042244109,
          44.537712448
        ]
      },
      "properties": {
        "name": "Chemin de la Chêneraie / Placette des Aulnes",
        "context": "Gap, Hautes-Alpes",
        "citycode": "05061",
        "depcode": "05"
      }
    },
    {
      "type": "Feature",
      "geometry": {
        "type": "Point",
        "coordinates": [
          6.058091195,
          44.566410297
        ]
      },
      "properties": {
        "name": "Chemin de la Clairière / Avenue de Charance",
        "context": "Gap, Hautes-Alpes",
        "citycode": "05061",
        "depcode": "05"
      }
    },
    {
      "type": "Feature",
      "geometry": {
        "type": "Point",
        "coordinates": [
          6.058078998,
          44.566409473
        ]
      },
      "properties": {
        "name": "Chemin de la Clairière / Impasse des Évêques",
        "context": "Gap, Hautes-Alpes",
        "citycode": "05061",
        "depcode": "05"
      }
    },
    {
      "type": "Feature",
      "geometry": {
        "type": "Point",
        "coordinates": [
          6.047341861,
          44.553885192
        ]
      },
      "properties": {
        "name": "Chemin de la Ferme de l'Hôpital / Allée Eden Malcombe",
        "context": "Gap, Hautes-Alpes",
        "citycode": "05061",
        "depcode": "05"
      }
    },
    {
      "type": "Feature",
      "geometry": {
        "type": "Point",
        "coordinates": [
          6.043772322,
          44.55766111
        ]
      },
      "properties": {
        "name": "Chemin de la Gardette / Route de Malcombe",
        "context": "Gap, Hautes-Alpes",
        "citycode": "05061",
        "depcode": "05"
      }
    },
    {
      "type": "Feature",
      "geometry": {
        "type": "Point",
        "coordinates": [
          6.127886236,
          44.606882284
        ]
      },
      "properties": {
        "name": "Chemin de la Ligne de Chemin de Fer Gap la Mure / Canal de Gap",
        "context": "Gap, Hautes-Alpes",
        "citycode": "05061",
        "depcode": "05"
      }
    },
    {
      "type": "Feature",
      "geometry": {
        "type": "Point",
        "coordinates": [
          6.127751668,
          44.606863118
        ]
      },
      "properties": {
        "name": "Chemin de la Ligne de Chemin de Fer Gap la Mure / La Flodanche",
        "context": "Gap, Hautes-Alpes",
        "citycode": "05061",
        "depcode": "05"
      }
    },
    {
      "type": "Feature",
      "geometry": {
        "type": "Point",
        "coordinates": [
          6.077216128,
          44.555269343
        ]
      },
      "properties": {
        "name": "Chemin de la Passerelle / Boulevard Georges Pompidou N85",
        "context": "Gap, Hautes-Alpes",
        "citycode": "05061",
        "depcode": "05"
      }
    },
    {
      "type": "Feature",
      "geometry": {
        "type": "Point",
        "coordinates": [
          6.105689127,
          44.549708909
        ]
      },
      "properties": {
        "name": "Chemin de la Ruche / Route de Treschâtel",
        "context": "Gap, Hautes-Alpes",
        "citycode": "05061",
        "depcode": "05"
      }
    },
    {
      "type": "Feature",
      "geometry": {
        "type": "Point",
        "coordinates": [
          6.109321731,
          44.576920518
        ]
      },
      "properties": {
        "name": "Chemin de la Sacristie / Route de la Reyberte D92",
        "context": "Gap, Hautes-Alpes",
        "citycode": "05061",
        "depcode": "05"
      }
    },
    {
      "type": "Feature",
      "geometry": {
        "type": "Point",
        "coordinates": [
          6.0979027,
          44.576771674
        ]
      },
      "properties": {
        "name": "Chemin de la Source / Rue de Villarobert D92",
        "context": "Gap, Hautes-Alpes",
        "citycode": "05061",
        "depcode": "05"
      }
    },
    {
      "type": "Feature",
      "geometry": {
        "type": "Point",
        "coordinates": [
          6.097531499,
          44.578325301
        ]
      },
      "properties": {
        "name": "Chemin de la Source / Rue des Helianthes",
        "context": "Gap, Hautes-Alpes",
        "citycode": "05061",
        "depcode": "05"
      }
    },
    {
      "type": "Feature",
      "geometry": {
        "type": "Point",
        "coordinates": [
          6.049472573,
          44.528373454
        ]
      },
      "properties": {
        "name": "Chemin de la Tour Carrée / Chemin de Serviolan",
        "context": "Gap, Hautes-Alpes",
        "citycode": "05061",
        "depcode": "05"
      }
    },
    {
      "type": "Feature",
      "geometry": {
        "type": "Point",
        "coordinates": [
          6.086677512,
          44.546670667
        ]
      },
      "properties": {
        "name": "Chemin de Lareton / Riotord",
        "context": "Gap, Hautes-Alpes",
        "citycode": "05061",
        "depcode": "05"
      }
    },
    {
      "type": "Feature",
      "geometry": {
        "type": "Point",
        "coordinates": [
          6.07703312,
          44.576992613
        ]
      },
      "properties": {
        "name": "Chemin de Parassac / Chemin du Haut Varsie",
        "context": "Gap, Hautes-Alpes",
        "citycode": "05061",
        "depcode": "05"
      }
    },
    {
      "type": "Feature",
      "geometry": {
        "type": "Point",
        "coordinates": [
          6.080740205,
          44.581244925
        ]
      },
      "properties": {
        "name": "Chemin de Parassac / Route Napoléon N85",
        "context": "Gap, Hautes-Alpes",
        "citycode": "05061",
        "depcode": "05"
      }
    },
    {
      "type": "Feature",
      "geometry": {
        "type": "Point",
        "coordinates": [
          6.068018895,
          44.538460991
        ]
      },
      "properties": {
        "name": "Chemin de Patac / Barreau de Patac",
        "context": "Gap, Hautes-Alpes",
        "citycode": "05061",
        "depcode": "05"
      }
    },
    {
      "type": "Feature",
      "geometry": {
        "type": "Point",
        "coordinates": [
          6.065616,
          44.538540549
        ]
      },
      "properties": {
        "name": "Chemin de Patac / Rue de Lagay",
        "context": "Gap, Hautes-Alpes",
        "citycode": "05061",
        "depcode": "05"
      }
    },
    {
      "type": "Feature",
      "geometry": {
        "type": "Point",
        "coordinates": [
          6.052525697,
          44.556507658
        ]
      },
      "properties": {
        "name": "Chemin de Pic Ponçon / Chemin de la Ferme de l'Hôpital",
        "context": "Gap, Hautes-Alpes",
        "citycode": "05061",
        "depcode": "05"
      }
    },
    {
      "type": "Feature",
      "geometry": {
        "type": "Point",
        "coordinates": [
          6.053901594,
          44.555064054
        ]
      },
      "properties": {
        "name": "Chemin de Pic Ponçon / Rocade de Gap Séquence 1 Construction",
        "context": "Gap, Hautes-Alpes",
        "citycode": "05061",
        "depcode": "05"
      }
    },
    {
      "type": "Feature",
      "geometry": {
        "type": "Point",
        "coordinates": [
          6.054980251,
          44.554929687
        ]
      },
      "properties": {
        "name": "Chemin de Pic Ponçon / Route des Eyssagnières D291",
        "context": "Gap, Hautes-Alpes",
        "citycode": "05061",
        "depcode": "05"
      }
    },
    {
      "type": "Feature",
      "geometry": {
        "type": "Point",
        "coordinates": [
          6.065535623,
          44.562970452
        ]
      },
      "properties": {
        "name": "Chemin de Puymaure / Route de Chabanas",
        "context": "Gap, Hautes-Alpes",
        "citycode": "05061",
        "depcode": "05"
      }
    },
    {
      "type": "Feature",
      "geometry": {
        "type": "Point",
        "coordinates": [
          6.068157493,
          44.56391256
        ]
      },
      "properties": {
        "name": "Chemin de Puymaure / Rue de Sauveterre",
        "context": "Gap, Hautes-Alpes",
        "citycode": "05061",
        "depcode": "05"
      }
    },
    {
      "type": "Feature",
      "geometry": {
        "type": "Point",
        "coordinates": [
          6.048049717,
          44.528745882
        ]
      },
      "properties": {
        "name": "Chemin de Serviolan / Route Napoléon N85",
        "context": "Gap, Hautes-Alpes",
        "citycode": "05061",
        "depcode": "05"
      }
    },
    {
      "type": "Feature",
      "geometry": {
        "type": "Point",
        "coordinates": [
          6.067561864,
          44.567106156
        ]
      },
      "properties": {
        "name": "Chemin de Tavanet / Route de Chabanas",
        "context": "Gap, Hautes-Alpes",
        "citycode": "05061",
        "depcode": "05"
      }
    },
    {
      "type": "Feature",
      "geometry": {
        "type": "Point",
        "coordinates": [
          6.068045976,
          44.565200688
        ]
      },
      "properties": {
        "name": "Chemin de Tavanet / Rue de Sauveterre",
        "context": "Gap, Hautes-Alpes",
        "citycode": "05061",
        "depcode": "05"
      }
    },
    {
      "type": "Feature",
      "geometry": {
        "type": "Point",
        "coordinates": [
          6.075279185,
          44.570955638
        ]
      },
      "properties": {
        "name": "Chemin de Valbonne / La Bonne",
        "context": "Gap, Hautes-Alpes",
        "citycode": "05061",
        "depcode": "05"
      }
    },
    {
      "type": "Feature",
      "geometry": {
        "type": "Point",
        "coordinates": [
          6.076011154,
          44.569762038
        ]
      },
      "properties": {
        "name": "Chemin de Valbonne / Rue Charles Aurouze",
        "context": "Gap, Hautes-Alpes",
        "citycode": "05061",
        "depcode": "05"
      }
    },
    {
      "type": "Feature",
      "geometry": {
        "type": "Point",
        "coordinates": [
          6.074537721,
          44.571422325
        ]
      },
      "properties": {
        "name": "Chemin de Valbonne / Torrent de Bonne",
        "context": "Gap, Hautes-Alpes",
        "citycode": "05061",
        "depcode": "05"
      }
    },
    {
      "type": "Feature",
      "geometry": {
        "type": "Point",
        "coordinates": [
          6.057518719,
          44.5025494
        ]
      },
      "properties": {
        "name": "Chemin des Abadous / Route de Châteauvieux D45",
        "context": "Gap, Hautes-Alpes",
        "citycode": "05061",
        "depcode": "05"
      }
    },
    {
      "type": "Feature",
      "geometry": {
        "type": "Point",
        "coordinates": [
          6.110276092,
          44.575311569
        ]
      },
      "properties": {
        "name": "Chemin des Amandiers / Route de la Reyberte D92",
        "context": "Gap, Hautes-Alpes",
        "citycode": "05061",
        "depcode": "05"
      }
    },
    {
      "type": "Feature",
      "geometry": {
        "type": "Point",
        "coordinates": [
          6.112228064,
          44.581911989
        ]
      },
      "properties": {
        "name": "Chemin des Boeres / Chemin du Clot",
        "context": "Gap, Hautes-Alpes",
        "citycode": "05061",
        "depcode": "05"
      }
    },
    {
      "type": "Feature",
      "geometry": {
        "type": "Point",
        "coordinates": [
          6.109816313,
          44.581183867
        ]
      },
      "properties": {
        "name": "Chemin des Boeres / Rue de Fontanouvelle D92",
        "context": "Gap, Hautes-Alpes",
        "citycode": "05061",
        "depcode": "05"
      }
    },
    {
      "type": "Feature",
      "geometry": {
        "type": "Point",
        "coordinates": [
          6.020008157,
          44.533410651
        ]
      },
      "properties": {
        "name": "Chemin des Bois / Chemin des Collombis",
        "context": "Gap, Hautes-Alpes",
        "citycode": "05061",
        "depcode": "05"
      }
    },
    {
      "type": "Feature",
      "geometry": {
        "type": "Point",
        "coordinates": [
          6.106067241,
          44.564060368
        ]
      },
      "properties": {
        "name": "Chemin des Castors / Rue des Tilleuls",
        "context": "Gap, Hautes-Alpes",
        "citycode": "05061",
        "depcode": "05"
      }
    },
    {
      "type": "Feature",
      "geometry": {
        "type": "Point",
        "coordinates": [
          6.060083666,
          44.503963329
        ]
      },
      "properties": {
        "name": "Chemin des Champs / Chemin des Abadous",
        "context": "Gap, Hautes-Alpes",
        "citycode": "05061",
        "depcode": "05"
      }
    },
    {
      "type": "Feature",
      "geometry": {
        "type": "Point",
        "coordinates": [
          6.059573912,
          44.513423335
        ]
      },
      "properties": {
        "name": "Chemin des Champs / Chemin des Terrasses",
        "context": "Gap, Hautes-Alpes",
        "citycode": "05061",
        "depcode": "05"
      }
    },
    {
      "type": "Feature",
      "geometry": {
        "type": "Point",
        "coordinates": [
          6.059632186,
          44.512685177
        ]
      },
      "properties": {
        "name": "Chemin des Champs / Chemin du Vallon",
        "context": "Gap, Hautes-Alpes",
        "citycode": "05061",
        "depcode": "05"
      }
    },
    {
      "type": "Feature",
      "geometry": {
        "type": "Point",
        "coordinates": [
          6.0596096,
          44.513467201
        ]
      },
      "properties": {
        "name": "Chemin des Champs / Montée des Terrasses",
        "context": "Gap, Hautes-Alpes",
        "citycode": "05061",
        "depcode": "05"
      }
    },
    {
      "type": "Feature",
      "geometry": {
        "type": "Point",
        "coordinates": [
          6.048281701,
          44.519874063
        ]
      },
      "properties": {
        "name": "Chemin des Chênes / Chemin des Grands Bois",
        "context": "Gap, Hautes-Alpes",
        "citycode": "05061",
        "depcode": "05"
      }
    },
    {
      "type": "Feature",
      "geometry": {
        "type": "Point",
        "coordinates": [
          6.048262138,
          44.519853208
        ]
      },
      "properties": {
        "name": "Chemin des Chênes / Route des Lacets de la Tourronde",
        "context": "Gap, Hautes-Alpes",
        "citycode": "05061",
        "depcode": "05"
      }
    },
    {
      "type": "Feature",
      "geometry": {
        "type": "Point",
        "coordinates": [
          6.07558383,
          44.578705981
        ]
      },
      "properties": {
        "name": "Chemin des Eterlous / Chemin du Haut Varsie",
        "context": "Gap, Hautes-Alpes",
        "citycode": "05061",
        "depcode": "05"
      }
    },
    {
      "type": "Feature",
      "geometry": {
        "type": "Point",
        "coordinates": [
          6.060630265,
          44.564674246
        ]
      },
      "properties": {
        "name": "Chemin des Évêques / Avenue de Charance",
        "context": "Gap, Hautes-Alpes",
        "citycode": "05061",
        "depcode": "05"
      }
    },
    {
      "type": "Feature",
      "geometry": {
        "type": "Point",
        "coordinates": [
          6.055354715,
          44.558115922
        ]
      },
      "properties": {
        "name": "Chemin des Évêques / Carrefour du Sénateur",
        "context": "Gap, Hautes-Alpes",
        "citycode": "05061",
        "depcode": "05"
      }
    },
    {
      "type": "Feature",
      "geometry": {
        "type": "Point",
        "coordinates": [
          6.063993858,
          44.556804884
        ]
      },
      "properties": {
        "name": "Chemin des Fangerots / Avenue de Veynes D994",
        "context": "Gap, Hautes-Alpes",
        "citycode": "05061",
        "depcode": "05"
      }
    },
    {
      "type": "Feature",
      "geometry": {
        "type": "Point",
        "coordinates": [
          6.062795309,
          44.552873279
        ]
      },
      "properties": {
        "name": "Chemin des Fangerots / Rue du Guil",
        "context": "Gap, Hautes-Alpes",
        "citycode": "05061",
        "depcode": "05"
      }
    },
    {
      "type": "Feature",
      "geometry": {
        "type": "Point",
        "coordinates": [
          6.065630606,
          44.577679351
        ]
      },
      "properties": {
        "name": "Chemin des Gontiers / Chemin du Clos de Charance",
        "context": "Gap, Hautes-Alpes",
        "citycode": "05061",
        "depcode": "05"
      }
    },
    {
      "type": "Feature",
      "geometry": {
        "type": "Point",
        "coordinates": [
          6.06574395,
          44.577796301
        ]
      },
      "properties": {
        "name": "Chemin des Gontiers / Rue Charles Aurouze",
        "context": "Gap, Hautes-Alpes",
        "citycode": "05061",
        "depcode": "05"
      }
    },
    {
      "type": "Feature",
      "geometry": {
        "type": "Point",
        "coordinates": [
          6.051777078,
          44.516879818
        ]
      },
      "properties": {
        "name": "Chemin des Grands Bois / Chemin des Poncets",
        "context": "Gap, Hautes-Alpes",
        "citycode": "05061",
        "depcode": "05"
      }
    },
    {
      "type": "Feature",
      "geometry": {
        "type": "Point",
        "coordinates": [
          6.055751984,
          44.513026266
        ]
      },
      "properties": {
        "name": "Chemin des Grands Bois / Chemin des Terrasses",
        "context": "Gap, Hautes-Alpes",
        "citycode": "05061",
        "depcode": "05"
      }
    },
    {
      "type": "Feature",
      "geometry": {
        "type": "Point",
        "coordinates": [
          6.055736126,
          44.513019972
        ]
      },
      "properties": {
        "name": "Chemin des Grands Bois / Route de Châteauvieux D45",
        "context": "Gap, Hautes-Alpes",
        "citycode": "05061",
        "depcode": "05"
      }
    },
    {
      "type": "Feature",
      "geometry": {
        "type": "Point",
        "coordinates": [
          6.048293673,
          44.519893274
        ]
      },
      "properties": {
        "name": "Chemin des Grands Bois / Route des Lacets de la Tourronde",
        "context": "Gap, Hautes-Alpes",
        "citycode": "05061",
        "depcode": "05"
      }
    },
    {
      "type": "Feature",
      "geometry": {
        "type": "Point",
        "coordinates": [
          6.06189726,
          44.576384762
        ]
      },
      "properties": {
        "name": "Chemin des Graverons / Chemin du Clos de Charance",
        "context": "Gap, Hautes-Alpes",
        "citycode": "05061",
        "depcode": "05"
      }
    },
    {
      "type": "Feature",
      "geometry": {
        "type": "Point",
        "coordinates": [
          6.111299179,
          44.566294963
        ]
      },
      "properties": {
        "name": "Chemin des Hauts de la Justice / Route de la Justice",
        "context": "Gap, Hautes-Alpes",
        "citycode": "05061",
        "depcode": "05"
      }
    },
    {
      "type": "Feature",
      "geometry": {
        "type": "Point",
        "coordinates": [
          6.073020657,
          44.532382564
        ]
      },
      "properties": {
        "name": "Chemin des Hauts de Sainte-Marguerite / Route de Sainte-Marguerite",
        "context": "Gap, Hautes-Alpes",
        "citycode": "05061",
        "depcode": "05"
      }
    },
    {
      "type": "Feature",
      "geometry": {
        "type": "Point",
        "coordinates": [
          6.07728195,
          44.568666464
        ]
      },
      "properties": {
        "name": "Chemin des Hauts de Valbonne / Rue Charles Aurouze",
        "context": "Gap, Hautes-Alpes",
        "citycode": "05061",
        "depcode": "05"
      }
    },
    {
      "type": "Feature",
      "geometry": {
        "type": "Point",
        "coordinates": [
          6.07368669,
          44.567771417
        ]
      },
      "properties": {
        "name": "Chemin des Hauts de Valbonne / Rue du Coteau",
        "context": "Gap, Hautes-Alpes",
        "citycode": "05061",
        "depcode": "05"
      }
    },
    {
      "type": "Feature",
      "geometry": {
        "type": "Point",
        "coordinates": [
          6.048179117,
          44.527134317
        ]
      },
      "properties": {
        "name": "Chemin des Huppes / Avenue de Provence N85",
        "context": "Gap, Hautes-Alpes",
        "citycode": "05061",
        "depcode": "05"
      }
    },
    {
      "type": "Feature",
      "geometry": {
        "type": "Point",
        "coordinates": [
          6.086329664,
          44.577856213
        ]
      },
      "properties": {
        "name": "Chemin des Labours / Chemin de Hauteville",
        "context": "Gap, Hautes-Alpes",
        "citycode": "05061",
        "depcode": "05"
      }
    },
    {
      "type": "Feature",
      "geometry": {
        "type": "Point",
        "coordinates": [
          6.086810615,
          44.576758419
        ]
      },
      "properties": {
        "name": "Chemin des Labours / Rue des Vendanges",
        "context": "Gap, Hautes-Alpes",
        "citycode": "05061",
        "depcode": "05"
      }
    },
    {
      "type": "Feature",
      "geometry": {
        "type": "Point",
        "coordinates": [
          6.059539454,
          44.542182936
        ]
      },
      "properties": {
        "name": "Chemin des Matins Calmes / Avenue de Traunstein",
        "context": "Gap, Hautes-Alpes",
        "citycode": "05061",
        "depcode": "05"
      }
    },
    {
      "type": "Feature",
      "geometry": {
        "type": "Point",
        "coordinates": [
          6.058502405,
          44.537020801
        ]
      },
      "properties": {
        "name": "Chemin des Matins Calmes / Route de Graffinel",
        "context": "Gap, Hautes-Alpes",
        "citycode": "05061",
        "depcode": "05"
      }
    },
    {
      "type": "Feature",
      "geometry": {
        "type": "Point",
        "coordinates": [
          6.108846803,
          44.562674682
        ]
      },
      "properties": {
        "name": "Chemin des Noisetiers / Route des Fauvins",
        "context": "Gap, Hautes-Alpes",
        "citycode": "05061",
        "depcode": "05"
      }
    },
    {
      "type": "Feature",
      "geometry": {
        "type": "Point",
        "coordinates": [
          6.087051645,
          44.578021442
        ]
      },
      "properties": {
        "name": "Chemin des Paons / Chemin de Hauteville",
        "context": "Gap, Hautes-Alpes",
        "citycode": "05061",
        "depcode": "05"
      }
    },
    {
      "type": "Feature",
      "geometry": {
        "type": "Point",
        "coordinates": [
          6.086078495,
          44.57845628
        ]
      },
      "properties": {
        "name": "Chemin des Paons / Impasse des Geais Bleus",
        "context": "Gap, Hautes-Alpes",
        "citycode": "05061",
        "depcode": "05"
      }
    },
    {
      "type": "Feature",
      "geometry": {
        "type": "Point",
        "coordinates": [
          6.087152337,
          44.577984112
        ]
      },
      "properties": {
        "name": "Chemin des Paons / Rue des Moissons",
        "context": "Gap, Hautes-Alpes",
        "citycode": "05061",
        "depcode": "05"
      }
    },
    {
      "type": "Feature",
      "geometry": {
        "type": "Point",
        "coordinates": [
          6.05797428,
          44.520623564
        ]
      },
      "properties": {
        "name": "Chemin des Poncets / Route de Châteauvieux D45",
        "context": "Gap, Hautes-Alpes",
        "citycode": "05061",
        "depcode": "05"
      }
    },
    {
      "type": "Feature",
      "geometry": {
        "type": "Point",
        "coordinates": [
          6.062995597,
          44.514313274
        ]
      },
      "properties": {
        "name": "Chemin des Terrasses / Impasse des Terrasses",
        "context": "Gap, Hautes-Alpes",
        "citycode": "05061",
        "depcode": "05"
      }
    },
    {
      "type": "Feature",
      "geometry": {
        "type": "Point",
        "coordinates": [
          6.059630647,
          44.513489993
        ]
      },
      "properties": {
        "name": "Chemin des Terrasses / Montée des Terrasses",
        "context": "Gap, Hautes-Alpes",
        "citycode": "05061",
        "depcode": "05"
      }
    },
    {
      "type": "Feature",
      "geometry": {
        "type": "Point",
        "coordinates": [
          6.055774227,
          44.5130376
        ]
      },
      "properties": {
        "name": "Chemin des Terrasses / Route de Châteauvieux D45",
        "context": "Gap, Hautes-Alpes",
        "citycode": "05061",
        "depcode": "05"
      }
    },
    {
      "type": "Feature",
      "geometry": {
        "type": "Point",
        "coordinates": [
          6.061936962,
          44.53468911
        ]
      },
      "properties": {
        "name": "Chemin des Tourterelles / Route de la Luye D900B",
        "context": "Gap, Hautes-Alpes",
        "citycode": "05061",
        "depcode": "05"
      }
    },
    {
      "type": "Feature",
      "geometry": {
        "type": "Point",
        "coordinates": [
          6.12130692,
          44.580839431
        ]
      },
      "properties": {
        "name": "Chemin des Vigneaux / La Flodanche",
        "context": "Gap, Hautes-Alpes",
        "citycode": "05061",
        "depcode": "05"
      }
    },
    {
      "type": "Feature",
      "geometry": {
        "type": "Point",
        "coordinates": [
          6.117717962,
          44.579471761
        ]
      },
      "properties": {
        "name": "Chemin des Vigneaux / Route de Champs Forain",
        "context": "Gap, Hautes-Alpes",
        "citycode": "05061",
        "depcode": "05"
      }
    },
    {
      "type": "Feature",
      "geometry": {
        "type": "Point",
        "coordinates": [
          6.091683734,
          44.547175099
        ]
      },
      "properties": {
        "name": "Chemin des Vignes / Riotord",
        "context": "Gap, Hautes-Alpes",
        "citycode": "05061",
        "depcode": "05"
      }
    },
    {
      "type": "Feature",
      "geometry": {
        "type": "Point",
        "coordinates": [
          6.077370526,
          44.576821999
        ]
      },
      "properties": {
        "name": "Chemin du Château d'Eau / Chemin du Haut Varsie",
        "context": "Gap, Hautes-Alpes",
        "citycode": "05061",
        "depcode": "05"
      }
    },
    {
      "type": "Feature",
      "geometry": {
        "type": "Point",
        "coordinates": [
          6.082539245,
          44.576126335
        ]
      },
      "properties": {
        "name": "Chemin du Château d'Eau / Route de la Descente",
        "context": "Gap, Hautes-Alpes",
        "citycode": "05061",
        "depcode": "05"
      }
    },
    {
      "type": "Feature",
      "geometry": {
        "type": "Point",
        "coordinates": [
          6.077432691,
          44.576824032
        ]
      },
      "properties": {
        "name": "Chemin du Château d'Eau / Route Napoléon N85",
        "context": "Gap, Hautes-Alpes",
        "citycode": "05061",
        "depcode": "05"
      }
    },
    {
      "type": "Feature",
      "geometry": {
        "type": "Point",
        "coordinates": [
          6.072268455,
          44.5557248
        ]
      },
      "properties": {
        "name": "Chemin du Cimetière / Rue de la Chapelle",
        "context": "Gap, Hautes-Alpes",
        "citycode": "05061",
        "depcode": "05"
      }
    },
    {
      "type": "Feature",
      "geometry": {
        "type": "Point",
        "coordinates": [
          6.108008323,
          44.58280398
        ]
      },
      "properties": {
        "name": "Chemin du Clauzon / Rue du Mesnil D292",
        "context": "Gap, Hautes-Alpes",
        "citycode": "05061",
        "depcode": "05"
      }
    },
    {
      "type": "Feature",
      "geometry": {
        "type": "Point",
        "coordinates": [
          6.057394954,
          44.57079035
        ]
      },
      "properties": {
        "name": "Chemin du Clos de Charance / Avenue de Charance",
        "context": "Gap, Hautes-Alpes",
        "citycode": "05061",
        "depcode": "05"
      }
    },
    {
      "type": "Feature",
      "geometry": {
        "type": "Point",
        "coordinates": [
          6.065642378,
          44.577725311
        ]
      },
      "properties": {
        "name": "Chemin du Clos de Charance / Chemin des Gontiers",
        "context": "Gap, Hautes-Alpes",
        "citycode": "05061",
        "depcode": "05"
      }
    },
    {
      "type": "Feature",
      "geometry": {
        "type": "Point",
        "coordinates": [
          6.065783559,
          44.577724164
        ]
      },
      "properties": {
        "name": "Chemin du Clos de Charance / Rue Charles Aurouze",
        "context": "Gap, Hautes-Alpes",
        "citycode": "05061",
        "depcode": "05"
      }
    },
    {
      "type": "Feature",
      "geometry": {
        "type": "Point",
        "coordinates": [
          6.044719694,
          44.536935214
        ]
      },
      "properties": {
        "name": "Chemin du Domaine du Lac / Chemin de la Carrière",
        "context": "Gap, Hautes-Alpes",
        "citycode": "05061",
        "depcode": "05"
      }
    },
    {
      "type": "Feature",
      "geometry": {
        "type": "Point",
        "coordinates": [
          6.04395011,
          44.538137846
        ]
      },
      "properties": {
        "name": "Chemin du Domaine du Lac / Rue des Écrins",
        "context": "Gap, Hautes-Alpes",
        "citycode": "05061",
        "depcode": "05"
      }
    },
    {
      "type": "Feature",
      "geometry": {
        "type": "Point",
        "coordinates": [
          6.044351461,
          44.537203926
        ]
      },
      "properties": {
        "name": "Chemin du Domaine du Lac / Rue des Saules",
        "context": "Gap, Hautes-Alpes",
        "citycode": "05061",
        "depcode": "05"
      }
    },
    {
      "type": "Feature",
      "geometry": {
        "type": "Point",
        "coordinates": [
          6.065357705,
          44.57009016
        ]
      },
      "properties": {
        "name": "Chemin du Grain de Blé / Chemin des Peupliers",
        "context": "Gap, Hautes-Alpes",
        "citycode": "05061",
        "depcode": "05"
      }
    },
    {
      "type": "Feature",
      "geometry": {
        "type": "Point",
        "coordinates": [
          6.077295387,
          44.576813591
        ]
      },
      "properties": {
        "name": "Chemin du Haut Varsie / Route Napoléon N85",
        "context": "Gap, Hautes-Alpes",
        "citycode": "05061",
        "depcode": "05"
      }
    },
    {
      "type": "Feature",
      "geometry": {
        "type": "Point",
        "coordinates": [
          6.114364571,
          44.561664429
        ]
      },
      "properties": {
        "name": "Chemin du Petit Pont / Petit Pont",
        "context": "Gap, Hautes-Alpes",
        "citycode": "05061",
        "depcode": "05"
      }
    },
    {
      "type": "Feature",
      "geometry": {
        "type": "Point",
        "coordinates": [
          6.116907551,
          44.561985835
        ]
      },
      "properties": {
        "name": "Chemin du Petit Pont / Route du Chapelet",
        "context": "Gap, Hautes-Alpes",
        "citycode": "05061",
        "depcode": "05"
      }
    },
    {
      "type": "Feature",
      "geometry": {
        "type": "Point",
        "coordinates": [
          6.109192952,
          44.577194809
        ]
      },
      "properties": {
        "name": "Chemin du Plantier / Route de la Reyberte D92",
        "context": "Gap, Hautes-Alpes",
        "citycode": "05061",
        "depcode": "05"
      }
    },
    {
      "type": "Feature",
      "geometry": {
        "type": "Point",
        "coordinates": [
          6.053280113,
          44.545755329
        ]
      },
      "properties": {
        "name": "Chemin du Rousine / Rocade de Gap Séquence 1 Construction",
        "context": "Gap, Hautes-Alpes",
        "citycode": "05061",
        "depcode": "05"
      }
    },
    {
      "type": "Feature",
      "geometry": {
        "type": "Point",
        "coordinates": [
          6.053440078,
          44.545764272
        ]
      },
      "properties": {
        "name": "Chemin du Rousine / Route des Eyssagnières",
        "context": "Gap, Hautes-Alpes",
        "citycode": "05061",
        "depcode": "05"
      }
    },
    {
      "type": "Feature",
      "geometry": {
        "type": "Point",
        "coordinates": [
          6.063110031,
          44.576151448
        ]
      },
      "properties": {
        "name": "Chemin du Serre / Chemin du Clos de Charance",
        "context": "Gap, Hautes-Alpes",
        "citycode": "05061",
        "depcode": "05"
      }
    },
    {
      "type": "Feature",
      "geometry": {
        "type": "Point",
        "coordinates": [
          6.061648324,
          44.556332045
        ]
      },
      "properties": {
        "name": "Chemin du Soleil Levant / Route de Veynes D994",
        "context": "Gap, Hautes-Alpes",
        "citycode": "05061",
        "depcode": "05"
      }
    },
    {
      "type": "Feature",
      "geometry": {
        "type": "Point",
        "coordinates": [
          6.054935596,
          44.552544697
        ]
      },
      "properties": {
        "name": "Chemin du Soleil Levant / Route des Eyssagnières D291",
        "context": "Gap, Hautes-Alpes",
        "citycode": "05061",
        "depcode": "05"
      }
    },
    {
      "type": "Feature",
      "geometry": {
        "type": "Point",
        "coordinates": [
          6.054919131,
          44.552539333
        ]
      },
      "properties": {
        "name": "Chemin du Soleil Levant / Rue de Pic Ponçon",
        "context": "Gap, Hautes-Alpes",
        "citycode": "05061",
        "depcode": "05"
      }
    },
    {
      "type": "Feature",
      "geometry": {
        "type": "Point",
        "coordinates": [
          6.070119373,
          44.556900525
        ]
      },
      "properties": {
        "name": "Chemin du Turrelet / Avenue de Veynes D994",
        "context": "Gap, Hautes-Alpes",
        "citycode": "05061",
        "depcode": "05"
      }
    },
    {
      "type": "Feature",
      "geometry": {
        "type": "Point",
        "coordinates": [
          6.068776422,
          44.555018219
        ]
      },
      "properties": {
        "name": "Chemin du Turrelet / Rue Louis Comte",
        "context": "Gap, Hautes-Alpes",
        "citycode": "05061",
        "depcode": "05"
      }
    },
    {
      "type": "Feature",
      "geometry": {
        "type": "Point",
        "coordinates": [
          6.04278109,
          44.539739315
        ]
      },
      "properties": {
        "name": "Chemin du Viaduc / Allée Jacques Prévert",
        "context": "Gap, Hautes-Alpes",
        "citycode": "05061",
        "depcode": "05"
      }
    },
    {
      "type": "Feature",
      "geometry": {
        "type": "Point",
        "coordinates": [
          6.042280008,
          44.539079671
        ]
      },
      "properties": {
        "name": "Chemin du Viaduc / Chemin du Domaine du Lac",
        "context": "Gap, Hautes-Alpes",
        "citycode": "05061",
        "depcode": "05"
      }
    },
    {
      "type": "Feature",
      "geometry": {
        "type": "Point",
        "coordinates": [
          6.047764827,
          44.542430676
        ]
      },
      "properties": {
        "name": "Chemin du Viaduc / Route de Chaudefeuille",
        "context": "Gap, Hautes-Alpes",
        "citycode": "05061",
        "depcode": "05"
      }
    },
    {
      "type": "Feature",
      "geometry": {
        "type": "Point",
        "coordinates": [
          6.043919063,
          44.54060185
        ]
      },
      "properties": {
        "name": "Chemin du Viaduc / Rue des Écrins",
        "context": "Gap, Hautes-Alpes",
        "citycode": "05061",
        "depcode": "05"
      }
    },
    {
      "type": "Feature",
      "geometry": {
        "type": "Point",
        "coordinates": [
          6.057028411,
          44.504975572
        ]
      },
      "properties": {
        "name": "Chemin du Villard / Route de Châteauvieux D45",
        "context": "Gap, Hautes-Alpes",
        "citycode": "05061",
        "depcode": "05"
      }
    },
    {
      "type": "Feature",
      "geometry": {
        "type": "Point",
        "coordinates": [
          6.09684596,
          44.568878139
        ]
      },
      "properties": {
        "name": "Chemin Fleuri / Rue du Plan",
        "context": "Gap, Hautes-Alpes",
        "citycode": "05061",
        "depcode": "05"
      }
    },
    {
      "type": "Feature",
      "geometry": {
        "type": "Point",
        "coordinates": [
          6.096879828,
          44.568935142
        ]
      },
      "properties": {
        "name": "Chemin Fleuri / Rue du Plan de Gap",
        "context": "Gap, Hautes-Alpes",
        "citycode": "05061",
        "depcode": "05"
      }
    },
    {
      "type": "Feature",
      "geometry": {
        "type": "Point",
        "coordinates": [
          6.105635679,
          44.582193826
        ]
      },
      "properties": {
        "name": "Chemin Jau / Route du Col de Manse D292",
        "context": "Gap, Hautes-Alpes",
        "citycode": "05061",
        "depcode": "05"
      }
    },
    {
      "type": "Feature",
      "geometry": {
        "type": "Point",
        "coordinates": [
          6.105702038,
          44.582188873
        ]
      },
      "properties": {
        "name": "Chemin Jau / Rue du Mesnil D292",
        "context": "Gap, Hautes-Alpes",
        "citycode": "05061",
        "depcode": "05"
      }
    },
    {
      "type": "Feature",
      "geometry": {
        "type": "Point",
        "coordinates": [
          6.043374576,
          44.533430757
        ]
      },
      "properties": {
        "name": "Chemin les Chrisolas / Chemin Sainte-Marthe",
        "context": "Gap, Hautes-Alpes",
        "citycode": "05061",
        "depcode": "05"
      }
    },
    {
      "type": "Feature",
      "geometry": {
        "type": "Point",
        "coordinates": [
          6.043975563,
          44.533414523
        ]
      },
      "properties": {
        "name": "Chemin Sainte-Marthe / Route de Saint-Jean D47",
        "context": "Gap, Hautes-Alpes",
        "citycode": "05061",
        "depcode": "05"
      }
    },
    {
      "type": "Feature",
      "geometry": {
        "type": "Point",
        "coordinates": [
          6.040670675,
          44.533665851
        ]
      },
      "properties": {
        "name": "Chemin Sainte-Marthe / Torrent de la Selle",
        "context": "Gap, Hautes-Alpes",
        "citycode": "05061",
        "depcode": "05"
      }
    },
    {
      "type": "Feature",
      "geometry": {
        "type": "Point",
        "coordinates": [
          6.110566998,
          44.583116327
        ]
      },
      "properties": {
        "name": "Chemin Serre la Croix / Route des Mondons D292",
        "context": "Gap, Hautes-Alpes",
        "citycode": "05061",
        "depcode": "05"
      }
    },
    {
      "type": "Feature",
      "geometry": {
        "type": "Point",
        "coordinates": [
          6.085888498,
          44.545983946
        ]
      },
      "properties": {
        "name": "Chemin Vieux / Chemin de Lareton",
        "context": "Gap, Hautes-Alpes",
        "citycode": "05061",
        "depcode": "05"
      }
    },
    {
      "type": "Feature",
      "geometry": {
        "type": "Point",
        "coordinates": [
          6.085375171,
          44.545835452
        ]
      },
      "properties": {
        "name": "Chemin Vieux / Riotord",
        "context": "Gap, Hautes-Alpes",
        "citycode": "05061",
        "depcode": "05"
      }
    },
    {
      "type": "Feature",
      "geometry": {
        "type": "Point",
        "coordinates": [
          6.08307935,
          44.545785865
        ]
      },
      "properties": {
        "name": "Chemin Vieux / Route de Valserres D942A",
        "context": "Gap, Hautes-Alpes",
        "citycode": "05061",
        "depcode": "05"
      }
    },
    {
      "type": "Feature",
      "geometry": {
        "type": "Point",
        "coordinates": [
          6.066873672,
          44.54860898
        ]
      },
      "properties": {
        "name": "Contre-Allée / Avenue Jean Jaurès N85",
        "context": "Gap, Hautes-Alpes",
        "citycode": "05061",
        "depcode": "05"
      }
    },
    {
      "type": "Feature",
      "geometry": {
        "type": "Point",
        "coordinates": [
          6.066501125,
          44.548296974
        ]
      },
      "properties": {
        "name": "Contre-Allée / Impasse Saint-Roch",
        "context": "Gap, Hautes-Alpes",
        "citycode": "05061",
        "depcode": "05"
      }
    },
    {
      "type": "Feature",
      "geometry": {
        "type": "Point",
        "coordinates": [
          6.073658686,
          44.540535767
        ]
      },
      "properties": {
        "name": "Contre-Allée Lucien Chaix / Route de Sainte-Marguerite",
        "context": "Gap, Hautes-Alpes",
        "citycode": "05061",
        "depcode": "05"
      }
    },
    {
      "type": "Feature",
      "geometry": {
        "type": "Point",
        "coordinates": [
          6.076307521,
          44.556246942
        ]
      },
      "properties": {
        "name": "Cours Amiral Coubert / Avenue Jean Jaurès N85",
        "context": "Gap, Hautes-Alpes",
        "citycode": "05061",
        "depcode": "05"
      }
    },
    {
      "type": "Feature",
      "geometry": {
        "type": "Point",
        "coordinates": [
          6.076363658,
          44.556256541
        ]
      },
      "properties": {
        "name": "Cours Amiral Coubert / Rue Cyprien Chaix",
        "context": "Gap, Hautes-Alpes",
        "citycode": "05061",
        "depcode": "05"
      }
    },
    {
      "type": "Feature",
      "geometry": {
        "type": "Point",
        "coordinates": [
          6.077485695,
          44.560553887
        ]
      },
      "properties": {
        "name": "Cours Émile Fabre / Boulevard de la Libération D994",
        "context": "Gap, Hautes-Alpes",
        "citycode": "05061",
        "depcode": "05"
      }
    },
    {
      "type": "Feature",
      "geometry": {
        "type": "Point",
        "coordinates": [
          6.077697273,
          44.561863658
        ]
      },
      "properties": {
        "name": "Cours Émile Fabre / Cours Victor Hugo",
        "context": "Gap, Hautes-Alpes",
        "citycode": "05061",
        "depcode": "05"
      }
    },
    {
      "type": "Feature",
      "geometry": {
        "type": "Point",
        "coordinates": [
          6.077742745,
          44.561996524
        ]
      },
      "properties": {
        "name": "Cours Émile Fabre / Rue Charles Aurouze",
        "context": "Gap, Hautes-Alpes",
        "citycode": "05061",
        "depcode": "05"
      }
    },
    {
      "type": "Feature",
      "geometry": {
        "type": "Point",
        "coordinates": [
          6.077661352,
          44.561992181
        ]
      },
      "properties": {
        "name": "Cours Émile Fabre / Rue des Pins",
        "context": "Gap, Hautes-Alpes",
        "citycode": "05061",
        "depcode": "05"
      }
    },
    {
      "type": "Feature",
      "geometry": {
        "type": "Point",
        "coordinates": [
          6.075718805,
          44.554965109
        ]
      },
      "properties": {
        "name": "Cours Émile Zola / Boulevard Georges Pompidou N85",
        "context": "Gap, Hautes-Alpes",
        "citycode": "05061",
        "depcode": "05"
      }
    },
    {
      "type": "Feature",
      "geometry": {
        "type": "Point",
        "coordinates": [
          6.0753517,
          44.554922543
        ]
      },
      "properties": {
        "name": "Cours Émile Zola / Rond-Point de l'Europe",
        "context": "Gap, Hautes-Alpes",
        "citycode": "05061",
        "depcode": "05"
      }
    },
    {
      "type": "Feature",
      "geometry": {
        "type": "Point",
        "coordinates": [
          6.071325823,
          44.551058888
        ]
      },
      "properties": {
        "name": "Cours Émile Zola / Rue de Villeneuve",
        "context": "Gap, Hautes-Alpes",
        "citycode": "05061",
        "depcode": "05"
      }
    },
    {
      "type": "Feature",
      "geometry": {
        "type": "Point",
        "coordinates": [
          6.072579388,
          44.552155611
        ]
      },
      "properties": {
        "name": "Cours Émile Zola / Rue des Thermes",
        "context": "Gap, Hautes-Alpes",
        "citycode": "05061",
        "depcode": "05"
      }
    },
    {
      "type": "Feature",
      "geometry": {
        "type": "Point",
        "coordinates": [
          6.072245792,
          44.551898269
        ]
      },
      "properties": {
        "name": "Cours Émile Zola / Rue du Champ de Course",
        "context": "Gap, Hautes-Alpes",
        "citycode": "05061",
        "depcode": "05"
      }
    },
    {
      "type": "Feature",
      "geometry": {
        "type": "Point",
        "coordinates": [
          6.075081125,
          44.554194893
        ]
      },
      "properties": {
        "name": "Cours Émile Zola / Rue Emile Rolland",
        "context": "Gap, Hautes-Alpes",
        "citycode": "05061",
        "depcode": "05"
      }
    },
    {
      "type": "Feature",
      "geometry": {
        "type": "Point",
        "coordinates": [
          6.076506244,
          44.556567024
        ]
      },
      "properties": {
        "name": "Cours Frédéric Mistral D91 / Avenue Jean Jaurès",
        "context": "Gap, Hautes-Alpes",
        "citycode": "05061",
        "depcode": "05"
      }
    },
    {
      "type": "Feature",
      "geometry": {
        "type": "Point",
        "coordinates": [
          6.074425648,
          44.558087505
        ]
      },
      "properties": {
        "name": "Cours Frédéric Mistral D91 / Boulevard Général Charles de Gaulle D91",
        "context": "Gap, Hautes-Alpes",
        "citycode": "05061",
        "depcode": "05"
      }
    },
    {
      "type": "Feature",
      "geometry": {
        "type": "Point",
        "coordinates": [
          6.075360761,
          44.557159186
        ]
      },
      "properties": {
        "name": "Cours Frédéric Mistral D91 / Rue Docteur André Bruyère",
        "context": "Gap, Hautes-Alpes",
        "citycode": "05061",
        "depcode": "05"
      }
    },
    {
      "type": "Feature",
      "geometry": {
        "type": "Point",
        "coordinates": [
          6.07442358,
          44.55808624
        ]
      },
      "properties": {
        "name": "Cours Frédéric Mistral D91 / Rue Ernest Cézanne",
        "context": "Gap, Hautes-Alpes",
        "citycode": "05061",
        "depcode": "05"
      }
    },
    {
      "type": "Feature",
      "geometry": {
        "type": "Point",
        "coordinates": [
          6.074371625,
          44.558124089
        ]
      },
      "properties": {
        "name": "Cours Frédéric Mistral D91 / Rue Ernest Cezanne (branche d'Accès Hôpital)",
        "context": "Gap, Hautes-Alpes",
        "citycode": "05061",
        "depcode": "05"
      }
    },
    {
      "type": "Feature",
      "geometry": {
        "type": "Point",
        "coordinates": [
          6.083952284,
          44.562047178
        ]
      },
      "properties": {
        "name": "Cours Ladoucette N85 / Avenue du Commandant Dumont N85",
        "context": "Gap, Hautes-Alpes",
        "citycode": "05061",
        "depcode": "05"
      }
    },
    {
      "type": "Feature",
      "geometry": {
        "type": "Point",
        "coordinates": [
          6.083595515,
          44.561924791
        ]
      },
      "properties": {
        "name": "Cours Ladoucette N85 / La Bonne",
        "context": "Gap, Hautes-Alpes",
        "citycode": "05061",
        "depcode": "05"
      }
    },
    {
      "type": "Feature",
      "geometry": {
        "type": "Point",
        "coordinates": [
          6.082293721,
          44.561351022
        ]
      },
      "properties": {
        "name": "Cours Ladoucette N85 / Place Ladoucette",
        "context": "Gap, Hautes-Alpes",
        "citycode": "05061",
        "depcode": "05"
      }
    },
    {
      "type": "Feature",
      "geometry": {
        "type": "Point",
        "coordinates": [
          6.083921556,
          44.561987876
        ]
      },
      "properties": {
        "name": "Cours Ladoucette N85 / Rond-Point du Cèdre",
        "context": "Gap, Hautes-Alpes",
        "citycode": "05061",
        "depcode": "05"
      }
    },
    {
      "type": "Feature",
      "geometry": {
        "type": "Point",
        "coordinates": [
          6.083618512,
          44.561864429
        ]
      },
      "properties": {
        "name": "Cours Ladoucette N85 / Torrent de Bonne",
        "context": "Gap, Hautes-Alpes",
        "citycode": "05061",
        "depcode": "05"
      }
    },
    {
      "type": "Feature",
      "geometry": {
        "type": "Point",
        "coordinates": [
          6.077839175,
          44.560914131
        ]
      },
      "properties": {
        "name": "Cours Victor Hugo / 16 ter Boulevard de la Libération",
        "context": "Gap, Hautes-Alpes",
        "citycode": "05061",
        "depcode": "05"
      }
    },
    {
      "type": "Feature",
      "geometry": {
        "type": "Point",
        "coordinates": [
          6.078095622,
          44.560754247
        ]
      },
      "properties": {
        "name": "Cours Victor Hugo / Boulevard de la Libération D994",
        "context": "Gap, Hautes-Alpes",
        "citycode": "05061",
        "depcode": "05"
      }
    },
    {
      "type": "Feature",
      "geometry": {
        "type": "Point",
        "coordinates": [
          6.077781047,
          44.56088854
        ]
      },
      "properties": {
        "name": "Cours Victor Hugo / Passage de l'Octroi",
        "context": "Gap, Hautes-Alpes",
        "citycode": "05061",
        "depcode": "05"
      }
    },
    {
      "type": "Feature",
      "geometry": {
        "type": "Point",
        "coordinates": [
          6.077791654,
          44.56199025
        ]
      },
      "properties": {
        "name": "Cours Victor Hugo / Rue Charles Aurouze",
        "context": "Gap, Hautes-Alpes",
        "citycode": "05061",
        "depcode": "05"
      }
    },
    {
      "type": "Feature",
      "geometry": {
        "type": "Point",
        "coordinates": [
          6.077709959,
          44.561985531
        ]
      },
      "properties": {
        "name": "Cours Victor Hugo / Rue des Pins",
        "context": "Gap, Hautes-Alpes",
        "citycode": "05061",
        "depcode": "05"
      }
    },
    {
      "type": "Feature",
      "geometry": {
        "type": "Point",
        "coordinates": [
          6.053252075,
          44.542898881
        ]
      },
      "properties": {
        "name": "Hameau des Eyssagnières / Rocade de Gap Séquence 1 Construction",
        "context": "Gap, Hautes-Alpes",
        "citycode": "05061",
        "depcode": "05"
      }
    },
    {
      "type": "Feature",
      "geometry": {
        "type": "Point",
        "coordinates": [
          6.052779886,
          44.542977213
        ]
      },
      "properties": {
        "name": "Hameau des Eyssagnières / Route des Eyssagnières",
        "context": "Gap, Hautes-Alpes",
        "citycode": "05061",
        "depcode": "05"
      }
    },
    {
      "type": "Feature",
      "geometry": {
        "type": "Point",
        "coordinates": [
          6.069766496,
          44.559971877
        ]
      },
      "properties": {
        "name": "Impasse Cento / Rue du Super-Gap",
        "context": "Gap, Hautes-Alpes",
        "citycode": "05061",
        "depcode": "05"
      }
    },
    {
      "type": "Feature",
      "geometry": {
        "type": "Point",
        "coordinates": [
          6.083291698,
          44.562526404
        ]
      },
      "properties": {
        "name": "Impasse de Bonne / La Bonne",
        "context": "Gap, Hautes-Alpes",
        "citycode": "05061",
        "depcode": "05"
      }
    },
    {
      "type": "Feature",
      "geometry": {
        "type": "Point",
        "coordinates": [
          6.079088462,
          44.560760716
        ]
      },
      "properties": {
        "name": "Impasse de Camargue / Rue de la Tour du Verger",
        "context": "Gap, Hautes-Alpes",
        "citycode": "05061",
        "depcode": "05"
      }
    },
    {
      "type": "Feature",
      "geometry": {
        "type": "Point",
        "coordinates": [
          6.06174397,
          44.563950354
        ]
      },
      "properties": {
        "name": "Impasse de la Charancelle / Avenue de Charance",
        "context": "Gap, Hautes-Alpes",
        "citycode": "05061",
        "depcode": "05"
      }
    },
    {
      "type": "Feature",
      "geometry": {
        "type": "Point",
        "coordinates": [
          6.061739752,
          44.563936631
        ]
      },
      "properties": {
        "name": "Impasse de la Charancelle / Impasse de la Sitelle",
        "context": "Gap, Hautes-Alpes",
        "citycode": "05061",
        "depcode": "05"
      }
    },
    {
      "type": "Feature",
      "geometry": {
        "type": "Point",
        "coordinates": [
          6.060048881,
          44.557408501
        ]
      },
      "properties": {
        "name": "Impasse de la Colline / Route de Veynes D994",
        "context": "Gap, Hautes-Alpes",
        "citycode": "05061",
        "depcode": "05"
      }
    },
    {
      "type": "Feature",
      "geometry": {
        "type": "Point",
        "coordinates": [
          6.064781226,
          44.564118163
        ]
      },
      "properties": {
        "name": "Impasse de la Raboutine / Le Turrelet",
        "context": "Gap, Hautes-Alpes",
        "citycode": "05061",
        "depcode": "05"
      }
    },
    {
      "type": "Feature",
      "geometry": {
        "type": "Point",
        "coordinates": [
          6.064805184,
          44.564154078
        ]
      },
      "properties": {
        "name": "Impasse de la Raboutine / Route de Chabanas",
        "context": "Gap, Hautes-Alpes",
        "citycode": "05061",
        "depcode": "05"
      }
    },
    {
      "type": "Feature",
      "geometry": {
        "type": "Point",
        "coordinates": [
          6.078207509,
          44.556888606
        ]
      },
      "properties": {
        "name": "Impasse de la Retrache / Rue de l'Odéon",
        "context": "Gap, Hautes-Alpes",
        "citycode": "05061",
        "depcode": "05"
      }
    },
    {
      "type": "Feature",
      "geometry": {
        "type": "Point",
        "coordinates": [
          6.061735057,
          44.563922274
        ]
      },
      "properties": {
        "name": "Impasse de la Sitelle / Avenue de Charance",
        "context": "Gap, Hautes-Alpes",
        "citycode": "05061",
        "depcode": "05"
      }
    },
    {
      "type": "Feature",
      "geometry": {
        "type": "Point",
        "coordinates": [
          6.088041987,
          44.548165963
        ]
      },
      "properties": {
        "name": "Impasse de Lareton / Chemin de Lareton",
        "context": "Gap, Hautes-Alpes",
        "citycode": "05061",
        "depcode": "05"
      }
    },
    {
      "type": "Feature",
      "geometry": {
        "type": "Point",
        "coordinates": [
          6.06622251,
          44.560188857
        ]
      },
      "properties": {
        "name": "Impasse des Abeilles / Rue Georges Pouget",
        "context": "Gap, Hautes-Alpes",
        "citycode": "05061",
        "depcode": "05"
      }
    },
    {
      "type": "Feature",
      "geometry": {
        "type": "Point",
        "coordinates": [
          6.061003865,
          44.53549128
        ]
      },
      "properties": {
        "name": "Impasse des Cyprès / Rue des Edelweiss",
        "context": "Gap, Hautes-Alpes",
        "citycode": "05061",
        "depcode": "05"
      }
    },
    {
      "type": "Feature",
      "geometry": {
        "type": "Point",
        "coordinates": [
          6.087622461,
          44.572889654
        ]
      },
      "properties": {
        "name": "Impasse des Dahlias / Chemin de la Ferme Blanche",
        "context": "Gap, Hautes-Alpes",
        "citycode": "05061",
        "depcode": "05"
      }
    },
    {
      "type": "Feature",
      "geometry": {
        "type": "Point",
        "coordinates": [
          6.096403922,
          44.579309248
        ]
      },
      "properties": {
        "name": "Impasse des Hélianthines / Rue des Helianthes",
        "context": "Gap, Hautes-Alpes",
        "citycode": "05061",
        "depcode": "05"
      }
    },
    {
      "type": "Feature",
      "geometry": {
        "type": "Point",
        "coordinates": [
          6.058423197,
          44.542676231
        ]
      },
      "properties": {
        "name": "Impasse des Iris / Rue des Iris",
        "context": "Gap, Hautes-Alpes",
        "citycode": "05061",
        "depcode": "05"
      }
    },
    {
      "type": "Feature",
      "geometry": {
        "type": "Point",
        "coordinates": [
          6.079500797,
          44.560696659
        ]
      },
      "properties": {
        "name": "Impasse des Oiseaux / Rue de la Placette",
        "context": "Gap, Hautes-Alpes",
        "citycode": "05061",
        "depcode": "05"
      }
    },
    {
      "type": "Feature",
      "geometry": {
        "type": "Point",
        "coordinates": [
          6.067630294,
          44.54735807
        ]
      },
      "properties": {
        "name": "Impasse des Pinsons / Chemin de Châteauvieux",
        "context": "Gap, Hautes-Alpes",
        "citycode": "05061",
        "depcode": "05"
      }
    },
    {
      "type": "Feature",
      "geometry": {
        "type": "Point",
        "coordinates": [
          6.08299329,
          44.570845413
        ]
      },
      "properties": {
        "name": "Impasse des Rosiers / Avenue du Commandant Dumont N85",
        "context": "Gap, Hautes-Alpes",
        "citycode": "05061",
        "depcode": "05"
      }
    },
    {
      "type": "Feature",
      "geometry": {
        "type": "Point",
        "coordinates": [
          6.061365303,
          44.535730454
        ]
      },
      "properties": {
        "name": "Impasse des Sapins Bleus / Rue des Edelweiss",
        "context": "Gap, Hautes-Alpes",
        "citycode": "05061",
        "depcode": "05"
      }
    },
    {
      "type": "Feature",
      "geometry": {
        "type": "Point",
        "coordinates": [
          6.108926177,
          44.564374468
        ]
      },
      "properties": {
        "name": "Impasse des Tilleuls / Rue des Tilleuls",
        "context": "Gap, Hautes-Alpes",
        "citycode": "05061",
        "depcode": "05"
      }
    },
    {
      "type": "Feature",
      "geometry": {
        "type": "Point",
        "coordinates": [
          6.079966522,
          44.55836076
        ]
      },
      "properties": {
        "name": "Impasse du Cheval Blanc / Passage Jacko",
        "context": "Gap, Hautes-Alpes",
        "citycode": "05061",
        "depcode": "05"
      }
    },
    {
      "type": "Feature",
      "geometry": {
        "type": "Point",
        "coordinates": [
          6.078802724,
          44.557884884
        ]
      },
      "properties": {
        "name": "Impasse du Muséum / Rue du Colonel Roux",
        "context": "Gap, Hautes-Alpes",
        "citycode": "05061",
        "depcode": "05"
      }
    },
    {
      "type": "Feature",
      "geometry": {
        "type": "Point",
        "coordinates": [
          6.06607128,
          44.566710356
        ]
      },
      "properties": {
        "name": "Impasse du Panorama / Route de Chabanas",
        "context": "Gap, Hautes-Alpes",
        "citycode": "05061",
        "depcode": "05"
      }
    },
    {
      "type": "Feature",
      "geometry": {
        "type": "Point",
        "coordinates": [
          6.076624245,
          44.55523631
        ]
      },
      "properties": {
        "name": "Impasse du Serre de l'Aure / Boulevard Georges Pompidou N85",
        "context": "Gap, Hautes-Alpes",
        "citycode": "05061",
        "depcode": "05"
      }
    },
    {
      "type": "Feature",
      "geometry": {
        "type": "Point",
        "coordinates": [
          6.076892593,
          44.555945761
        ]
      },
      "properties": {
        "name": "Impasse du Serre de l'Aure / Rue Cyprien Chaix",
        "context": "Gap, Hautes-Alpes",
        "citycode": "05061",
        "depcode": "05"
      }
    },
    {
      "type": "Feature",
      "geometry": {
        "type": "Point",
        "coordinates": [
          6.082479741,
          44.559950026
        ]
      },
      "properties": {
        "name": "Impasse du SESSAD / Rue du SESSAD",
        "context": "Gap, Hautes-Alpes",
        "citycode": "05061",
        "depcode": "05"
      }
    },
    {
      "type": "Feature",
      "geometry": {
        "type": "Point",
        "coordinates": [
          6.090720492,
          44.56124958
        ]
      },
      "properties": {
        "name": "Impasse du Sous-Bois / Boulevard Bellevue",
        "context": "Gap, Hautes-Alpes",
        "citycode": "05061",
        "depcode": "05"
      }
    },
    {
      "type": "Feature",
      "geometry": {
        "type": "Point",
        "coordinates": [
          6.109384022,
          44.580345763
        ]
      },
      "properties": {
        "name": "Impasse du Verger / Route de la Reyberte D92",
        "context": "Gap, Hautes-Alpes",
        "citycode": "05061",
        "depcode": "05"
      }
    },
    {
      "type": "Feature",
      "geometry": {
        "type": "Point",
        "coordinates": [
          6.071639448,
          44.560713705
        ]
      },
      "properties": {
        "name": "Impasse Lefrou / Rue du Super-Gap",
        "context": "Gap, Hautes-Alpes",
        "citycode": "05061",
        "depcode": "05"
      }
    },
    {
      "type": "Feature",
      "geometry": {
        "type": "Point",
        "coordinates": [
          6.069939073,
          44.553571142
        ]
      },
      "properties": {
        "name": "Impasse Louis Blériot / Rue Saint-Exupéry",
        "context": "Gap, Hautes-Alpes",
        "citycode": "05061",
        "depcode": "05"
      }
    },
    {
      "type": "Feature",
      "geometry": {
        "type": "Point",
        "coordinates": [
          6.068188484,
          44.552392109
        ]
      },
      "properties": {
        "name": "Impasse Maryse Bastié / Rue Saint-Exupéry",
        "context": "Gap, Hautes-Alpes",
        "citycode": "05061",
        "depcode": "05"
      }
    },
    {
      "type": "Feature",
      "geometry": {
        "type": "Point",
        "coordinates": [
          6.073238192,
          44.544903687
        ]
      },
      "properties": {
        "name": "Impasse Sixtine / Route de Sainte-Marguerite",
        "context": "Gap, Hautes-Alpes",
        "citycode": "05061",
        "depcode": "05"
      }
    },
    {
      "type": "Feature",
      "geometry": {
        "type": "Point",
        "coordinates": [
          6.083580329,
          44.561948768
        ]
      },
      "properties": {
        "name": "La Bonne / Cours Ladoucette N85",
        "context": "Gap, Hautes-Alpes",
        "citycode": "05061",
        "depcode": "05"
      }
    },
    {
      "type": "Feature",
      "geometry": {
        "type": "Point",
        "coordinates": [
          6.080446524,
          44.566058099
        ]
      },
      "properties": {
        "name": "La Bonne / Rue Aubanel",
        "context": "Gap, Hautes-Alpes",
        "citycode": "05061",
        "depcode": "05"
      }
    },
    {
      "type": "Feature",
      "geometry": {
        "type": "Point",
        "coordinates": [
          6.079229703,
          44.566574003
        ]
      },
      "properties": {
        "name": "La Bonne / Torrent de Bonne",
        "context": "Gap, Hautes-Alpes",
        "citycode": "05061",
        "depcode": "05"
      }
    },
    {
      "type": "Feature",
      "geometry": {
        "type": "Point",
        "coordinates": [
          6.127020414,
          44.605723594
        ]
      },
      "properties": {
        "name": "La Flodanche / Canal de Gap",
        "context": "Gap, Hautes-Alpes",
        "citycode": "05061",
        "depcode": "05"
      }
    },
    {
      "type": "Feature",
      "geometry": {
        "type": "Point",
        "coordinates": [
          6.126693619,
          44.605801462
        ]
      },
      "properties": {
        "name": "La Flodanche / Chemin de la Ligne de Chemin de Fer Gap la Mure",
        "context": "Gap, Hautes-Alpes",
        "citycode": "05061",
        "depcode": "05"
      }
    },
    {
      "type": "Feature",
      "geometry": {
        "type": "Point",
        "coordinates": [
          6.121027393,
          44.577742629
        ]
      },
      "properties": {
        "name": "La Flodanche / Route de Champs Forain",
        "context": "Gap, Hautes-Alpes",
        "citycode": "05061",
        "depcode": "05"
      }
    },
    {
      "type": "Feature",
      "geometry": {
        "type": "Point",
        "coordinates": [
          6.070760381,
          44.53899544
        ]
      },
      "properties": {
        "name": "La Luye / Barreau de Patac",
        "context": "Gap, Hautes-Alpes",
        "citycode": "05061",
        "depcode": "05"
      }
    },
    {
      "type": "Feature",
      "geometry": {
        "type": "Point",
        "coordinates": [
          6.101595062,
          44.566478039
        ]
      },
      "properties": {
        "name": "La Luye / Boulevard d'Orient",
        "context": "Gap, Hautes-Alpes",
        "citycode": "05061",
        "depcode": "05"
      }
    },
    {
      "type": "Feature",
      "geometry": {
        "type": "Point",
        "coordinates": [
          6.081071561,
          44.557230372
        ]
      },
      "properties": {
        "name": "La Luye / Boulevard Georges Pompidou N85",
        "context": "Gap, Hautes-Alpes",
        "citycode": "05061",
        "depcode": "05"
      }
    },
    {
      "type": "Feature",
      "geometry": {
        "type": "Point",
        "coordinates": [
          6.078304428,
          44.555076403
        ]
      },
      "properties": {
        "name": "La Luye / Chemin de la Passerelle",
        "context": "Gap, Hautes-Alpes",
        "citycode": "05061",
        "depcode": "05"
      }
    },
    {
      "type": "Feature",
      "geometry": {
        "type": "Point",
        "coordinates": [
          6.069801339,
          44.541066507
        ]
      },
      "properties": {
        "name": "La Luye / Riotord",
        "context": "Gap, Hautes-Alpes",
        "citycode": "05061",
        "depcode": "05"
      }
    },
    {
      "type": "Feature",
      "geometry": {
        "type": "Point",
        "coordinates": [
          6.078753047,
          44.555814871
        ]
      },
      "properties": {
        "name": "La Luye / Rond-Point Gaston Julian",
        "context": "Gap, Hautes-Alpes",
        "citycode": "05061",
        "depcode": "05"
      }
    },
    {
      "type": "Feature",
      "geometry": {
        "type": "Point",
        "coordinates": [
          6.084621661,
          44.559780395
        ]
      },
      "properties": {
        "name": "La Luye / Rue de Saint-Mens",
        "context": "Gap, Hautes-Alpes",
        "citycode": "05061",
        "depcode": "05"
      }
    },
    {
      "type": "Feature",
      "geometry": {
        "type": "Point",
        "coordinates": [
          6.078757069,
          44.55571617
        ]
      },
      "properties": {
        "name": "La Luye / Rue de Valserres D942A",
        "context": "Gap, Hautes-Alpes",
        "citycode": "05061",
        "depcode": "05"
      }
    },
    {
      "type": "Feature",
      "geometry": {
        "type": "Point",
        "coordinates": [
          6.089282527,
          44.563638734
        ]
      },
      "properties": {
        "name": "La Luye / Rue du Docteur Ayasse D6",
        "context": "Gap, Hautes-Alpes",
        "citycode": "05061",
        "depcode": "05"
      }
    },
    {
      "type": "Feature",
      "geometry": {
        "type": "Point",
        "coordinates": [
          6.076892074,
          44.553702816
        ]
      },
      "properties": {
        "name": "La Luye / Rue du Verger",
        "context": "Gap, Hautes-Alpes",
        "citycode": "05061",
        "depcode": "05"
      }
    },
    {
      "type": "Feature",
      "geometry": {
        "type": "Point",
        "coordinates": [
          6.081028904,
          44.557225127
        ]
      },
      "properties": {
        "name": "La Luye / Rue Villars",
        "context": "Gap, Hautes-Alpes",
        "citycode": "05061",
        "depcode": "05"
      }
    },
    {
      "type": "Feature",
      "geometry": {
        "type": "Point",
        "coordinates": [
          6.063835367,
          44.51070711
        ]
      },
      "properties": {
        "name": "La Luye / Torrent de Cristayes",
        "context": "Gap, Hautes-Alpes",
        "citycode": "05061",
        "depcode": "05"
      }
    },
    {
      "type": "Feature",
      "geometry": {
        "type": "Point",
        "coordinates": [
          6.078730369,
          44.555695601
        ]
      },
      "properties": {
        "name": "La Luye / Trottoir de la Médiathèque",
        "context": "Gap, Hautes-Alpes",
        "citycode": "05061",
        "depcode": "05"
      }
    },
    {
      "type": "Feature",
      "geometry": {
        "type": "Point",
        "coordinates": [
          6.045785965,
          44.509592915
        ]
      },
      "properties": {
        "name": "La Plaine de Lachaup N85 / Carrefour de Lachaup",
        "context": "Gap, Hautes-Alpes",
        "citycode": "05061",
        "depcode": "05"
      }
    },
    {
      "type": "Feature",
      "geometry": {
        "type": "Point",
        "coordinates": [
          6.095908359,
          44.600975671
        ]
      },
      "properties": {
        "name": "Le Buzon / Canal de Gap",
        "context": "Gap, Hautes-Alpes",
        "citycode": "05061",
        "depcode": "05"
      }
    },
    {
      "type": "Feature",
      "geometry": {
        "type": "Point",
        "coordinates": [
          6.109166652,
          44.571757277
        ]
      },
      "properties": {
        "name": "Le Buzon / La Luye",
        "context": "Gap, Hautes-Alpes",
        "citycode": "05061",
        "depcode": "05"
      }
    },
    {
      "type": "Feature",
      "geometry": {
        "type": "Point",
        "coordinates": [
          6.095873863,
          44.600967215
        ]
      },
      "properties": {
        "name": "Le Buzon / Promenade du Canal",
        "context": "Gap, Hautes-Alpes",
        "citycode": "05061",
        "depcode": "05"
      }
    },
    {
      "type": "Feature",
      "geometry": {
        "type": "Point",
        "coordinates": [
          6.101098621,
          44.57903499
        ]
      },
      "properties": {
        "name": "Le Buzon / Route du Ravelin D92",
        "context": "Gap, Hautes-Alpes",
        "citycode": "05061",
        "depcode": "05"
      }
    },
    {
      "type": "Feature",
      "geometry": {
        "type": "Point",
        "coordinates": [
          6.065614143,
          44.570974576
        ]
      },
      "properties": {
        "name": "Le Grain de Blé / Chemin des Peupliers",
        "context": "Gap, Hautes-Alpes",
        "citycode": "05061",
        "depcode": "05"
      }
    },
    {
      "type": "Feature",
      "geometry": {
        "type": "Point",
        "coordinates": [
          6.030934263,
          44.64280033
        ]
      },
      "properties": {
        "name": "Le Petit Buëch / Torrent de la Tubière",
        "context": "Gap, Hautes-Alpes",
        "citycode": "05061",
        "depcode": "05"
      }
    },
    {
      "type": "Feature",
      "geometry": {
        "type": "Point",
        "coordinates": [
          6.058697531,
          44.568077771
        ]
      },
      "properties": {
        "name": "Le Turrelet / Allée de la Farandole",
        "context": "Gap, Hautes-Alpes",
        "citycode": "05061",
        "depcode": "05"
      }
    },
    {
      "type": "Feature",
      "geometry": {
        "type": "Point",
        "coordinates": [
          6.065741734,
          44.557625625
        ]
      },
      "properties": {
        "name": "Le Turrelet / Ancienne Route de Veynes",
        "context": "Gap, Hautes-Alpes",
        "citycode": "05061",
        "depcode": "05"
      }
    },
    {
      "type": "Feature",
      "geometry": {
        "type": "Point",
        "coordinates": [
          6.05632426,
          44.569252726
        ]
      },
      "properties": {
        "name": "Le Turrelet / Avenue de Charance",
        "context": "Gap, Hautes-Alpes",
        "citycode": "05061",
        "depcode": "05"
      }
    },
    {
      "type": "Feature",
      "geometry": {
        "type": "Point",
        "coordinates": [
          6.068015174,
          44.557493505
        ]
      },
      "properties": {
        "name": "Le Turrelet / Avenue de Veynes D994",
        "context": "Gap, Hautes-Alpes",
        "citycode": "05061",
        "depcode": "05"
      }
    },
    {
      "type": "Feature",
      "geometry": {
        "type": "Point",
        "coordinates": [
          6.065514366,
          44.562962281
        ]
      },
      "properties": {
        "name": "Le Turrelet / Chemin de Puymaure",
        "context": "Gap, Hautes-Alpes",
        "citycode": "05061",
        "depcode": "05"
      }
    },
    {
      "type": "Feature",
      "geometry": {
        "type": "Point",
        "coordinates": [
          6.060998972,
          44.56763644
        ]
      },
      "properties": {
        "name": "Le Turrelet / Chemin du Grain de Blé",
        "context": "Gap, Hautes-Alpes",
        "citycode": "05061",
        "depcode": "05"
      }
    },
    {
      "type": "Feature",
      "geometry": {
        "type": "Point",
        "coordinates": [
          6.064317455,
          44.564398932
        ]
      },
      "properties": {
        "name": "Le Turrelet / Lotissement Chabanas",
        "context": "Gap, Hautes-Alpes",
        "citycode": "05061",
        "depcode": "05"
      }
    },
    {
      "type": "Feature",
      "geometry": {
        "type": "Point",
        "coordinates": [
          6.063793419,
          44.565199779
        ]
      },
      "properties": {
        "name": "Le Turrelet / Lotissement L'Enclos du Levant",
        "context": "Gap, Hautes-Alpes",
        "citycode": "05061",
        "depcode": "05"
      }
    },
    {
      "type": "Feature",
      "geometry": {
        "type": "Point",
        "coordinates": [
          6.063924114,
          44.565234009
        ]
      },
      "properties": {
        "name": "Le Turrelet / Lotissement les Loges de Charances",
        "context": "Gap, Hautes-Alpes",
        "citycode": "05061",
        "depcode": "05"
      }
    },
    {
      "type": "Feature",
      "geometry": {
        "type": "Point",
        "coordinates": [
          6.062496439,
          44.567010489
        ]
      },
      "properties": {
        "name": "Le Turrelet / Rocade de Gap Séquence 2 N1085",
        "context": "Gap, Hautes-Alpes",
        "citycode": "05061",
        "depcode": "05"
      }
    },
    {
      "type": "Feature",
      "geometry": {
        "type": "Point",
        "coordinates": [
          6.063603238,
          44.564592627
        ]
      },
      "properties": {
        "name": "Le Turrelet / Route de Chabanas",
        "context": "Gap, Hautes-Alpes",
        "citycode": "05061",
        "depcode": "05"
      }
    },
    {
      "type": "Feature",
      "geometry": {
        "type": "Point",
        "coordinates": [
          6.066140346,
          44.56892679
        ]
      },
      "properties": {
        "name": "Les Hameaux des Aurouzes / Chemin des Peupliers",
        "context": "Gap, Hautes-Alpes",
        "citycode": "05061",
        "depcode": "05"
      }
    },
    {
      "type": "Feature",
      "geometry": {
        "type": "Point",
        "coordinates": [
          6.063063524,
          44.566766676
        ]
      },
      "properties": {
        "name": "Les Hameaux des Aurouzes / Le Turrelet",
        "context": "Gap, Hautes-Alpes",
        "citycode": "05061",
        "depcode": "05"
      }
    },
    {
      "type": "Feature",
      "geometry": {
        "type": "Point",
        "coordinates": [
          6.063106791,
          44.566802093
        ]
      },
      "properties": {
        "name": "Les Hameaux des Aurouzes / Route de Chabanas",
        "context": "Gap, Hautes-Alpes",
        "citycode": "05061",
        "depcode": "05"
      }
    },
    {
      "type": "Feature",
      "geometry": {
        "type": "Point",
        "coordinates": [
          6.064276447,
          44.564383224
        ]
      },
      "properties": {
        "name": "Lotissement Chabanas / Le Turrelet",
        "context": "Gap, Hautes-Alpes",
        "citycode": "05061",
        "depcode": "05"
      }
    },
    {
      "type": "Feature",
      "geometry": {
        "type": "Point",
        "coordinates": [
          6.06433581,
          44.564413417
        ]
      },
      "properties": {
        "name": "Lotissement Chabanas / Route de Chabanas",
        "context": "Gap, Hautes-Alpes",
        "citycode": "05061",
        "depcode": "05"
      }
    },
    {
      "type": "Feature",
      "geometry": {
        "type": "Point",
        "coordinates": [
          6.060290344,
          44.53803474
        ]
      },
      "properties": {
        "name": "Lotissement Colline de Graffinel / Route de Graffinel",
        "context": "Gap, Hautes-Alpes",
        "citycode": "05061",
        "depcode": "05"
      }
    },
    {
      "type": "Feature",
      "geometry": {
        "type": "Point",
        "coordinates": [
          6.063878098,
          44.565226095
        ]
      },
      "properties": {
        "name": "Lotissement L'Enclos du Levant / Lotissement les Loges de Charances",
        "context": "Gap, Hautes-Alpes",
        "citycode": "05061",
        "depcode": "05"
      }
    },
    {
      "type": "Feature",
      "geometry": {
        "type": "Point",
        "coordinates": [
          6.081894164,
          44.545565264
        ]
      },
      "properties": {
        "name": "Lotissement Le Collet / Route de Valserres D942A",
        "context": "Gap, Hautes-Alpes",
        "citycode": "05061",
        "depcode": "05"
      }
    },
    {
      "type": "Feature",
      "geometry": {
        "type": "Point",
        "coordinates": [
          6.059299456,
          44.568656202
        ]
      },
      "properties": {
        "name": "Lotissement le Rigodon / Allée de la Farandole",
        "context": "Gap, Hautes-Alpes",
        "citycode": "05061",
        "depcode": "05"
      }
    },
    {
      "type": "Feature",
      "geometry": {
        "type": "Point",
        "coordinates": [
          6.058253628,
          44.517597767
        ]
      },
      "properties": {
        "name": "Montée des Terrasses / Route de Châteauvieux D45",
        "context": "Gap, Hautes-Alpes",
        "citycode": "05061",
        "depcode": "05"
      }
    },
    {
      "type": "Feature",
      "geometry": {
        "type": "Point",
        "coordinates": [
          6.068635604,
          44.5499792
        ]
      },
      "properties": {
        "name": "Passage Anselme Gras / Avenue Jean Jaurès N85",
        "context": "Gap, Hautes-Alpes",
        "citycode": "05061",
        "depcode": "05"
      }
    },
    {
      "type": "Feature",
      "geometry": {
        "type": "Point",
        "coordinates": [
          6.06711623,
          44.550872368
        ]
      },
      "properties": {
        "name": "Passage Anselme Gras / Rue des Sagnières",
        "context": "Gap, Hautes-Alpes",
        "citycode": "05061",
        "depcode": "05"
      }
    },
    {
      "type": "Feature",
      "geometry": {
        "type": "Point",
        "coordinates": [
          6.077814327,
          44.560903331
        ]
      },
      "properties": {
        "name": "Passage de l'Octroi / 16 ter Boulevard de la Libération",
        "context": "Gap, Hautes-Alpes",
        "citycode": "05061",
        "depcode": "05"
      }
    },
    {
      "type": "Feature",
      "geometry": {
        "type": "Point",
        "coordinates": [
          6.077388473,
          44.560710146
        ]
      },
      "properties": {
        "name": "Passage de l'Octroi / Cours Émile Fabre",
        "context": "Gap, Hautes-Alpes",
        "citycode": "05061",
        "depcode": "05"
      }
    },
    {
      "type": "Feature",
      "geometry": {
        "type": "Point",
        "coordinates": [
          6.077875941,
          44.560626956
        ]
      },
      "properties": {
        "name": "Passage de la Charité / Boulevard de la Libération D994",
        "context": "Gap, Hautes-Alpes",
        "citycode": "05061",
        "depcode": "05"
      }
    },
    {
      "type": "Feature",
      "geometry": {
        "type": "Point",
        "coordinates": [
          6.077890533,
          44.560688818
        ]
      },
      "properties": {
        "name": "Passage de la Charité / Cours Victor Hugo",
        "context": "Gap, Hautes-Alpes",
        "citycode": "05061",
        "depcode": "05"
      }
    },
    {
      "type": "Feature",
      "geometry": {
        "type": "Point",
        "coordinates": [
          6.083862337,
          44.5632889
        ]
      },
      "properties": {
        "name": "Passage Montjoie / Avenue du Commandant Dumont N85",
        "context": "Gap, Hautes-Alpes",
        "citycode": "05061",
        "depcode": "05"
      }
    },
    {
      "type": "Feature",
      "geometry": {
        "type": "Point",
        "coordinates": [
          6.082920166,
          44.563057129
        ]
      },
      "properties": {
        "name": "Passage Montjoie / La Bonne",
        "context": "Gap, Hautes-Alpes",
        "citycode": "05061",
        "depcode": "05"
      }
    },
    {
      "type": "Feature",
      "geometry": {
        "type": "Point",
        "coordinates": [
          6.080844962,
          44.562819387
        ]
      },
      "properties": {
        "name": "Passage Montjoie / Rue des Jardins",
        "context": "Gap, Hautes-Alpes",
        "citycode": "05061",
        "depcode": "05"
      }
    },
    {
      "type": "Feature",
      "geometry": {
        "type": "Point",
        "coordinates": [
          6.08024076,
          44.558772904
        ]
      },
      "properties": {
        "name": "Passage Rolland / Passage Annie Ruau",
        "context": "Gap, Hautes-Alpes",
        "citycode": "05061",
        "depcode": "05"
      }
    },
    {
      "type": "Feature",
      "geometry": {
        "type": "Point",
        "coordinates": [
          6.079894118,
          44.558607724
        ]
      },
      "properties": {
        "name": "Passage Rolland / Passage Jacko",
        "context": "Gap, Hautes-Alpes",
        "citycode": "05061",
        "depcode": "05"
      }
    },
    {
      "type": "Feature",
      "geometry": {
        "type": "Point",
        "coordinates": [
          6.08059575,
          44.558670858
        ]
      },
      "properties": {
        "name": "Passage Rolland / Rue Carnot N85",
        "context": "Gap, Hautes-Alpes",
        "citycode": "05061",
        "depcode": "05"
      }
    },
    {
      "type": "Feature",
      "geometry": {
        "type": "Point",
        "coordinates": [
          6.080371645,
          44.558759212
        ]
      },
      "properties": {
        "name": "Passage Rolland / Rue Courte",
        "context": "Gap, Hautes-Alpes",
        "citycode": "05061",
        "depcode": "05"
      }
    },
    {
      "type": "Feature",
      "geometry": {
        "type": "Point",
        "coordinates": [
          6.080971587,
          44.560023569
        ]
      },
      "properties": {
        "name": "Place Alsace-Lorraine / Rue Carnot N85",
        "context": "Gap, Hautes-Alpes",
        "citycode": "05061",
        "depcode": "05"
      }
    },
    {
      "type": "Feature",
      "geometry": {
        "type": "Point",
        "coordinates": [
          6.081044643,
          44.554933299
        ]
      },
      "properties": {
        "name": "Place de Kapadoce / Rue des Charmettes",
        "context": "Gap, Hautes-Alpes",
        "citycode": "05061",
        "depcode": "05"
      }
    },
    {
      "type": "Feature",
      "geometry": {
        "type": "Point",
        "coordinates": [
          6.0857986,
          44.563588701
        ]
      },
      "properties": {
        "name": "Place de la Gare / Avenue des Alpes",
        "context": "Gap, Hautes-Alpes",
        "citycode": "05061",
        "depcode": "05"
      }
    },
    {
      "type": "Feature",
      "geometry": {
        "type": "Point",
        "coordinates": [
          6.107243015,
          44.581523736
        ]
      },
      "properties": {
        "name": "Place de la République D92 / Route de Champs Forain D92",
        "context": "Gap, Hautes-Alpes",
        "citycode": "05061",
        "depcode": "05"
      }
    },
    {
      "type": "Feature",
      "geometry": {
        "type": "Point",
        "coordinates": [
          6.076727202,
          44.558924399
        ]
      },
      "properties": {
        "name": "Place de la République / Rue David Martin",
        "context": "Gap, Hautes-Alpes",
        "citycode": "05061",
        "depcode": "05"
      }
    },
    {
      "type": "Feature",
      "geometry": {
        "type": "Point",
        "coordinates": [
          6.106970609,
          44.581508575
        ]
      },
      "properties": {
        "name": "Place de la République D92 / Rue de la Porte Martel D92",
        "context": "Gap, Hautes-Alpes",
        "citycode": "05061",
        "depcode": "05"
      }
    },
    {
      "type": "Feature",
      "geometry": {
        "type": "Point",
        "coordinates": [
          6.107124948,
          44.581535676
        ]
      },
      "properties": {
        "name": "Place de la République D92 / Rue du Bourg",
        "context": "Gap, Hautes-Alpes",
        "citycode": "05061",
        "depcode": "05"
      }
    },
    {
      "type": "Feature",
      "geometry": {
        "type": "Point",
        "coordinates": [
          6.080376805,
          44.561418559
        ]
      },
      "properties": {
        "name": "Place du Revelly / Rue des Jardins",
        "context": "Gap, Hautes-Alpes",
        "citycode": "05061",
        "depcode": "05"
      }
    },
    {
      "type": "Feature",
      "geometry": {
        "type": "Point",
        "coordinates": [
          6.082502327,
          44.567938168
        ]
      },
      "properties": {
        "name": "Place du Rochasson / Rue des Cheminots",
        "context": "Gap, Hautes-Alpes",
        "citycode": "05061",
        "depcode": "05"
      }
    },
    {
      "type": "Feature",
      "geometry": {
        "type": "Point",
        "coordinates": [
          6.082510837,
          44.567945184
        ]
      },
      "properties": {
        "name": "Place du Rochasson / Rue Gaston Espitallier",
        "context": "Gap, Hautes-Alpes",
        "citycode": "05061",
        "depcode": "05"
      }
    },
    {
      "type": "Feature",
      "geometry": {
        "type": "Point",
        "coordinates": [
          6.07673838,
          44.556557295
        ]
      },
      "properties": {
        "name": "Place Frédéric Euzières N85 / Avenue Jean Jaurès N85",
        "context": "Gap, Hautes-Alpes",
        "citycode": "05061",
        "depcode": "05"
      }
    },
    {
      "type": "Feature",
      "geometry": {
        "type": "Point",
        "coordinates": [
          6.076504952,
          44.556560625
        ]
      },
      "properties": {
        "name": "Place Frédéric Euzières / Cours Frédéric Mistral D91",
        "context": "Gap, Hautes-Alpes",
        "citycode": "05061",
        "depcode": "05"
      }
    },
    {
      "type": "Feature",
      "geometry": {
        "type": "Point",
        "coordinates": [
          6.077148592,
          44.556548127
        ]
      },
      "properties": {
        "name": "Place Frédéric Euzières N85 / Rue Carnot N85",
        "context": "Gap, Hautes-Alpes",
        "citycode": "05061",
        "depcode": "05"
      }
    },
    {
      "type": "Feature",
      "geometry": {
        "type": "Point",
        "coordinates": [
          6.07689425,
          44.556754144
        ]
      },
      "properties": {
        "name": "Place Frédéric Euzières / Rue du Colonel Roux",
        "context": "Gap, Hautes-Alpes",
        "citycode": "05061",
        "depcode": "05"
      }
    },
    {
      "type": "Feature",
      "geometry": {
        "type": "Point",
        "coordinates": [
          6.076852998,
          44.556842601
        ]
      },
      "properties": {
        "name": "Place Frédéric Euzières / Rue du Temple",
        "context": "Gap, Hautes-Alpes",
        "citycode": "05061",
        "depcode": "05"
      }
    },
    {
      "type": "Feature",
      "geometry": {
        "type": "Point",
        "coordinates": [
          6.077876712,
          44.557797989
        ]
      },
      "properties": {
        "name": "Place Georges de Manteyer / Place Saint-Arnoux",
        "context": "Gap, Hautes-Alpes",
        "citycode": "05061",
        "depcode": "05"
      }
    },
    {
      "type": "Feature",
      "geometry": {
        "type": "Point",
        "coordinates": [
          6.077889682,
          44.557796637
        ]
      },
      "properties": {
        "name": "Place Georges de Manteyer / Rue de la Cathédrale",
        "context": "Gap, Hautes-Alpes",
        "citycode": "05061",
        "depcode": "05"
      }
    },
    {
      "type": "Feature",
      "geometry": {
        "type": "Point",
        "coordinates": [
          6.078462291,
          44.558097937
        ]
      },
      "properties": {
        "name": "Place Georges de Manteyer / Rue du Connétable",
        "context": "Gap, Hautes-Alpes",
        "citycode": "05061",
        "depcode": "05"
      }
    },
    {
      "type": "Feature",
      "geometry": {
        "type": "Point",
        "coordinates": [
          6.078180072,
          44.557940176
        ]
      },
      "properties": {
        "name": "Place Georges de Manteyer / Rue du Séminaire",
        "context": "Gap, Hautes-Alpes",
        "citycode": "05061",
        "depcode": "05"
      }
    },
    {
      "type": "Feature",
      "geometry": {
        "type": "Point",
        "coordinates": [
          6.078452065,
          44.558106261
        ]
      },
      "properties": {
        "name": "Place Georges de Manteyer / Traverse de Gloire",
        "context": "Gap, Hautes-Alpes",
        "citycode": "05061",
        "depcode": "05"
      }
    },
    {
      "type": "Feature",
      "geometry": {
        "type": "Point",
        "coordinates": [
          6.079902606,
          44.559016318
        ]
      },
      "properties": {
        "name": "Place Jean Marcellin / Passage Annie Ruau",
        "context": "Gap, Hautes-Alpes",
        "citycode": "05061",
        "depcode": "05"
      }
    },
    {
      "type": "Feature",
      "geometry": {
        "type": "Point",
        "coordinates": [
          6.078205844,
          44.557494112
        ]
      },
      "properties": {
        "name": "Place Jules Ferry / Rue du Colonel Roux",
        "context": "Gap, Hautes-Alpes",
        "citycode": "05061",
        "depcode": "05"
      }
    },
    {
      "type": "Feature",
      "geometry": {
        "type": "Point",
        "coordinates": [
          6.082252987,
          44.561319206
        ]
      },
      "properties": {
        "name": "Place Ladoucette / Cours Ladoucette N85",
        "context": "Gap, Hautes-Alpes",
        "citycode": "05061",
        "depcode": "05"
      }
    },
    {
      "type": "Feature",
      "geometry": {
        "type": "Point",
        "coordinates": [
          6.082107762,
          44.561366449
        ]
      },
      "properties": {
        "name": "Place Ladoucette / Rue du Faure de Serre D994",
        "context": "Gap, Hautes-Alpes",
        "citycode": "05061",
        "depcode": "05"
      }
    },
    {
      "type": "Feature",
      "geometry": {
        "type": "Point",
        "coordinates": [
          6.077653715,
          44.55818299
        ]
      },
      "properties": {
        "name": "Place Saint-Arnoux / Rue Amédée Para",
        "context": "Gap, Hautes-Alpes",
        "citycode": "05061",
        "depcode": "05"
      }
    },
    {
      "type": "Feature",
      "geometry": {
        "type": "Point",
        "coordinates": [
          6.077132207,
          44.557580655
        ]
      },
      "properties": {
        "name": "Place Saint-Arnoux / Rue de la Préfecture",
        "context": "Gap, Hautes-Alpes",
        "citycode": "05061",
        "depcode": "05"
      }
    },
    {
      "type": "Feature",
      "geometry": {
        "type": "Point",
        "coordinates": [
          6.077384802,
          44.55799083
        ]
      },
      "properties": {
        "name": "Place Saint-Arnoux / Rue Louis Balmens",
        "context": "Gap, Hautes-Alpes",
        "citycode": "05061",
        "depcode": "05"
      }
    },
    {
      "type": "Feature",
      "geometry": {
        "type": "Point",
        "coordinates": [
          6.077639578,
          44.558182476
        ]
      },
      "properties": {
        "name": "Place Saint-Arnoux / Rue Notre-Dame",
        "context": "Gap, Hautes-Alpes",
        "citycode": "05061",
        "depcode": "05"
      }
    },
    {
      "type": "Feature",
      "geometry": {
        "type": "Point",
        "coordinates": [
          6.070390548,
          44.551453533
        ]
      },
      "properties": {
        "name": "Promenade Albert Laty / Avenue Jean Jaurès N85",
        "context": "Gap, Hautes-Alpes",
        "citycode": "05061",
        "depcode": "05"
      }
    },
    {
      "type": "Feature",
      "geometry": {
        "type": "Point",
        "coordinates": [
          6.066936912,
          44.548730058
        ]
      },
      "properties": {
        "name": "Promenade Albert Laty / Contre-Allée",
        "context": "Gap, Hautes-Alpes",
        "citycode": "05061",
        "depcode": "05"
      }
    },
    {
      "type": "Feature",
      "geometry": {
        "type": "Point",
        "coordinates": [
          6.068554403,
          44.550028498
        ]
      },
      "properties": {
        "name": "Promenade Albert Laty / Passage Anselme Gras",
        "context": "Gap, Hautes-Alpes",
        "citycode": "05061",
        "depcode": "05"
      }
    },
    {
      "type": "Feature",
      "geometry": {
        "type": "Point",
        "coordinates": [
          6.069430179,
          44.550760483
        ]
      },
      "properties": {
        "name": "Promenade Albert Laty / Rue de Serrebourges",
        "context": "Gap, Hautes-Alpes",
        "citycode": "05061",
        "depcode": "05"
      }
    },
    {
      "type": "Feature",
      "geometry": {
        "type": "Point",
        "coordinates": [
          6.070552315,
          44.551656697
        ]
      },
      "properties": {
        "name": "Promenade Albert Laty / Rue des Matagots",
        "context": "Gap, Hautes-Alpes",
        "citycode": "05061",
        "depcode": "05"
      }
    },
    {
      "type": "Feature",
      "geometry": {
        "type": "Point",
        "coordinates": [
          6.068814434,
          44.550155392
        ]
      },
      "properties": {
        "name": "Promenade Albert Laty / Rue du Parc",
        "context": "Gap, Hautes-Alpes",
        "citycode": "05061",
        "depcode": "05"
      }
    },
    {
      "type": "Feature",
      "geometry": {
        "type": "Point",
        "coordinates": [
          6.074523727,
          44.554940525
        ]
      },
      "properties": {
        "name": "Promenade Albert Laty / Rue du Pré de Foire",
        "context": "Gap, Hautes-Alpes",
        "citycode": "05061",
        "depcode": "05"
      }
    },
    {
      "type": "Feature",
      "geometry": {
        "type": "Point",
        "coordinates": [
          6.06466783,
          44.588153607
        ]
      },
      "properties": {
        "name": "Promenade du Canal / Canal de Gap",
        "context": "Gap, Hautes-Alpes",
        "citycode": "05061",
        "depcode": "05"
      }
    },
    {
      "type": "Feature",
      "geometry": {
        "type": "Point",
        "coordinates": [
          6.119671053,
          44.603413761
        ]
      },
      "properties": {
        "name": "Promenade du Canal / Chemin de la Ligne de Chemin de Fer Gap la Mure",
        "context": "Gap, Hautes-Alpes",
        "citycode": "05061",
        "depcode": "05"
      }
    },
    {
      "type": "Feature",
      "geometry": {
        "type": "Point",
        "coordinates": [
          6.095978261,
          44.600929368
        ]
      },
      "properties": {
        "name": "Promenade du Canal / Le Buzon",
        "context": "Gap, Hautes-Alpes",
        "citycode": "05061",
        "depcode": "05"
      }
    },
    {
      "type": "Feature",
      "geometry": {
        "type": "Point",
        "coordinates": [
          6.116229865,
          44.601965664
        ]
      },
      "properties": {
        "name": "Promenade du Canal / Route du Col de Manse D292",
        "context": "Gap, Hautes-Alpes",
        "citycode": "05061",
        "depcode": "05"
      }
    },
    {
      "type": "Feature",
      "geometry": {
        "type": "Point",
        "coordinates": [
          6.110927423,
          44.60218304
        ]
      },
      "properties": {
        "name": "Promenade du Canal / Torrent de l'Oursatas",
        "context": "Gap, Hautes-Alpes",
        "citycode": "05061",
        "depcode": "05"
      }
    },
    {
      "type": "Feature",
      "geometry": {
        "type": "Point",
        "coordinates": [
          6.013749117,
          44.559268216
        ]
      },
      "properties": {
        "name": "Promenade du Canal / Torrent de la Selle",
        "context": "Gap, Hautes-Alpes",
        "citycode": "05061",
        "depcode": "05"
      }
    },
    {
      "type": "Feature",
      "geometry": {
        "type": "Point",
        "coordinates": [
          6.035617929,
          44.644192898
        ]
      },
      "properties": {
        "name": "Ravin de la Faucille / Le Petit Buëch",
        "context": "Gap, Hautes-Alpes",
        "citycode": "05061",
        "depcode": "05"
      }
    },
    {
      "type": "Feature",
      "geometry": {
        "type": "Point",
        "coordinates": [
          6.053600817,
          44.542811112
        ]
      },
      "properties": {
        "name": "Résidence le Fontroy / Hameau des Eyssagnières",
        "context": "Gap, Hautes-Alpes",
        "citycode": "05061",
        "depcode": "05"
      }
    },
    {
      "type": "Feature",
      "geometry": {
        "type": "Point",
        "coordinates": [
          6.073362978,
          44.54132112
        ]
      },
      "properties": {
        "name": "Riotord / Contre-Allée Lucien Chaix",
        "context": "Gap, Hautes-Alpes",
        "citycode": "05061",
        "depcode": "05"
      }
    },
    {
      "type": "Feature",
      "geometry": {
        "type": "Point",
        "coordinates": [
          6.0734526,
          44.541352941
        ]
      },
      "properties": {
        "name": "Riotord / Route de Sainte-Marguerite",
        "context": "Gap, Hautes-Alpes",
        "citycode": "05061",
        "depcode": "05"
      }
    },
    {
      "type": "Feature",
      "geometry": {
        "type": "Point",
        "coordinates": [
          6.053315174,
          44.544732698
        ]
      },
      "properties": {
        "name": "Rocade de Gap Séquence 1 Construction / Route des Eyssagnières",
        "context": "Gap, Hautes-Alpes",
        "citycode": "05061",
        "depcode": "05"
      }
    },
    {
      "type": "Feature",
      "geometry": {
        "type": "Point",
        "coordinates": [
          6.053551297,
          44.552308896
        ]
      },
      "properties": {
        "name": "Rocade de Gap Séquence 1 Construction / Rue de Pic Ponçon",
        "context": "Gap, Hautes-Alpes",
        "citycode": "05061",
        "depcode": "05"
      }
    },
    {
      "type": "Feature",
      "geometry": {
        "type": "Point",
        "coordinates": [
          6.060132743,
          44.565148599
        ]
      },
      "properties": {
        "name": "Rocade de Gap Séquence 2 N1085 / Avenue de Charance",
        "context": "Gap, Hautes-Alpes",
        "citycode": "05061",
        "depcode": "05"
      }
    },
    {
      "type": "Feature",
      "geometry": {
        "type": "Point",
        "coordinates": [
          6.069342249,
          44.571663979
        ]
      },
      "properties": {
        "name": "Rocade de Gap Séquence 2 / Rue Charles Aurouze",
        "context": "Gap, Hautes-Alpes",
        "citycode": "05061",
        "depcode": "05"
      }
    },
    {
      "type": "Feature",
      "geometry": {
        "type": "Point",
        "coordinates": [
          6.072536713,
          44.576666484
        ]
      },
      "properties": {
        "name": "Rocade de Gap Séquence 2 / Viaduc de Bonne - Rocade de Gap",
        "context": "Gap, Hautes-Alpes",
        "citycode": "05061",
        "depcode": "05"
      }
    },
    {
      "type": "Feature",
      "geometry": {
        "type": "Point",
        "coordinates": [
          6.106098061,
          44.574157083
        ]
      },
      "properties": {
        "name": "Rocade de Gap Séquence 3 Construction / Le Buzon",
        "context": "Gap, Hautes-Alpes",
        "citycode": "05061",
        "depcode": "05"
      }
    },
    {
      "type": "Feature",
      "geometry": {
        "type": "Point",
        "coordinates": [
          6.074408854,
          44.574814363
        ]
      },
      "properties": {
        "name": "Rocade de Gap Séquence 3 Construction / Route Napoléon N85",
        "context": "Gap, Hautes-Alpes",
        "citycode": "05061",
        "depcode": "05"
      }
    },
    {
      "type": "Feature",
      "geometry": {
        "type": "Point",
        "coordinates": [
          6.075004398,
          44.555050069
        ]
      },
      "properties": {
        "name": "Rond-Point de l'Europe / Avenue Jean Jaurès N85",
        "context": "Gap, Hautes-Alpes",
        "citycode": "05061",
        "depcode": "05"
      }
    },
    {
      "type": "Feature",
      "geometry": {
        "type": "Point",
        "coordinates": [
          6.075274673,
          44.555060705
        ]
      },
      "properties": {
        "name": "Rond-Point de l'Europe / Boulevard Georges Pompidou N85",
        "context": "Gap, Hautes-Alpes",
        "citycode": "05061",
        "depcode": "05"
      }
    },
    {
      "type": "Feature",
      "geometry": {
        "type": "Point",
        "coordinates": [
          6.074773128,
          44.55489775
        ]
      },
      "properties": {
        "name": "Rond-Point de l'Europe / Rue du Pré de Foire",
        "context": "Gap, Hautes-Alpes",
        "citycode": "05061",
        "depcode": "05"
      }
    },
    {
      "type": "Feature",
      "geometry": {
        "type": "Point",
        "coordinates": [
          6.069318868,
          44.571517933
        ]
      },
      "properties": {
        "name": "Rond-Point des Aurouzes / Rocade de Gap Séquence 2 N1085",
        "context": "Gap, Hautes-Alpes",
        "citycode": "05061",
        "depcode": "05"
      }
    },
    {
      "type": "Feature",
      "geometry": {
        "type": "Point",
        "coordinates": [
          6.069280654,
          44.571537853
        ]
      },
      "properties": {
        "name": "Rond-Point des Aurouzes / Rue Charles Aurouze",
        "context": "Gap, Hautes-Alpes",
        "citycode": "05061",
        "depcode": "05"
      }
    },
    {
      "type": "Feature",
      "geometry": {
        "type": "Point",
        "coordinates": [
          6.084182681,
          44.561771081
        ]
      },
      "properties": {
        "name": "Rond-Point du Cèdre / Boulevard Pierre et Marie Curie N85",
        "context": "Gap, Hautes-Alpes",
        "citycode": "05061",
        "depcode": "05"
      }
    },
    {
      "type": "Feature",
      "geometry": {
        "type": "Point",
        "coordinates": [
          6.083955736,
          44.561860339
        ]
      },
      "properties": {
        "name": "Rond-Point du Cèdre / Cours Ladoucette N85",
        "context": "Gap, Hautes-Alpes",
        "citycode": "05061",
        "depcode": "05"
      }
    },
    {
      "type": "Feature",
      "geometry": {
        "type": "Point",
        "coordinates": [
          6.078466105,
          44.555767691
        ]
      },
      "properties": {
        "name": "Rond-Point Gaston Julian / Boulevard Georges Pompidou N85",
        "context": "Gap, Hautes-Alpes",
        "citycode": "05061",
        "depcode": "05"
      }
    },
    {
      "type": "Feature",
      "geometry": {
        "type": "Point",
        "coordinates": [
          6.078667348,
          44.555741977
        ]
      },
      "properties": {
        "name": "Rond-Point Gaston Julian / La Luye",
        "context": "Gap, Hautes-Alpes",
        "citycode": "05061",
        "depcode": "05"
      }
    },
    {
      "type": "Feature",
      "geometry": {
        "type": "Point",
        "coordinates": [
          6.078613418,
          44.555781434
        ]
      },
      "properties": {
        "name": "Rond-Point Gaston Julian / Rue de Valserres D942A",
        "context": "Gap, Hautes-Alpes",
        "citycode": "05061",
        "depcode": "05"
      }
    },
    {
      "type": "Feature",
      "geometry": {
        "type": "Point",
        "coordinates": [
          6.078554484,
          44.555751596
        ]
      },
      "properties": {
        "name": "Rond-Point Gaston Julian / Trottoir de la Médiathèque",
        "context": "Gap, Hautes-Alpes",
        "citycode": "05061",
        "depcode": "05"
      }
    },
    {
      "type": "Feature",
      "geometry": {
        "type": "Point",
        "coordinates": [
          6.058704096,
          44.568109748
        ]
      },
      "properties": {
        "name": "Route de Chabanas / Allée de la Farandole",
        "context": "Gap, Hautes-Alpes",
        "citycode": "05061",
        "depcode": "05"
      }
    },
    {
      "type": "Feature",
      "geometry": {
        "type": "Point",
        "coordinates": [
          6.063997285,
          44.557648477
        ]
      },
      "properties": {
        "name": "Route de Chabanas / Ancienne Route de Veynes",
        "context": "Gap, Hautes-Alpes",
        "citycode": "05061",
        "depcode": "05"
      }
    },
    {
      "type": "Feature",
      "geometry": {
        "type": "Point",
        "coordinates": [
          6.057972016,
          44.567662907
        ]
      },
      "properties": {
        "name": "Route de Chabanas / Avenue de Charance",
        "context": "Gap, Hautes-Alpes",
        "citycode": "05061",
        "depcode": "05"
      }
    },
    {
      "type": "Feature",
      "geometry": {
        "type": "Point",
        "coordinates": [
          6.0610183,
          44.567666027
        ]
      },
      "properties": {
        "name": "Route de Chabanas / Chemin du Grain de Blé",
        "context": "Gap, Hautes-Alpes",
        "citycode": "05061",
        "depcode": "05"
      }
    },
    {
      "type": "Feature",
      "geometry": {
        "type": "Point",
        "coordinates": [
          6.063049159,
          44.563663042
        ]
      },
      "properties": {
        "name": "Route de Chabanas / Le Turrelet",
        "context": "Gap, Hautes-Alpes",
        "citycode": "05061",
        "depcode": "05"
      }
    },
    {
      "type": "Feature",
      "geometry": {
        "type": "Point",
        "coordinates": [
          6.063939903,
          44.566479608
        ]
      },
      "properties": {
        "name": "Route de Chabanas / Les Hameaux des Aurouzes",
        "context": "Gap, Hautes-Alpes",
        "citycode": "05061",
        "depcode": "05"
      }
    },
    {
      "type": "Feature",
      "geometry": {
        "type": "Point",
        "coordinates": [
          6.063848521,
          44.565188938
        ]
      },
      "properties": {
        "name": "Route de Chabanas / Lotissement L'Enclos du Levant",
        "context": "Gap, Hautes-Alpes",
        "citycode": "05061",
        "depcode": "05"
      }
    },
    {
      "type": "Feature",
      "geometry": {
        "type": "Point",
        "coordinates": [
          6.064046049,
          44.5657992
        ]
      },
      "properties": {
        "name": "Route de Chabanas / Lotissement les Loges de Charances",
        "context": "Gap, Hautes-Alpes",
        "citycode": "05061",
        "depcode": "05"
      }
    },
    {
      "type": "Feature",
      "geometry": {
        "type": "Point",
        "coordinates": [
          6.062598431,
          44.567100737
        ]
      },
      "properties": {
        "name": "Route de Chabanas / Rocade de Gap Séquence 2 N1085",
        "context": "Gap, Hautes-Alpes",
        "citycode": "05061",
        "depcode": "05"
      }
    },
    {
      "type": "Feature",
      "geometry": {
        "type": "Point",
        "coordinates": [
          6.065274992,
          44.560740547
        ]
      },
      "properties": {
        "name": "Route de Chabanas / Rue Georges Pouget",
        "context": "Gap, Hautes-Alpes",
        "citycode": "05061",
        "depcode": "05"
      }
    },
    {
      "type": "Feature",
      "geometry": {
        "type": "Point",
        "coordinates": [
          6.117672419,
          44.579474576
        ]
      },
      "properties": {
        "name": "Route de Champs Forain / Chemin des Vigneaux",
        "context": "Gap, Hautes-Alpes",
        "citycode": "05061",
        "depcode": "05"
      }
    },
    {
      "type": "Feature",
      "geometry": {
        "type": "Point",
        "coordinates": [
          6.113471689,
          44.579379975
        ]
      },
      "properties": {
        "name": "Route de Champs Forain / Impasse de la Grande Vigne",
        "context": "Gap, Hautes-Alpes",
        "citycode": "05061",
        "depcode": "05"
      }
    },
    {
      "type": "Feature",
      "geometry": {
        "type": "Point",
        "coordinates": [
          6.112541077,
          44.579836538
        ]
      },
      "properties": {
        "name": "Route de Champs Forain / Impasse de la Treille",
        "context": "Gap, Hautes-Alpes",
        "citycode": "05061",
        "depcode": "05"
      }
    },
    {
      "type": "Feature",
      "geometry": {
        "type": "Point",
        "coordinates": [
          6.121117214,
          44.578219962
        ]
      },
      "properties": {
        "name": "Route de Champs Forain / La Flodanche",
        "context": "Gap, Hautes-Alpes",
        "citycode": "05061",
        "depcode": "05"
      }
    },
    {
      "type": "Feature",
      "geometry": {
        "type": "Point",
        "coordinates": [
          6.107270581,
          44.581521892
        ]
      },
      "properties": {
        "name": "Route de Champs Forain D92 / Place de la République D92",
        "context": "Gap, Hautes-Alpes",
        "citycode": "05061",
        "depcode": "05"
      }
    },
    {
      "type": "Feature",
      "geometry": {
        "type": "Point",
        "coordinates": [
          6.110641445,
          44.580572558
        ]
      },
      "properties": {
        "name": "Route de Champs Forain D92 / Route de la Reyberte D92",
        "context": "Gap, Hautes-Alpes",
        "citycode": "05061",
        "depcode": "05"
      }
    },
    {
      "type": "Feature",
      "geometry": {
        "type": "Point",
        "coordinates": [
          6.110936439,
          44.58049726
        ]
      },
      "properties": {
        "name": "Route de Champs Forain / Rue de Fontanouvelle D92",
        "context": "Gap, Hautes-Alpes",
        "citycode": "05061",
        "depcode": "05"
      }
    },
    {
      "type": "Feature",
      "geometry": {
        "type": "Point",
        "coordinates": [
          6.107217273,
          44.581532486
        ]
      },
      "properties": {
        "name": "Route de Champs Forain D92 / Rue du Bourg",
        "context": "Gap, Hautes-Alpes",
        "citycode": "05061",
        "depcode": "05"
      }
    },
    {
      "type": "Feature",
      "geometry": {
        "type": "Point",
        "coordinates": [
          6.055385136,
          44.50843463
        ]
      },
      "properties": {
        "name": "Route de Châteauvieux D45 / Chemin du Villard",
        "context": "Gap, Hautes-Alpes",
        "citycode": "05061",
        "depcode": "05"
      }
    },
    {
      "type": "Feature",
      "geometry": {
        "type": "Point",
        "coordinates": [
          6.059645838,
          44.522628137
        ]
      },
      "properties": {
        "name": "Route de Châteauvieux D45 / Route de la Luye D900B",
        "context": "Gap, Hautes-Alpes",
        "citycode": "05061",
        "depcode": "05"
      }
    },
    {
      "type": "Feature",
      "geometry": {
        "type": "Point",
        "coordinates": [
          6.047765224,
          44.542426298
        ]
      },
      "properties": {
        "name": "Route de Chaudefeuille / Chemin du Viaduc",
        "context": "Gap, Hautes-Alpes",
        "citycode": "05061",
        "depcode": "05"
      }
    },
    {
      "type": "Feature",
      "geometry": {
        "type": "Point",
        "coordinates": [
          6.050382801,
          44.537618758
        ]
      },
      "properties": {
        "name": "Route de Chaudefeuille / Route de Saint-Jean D47",
        "context": "Gap, Hautes-Alpes",
        "citycode": "05061",
        "depcode": "05"
      }
    },
    {
      "type": "Feature",
      "geometry": {
        "type": "Point",
        "coordinates": [
          6.053076294,
          44.544187331
        ]
      },
      "properties": {
        "name": "Route de Chaudefeuille / Route des Eyssagnières",
        "context": "Gap, Hautes-Alpes",
        "citycode": "05061",
        "depcode": "05"
      }
    },
    {
      "type": "Feature",
      "geometry": {
        "type": "Point",
        "coordinates": [
          6.049074413,
          44.53899329
        ]
      },
      "properties": {
        "name": "Route de Chaudefeuille / Rue Arthur Rimbaud",
        "context": "Gap, Hautes-Alpes",
        "citycode": "05061",
        "depcode": "05"
      }
    },
    {
      "type": "Feature",
      "geometry": {
        "type": "Point",
        "coordinates": [
          6.048594248,
          44.540265268
        ]
      },
      "properties": {
        "name": "Route de Chaudefeuille / Torrent de Malecombe",
        "context": "Gap, Hautes-Alpes",
        "citycode": "05061",
        "depcode": "05"
      }
    },
    {
      "type": "Feature",
      "geometry": {
        "type": "Point",
        "coordinates": [
          6.062921227,
          44.5392855
        ]
      },
      "properties": {
        "name": "Route de Graffinel / Avenue de Traunstein",
        "context": "Gap, Hautes-Alpes",
        "citycode": "05061",
        "depcode": "05"
      }
    },
    {
      "type": "Feature",
      "geometry": {
        "type": "Point",
        "coordinates": [
          6.052290072,
          44.53472584
        ]
      },
      "properties": {
        "name": "Route de Graffinel / Rue de Belle au Aureille",
        "context": "Gap, Hautes-Alpes",
        "citycode": "05061",
        "depcode": "05"
      }
    },
    {
      "type": "Feature",
      "geometry": {
        "type": "Point",
        "coordinates": [
          6.082190255,
          44.572887075
        ]
      },
      "properties": {
        "name": "Route de la Descente / Avenue du Commandant Dumont N85",
        "context": "Gap, Hautes-Alpes",
        "citycode": "05061",
        "depcode": "05"
      }
    },
    {
      "type": "Feature",
      "geometry": {
        "type": "Point",
        "coordinates": [
          6.083956098,
          44.577348981
        ]
      },
      "properties": {
        "name": "Route de la Descente / Chemin de Hauteville",
        "context": "Gap, Hautes-Alpes",
        "citycode": "05061",
        "depcode": "05"
      }
    },
    {
      "type": "Feature",
      "geometry": {
        "type": "Point",
        "coordinates": [
          6.083100573,
          44.573423793
        ]
      },
      "properties": {
        "name": "Route de la Descente / Rocade de Gap Séquence 3 Construction",
        "context": "Gap, Hautes-Alpes",
        "citycode": "05061",
        "depcode": "05"
      }
    },
    {
      "type": "Feature",
      "geometry": {
        "type": "Point",
        "coordinates": [
          6.082088973,
          44.579777243
        ]
      },
      "properties": {
        "name": "Route de la Descente / Route Napoléon N85",
        "context": "Gap, Hautes-Alpes",
        "citycode": "05061",
        "depcode": "05"
      }
    },
    {
      "type": "Feature",
      "geometry": {
        "type": "Point",
        "coordinates": [
          6.04424822,
          44.557906979
        ]
      },
      "properties": {
        "name": "Route de la Garde / Route de Malcombe",
        "context": "Gap, Hautes-Alpes",
        "citycode": "05061",
        "depcode": "05"
      }
    },
    {
      "type": "Feature",
      "geometry": {
        "type": "Point",
        "coordinates": [
          6.041722476,
          44.562287206
        ]
      },
      "properties": {
        "name": "Route de la Garde / Torrent de Malecombe",
        "context": "Gap, Hautes-Alpes",
        "citycode": "05061",
        "depcode": "05"
      }
    },
    {
      "type": "Feature",
      "geometry": {
        "type": "Point",
        "coordinates": [
          6.100498497,
          44.564172776
        ]
      },
      "properties": {
        "name": "Route de la Justice / Boulevard d'Orient",
        "context": "Gap, Hautes-Alpes",
        "citycode": "05061",
        "depcode": "05"
      }
    },
    {
      "type": "Feature",
      "geometry": {
        "type": "Point",
        "coordinates": [
          6.111336356,
          44.566286536
        ]
      },
      "properties": {
        "name": "Route de la Justice / Chemin des Hauts de la Justice",
        "context": "Gap, Hautes-Alpes",
        "citycode": "05061",
        "depcode": "05"
      }
    },
    {
      "type": "Feature",
      "geometry": {
        "type": "Point",
        "coordinates": [
          6.109081625,
          44.571422822
        ]
      },
      "properties": {
        "name": "Route de la Justice / La Luye",
        "context": "Gap, Hautes-Alpes",
        "citycode": "05061",
        "depcode": "05"
      }
    },
    {
      "type": "Feature",
      "geometry": {
        "type": "Point",
        "coordinates": [
          6.108756405,
          44.572081071
        ]
      },
      "properties": {
        "name": "Route de la Justice / Le Buzon",
        "context": "Gap, Hautes-Alpes",
        "citycode": "05061",
        "depcode": "05"
      }
    },
    {
      "type": "Feature",
      "geometry": {
        "type": "Point",
        "coordinates": [
          6.113162521,
          44.56329415
        ]
      },
      "properties": {
        "name": "Route de la Justice / Route des Fauvins",
        "context": "Gap, Hautes-Alpes",
        "citycode": "05061",
        "depcode": "05"
      }
    },
    {
      "type": "Feature",
      "geometry": {
        "type": "Point",
        "coordinates": [
          6.10870509,
          44.570373322
        ]
      },
      "properties": {
        "name": "Route de la Justice / Rue Beau Château",
        "context": "Gap, Hautes-Alpes",
        "citycode": "05061",
        "depcode": "05"
      }
    },
    {
      "type": "Feature",
      "geometry": {
        "type": "Point",
        "coordinates": [
          6.108182947,
          44.56701861
        ]
      },
      "properties": {
        "name": "Route de la Justice / Rue de la Boiserie",
        "context": "Gap, Hautes-Alpes",
        "citycode": "05061",
        "depcode": "05"
      }
    },
    {
      "type": "Feature",
      "geometry": {
        "type": "Point",
        "coordinates": [
          6.109606398,
          44.567973548
        ]
      },
      "properties": {
        "name": "Route de la Justice / Rue des Performances",
        "context": "Gap, Hautes-Alpes",
        "citycode": "05061",
        "depcode": "05"
      }
    },
    {
      "type": "Feature",
      "geometry": {
        "type": "Point",
        "coordinates": [
          6.06144351,
          44.532909781
        ]
      },
      "properties": {
        "name": "Route de la Luye D900B / Chemin des Sans Soucis",
        "context": "Gap, Hautes-Alpes",
        "citycode": "05061",
        "depcode": "05"
      }
    },
    {
      "type": "Feature",
      "geometry": {
        "type": "Point",
        "coordinates": [
          6.064946915,
          44.512504986
        ]
      },
      "properties": {
        "name": "Route de la Luye D900B / La Luye",
        "context": "Gap, Hautes-Alpes",
        "citycode": "05061",
        "depcode": "05"
      }
    },
    {
      "type": "Feature",
      "geometry": {
        "type": "Point",
        "coordinates": [
          6.059629484,
          44.522604172
        ]
      },
      "properties": {
        "name": "Route de la Luye D900B / Route de Châteauvieux D45",
        "context": "Gap, Hautes-Alpes",
        "citycode": "05061",
        "depcode": "05"
      }
    },
    {
      "type": "Feature",
      "geometry": {
        "type": "Point",
        "coordinates": [
          6.06382965,
          44.518171634
        ]
      },
      "properties": {
        "name": "Route de la Luye D900B / Route des Prés",
        "context": "Gap, Hautes-Alpes",
        "citycode": "05061",
        "depcode": "05"
      }
    },
    {
      "type": "Feature",
      "geometry": {
        "type": "Point",
        "coordinates": [
          6.061063415,
          44.531700969
        ]
      },
      "properties": {
        "name": "Route de la Luye D900B / Rue du Pré Galland",
        "context": "Gap, Hautes-Alpes",
        "citycode": "05061",
        "depcode": "05"
      }
    },
    {
      "type": "Feature",
      "geometry": {
        "type": "Point",
        "coordinates": [
          6.096411237,
          44.561058237
        ]
      },
      "properties": {
        "name": "Route de la Molines / Route de Molines",
        "context": "Gap, Hautes-Alpes",
        "citycode": "05061",
        "depcode": "05"
      }
    },
    {
      "type": "Feature",
      "geometry": {
        "type": "Point",
        "coordinates": [
          6.096502813,
          44.561355339
        ]
      },
      "properties": {
        "name": "Route de la Molines / Route de Rambaud D6",
        "context": "Gap, Hautes-Alpes",
        "citycode": "05061",
        "depcode": "05"
      }
    },
    {
      "type": "Feature",
      "geometry": {
        "type": "Point",
        "coordinates": [
          6.109347882,
          44.574572869
        ]
      },
      "properties": {
        "name": "Route de la Reyberte D92 / Rocade de Gap Séquence 3 Construction",
        "context": "Gap, Hautes-Alpes",
        "citycode": "05061",
        "depcode": "05"
      }
    },
    {
      "type": "Feature",
      "geometry": {
        "type": "Point",
        "coordinates": [
          6.108925931,
          44.577882452
        ]
      },
      "properties": {
        "name": "Route de la Reyberte D92 / Rue Pré Mongit",
        "context": "Gap, Hautes-Alpes",
        "citycode": "05061",
        "depcode": "05"
      }
    },
    {
      "type": "Feature",
      "geometry": {
        "type": "Point",
        "coordinates": [
          6.109729521,
          44.573967551
        ]
      },
      "properties": {
        "name": "Route de la Reyberte D92 / N94",
        "context": "Gap, Hautes-Alpes",
        "citycode": "05061",
        "depcode": "05"
      }
    },
    {
      "type": "Feature",
      "geometry": {
        "type": "Point",
        "coordinates": [
          6.043683926,
          44.557610647
        ]
      },
      "properties": {
        "name": "Route de Malcombe / Chemin de la Gardette",
        "context": "Gap, Hautes-Alpes",
        "citycode": "05061",
        "depcode": "05"
      }
    },
    {
      "type": "Feature",
      "geometry": {
        "type": "Point",
        "coordinates": [
          6.034822356,
          44.553047879
        ]
      },
      "properties": {
        "name": "Route de Malcombe / Chemin des Cytises",
        "context": "Gap, Hautes-Alpes",
        "citycode": "05061",
        "depcode": "05"
      }
    },
    {
      "type": "Feature",
      "geometry": {
        "type": "Point",
        "coordinates": [
          6.036886874,
          44.552892303
        ]
      },
      "properties": {
        "name": "Route de Malcombe / Venelle des Faysses",
        "context": "Gap, Hautes-Alpes",
        "citycode": "05061",
        "depcode": "05"
      }
    },
    {
      "type": "Feature",
      "geometry": {
        "type": "Point",
        "coordinates": [
          6.096420494,
          44.561317625
        ]
      },
      "properties": {
        "name": "Route de Molines / Route de la Molines",
        "context": "Gap, Hautes-Alpes",
        "citycode": "05061",
        "depcode": "05"
      }
    },
    {
      "type": "Feature",
      "geometry": {
        "type": "Point",
        "coordinates": [
          6.096067356,
          44.561311804
        ]
      },
      "properties": {
        "name": "Route de Molines / Route de Rambaud D6",
        "context": "Gap, Hautes-Alpes",
        "citycode": "05061",
        "depcode": "05"
      }
    },
    {
      "type": "Feature",
      "geometry": {
        "type": "Point",
        "coordinates": [
          6.040696968,
          44.526592958
        ]
      },
      "properties": {
        "name": "Route de Neffes D46 / Torrent de la Selle",
        "context": "Gap, Hautes-Alpes",
        "citycode": "05061",
        "depcode": "05"
      }
    },
    {
      "type": "Feature",
      "geometry": {
        "type": "Point",
        "coordinates": [
          6.043598613,
          44.532784677
        ]
      },
      "properties": {
        "name": "Route de Neffes D46 / D47",
        "context": "Gap, Hautes-Alpes",
        "citycode": "05061",
        "depcode": "05"
      }
    },
    {
      "type": "Feature",
      "geometry": {
        "type": "Point",
        "coordinates": [
          6.093990272,
          44.561818516
        ]
      },
      "properties": {
        "name": "Route de Rambaud D6 / Boulevard Bellevue",
        "context": "Gap, Hautes-Alpes",
        "citycode": "05061",
        "depcode": "05"
      }
    },
    {
      "type": "Feature",
      "geometry": {
        "type": "Point",
        "coordinates": [
          6.096477255,
          44.561390828
        ]
      },
      "properties": {
        "name": "Route de Rambaud D6 / Route de la Molines",
        "context": "Gap, Hautes-Alpes",
        "citycode": "05061",
        "depcode": "05"
      }
    },
    {
      "type": "Feature",
      "geometry": {
        "type": "Point",
        "coordinates": [
          6.096282134,
          44.561355183
        ]
      },
      "properties": {
        "name": "Route de Rambaud D6 / Route de Molines",
        "context": "Gap, Hautes-Alpes",
        "citycode": "05061",
        "depcode": "05"
      }
    },
    {
      "type": "Feature",
      "geometry": {
        "type": "Point",
        "coordinates": [
          6.10142906,
          44.561272692
        ]
      },
      "properties": {
        "name": "Route de Rambaud D6 / Rue des Gourlanches",
        "context": "Gap, Hautes-Alpes",
        "citycode": "05061",
        "depcode": "05"
      }
    },
    {
      "type": "Feature",
      "geometry": {
        "type": "Point",
        "coordinates": [
          6.095056953,
          44.561553138
        ]
      },
      "properties": {
        "name": "Route de Rambaud D6 / Rue des Metiers",
        "context": "Gap, Hautes-Alpes",
        "citycode": "05061",
        "depcode": "05"
      }
    },
    {
      "type": "Feature",
      "geometry": {
        "type": "Point",
        "coordinates": [
          6.0940706,
          44.561814023
        ]
      },
      "properties": {
        "name": "Route de Rambaud D6 / Rue du Docteur Ayasse D6",
        "context": "Gap, Hautes-Alpes",
        "citycode": "05061",
        "depcode": "05"
      }
    },
    {
      "type": "Feature",
      "geometry": {
        "type": "Point",
        "coordinates": [
          6.051546596,
          44.537649652
        ]
      },
      "properties": {
        "name": "Route de Saint-Jean D47 / Carrefour de Saint-Jean",
        "context": "Gap, Hautes-Alpes",
        "citycode": "05061",
        "depcode": "05"
      }
    },
    {
      "type": "Feature",
      "geometry": {
        "type": "Point",
        "coordinates": [
          6.04830135,
          44.536409551
        ]
      },
      "properties": {
        "name": "Route de Saint-Jean D47 / Chemin de la Carrière",
        "context": "Gap, Hautes-Alpes",
        "citycode": "05061",
        "depcode": "05"
      }
    },
    {
      "type": "Feature",
      "geometry": {
        "type": "Point",
        "coordinates": [
          6.023506766,
          44.527930765
        ]
      },
      "properties": {
        "name": "Route de Saint-Jean D47 / Le Chafal",
        "context": "Gap, Hautes-Alpes",
        "citycode": "05061",
        "depcode": "05"
      }
    },
    {
      "type": "Feature",
      "geometry": {
        "type": "Point",
        "coordinates": [
          6.043499678,
          44.532801813
        ]
      },
      "properties": {
        "name": "Route de Saint-Jean D47 / Route de Neffes D46",
        "context": "Gap, Hautes-Alpes",
        "citycode": "05061",
        "depcode": "05"
      }
    },
    {
      "type": "Feature",
      "geometry": {
        "type": "Point",
        "coordinates": [
          6.041154194,
          44.5322247
        ]
      },
      "properties": {
        "name": "Route de Saint-Jean D47 / Torrent de la Selle",
        "context": "Gap, Hautes-Alpes",
        "citycode": "05061",
        "depcode": "05"
      }
    },
    {
      "type": "Feature",
      "geometry": {
        "type": "Point",
        "coordinates": [
          6.073252322,
          44.532795795
        ]
      },
      "properties": {
        "name": "Route de Sainte-Marguerite / Chemin d'Antan",
        "context": "Gap, Hautes-Alpes",
        "citycode": "05061",
        "depcode": "05"
      }
    },
    {
      "type": "Feature",
      "geometry": {
        "type": "Point",
        "coordinates": [
          6.073252983,
          44.540825391
        ]
      },
      "properties": {
        "name": "Route de Sainte-Marguerite / Contre-Allée Lucien Chaix",
        "context": "Gap, Hautes-Alpes",
        "citycode": "05061",
        "depcode": "05"
      }
    },
    {
      "type": "Feature",
      "geometry": {
        "type": "Point",
        "coordinates": [
          6.075533718,
          44.548189604
        ]
      },
      "properties": {
        "name": "Route de Sainte-Marguerite / Rue de Beauregard",
        "context": "Gap, Hautes-Alpes",
        "citycode": "05061",
        "depcode": "05"
      }
    },
    {
      "type": "Feature",
      "geometry": {
        "type": "Point",
        "coordinates": [
          6.078680793,
          44.553475448
        ]
      },
      "properties": {
        "name": "Route de Sainte-Marguerite / Rue de Valserres RoutedeValserres(D942A)",
        "context": "Gap, Hautes-Alpes",
        "citycode": "05061",
        "depcode": "05"
      }
    },
    {
      "type": "Feature",
      "geometry": {
        "type": "Point",
        "coordinates": [
          6.073593798,
          44.54541962
        ]
      },
      "properties": {
        "name": "Route de Sainte-Marguerite / Rue des Amarines",
        "context": "Gap, Hautes-Alpes",
        "citycode": "05061",
        "depcode": "05"
      }
    },
    {
      "type": "Feature",
      "geometry": {
        "type": "Point",
        "coordinates": [
          6.075115019,
          44.547298359
        ]
      },
      "properties": {
        "name": "Route de Sainte-Marguerite / Rue Pré Martin",
        "context": "Gap, Hautes-Alpes",
        "citycode": "05061",
        "depcode": "05"
      }
    },
    {
      "type": "Feature",
      "geometry": {
        "type": "Point",
        "coordinates": [
          6.091695653,
          44.54684461
        ]
      },
      "properties": {
        "name": "Route de Treschâtel / Chemin des Vignes",
        "context": "Gap, Hautes-Alpes",
        "citycode": "05061",
        "depcode": "05"
      }
    },
    {
      "type": "Feature",
      "geometry": {
        "type": "Point",
        "coordinates": [
          6.099315787,
          44.547862022
        ]
      },
      "properties": {
        "name": "Route de Treschâtel / La Combe Treschatel C3",
        "context": "Gap, Hautes-Alpes",
        "citycode": "05061",
        "depcode": "05"
      }
    },
    {
      "type": "Feature",
      "geometry": {
        "type": "Point",
        "coordinates": [
          6.098023071,
          44.547195295
        ]
      },
      "properties": {
        "name": "Route de Treschâtel / Riotord",
        "context": "Gap, Hautes-Alpes",
        "citycode": "05061",
        "depcode": "05"
      }
    },
    {
      "type": "Feature",
      "geometry": {
        "type": "Point",
        "coordinates": [
          6.082863355,
          44.545762981
        ]
      },
      "properties": {
        "name": "Route de Valserres D942A / Chemin Vieux",
        "context": "Gap, Hautes-Alpes",
        "citycode": "05061",
        "depcode": "05"
      }
    },
    {
      "type": "Feature",
      "geometry": {
        "type": "Point",
        "coordinates": [
          6.082545448,
          44.545682108
        ]
      },
      "properties": {
        "name": "Route de Valserres D942A / Lotissement Le Collet",
        "context": "Gap, Hautes-Alpes",
        "citycode": "05061",
        "depcode": "05"
      }
    },
    {
      "type": "Feature",
      "geometry": {
        "type": "Point",
        "coordinates": [
          6.078645501,
          44.551200201
        ]
      },
      "properties": {
        "name": "Route de Valserres D942A / Rue de Valserres RoutedeValserres(D942A)",
        "context": "Gap, Hautes-Alpes",
        "citycode": "05061",
        "depcode": "05"
      }
    },
    {
      "type": "Feature",
      "geometry": {
        "type": "Point",
        "coordinates": [
          6.055381464,
          44.557563313
        ]
      },
      "properties": {
        "name": "Route de Veynes D994 / Carrefour du Sénateur",
        "context": "Gap, Hautes-Alpes",
        "citycode": "05061",
        "depcode": "05"
      }
    },
    {
      "type": "Feature",
      "geometry": {
        "type": "Point",
        "coordinates": [
          6.06169893,
          44.55640039
        ]
      },
      "properties": {
        "name": "Route de Veynes D994 / Chemin du Soleil Levant",
        "context": "Gap, Hautes-Alpes",
        "citycode": "05061",
        "depcode": "05"
      }
    },
    {
      "type": "Feature",
      "geometry": {
        "type": "Point",
        "coordinates": [
          6.051708217,
          44.53767792
        ]
      },
      "properties": {
        "name": "Route des Eyssagnières D291 / Carrefour de Saint-Jean",
        "context": "Gap, Hautes-Alpes",
        "citycode": "05061",
        "depcode": "05"
      }
    },
    {
      "type": "Feature",
      "geometry": {
        "type": "Point",
        "coordinates": [
          6.055088855,
          44.557387833
        ]
      },
      "properties": {
        "name": "Route des Eyssagnières D291 / Carrefour du Sénateur",
        "context": "Gap, Hautes-Alpes",
        "citycode": "05061",
        "depcode": "05"
      }
    },
    {
      "type": "Feature",
      "geometry": {
        "type": "Point",
        "coordinates": [
          6.054935085,
          44.552504164
        ]
      },
      "properties": {
        "name": "Route des Eyssagnières D291 / Chemin du Soleil Levant",
        "context": "Gap, Hautes-Alpes",
        "citycode": "05061",
        "depcode": "05"
      }
    },
    {
      "type": "Feature",
      "geometry": {
        "type": "Point",
        "coordinates": [
          6.052825233,
          44.542972744
        ]
      },
      "properties": {
        "name": "Route des Eyssagnières / Hameau des Eyssagnières",
        "context": "Gap, Hautes-Alpes",
        "citycode": "05061",
        "depcode": "05"
      }
    },
    {
      "type": "Feature",
      "geometry": {
        "type": "Point",
        "coordinates": [
          6.053477469,
          44.546127243
        ]
      },
      "properties": {
        "name": "Route des Eyssagnières D291 / Rocade de Gap Séquence 1 Construction",
        "context": "Gap, Hautes-Alpes",
        "citycode": "05061",
        "depcode": "05"
      }
    },
    {
      "type": "Feature",
      "geometry": {
        "type": "Point",
        "coordinates": [
          6.053112315,
          44.544184927
        ]
      },
      "properties": {
        "name": "Route des Eyssagnières / Route de Chaudefeuille",
        "context": "Gap, Hautes-Alpes",
        "citycode": "05061",
        "depcode": "05"
      }
    },
    {
      "type": "Feature",
      "geometry": {
        "type": "Point",
        "coordinates": [
          6.051588438,
          44.537652016
        ]
      },
      "properties": {
        "name": "Route des Eyssagnières D291 / Route de Saint-Jean D47",
        "context": "Gap, Hautes-Alpes",
        "citycode": "05061",
        "depcode": "05"
      }
    },
    {
      "type": "Feature",
      "geometry": {
        "type": "Point",
        "coordinates": [
          6.05491864,
          44.552492376
        ]
      },
      "properties": {
        "name": "Route des Eyssagnières D291 / Rue de Pic Ponçon",
        "context": "Gap, Hautes-Alpes",
        "citycode": "05061",
        "depcode": "05"
      }
    },
    {
      "type": "Feature",
      "geometry": {
        "type": "Point",
        "coordinates": [
          6.054637416,
          44.548299448
        ]
      },
      "properties": {
        "name": "Route des Eyssagnières / Rue des Boutons d'Or",
        "context": "Gap, Hautes-Alpes",
        "citycode": "05061",
        "depcode": "05"
      }
    },
    {
      "type": "Feature",
      "geometry": {
        "type": "Point",
        "coordinates": [
          6.055070323,
          44.551316866
        ]
      },
      "properties": {
        "name": "Route des Eyssagnières D291 / Rue des Gentianes",
        "context": "Gap, Hautes-Alpes",
        "citycode": "05061",
        "depcode": "05"
      }
    },
    {
      "type": "Feature",
      "geometry": {
        "type": "Point",
        "coordinates": [
          6.053469407,
          44.545410968
        ]
      },
      "properties": {
        "name": "Route des Eyssagnières / Rue des Lauriers",
        "context": "Gap, Hautes-Alpes",
        "citycode": "05061",
        "depcode": "05"
      }
    },
    {
      "type": "Feature",
      "geometry": {
        "type": "Point",
        "coordinates": [
          6.054940283,
          44.55743264
        ]
      },
      "properties": {
        "name": "Route des Eyssagnières D291 / D994",
        "context": "Gap, Hautes-Alpes",
        "citycode": "05061",
        "depcode": "05"
      }
    },
    {
      "type": "Feature",
      "geometry": {
        "type": "Point",
        "coordinates": [
          6.093685579,
          44.564130264
        ]
      },
      "properties": {
        "name": "Route des Fauvins / Avenue de Pignerol",
        "context": "Gap, Hautes-Alpes",
        "citycode": "05061",
        "depcode": "05"
      }
    },
    {
      "type": "Feature",
      "geometry": {
        "type": "Point",
        "coordinates": [
          6.116901594,
          44.562000917
        ]
      },
      "properties": {
        "name": "Route des Fauvins / Chemin du Petit Pont",
        "context": "Gap, Hautes-Alpes",
        "citycode": "05061",
        "depcode": "05"
      }
    },
    {
      "type": "Feature",
      "geometry": {
        "type": "Point",
        "coordinates": [
          6.091827953,
          44.563767065
        ]
      },
      "properties": {
        "name": "Route des Fauvins / La Luye",
        "context": "Gap, Hautes-Alpes",
        "citycode": "05061",
        "depcode": "05"
      }
    },
    {
      "type": "Feature",
      "geometry": {
        "type": "Point",
        "coordinates": [
          6.113175261,
          44.563296537
        ]
      },
      "properties": {
        "name": "Route des Fauvins / Route de la Justice",
        "context": "Gap, Hautes-Alpes",
        "citycode": "05061",
        "depcode": "05"
      }
    },
    {
      "type": "Feature",
      "geometry": {
        "type": "Point",
        "coordinates": [
          6.11691189,
          44.561998997
        ]
      },
      "properties": {
        "name": "Route des Fauvins / Route du Chapelet",
        "context": "Gap, Hautes-Alpes",
        "citycode": "05061",
        "depcode": "05"
      }
    },
    {
      "type": "Feature",
      "geometry": {
        "type": "Point",
        "coordinates": [
          6.10159807,
          44.563404907
        ]
      },
      "properties": {
        "name": "Route des Fauvins / Rue des Gourlanches",
        "context": "Gap, Hautes-Alpes",
        "citycode": "05061",
        "depcode": "05"
      }
    },
    {
      "type": "Feature",
      "geometry": {
        "type": "Point",
        "coordinates": [
          6.095515557,
          44.563756071
        ]
      },
      "properties": {
        "name": "Route des Fauvins / Rue des Metiers",
        "context": "Gap, Hautes-Alpes",
        "citycode": "05061",
        "depcode": "05"
      }
    },
    {
      "type": "Feature",
      "geometry": {
        "type": "Point",
        "coordinates": [
          6.106074515,
          44.563700403
        ]
      },
      "properties": {
        "name": "Route des Fauvins / Rue des Tilleuls",
        "context": "Gap, Hautes-Alpes",
        "citycode": "05061",
        "depcode": "05"
      }
    },
    {
      "type": "Feature",
      "geometry": {
        "type": "Point",
        "coordinates": [
          6.089383154,
          44.563525959
        ]
      },
      "properties": {
        "name": "Route des Fauvins / Rue du Docteur Ayasse D6",
        "context": "Gap, Hautes-Alpes",
        "citycode": "05061",
        "depcode": "05"
      }
    },
    {
      "type": "Feature",
      "geometry": {
        "type": "Point",
        "coordinates": [
          6.120411773,
          44.592315912
        ]
      },
      "properties": {
        "name": "Route des Mondons D292 / La Flodanche",
        "context": "Gap, Hautes-Alpes",
        "citycode": "05061",
        "depcode": "05"
      }
    },
    {
      "type": "Feature",
      "geometry": {
        "type": "Point",
        "coordinates": [
          6.142333143,
          44.604121203
        ]
      },
      "properties": {
        "name": "Route des Mondons D292 / D14",
        "context": "Gap, Hautes-Alpes",
        "citycode": "05061",
        "depcode": "05"
      }
    },
    {
      "type": "Feature",
      "geometry": {
        "type": "Point",
        "coordinates": [
          6.069077402,
          44.532751358
        ]
      },
      "properties": {
        "name": "Route des Prés / Allée des Étoiles",
        "context": "Gap, Hautes-Alpes",
        "citycode": "05061",
        "depcode": "05"
      }
    },
    {
      "type": "Feature",
      "geometry": {
        "type": "Point",
        "coordinates": [
          6.073752714,
          44.53916996
        ]
      },
      "properties": {
        "name": "Route des Prés / Route de Sainte-Marguerite",
        "context": "Gap, Hautes-Alpes",
        "citycode": "05061",
        "depcode": "05"
      }
    },
    {
      "type": "Feature",
      "geometry": {
        "type": "Point",
        "coordinates": [
          6.081687831,
          44.617333533
        ]
      },
      "properties": {
        "name": "Route du Col de Gleize / Route Napoléon N85",
        "context": "Gap, Hautes-Alpes",
        "citycode": "05061",
        "depcode": "05"
      }
    },
    {
      "type": "Feature",
      "geometry": {
        "type": "Point",
        "coordinates": [
          6.053308275,
          44.623445311
        ]
      },
      "properties": {
        "name": "Route du Col de Gleize / Torrent de Bonne",
        "context": "Gap, Hautes-Alpes",
        "citycode": "05061",
        "depcode": "05"
      }
    },
    {
      "type": "Feature",
      "geometry": {
        "type": "Point",
        "coordinates": [
          6.116882037,
          44.602111367
        ]
      },
      "properties": {
        "name": "Route du Col de Manse / Promenade du Canal",
        "context": "Gap, Hautes-Alpes",
        "citycode": "05061",
        "depcode": "05"
      }
    },
    {
      "type": "Feature",
      "geometry": {
        "type": "Point",
        "coordinates": [
          6.121769106,
          44.602295906
        ]
      },
      "properties": {
        "name": "Route du Col de Manse D292 / Route du Lac",
        "context": "Gap, Hautes-Alpes",
        "citycode": "05061",
        "depcode": "05"
      }
    },
    {
      "type": "Feature",
      "geometry": {
        "type": "Point",
        "coordinates": [
          6.104465567,
          44.579901048
        ]
      },
      "properties": {
        "name": "Route du Col de Manse D292 / Route du Ravelin D92",
        "context": "Gap, Hautes-Alpes",
        "citycode": "05061",
        "depcode": "05"
      }
    },
    {
      "type": "Feature",
      "geometry": {
        "type": "Point",
        "coordinates": [
          6.104517873,
          44.57994357
        ]
      },
      "properties": {
        "name": "Route du Col de Manse D292 / Rue de Villarobert D92",
        "context": "Gap, Hautes-Alpes",
        "citycode": "05061",
        "depcode": "05"
      }
    },
    {
      "type": "Feature",
      "geometry": {
        "type": "Point",
        "coordinates": [
          6.112404935,
          44.601902417
        ]
      },
      "properties": {
        "name": "Route du Col de Manse D292 / D944",
        "context": "Gap, Hautes-Alpes",
        "citycode": "05061",
        "depcode": "05"
      }
    },
    {
      "type": "Feature",
      "geometry": {
        "type": "Point",
        "coordinates": [
          6.089469673,
          44.56962233
        ]
      },
      "properties": {
        "name": "Route du Forest / Avenue de Bure",
        "context": "Gap, Hautes-Alpes",
        "citycode": "05061",
        "depcode": "05"
      }
    },
    {
      "type": "Feature",
      "geometry": {
        "type": "Point",
        "coordinates": [
          6.083992881,
          44.563736627
        ]
      },
      "properties": {
        "name": "Route du Forest d'Entrais / Avenue du Commandant Dumont N85",
        "context": "Gap, Hautes-Alpes",
        "citycode": "05061",
        "depcode": "05"
      }
    },
    {
      "type": "Feature",
      "geometry": {
        "type": "Point",
        "coordinates": [
          6.085070567,
          44.564211865
        ]
      },
      "properties": {
        "name": "Route du Forest d'Entrais / Place du Champsaur",
        "context": "Gap, Hautes-Alpes",
        "citycode": "05061",
        "depcode": "05"
      }
    },
    {
      "type": "Feature",
      "geometry": {
        "type": "Point",
        "coordinates": [
          6.094250599,
          44.573634991
        ]
      },
      "properties": {
        "name": "Route du Forest d'Entrais / Rue de Villarobert D92",
        "context": "Gap, Hautes-Alpes",
        "citycode": "05061",
        "depcode": "05"
      }
    },
    {
      "type": "Feature",
      "geometry": {
        "type": "Point",
        "coordinates": [
          6.10836746,
          44.583001838
        ]
      },
      "properties": {
        "name": "Route du Lac / Route des Mondons D292",
        "context": "Gap, Hautes-Alpes",
        "citycode": "05061",
        "depcode": "05"
      }
    },
    {
      "type": "Feature",
      "geometry": {
        "type": "Point",
        "coordinates": [
          6.10831485,
          44.582991824
        ]
      },
      "properties": {
        "name": "Route du Lac / Rue du Mesnil D292",
        "context": "Gap, Hautes-Alpes",
        "citycode": "05061",
        "depcode": "05"
      }
    },
    {
      "type": "Feature",
      "geometry": {
        "type": "Point",
        "coordinates": [
          6.104428427,
          44.579930158
        ]
      },
      "properties": {
        "name": "Route du Ravelin D92 / Route du Col de Manse D292",
        "context": "Gap, Hautes-Alpes",
        "citycode": "05061",
        "depcode": "05"
      }
    },
    {
      "type": "Feature",
      "geometry": {
        "type": "Point",
        "coordinates": [
          6.104484513,
          44.579901061
        ]
      },
      "properties": {
        "name": "Route du Ravelin D92 / Rue de Villarobert D92",
        "context": "Gap, Hautes-Alpes",
        "citycode": "05061",
        "depcode": "05"
      }
    },
    {
      "type": "Feature",
      "geometry": {
        "type": "Point",
        "coordinates": [
          6.048225451,
          44.526938646
        ]
      },
      "properties": {
        "name": "Route Napoléon N85 / Avenue de Provence N85",
        "context": "Gap, Hautes-Alpes",
        "citycode": "05061",
        "depcode": "05"
      }
    },
    {
      "type": "Feature",
      "geometry": {
        "type": "Point",
        "coordinates": [
          6.083530274,
          44.598015891
        ]
      },
      "properties": {
        "name": "Route Napoléon N85 / Canal de Gap",
        "context": "Gap, Hautes-Alpes",
        "citycode": "05061",
        "depcode": "05"
      }
    },
    {
      "type": "Feature",
      "geometry": {
        "type": "Point",
        "coordinates": [
          6.082169728,
          44.620147878
        ]
      },
      "properties": {
        "name": "Route Napoléon N85 / Centre Oxygénation",
        "context": "Gap, Hautes-Alpes",
        "citycode": "05061",
        "depcode": "05"
      }
    },
    {
      "type": "Feature",
      "geometry": {
        "type": "Point",
        "coordinates": [
          6.04794403,
          44.529680085
        ]
      },
      "properties": {
        "name": "Route Napoléon N85 / Impasse de Malcombe",
        "context": "Gap, Hautes-Alpes",
        "citycode": "05061",
        "depcode": "05"
      }
    },
    {
      "type": "Feature",
      "geometry": {
        "type": "Point",
        "coordinates": [
          6.046396167,
          44.511408205
        ]
      },
      "properties": {
        "name": "Route Napoléon N85 / La Plaine de Lachaup N85",
        "context": "Gap, Hautes-Alpes",
        "citycode": "05061",
        "depcode": "05"
      }
    },
    {
      "type": "Feature",
      "geometry": {
        "type": "Point",
        "coordinates": [
          6.080721385,
          44.607339411
        ]
      },
      "properties": {
        "name": "Route Napoléon N85 / Passage de la Mémoire",
        "context": "Gap, Hautes-Alpes",
        "citycode": "05061",
        "depcode": "05"
      }
    },
    {
      "type": "Feature",
      "geometry": {
        "type": "Point",
        "coordinates": [
          6.083470168,
          44.597959748
        ]
      },
      "properties": {
        "name": "Route Napoléon N85 / Promenade du Canal",
        "context": "Gap, Hautes-Alpes",
        "citycode": "05061",
        "depcode": "05"
      }
    },
    {
      "type": "Feature",
      "geometry": {
        "type": "Point",
        "coordinates": [
          6.076421585,
          44.572843311
        ]
      },
      "properties": {
        "name": "Route Napoléon N85 / Rocade de Gap Séquence 3 Construction",
        "context": "Gap, Hautes-Alpes",
        "citycode": "05061",
        "depcode": "05"
      }
    },
    {
      "type": "Feature",
      "geometry": {
        "type": "Point",
        "coordinates": [
          6.082096302,
          44.579531844
        ]
      },
      "properties": {
        "name": "Route Napoléon N85 / Route de la Descente",
        "context": "Gap, Hautes-Alpes",
        "citycode": "05061",
        "depcode": "05"
      }
    },
    {
      "type": "Feature",
      "geometry": {
        "type": "Point",
        "coordinates": [
          6.084052819,
          44.629534773
        ]
      },
      "properties": {
        "name": "Route Napoléon N85 / Torrent de Riou Froid",
        "context": "Gap, Hautes-Alpes",
        "citycode": "05061",
        "depcode": "05"
      }
    },
    {
      "type": "Feature",
      "geometry": {
        "type": "Point",
        "coordinates": [
          6.082270593,
          44.603781426
        ]
      },
      "properties": {
        "name": "Route Napoléon N85 / D944",
        "context": "Gap, Hautes-Alpes",
        "citycode": "05061",
        "depcode": "05"
      }
    },
    {
      "type": "Feature",
      "geometry": {
        "type": "Point",
        "coordinates": [
          6.075870905,
          44.555881277
        ]
      },
      "properties": {
        "name": "Rue Abbé Pascal / Avenue Jean Jaurès N85",
        "context": "Gap, Hautes-Alpes",
        "citycode": "05061",
        "depcode": "05"
      }
    },
    {
      "type": "Feature",
      "geometry": {
        "type": "Point",
        "coordinates": [
          6.070101093,
          44.551979258
        ]
      },
      "properties": {
        "name": "Rue Aimé Clément / Rue des Matagots",
        "context": "Gap, Hautes-Alpes",
        "citycode": "05061",
        "depcode": "05"
      }
    },
    {
      "type": "Feature",
      "geometry": {
        "type": "Point",
        "coordinates": [
          6.071814981,
          44.553669409
        ]
      },
      "properties": {
        "name": "Rue Aimé Clément / Rue Louis Comte",
        "context": "Gap, Hautes-Alpes",
        "citycode": "05061",
        "depcode": "05"
      }
    },
    {
      "type": "Feature",
      "geometry": {
        "type": "Point",
        "coordinates": [
          6.079740302,
          44.56437888
        ]
      },
      "properties": {
        "name": "Rue Albert Blanc / Traverse de Camargue",
        "context": "Gap, Hautes-Alpes",
        "citycode": "05061",
        "depcode": "05"
      }
    },
    {
      "type": "Feature",
      "geometry": {
        "type": "Point",
        "coordinates": [
          6.06703883,
          44.548669211
        ]
      },
      "properties": {
        "name": "Rue Alphonse Daudet / Avenue Jean Jaurès N85",
        "context": "Gap, Hautes-Alpes",
        "citycode": "05061",
        "depcode": "05"
      }
    },
    {
      "type": "Feature",
      "geometry": {
        "type": "Point",
        "coordinates": [
          6.066910003,
          44.548729451
        ]
      },
      "properties": {
        "name": "Rue Alphonse Daudet / Contre-Allée",
        "context": "Gap, Hautes-Alpes",
        "citycode": "05061",
        "depcode": "05"
      }
    },
    {
      "type": "Feature",
      "geometry": {
        "type": "Point",
        "coordinates": [
          6.066962718,
          44.548730444
        ]
      },
      "properties": {
        "name": "Rue Alphonse Daudet / Promenade Albert Laty",
        "context": "Gap, Hautes-Alpes",
        "citycode": "05061",
        "depcode": "05"
      }
    },
    {
      "type": "Feature",
      "geometry": {
        "type": "Point",
        "coordinates": [
          6.065184011,
          44.549778504
        ]
      },
      "properties": {
        "name": "Rue Alphonse Daudet / Rue de l'Espéranto",
        "context": "Gap, Hautes-Alpes",
        "citycode": "05061",
        "depcode": "05"
      }
    },
    {
      "type": "Feature",
      "geometry": {
        "type": "Point",
        "coordinates": [
          6.065197814,
          44.549768476
        ]
      },
      "properties": {
        "name": "Rue Alphonse Daudet / Rue des Sagnières",
        "context": "Gap, Hautes-Alpes",
        "citycode": "05061",
        "depcode": "05"
      }
    },
    {
      "type": "Feature",
      "geometry": {
        "type": "Point",
        "coordinates": [
          6.078130041,
          44.558504998
        ]
      },
      "properties": {
        "name": "Rue Amédée Para / Rue Grenette",
        "context": "Gap, Hautes-Alpes",
        "citycode": "05061",
        "depcode": "05"
      }
    },
    {
      "type": "Feature",
      "geometry": {
        "type": "Point",
        "coordinates": [
          6.077653509,
          44.558190291
        ]
      },
      "properties": {
        "name": "Rue Amédée Para / Rue Notre-Dame",
        "context": "Gap, Hautes-Alpes",
        "citycode": "05061",
        "depcode": "05"
      }
    },
    {
      "type": "Feature",
      "geometry": {
        "type": "Point",
        "coordinates": [
          6.048906403,
          44.537953526
        ]
      },
      "properties": {
        "name": "Rue Arthur Rimbaud / Rue Marcel Proust",
        "context": "Gap, Hautes-Alpes",
        "citycode": "05061",
        "depcode": "05"
      }
    },
    {
      "type": "Feature",
      "geometry": {
        "type": "Point",
        "coordinates": [
          6.08063772,
          44.565818853
        ]
      },
      "properties": {
        "name": "Rue Aubanel / La Bonne",
        "context": "Gap, Hautes-Alpes",
        "citycode": "05061",
        "depcode": "05"
      }
    },
    {
      "type": "Feature",
      "geometry": {
        "type": "Point",
        "coordinates": [
          6.07967247,
          44.566299396
        ]
      },
      "properties": {
        "name": "Rue Aubanel / Rue Charles Aurouze",
        "context": "Gap, Hautes-Alpes",
        "citycode": "05061",
        "depcode": "05"
      }
    },
    {
      "type": "Feature",
      "geometry": {
        "type": "Point",
        "coordinates": [
          6.081204083,
          44.563666686
        ]
      },
      "properties": {
        "name": "Rue Aubanel / Rue des Jardins",
        "context": "Gap, Hautes-Alpes",
        "citycode": "05061",
        "depcode": "05"
      }
    },
    {
      "type": "Feature",
      "geometry": {
        "type": "Point",
        "coordinates": [
          6.079145061,
          44.562049924
        ]
      },
      "properties": {
        "name": "Rue Bayard / Avenue Lesdiguières",
        "context": "Gap, Hautes-Alpes",
        "citycode": "05061",
        "depcode": "05"
      }
    },
    {
      "type": "Feature",
      "geometry": {
        "type": "Point",
        "coordinates": [
          6.077749222,
          44.561974922
        ]
      },
      "properties": {
        "name": "Rue Bayard / Cours Émile Fabre",
        "context": "Gap, Hautes-Alpes",
        "citycode": "05061",
        "depcode": "05"
      }
    },
    {
      "type": "Feature",
      "geometry": {
        "type": "Point",
        "coordinates": [
          6.07780099,
          44.561967311
        ]
      },
      "properties": {
        "name": "Rue Bayard / Cours Victor Hugo",
        "context": "Gap, Hautes-Alpes",
        "citycode": "05061",
        "depcode": "05"
      }
    },
    {
      "type": "Feature",
      "geometry": {
        "type": "Point",
        "coordinates": [
          6.077837558,
          44.562024622
        ]
      },
      "properties": {
        "name": "Rue Bayard / Rue Charles Aurouze",
        "context": "Gap, Hautes-Alpes",
        "citycode": "05061",
        "depcode": "05"
      }
    },
    {
      "type": "Feature",
      "geometry": {
        "type": "Point",
        "coordinates": [
          6.080363411,
          44.562102605
        ]
      },
      "properties": {
        "name": "Rue Bayard / Rue des Jardins",
        "context": "Gap, Hautes-Alpes",
        "citycode": "05061",
        "depcode": "05"
      }
    },
    {
      "type": "Feature",
      "geometry": {
        "type": "Point",
        "coordinates": [
          6.077737176,
          44.56201076
        ]
      },
      "properties": {
        "name": "Rue Bayard / Rue des Pins",
        "context": "Gap, Hautes-Alpes",
        "citycode": "05061",
        "depcode": "05"
      }
    },
    {
      "type": "Feature",
      "geometry": {
        "type": "Point",
        "coordinates": [
          6.077734251,
          44.562000157
        ]
      },
      "properties": {
        "name": "Rue Bayard / Rue Paul Bert",
        "context": "Gap, Hautes-Alpes",
        "citycode": "05061",
        "depcode": "05"
      }
    },
    {
      "type": "Feature",
      "geometry": {
        "type": "Point",
        "coordinates": [
          6.109194352,
          44.568939281
        ]
      },
      "properties": {
        "name": "Rue Beau Château / Route de la Justice",
        "context": "Gap, Hautes-Alpes",
        "citycode": "05061",
        "depcode": "05"
      }
    },
    {
      "type": "Feature",
      "geometry": {
        "type": "Point",
        "coordinates": [
          6.078448284,
          44.559826795
        ]
      },
      "properties": {
        "name": "Rue Bon Hôtel / Rue Pasteur",
        "context": "Gap, Hautes-Alpes",
        "citycode": "05061",
        "depcode": "05"
      }
    },
    {
      "type": "Feature",
      "geometry": {
        "type": "Point",
        "coordinates": [
          6.083205458,
          44.569421705
        ]
      },
      "properties": {
        "name": "Rue Capitaine Pellegrin / Avenue du Commandant Dumont N85",
        "context": "Gap, Hautes-Alpes",
        "citycode": "05061",
        "depcode": "05"
      }
    },
    {
      "type": "Feature",
      "geometry": {
        "type": "Point",
        "coordinates": [
          6.080479815,
          44.569261492
        ]
      },
      "properties": {
        "name": "Rue Capitaine Pellegrin / Rue de Bonne",
        "context": "Gap, Hautes-Alpes",
        "citycode": "05061",
        "depcode": "05"
      }
    },
    {
      "type": "Feature",
      "geometry": {
        "type": "Point",
        "coordinates": [
          6.081745094,
          44.569348479
        ]
      },
      "properties": {
        "name": "Rue Capitaine Pellegrin / Rue des Lilas",
        "context": "Gap, Hautes-Alpes",
        "citycode": "05061",
        "depcode": "05"
      }
    },
    {
      "type": "Feature",
      "geometry": {
        "type": "Point",
        "coordinates": [
          6.08321721,
          44.569423131
        ]
      },
      "properties": {
        "name": "Rue Capitaine Pellegrin / Rue Mauzan",
        "context": "Gap, Hautes-Alpes",
        "citycode": "05061",
        "depcode": "05"
      }
    },
    {
      "type": "Feature",
      "geometry": {
        "type": "Point",
        "coordinates": [
          6.078237093,
          44.556884301
        ]
      },
      "properties": {
        "name": "Rue Carnot N85 / Impasse de la Retrache",
        "context": "Gap, Hautes-Alpes",
        "citycode": "05061",
        "depcode": "05"
      }
    },
    {
      "type": "Feature",
      "geometry": {
        "type": "Point",
        "coordinates": [
          6.080975863,
          44.560004883
        ]
      },
      "properties": {
        "name": "Rue Carnot N85 / Place Alsace-Lorraine",
        "context": "Gap, Hautes-Alpes",
        "citycode": "05061",
        "depcode": "05"
      }
    },
    {
      "type": "Feature",
      "geometry": {
        "type": "Point",
        "coordinates": [
          6.077187001,
          44.556557248
        ]
      },
      "properties": {
        "name": "Rue Carnot N85 / Place Frédéric Euzières N85",
        "context": "Gap, Hautes-Alpes",
        "citycode": "05061",
        "depcode": "05"
      }
    },
    {
      "type": "Feature",
      "geometry": {
        "type": "Point",
        "coordinates": [
          6.078184394,
          44.556894658
        ]
      },
      "properties": {
        "name": "Rue Carnot N85 / Rue de l'Odéon",
        "context": "Gap, Hautes-Alpes",
        "citycode": "05061",
        "depcode": "05"
      }
    },
    {
      "type": "Feature",
      "geometry": {
        "type": "Point",
        "coordinates": [
          6.079373973,
          44.557523473
        ]
      },
      "properties": {
        "name": "Rue Carnot N85 / Rue de la Terrasse",
        "context": "Gap, Hautes-Alpes",
        "citycode": "05061",
        "depcode": "05"
      }
    },
    {
      "type": "Feature",
      "geometry": {
        "type": "Point",
        "coordinates": [
          6.077212776,
          44.556549575
        ]
      },
      "properties": {
        "name": "Rue Carnot N85 / Rue de Valserres",
        "context": "Gap, Hautes-Alpes",
        "citycode": "05061",
        "depcode": "05"
      }
    },
    {
      "type": "Feature",
      "geometry": {
        "type": "Point",
        "coordinates": [
          6.079624776,
          44.557693221
        ]
      },
      "properties": {
        "name": "Rue Carnot N85 / Rue du Docteur Roubaud",
        "context": "Gap, Hautes-Alpes",
        "citycode": "05061",
        "depcode": "05"
      }
    },
    {
      "type": "Feature",
      "geometry": {
        "type": "Point",
        "coordinates": [
          6.077354648,
          44.556621127
        ]
      },
      "properties": {
        "name": "Rue Carnot N85 / Rue Saint-Arey",
        "context": "Gap, Hautes-Alpes",
        "citycode": "05061",
        "depcode": "05"
      }
    },
    {
      "type": "Feature",
      "geometry": {
        "type": "Point",
        "coordinates": [
          6.079640522,
          44.557660539
        ]
      },
      "properties": {
        "name": "Rue Carnot N85 / Rue Vallon Corse",
        "context": "Gap, Hautes-Alpes",
        "citycode": "05061",
        "depcode": "05"
      }
    },
    {
      "type": "Feature",
      "geometry": {
        "type": "Point",
        "coordinates": [
          6.079998609,
          44.558005695
        ]
      },
      "properties": {
        "name": "Rue Carnot N85 / Rue Villars",
        "context": "Gap, Hautes-Alpes",
        "citycode": "05061",
        "depcode": "05"
      }
    },
    {
      "type": "Feature",
      "geometry": {
        "type": "Point",
        "coordinates": [
          6.076398759,
          44.558322415
        ]
      },
      "properties": {
        "name": "Rue Champollion / Rue Louis Balmens",
        "context": "Gap, Hautes-Alpes",
        "citycode": "05061",
        "depcode": "05"
      }
    },
    {
      "type": "Feature",
      "geometry": {
        "type": "Point",
        "coordinates": [
          6.076131373,
          44.557698725
        ]
      },
      "properties": {
        "name": "Rue Champollion / Rue Saint-Arey",
        "context": "Gap, Hautes-Alpes",
        "citycode": "05061",
        "depcode": "05"
      }
    },
    {
      "type": "Feature",
      "geometry": {
        "type": "Point",
        "coordinates": [
          6.108817515,
          44.578109146
        ]
      },
      "properties": {
        "name": "Rue Chantebise / Route de la Reyberte D92",
        "context": "Gap, Hautes-Alpes",
        "citycode": "05061",
        "depcode": "05"
      }
    },
    {
      "type": "Feature",
      "geometry": {
        "type": "Point",
        "coordinates": [
          6.06575739,
          44.577769258
        ]
      },
      "properties": {
        "name": "Rue Charles Aurouze / Chemin des Gontiers",
        "context": "Gap, Hautes-Alpes",
        "citycode": "05061",
        "depcode": "05"
      }
    },
    {
      "type": "Feature",
      "geometry": {
        "type": "Point",
        "coordinates": [
          6.065781994,
          44.577702556
        ]
      },
      "properties": {
        "name": "Rue Charles Aurouze / Chemin du Clos de Charance",
        "context": "Gap, Hautes-Alpes",
        "citycode": "05061",
        "depcode": "05"
      }
    },
    {
      "type": "Feature",
      "geometry": {
        "type": "Point",
        "coordinates": [
          6.069306967,
          44.571472086
        ]
      },
      "properties": {
        "name": "Rue Charles Aurouze / Rocade de Gap Séquence 2 N1085",
        "context": "Gap, Hautes-Alpes",
        "citycode": "05061",
        "depcode": "05"
      }
    },
    {
      "type": "Feature",
      "geometry": {
        "type": "Point",
        "coordinates": [
          6.069513859,
          44.571419579
        ]
      },
      "properties": {
        "name": "Rue Charles Aurouze / Rond-Point des Aurouzes",
        "context": "Gap, Hautes-Alpes",
        "citycode": "05061",
        "depcode": "05"
      }
    },
    {
      "type": "Feature",
      "geometry": {
        "type": "Point",
        "coordinates": [
          6.079670628,
          44.566327646
        ]
      },
      "properties": {
        "name": "Rue Charles Aurouze / Rue Aubanel",
        "context": "Gap, Hautes-Alpes",
        "citycode": "05061",
        "depcode": "05"
      }
    },
    {
      "type": "Feature",
      "geometry": {
        "type": "Point",
        "coordinates": [
          6.078586562,
          44.563704821
        ]
      },
      "properties": {
        "name": "Rue Charles Aurouze / Rue de Camargue",
        "context": "Gap, Hautes-Alpes",
        "citycode": "05061",
        "depcode": "05"
      }
    },
    {
      "type": "Feature",
      "geometry": {
        "type": "Point",
        "coordinates": [
          6.07823329,
          44.563102122
        ]
      },
      "properties": {
        "name": "Rue Charles Aurouze / Rue du Parc Saint-Joseph",
        "context": "Gap, Hautes-Alpes",
        "citycode": "05061",
        "depcode": "05"
      }
    },
    {
      "type": "Feature",
      "geometry": {
        "type": "Point",
        "coordinates": [
          6.104030676,
          44.581536999
        ]
      },
      "properties": {
        "name": "Rue Clair Site / Route du Col de Manse D292",
        "context": "Gap, Hautes-Alpes",
        "citycode": "05061",
        "depcode": "05"
      }
    },
    {
      "type": "Feature",
      "geometry": {
        "type": "Point",
        "coordinates": [
          6.104049604,
          44.581498711
        ]
      },
      "properties": {
        "name": "Rue Clair Site / Rue du Pré Neuf",
        "context": "Gap, Hautes-Alpes",
        "citycode": "05061",
        "depcode": "05"
      }
    },
    {
      "type": "Feature",
      "geometry": {
        "type": "Point",
        "coordinates": [
          6.091354561,
          44.570189952
        ]
      },
      "properties": {
        "name": "Rue Clair Soleil / Route du Forest d'Entrais",
        "context": "Gap, Hautes-Alpes",
        "citycode": "05061",
        "depcode": "05"
      }
    },
    {
      "type": "Feature",
      "geometry": {
        "type": "Point",
        "coordinates": [
          6.076143768,
          44.565398188
        ]
      },
      "properties": {
        "name": "Rue Colonel Piddington / Chemin de Crève Coeur",
        "context": "Gap, Hautes-Alpes",
        "citycode": "05061",
        "depcode": "05"
      }
    },
    {
      "type": "Feature",
      "geometry": {
        "type": "Point",
        "coordinates": [
          6.079451455,
          44.56607965
        ]
      },
      "properties": {
        "name": "Rue Colonel Piddington / Rue Charles Aurouze",
        "context": "Gap, Hautes-Alpes",
        "citycode": "05061",
        "depcode": "05"
      }
    },
    {
      "type": "Feature",
      "geometry": {
        "type": "Point",
        "coordinates": [
          6.074570247,
          44.560337145
        ]
      },
      "properties": {
        "name": "Rue Condorcet / Rue sous Puymaure",
        "context": "Gap, Hautes-Alpes",
        "citycode": "05061",
        "depcode": "05"
      }
    },
    {
      "type": "Feature",
      "geometry": {
        "type": "Point",
        "coordinates": [
          6.08032458,
          44.558770236
        ]
      },
      "properties": {
        "name": "Rue Courte / Passage Annie Ruau",
        "context": "Gap, Hautes-Alpes",
        "citycode": "05061",
        "depcode": "05"
      }
    },
    {
      "type": "Feature",
      "geometry": {
        "type": "Point",
        "coordinates": [
          6.080428676,
          44.558954709
        ]
      },
      "properties": {
        "name": "Rue Courte / Rue des Remparts",
        "context": "Gap, Hautes-Alpes",
        "citycode": "05061",
        "depcode": "05"
      }
    },
    {
      "type": "Feature",
      "geometry": {
        "type": "Point",
        "coordinates": [
          6.080443809,
          44.558936083
        ]
      },
      "properties": {
        "name": "Rue Courte / Rue Élisée",
        "context": "Gap, Hautes-Alpes",
        "citycode": "05061",
        "depcode": "05"
      }
    },
    {
      "type": "Feature",
      "geometry": {
        "type": "Point",
        "coordinates": [
          6.076412076,
          44.556273815
        ]
      },
      "properties": {
        "name": "Rue Cyprien Chaix / Avenue Jean Jaurès N85",
        "context": "Gap, Hautes-Alpes",
        "citycode": "05061",
        "depcode": "05"
      }
    },
    {
      "type": "Feature",
      "geometry": {
        "type": "Point",
        "coordinates": [
          6.077607253,
          44.555479477
        ]
      },
      "properties": {
        "name": "Rue Cyprien Chaix / Boulevard Georges Pompidou N85",
        "context": "Gap, Hautes-Alpes",
        "citycode": "05061",
        "depcode": "05"
      }
    },
    {
      "type": "Feature",
      "geometry": {
        "type": "Point",
        "coordinates": [
          6.077173808,
          44.555822659
        ]
      },
      "properties": {
        "name": "Rue Cyprien Chaix / Rue du Canal",
        "context": "Gap, Hautes-Alpes",
        "citycode": "05061",
        "depcode": "05"
      }
    },
    {
      "type": "Feature",
      "geometry": {
        "type": "Point",
        "coordinates": [
          6.081182173,
          44.560362352
        ]
      },
      "properties": {
        "name": "Rue d'Abon / Rue Carnot N85",
        "context": "Gap, Hautes-Alpes",
        "citycode": "05061",
        "depcode": "05"
      }
    },
    {
      "type": "Feature",
      "geometry": {
        "type": "Point",
        "coordinates": [
          6.082508111,
          44.559167065
        ]
      },
      "properties": {
        "name": "Rue d'Abon / Rue du Capitaine de Bresson",
        "context": "Gap, Hautes-Alpes",
        "citycode": "05061",
        "depcode": "05"
      }
    },
    {
      "type": "Feature",
      "geometry": {
        "type": "Point",
        "coordinates": [
          6.081177946,
          44.560383085
        ]
      },
      "properties": {
        "name": "Rue d'Abon / Rue Pasteur",
        "context": "Gap, Hautes-Alpes",
        "citycode": "05061",
        "depcode": "05"
      }
    },
    {
      "type": "Feature",
      "geometry": {
        "type": "Point",
        "coordinates": [
          6.07667088,
          44.558782561
        ]
      },
      "properties": {
        "name": "Rue David Martin / Place de la République",
        "context": "Gap, Hautes-Alpes",
        "citycode": "05061",
        "depcode": "05"
      }
    },
    {
      "type": "Feature",
      "geometry": {
        "type": "Point",
        "coordinates": [
          6.076414914,
          44.558343374
        ]
      },
      "properties": {
        "name": "Rue David Martin / Rue Champollion",
        "context": "Gap, Hautes-Alpes",
        "citycode": "05061",
        "depcode": "05"
      }
    },
    {
      "type": "Feature",
      "geometry": {
        "type": "Point",
        "coordinates": [
          6.077292365,
          44.560051397
        ]
      },
      "properties": {
        "name": "Rue David Martin / Rue de la Charité",
        "context": "Gap, Hautes-Alpes",
        "citycode": "05061",
        "depcode": "05"
      }
    },
    {
      "type": "Feature",
      "geometry": {
        "type": "Point",
        "coordinates": [
          6.076575475,
          44.559048259
        ]
      },
      "properties": {
        "name": "Rue David Martin / Rue du Cadet de Charance",
        "context": "Gap, Hautes-Alpes",
        "citycode": "05061",
        "depcode": "05"
      }
    },
    {
      "type": "Feature",
      "geometry": {
        "type": "Point",
        "coordinates": [
          6.077154565,
          44.559999719
        ]
      },
      "properties": {
        "name": "Rue David Martin / Rue Jean Eymar",
        "context": "Gap, Hautes-Alpes",
        "citycode": "05061",
        "depcode": "05"
      }
    },
    {
      "type": "Feature",
      "geometry": {
        "type": "Point",
        "coordinates": [
          6.07638425,
          44.558358762
        ]
      },
      "properties": {
        "name": "Rue David Martin / Rue Louis Balmens",
        "context": "Gap, Hautes-Alpes",
        "citycode": "05061",
        "depcode": "05"
      }
    },
    {
      "type": "Feature",
      "geometry": {
        "type": "Point",
        "coordinates": [
          6.077101155,
          44.559829217
        ]
      },
      "properties": {
        "name": "Rue David Martin / Rue Saint-Dominique",
        "context": "Gap, Hautes-Alpes",
        "citycode": "05061",
        "depcode": "05"
      }
    },
    {
      "type": "Feature",
      "geometry": {
        "type": "Point",
        "coordinates": [
          6.079912159,
          44.565537819
        ]
      },
      "properties": {
        "name": "Rue David Meyer / Rue Albert Blanc",
        "context": "Gap, Hautes-Alpes",
        "citycode": "05061",
        "depcode": "05"
      }
    },
    {
      "type": "Feature",
      "geometry": {
        "type": "Point",
        "coordinates": [
          6.080662618,
          44.56550918
        ]
      },
      "properties": {
        "name": "Rue David Meyer / Rue Aubanel",
        "context": "Gap, Hautes-Alpes",
        "citycode": "05061",
        "depcode": "05"
      }
    },
    {
      "type": "Feature",
      "geometry": {
        "type": "Point",
        "coordinates": [
          6.051971358,
          44.53456389
        ]
      },
      "properties": {
        "name": "Rue de Belle au Aureille / Route de Graffinel",
        "context": "Gap, Hautes-Alpes",
        "citycode": "05061",
        "depcode": "05"
      }
    },
    {
      "type": "Feature",
      "geometry": {
        "type": "Point",
        "coordinates": [
          6.07646244,
          44.572731995
        ]
      },
      "properties": {
        "name": "Rue de Bonne / Avenue du Commandant Dumont N85",
        "context": "Gap, Hautes-Alpes",
        "citycode": "05061",
        "depcode": "05"
      }
    },
    {
      "type": "Feature",
      "geometry": {
        "type": "Point",
        "coordinates": [
          6.081733753,
          44.566596026
        ]
      },
      "properties": {
        "name": "Rue de Bonne / Chemin de Bonne",
        "context": "Gap, Hautes-Alpes",
        "citycode": "05061",
        "depcode": "05"
      }
    },
    {
      "type": "Feature",
      "geometry": {
        "type": "Point",
        "coordinates": [
          6.076452216,
          44.572810753
        ]
      },
      "properties": {
        "name": "Rue de Bonne / Rocade de Gap Séquence 3 Construction",
        "context": "Gap, Hautes-Alpes",
        "citycode": "05061",
        "depcode": "05"
      }
    },
    {
      "type": "Feature",
      "geometry": {
        "type": "Point",
        "coordinates": [
          6.076404211,
          44.572771302
        ]
      },
      "properties": {
        "name": "Rue de Bonne / Route Napoléon N85",
        "context": "Gap, Hautes-Alpes",
        "citycode": "05061",
        "depcode": "05"
      }
    },
    {
      "type": "Feature",
      "geometry": {
        "type": "Point",
        "coordinates": [
          6.081739394,
          44.566622276
        ]
      },
      "properties": {
        "name": "Rue de Bonne / Rue des Champsaurins",
        "context": "Gap, Hautes-Alpes",
        "citycode": "05061",
        "depcode": "05"
      }
    },
    {
      "type": "Feature",
      "geometry": {
        "type": "Point",
        "coordinates": [
          6.081162469,
          44.56368553
        ]
      },
      "properties": {
        "name": "Rue de Camargue / Rue Aubanel",
        "context": "Gap, Hautes-Alpes",
        "citycode": "05061",
        "depcode": "05"
      }
    },
    {
      "type": "Feature",
      "geometry": {
        "type": "Point",
        "coordinates": [
          6.08119517,
          44.563663639
        ]
      },
      "properties": {
        "name": "Rue de Camargue / Rue des Jardins",
        "context": "Gap, Hautes-Alpes",
        "citycode": "05061",
        "depcode": "05"
      }
    },
    {
      "type": "Feature",
      "geometry": {
        "type": "Point",
        "coordinates": [
          6.085967658,
          44.570678532
        ]
      },
      "properties": {
        "name": "Rue de Ceuze / Avenue de Bure",
        "context": "Gap, Hautes-Alpes",
        "citycode": "05061",
        "depcode": "05"
      }
    },
    {
      "type": "Feature",
      "geometry": {
        "type": "Point",
        "coordinates": [
          6.087356497,
          44.570942661
        ]
      },
      "properties": {
        "name": "Rue de Ceuze / Rue des Autanes",
        "context": "Gap, Hautes-Alpes",
        "citycode": "05061",
        "depcode": "05"
      }
    },
    {
      "type": "Feature",
      "geometry": {
        "type": "Point",
        "coordinates": [
          6.04864156,
          44.54415879
        ]
      },
      "properties": {
        "name": "Rue de Ceuzette / Rue du Grand Morgon",
        "context": "Gap, Hautes-Alpes",
        "citycode": "05061",
        "depcode": "05"
      }
    },
    {
      "type": "Feature",
      "geometry": {
        "type": "Point",
        "coordinates": [
          6.086913398,
          44.571497336
        ]
      },
      "properties": {
        "name": "Rue de Chaillol / Rue des Autanes",
        "context": "Gap, Hautes-Alpes",
        "citycode": "05061",
        "depcode": "05"
      }
    },
    {
      "type": "Feature",
      "geometry": {
        "type": "Point",
        "coordinates": [
          6.087354574,
          44.570853272
        ]
      },
      "properties": {
        "name": "Rue de Chaudin / Rue des Autanes",
        "context": "Gap, Hautes-Alpes",
        "citycode": "05061",
        "depcode": "05"
      }
    },
    {
      "type": "Feature",
      "geometry": {
        "type": "Point",
        "coordinates": [
          6.079216074,
          44.557826516
        ]
      },
      "properties": {
        "name": "Rue de Chaussières / Rue de la Terrasse",
        "context": "Gap, Hautes-Alpes",
        "citycode": "05061",
        "depcode": "05"
      }
    },
    {
      "type": "Feature",
      "geometry": {
        "type": "Point",
        "coordinates": [
          6.079438536,
          44.557889698
        ]
      },
      "properties": {
        "name": "Rue de Chaussières / Rue du Docteur Roubaud",
        "context": "Gap, Hautes-Alpes",
        "citycode": "05061",
        "depcode": "05"
      }
    },
    {
      "type": "Feature",
      "geometry": {
        "type": "Point",
        "coordinates": [
          6.06860149,
          44.563684471
        ]
      },
      "properties": {
        "name": "Rue de Costeplane / Chemin de Puymaure",
        "context": "Gap, Hautes-Alpes",
        "citycode": "05061",
        "depcode": "05"
      }
    },
    {
      "type": "Feature",
      "geometry": {
        "type": "Point",
        "coordinates": [
          6.067910801,
          44.564882914
        ]
      },
      "properties": {
        "name": "Rue de Costeplane / Rue de Sauveterre",
        "context": "Gap, Hautes-Alpes",
        "citycode": "05061",
        "depcode": "05"
      }
    },
    {
      "type": "Feature",
      "geometry": {
        "type": "Point",
        "coordinates": [
          6.057526513,
          44.570484201
        ]
      },
      "properties": {
        "name": "Rue de Félicité / Avenue de Charance",
        "context": "Gap, Hautes-Alpes",
        "citycode": "05061",
        "depcode": "05"
      }
    },
    {
      "type": "Feature",
      "geometry": {
        "type": "Point",
        "coordinates": [
          6.109983347,
          44.580767135
        ]
      },
      "properties": {
        "name": "Rue de Fontanouvelle D92 / Route de Champs Forain D92",
        "context": "Gap, Hautes-Alpes",
        "citycode": "05061",
        "depcode": "05"
      }
    },
    {
      "type": "Feature",
      "geometry": {
        "type": "Point",
        "coordinates": [
          6.061524321,
          44.544294299
        ]
      },
      "properties": {
        "name": "Rue de Fontreyne / Avenue François Mitterrand N85",
        "context": "Gap, Hautes-Alpes",
        "citycode": "05061",
        "depcode": "05"
      }
    },
    {
      "type": "Feature",
      "geometry": {
        "type": "Point",
        "coordinates": [
          6.061092553,
          44.544525038
        ]
      },
      "properties": {
        "name": "Rue de Fontreyne / Rue des Coquelicots",
        "context": "Gap, Hautes-Alpes",
        "citycode": "05061",
        "depcode": "05"
      }
    },
    {
      "type": "Feature",
      "geometry": {
        "type": "Point",
        "coordinates": [
          6.058803891,
          44.54509938
        ]
      },
      "properties": {
        "name": "Rue de Fontreyne / Rue des Myosotis",
        "context": "Gap, Hautes-Alpes",
        "citycode": "05061",
        "depcode": "05"
      }
    },
    {
      "type": "Feature",
      "geometry": {
        "type": "Point",
        "coordinates": [
          6.0594464,
          44.544912228
        ]
      },
      "properties": {
        "name": "Rue de Fontreyne / Rue du Bosquet",
        "context": "Gap, Hautes-Alpes",
        "citycode": "05061",
        "depcode": "05"
      }
    },
    {
      "type": "Feature",
      "geometry": {
        "type": "Point",
        "coordinates": [
          6.089502414,
          44.569622278
        ]
      },
      "properties": {
        "name": "Rue de Forest / Avenue de Bure",
        "context": "Gap, Hautes-Alpes",
        "citycode": "05061",
        "depcode": "05"
      }
    },
    {
      "type": "Feature",
      "geometry": {
        "type": "Point",
        "coordinates": [
          6.089502478,
          44.569623379
        ]
      },
      "properties": {
        "name": "Rue de Forest / Route du Forest",
        "context": "Gap, Hautes-Alpes",
        "citycode": "05061",
        "depcode": "05"
      }
    },
    {
      "type": "Feature",
      "geometry": {
        "type": "Point",
        "coordinates": [
          6.091054989,
          44.569956537
        ]
      },
      "properties": {
        "name": "Rue de Forest / Route du Forest d'Entrais",
        "context": "Gap, Hautes-Alpes",
        "citycode": "05061",
        "depcode": "05"
      }
    },
    {
      "type": "Feature",
      "geometry": {
        "type": "Point",
        "coordinates": [
          6.080698575,
          44.560027037
        ]
      },
      "properties": {
        "name": "Rue de France / Place Alsace-Lorraine",
        "context": "Gap, Hautes-Alpes",
        "citycode": "05061",
        "depcode": "05"
      }
    },
    {
      "type": "Feature",
      "geometry": {
        "type": "Point",
        "coordinates": [
          6.079925207,
          44.559234279
        ]
      },
      "properties": {
        "name": "Rue de France / Place Jean Marcellin",
        "context": "Gap, Hautes-Alpes",
        "citycode": "05061",
        "depcode": "05"
      }
    },
    {
      "type": "Feature",
      "geometry": {
        "type": "Point",
        "coordinates": [
          6.083269951,
          44.568717967
        ]
      },
      "properties": {
        "name": "Rue de l'Ange Roubaud / Avenue du Commandant Dumont N85",
        "context": "Gap, Hautes-Alpes",
        "citycode": "05061",
        "depcode": "05"
      }
    },
    {
      "type": "Feature",
      "geometry": {
        "type": "Point",
        "coordinates": [
          6.081013008,
          44.568599475
        ]
      },
      "properties": {
        "name": "Rue de l'Ange Roubaud / Rue de Bonne",
        "context": "Gap, Hautes-Alpes",
        "citycode": "05061",
        "depcode": "05"
      }
    },
    {
      "type": "Feature",
      "geometry": {
        "type": "Point",
        "coordinates": [
          6.083193345,
          44.56865128
        ]
      },
      "properties": {
        "name": "Rue de l'Ange Roubaud / Rue des Fleurs",
        "context": "Gap, Hautes-Alpes",
        "citycode": "05061",
        "depcode": "05"
      }
    },
    {
      "type": "Feature",
      "geometry": {
        "type": "Point",
        "coordinates": [
          6.08181657,
          44.568642729
        ]
      },
      "properties": {
        "name": "Rue de l'Ange Roubaud / Rue des Lilas",
        "context": "Gap, Hautes-Alpes",
        "citycode": "05061",
        "depcode": "05"
      }
    },
    {
      "type": "Feature",
      "geometry": {
        "type": "Point",
        "coordinates": [
          6.103540905,
          44.561781642
        ]
      },
      "properties": {
        "name": "Rue de l'Arc-en-Ciel / Rue du Sirac",
        "context": "Gap, Hautes-Alpes",
        "citycode": "05061",
        "depcode": "05"
      }
    },
    {
      "type": "Feature",
      "geometry": {
        "type": "Point",
        "coordinates": [
          6.065199507,
          44.549807393
        ]
      },
      "properties": {
        "name": "Rue de l'Espéranto / Rue des Sagnières",
        "context": "Gap, Hautes-Alpes",
        "citycode": "05061",
        "depcode": "05"
      }
    },
    {
      "type": "Feature",
      "geometry": {
        "type": "Point",
        "coordinates": [
          6.079178196,
          44.559181883
        ]
      },
      "properties": {
        "name": "Rue de l'Imprimerie / Rue du Centre",
        "context": "Gap, Hautes-Alpes",
        "citycode": "05061",
        "depcode": "05"
      }
    },
    {
      "type": "Feature",
      "geometry": {
        "type": "Point",
        "coordinates": [
          6.079008082,
          44.559520798
        ]
      },
      "properties": {
        "name": "Rue de l'Imprimerie / Rue du Four Neuf",
        "context": "Gap, Hautes-Alpes",
        "citycode": "05061",
        "depcode": "05"
      }
    },
    {
      "type": "Feature",
      "geometry": {
        "type": "Point",
        "coordinates": [
          6.078853688,
          44.559899254
        ]
      },
      "properties": {
        "name": "Rue de l'Imprimerie / Rue Pasteur",
        "context": "Gap, Hautes-Alpes",
        "citycode": "05061",
        "depcode": "05"
      }
    },
    {
      "type": "Feature",
      "geometry": {
        "type": "Point",
        "coordinates": [
          6.077534988,
          44.55758511
        ]
      },
      "properties": {
        "name": "Rue de l'Odéon / Place Saint-Arnoux",
        "context": "Gap, Hautes-Alpes",
        "citycode": "05061",
        "depcode": "05"
      }
    },
    {
      "type": "Feature",
      "geometry": {
        "type": "Point",
        "coordinates": [
          6.078046825,
          44.55711895
        ]
      },
      "properties": {
        "name": "Rue de l'Odéon / Rue des Écoles",
        "context": "Gap, Hautes-Alpes",
        "citycode": "05061",
        "depcode": "05"
      }
    },
    {
      "type": "Feature",
      "geometry": {
        "type": "Point",
        "coordinates": [
          6.077876267,
          44.557304002
        ]
      },
      "properties": {
        "name": "Rue de l'Odéon / Rue du Colonel Roux",
        "context": "Gap, Hautes-Alpes",
        "citycode": "05061",
        "depcode": "05"
      }
    },
    {
      "type": "Feature",
      "geometry": {
        "type": "Point",
        "coordinates": [
          6.096652612,
          44.568441602
        ]
      },
      "properties": {
        "name": "Rue de l'Usine Nestlé / Rue des Silos",
        "context": "Gap, Hautes-Alpes",
        "citycode": "05061",
        "depcode": "05"
      }
    },
    {
      "type": "Feature",
      "geometry": {
        "type": "Point",
        "coordinates": [
          6.0967732,
          44.568413819
        ]
      },
      "properties": {
        "name": "Rue de l'Usine Nestlé / Rue du Chatelard",
        "context": "Gap, Hautes-Alpes",
        "citycode": "05061",
        "depcode": "05"
      }
    },
    {
      "type": "Feature",
      "geometry": {
        "type": "Point",
        "coordinates": [
          6.096711458,
          44.568529023
        ]
      },
      "properties": {
        "name": "Rue de l'Usine Nestlé / Rue du Plan",
        "context": "Gap, Hautes-Alpes",
        "citycode": "05061",
        "depcode": "05"
      }
    },
    {
      "type": "Feature",
      "geometry": {
        "type": "Point",
        "coordinates": [
          6.1076461,
          44.566867946
        ]
      },
      "properties": {
        "name": "Rue de la Boiserie / Route de la Justice",
        "context": "Gap, Hautes-Alpes",
        "citycode": "05061",
        "depcode": "05"
      }
    },
    {
      "type": "Feature",
      "geometry": {
        "type": "Point",
        "coordinates": [
          6.078184222,
          44.557489113
        ]
      },
      "properties": {
        "name": "Rue de la Cathédrale / Place Jules Ferry",
        "context": "Gap, Hautes-Alpes",
        "citycode": "05061",
        "depcode": "05"
      }
    },
    {
      "type": "Feature",
      "geometry": {
        "type": "Point",
        "coordinates": [
          6.077874975,
          44.557787341
        ]
      },
      "properties": {
        "name": "Rue de la Cathédrale / Place Saint-Arnoux",
        "context": "Gap, Hautes-Alpes",
        "citycode": "05061",
        "depcode": "05"
      }
    },
    {
      "type": "Feature",
      "geometry": {
        "type": "Point",
        "coordinates": [
          6.078187749,
          44.557499714
        ]
      },
      "properties": {
        "name": "Rue de la Cathédrale / Rue du Colonel Roux",
        "context": "Gap, Hautes-Alpes",
        "citycode": "05061",
        "depcode": "05"
      }
    },
    {
      "type": "Feature",
      "geometry": {
        "type": "Point",
        "coordinates": [
          6.070060543,
          44.554904746
        ]
      },
      "properties": {
        "name": "Rue de la Chapelle / Rue du Pré de Foire",
        "context": "Gap, Hautes-Alpes",
        "citycode": "05061",
        "depcode": "05"
      }
    },
    {
      "type": "Feature",
      "geometry": {
        "type": "Point",
        "coordinates": [
          6.077192421,
          44.560429451
        ]
      },
      "properties": {
        "name": "Rue de la Charité / Boulevard de la Libération D994",
        "context": "Gap, Hautes-Alpes",
        "citycode": "05061",
        "depcode": "05"
      }
    },
    {
      "type": "Feature",
      "geometry": {
        "type": "Point",
        "coordinates": [
          6.077283468,
          44.560080424
        ]
      },
      "properties": {
        "name": "Rue de la Charité / Rue David Martin",
        "context": "Gap, Hautes-Alpes",
        "citycode": "05061",
        "depcode": "05"
      }
    },
    {
      "type": "Feature",
      "geometry": {
        "type": "Point",
        "coordinates": [
          6.077354319,
          44.560105272
        ]
      },
      "properties": {
        "name": "Rue de la Charité / Rue Jean Eymar",
        "context": "Gap, Hautes-Alpes",
        "citycode": "05061",
        "depcode": "05"
      }
    },
    {
      "type": "Feature",
      "geometry": {
        "type": "Point",
        "coordinates": [
          6.054906924,
          44.548706182
        ]
      },
      "properties": {
        "name": "Rue de la Charmille / Route des Eyssagnières",
        "context": "Gap, Hautes-Alpes",
        "citycode": "05061",
        "depcode": "05"
      }
    },
    {
      "type": "Feature",
      "geometry": {
        "type": "Point",
        "coordinates": [
          6.055464094,
          44.547779079
        ]
      },
      "properties": {
        "name": "Rue de la Charmille / Rue des Boutons d'Or",
        "context": "Gap, Hautes-Alpes",
        "citycode": "05061",
        "depcode": "05"
      }
    },
    {
      "type": "Feature",
      "geometry": {
        "type": "Point",
        "coordinates": [
          6.061563391,
          44.552213556
        ]
      },
      "properties": {
        "name": "Rue de la Clarée / Rue du Guil",
        "context": "Gap, Hautes-Alpes",
        "citycode": "05061",
        "depcode": "05"
      }
    },
    {
      "type": "Feature",
      "geometry": {
        "type": "Point",
        "coordinates": [
          6.06213083,
          44.550494283
        ]
      },
      "properties": {
        "name": "Rue de la Durance / Allée des Sources",
        "context": "Gap, Hautes-Alpes",
        "citycode": "05061",
        "depcode": "05"
      }
    },
    {
      "type": "Feature",
      "geometry": {
        "type": "Point",
        "coordinates": [
          6.062569558,
          44.550749413
        ]
      },
      "properties": {
        "name": "Rue de la Durance / Rue de la Guisane",
        "context": "Gap, Hautes-Alpes",
        "citycode": "05061",
        "depcode": "05"
      }
    },
    {
      "type": "Feature",
      "geometry": {
        "type": "Point",
        "coordinates": [
          6.062147835,
          44.550495216
        ]
      },
      "properties": {
        "name": "Rue de la Durance / Rue du Buëch",
        "context": "Gap, Hautes-Alpes",
        "citycode": "05061",
        "depcode": "05"
      }
    },
    {
      "type": "Feature",
      "geometry": {
        "type": "Point",
        "coordinates": [
          6.066864193,
          44.553524593
        ]
      },
      "properties": {
        "name": "Rue de la Durance / Rue Roland Garros",
        "context": "Gap, Hautes-Alpes",
        "citycode": "05061",
        "depcode": "05"
      }
    },
    {
      "type": "Feature",
      "geometry": {
        "type": "Point",
        "coordinates": [
          6.075984641,
          44.559842148
        ]
      },
      "properties": {
        "name": "Rue de la Gendarmerie / Boulevard Général Charles de Gaulle D91",
        "context": "Gap, Hautes-Alpes",
        "citycode": "05061",
        "depcode": "05"
      }
    },
    {
      "type": "Feature",
      "geometry": {
        "type": "Point",
        "coordinates": [
          6.075675121,
          44.559987017
        ]
      },
      "properties": {
        "name": "Rue de la Gendarmerie / Passage de l'Octroi",
        "context": "Gap, Hautes-Alpes",
        "citycode": "05061",
        "depcode": "05"
      }
    },
    {
      "type": "Feature",
      "geometry": {
        "type": "Point",
        "coordinates": [
          6.076728825,
          44.559320265
        ]
      },
      "properties": {
        "name": "Rue de la Gendarmerie / Rue David Martin",
        "context": "Gap, Hautes-Alpes",
        "citycode": "05061",
        "depcode": "05"
      }
    },
    {
      "type": "Feature",
      "geometry": {
        "type": "Point",
        "coordinates": [
          6.076703696,
          44.55927521
        ]
      },
      "properties": {
        "name": "Rue de la Gendarmerie / Rue du Cadet de Charance",
        "context": "Gap, Hautes-Alpes",
        "citycode": "05061",
        "depcode": "05"
      }
    },
    {
      "type": "Feature",
      "geometry": {
        "type": "Point",
        "coordinates": [
          6.076128839,
          44.559747156
        ]
      },
      "properties": {
        "name": "Rue de la Gendarmerie / Rue Jean Eymar",
        "context": "Gap, Hautes-Alpes",
        "citycode": "05061",
        "depcode": "05"
      }
    },
    {
      "type": "Feature",
      "geometry": {
        "type": "Point",
        "coordinates": [
          6.076143096,
          44.559635918
        ]
      },
      "properties": {
        "name": "Rue de la Gendarmerie / Rue Léon Olphe-Galliard",
        "context": "Gap, Hautes-Alpes",
        "citycode": "05061",
        "depcode": "05"
      }
    },
    {
      "type": "Feature",
      "geometry": {
        "type": "Point",
        "coordinates": [
          6.076742901,
          44.559330136
        ]
      },
      "properties": {
        "name": "Rue de la Gendarmerie / Rue Pasteur Prolongée",
        "context": "Gap, Hautes-Alpes",
        "citycode": "05061",
        "depcode": "05"
      }
    },
    {
      "type": "Feature",
      "geometry": {
        "type": "Point",
        "coordinates": [
          6.076429079,
          44.559458377
        ]
      },
      "properties": {
        "name": "Rue de la Gendarmerie / Rue Roumanille",
        "context": "Gap, Hautes-Alpes",
        "citycode": "05061",
        "depcode": "05"
      }
    },
    {
      "type": "Feature",
      "geometry": {
        "type": "Point",
        "coordinates": [
          6.076810977,
          44.559326888
        ]
      },
      "properties": {
        "name": "Rue de la Gendarmerie / Rue Trébaudon",
        "context": "Gap, Hautes-Alpes",
        "citycode": "05061",
        "depcode": "05"
      }
    },
    {
      "type": "Feature",
      "geometry": {
        "type": "Point",
        "coordinates": [
          6.06473347,
          44.553246947
        ]
      },
      "properties": {
        "name": "Rue de la Guisane / Rue de la Clarée",
        "context": "Gap, Hautes-Alpes",
        "citycode": "05061",
        "depcode": "05"
      }
    },
    {
      "type": "Feature",
      "geometry": {
        "type": "Point",
        "coordinates": [
          6.064726006,
          44.55325801
        ]
      },
      "properties": {
        "name": "Rue de la Guisane / Rue du Guil",
        "context": "Gap, Hautes-Alpes",
        "citycode": "05061",
        "depcode": "05"
      }
    },
    {
      "type": "Feature",
      "geometry": {
        "type": "Point",
        "coordinates": [
          6.078907229,
          44.554442317
        ]
      },
      "properties": {
        "name": "Rue de la Haute Étoile / Impasse 13",
        "context": "Gap, Hautes-Alpes",
        "citycode": "05061",
        "depcode": "05"
      }
    },
    {
      "type": "Feature",
      "geometry": {
        "type": "Point",
        "coordinates": [
          6.044671402,
          44.5402639
        ]
      },
      "properties": {
        "name": "Rue de la Meije / Impasse de l'Olan",
        "context": "Gap, Hautes-Alpes",
        "citycode": "05061",
        "depcode": "05"
      }
    },
    {
      "type": "Feature",
      "geometry": {
        "type": "Point",
        "coordinates": [
          6.045234574,
          44.540021078
        ]
      },
      "properties": {
        "name": "Rue de la Meije / Rue des Écrins",
        "context": "Gap, Hautes-Alpes",
        "citycode": "05061",
        "depcode": "05"
      }
    },
    {
      "type": "Feature",
      "geometry": {
        "type": "Point",
        "coordinates": [
          6.071847835,
          44.56664636
        ]
      },
      "properties": {
        "name": "Rue de la Petite Colline / Chemin de Crève Coeur",
        "context": "Gap, Hautes-Alpes",
        "citycode": "05061",
        "depcode": "05"
      }
    },
    {
      "type": "Feature",
      "geometry": {
        "type": "Point",
        "coordinates": [
          6.105950584,
          44.580547605
        ]
      },
      "properties": {
        "name": "Rue de la Porte Martel D92 / Rue de Villarobert D92",
        "context": "Gap, Hautes-Alpes",
        "citycode": "05061",
        "depcode": "05"
      }
    },
    {
      "type": "Feature",
      "geometry": {
        "type": "Point",
        "coordinates": [
          6.107041025,
          44.581523761
        ]
      },
      "properties": {
        "name": "Rue de la Porte Martel D92 / Rue du Bourg",
        "context": "Gap, Hautes-Alpes",
        "citycode": "05061",
        "depcode": "05"
      }
    },
    {
      "type": "Feature",
      "geometry": {
        "type": "Point",
        "coordinates": [
          6.076972041,
          44.557509799
        ]
      },
      "properties": {
        "name": "Rue de la Préfecture / Place Saint-Arnoux",
        "context": "Gap, Hautes-Alpes",
        "citycode": "05061",
        "depcode": "05"
      }
    },
    {
      "type": "Feature",
      "geometry": {
        "type": "Point",
        "coordinates": [
          6.076596607,
          44.557451808
        ]
      },
      "properties": {
        "name": "Rue de la Préfecture / Rue Saint-Arey",
        "context": "Gap, Hautes-Alpes",
        "citycode": "05061",
        "depcode": "05"
      }
    },
    {
      "type": "Feature",
      "geometry": {
        "type": "Point",
        "coordinates": [
          6.108691172,
          44.581205219
        ]
      },
      "properties": {
        "name": "Rue de la Rollande / Route de Champs Forain D92",
        "context": "Gap, Hautes-Alpes",
        "citycode": "05061",
        "depcode": "05"
      }
    },
    {
      "type": "Feature",
      "geometry": {
        "type": "Point",
        "coordinates": [
          6.107910193,
          44.582081172
        ]
      },
      "properties": {
        "name": "Rue de la Rollande / Rue du Roure",
        "context": "Gap, Hautes-Alpes",
        "citycode": "05061",
        "depcode": "05"
      }
    },
    {
      "type": "Feature",
      "geometry": {
        "type": "Point",
        "coordinates": [
          6.078968075,
          44.558033606
        ]
      },
      "properties": {
        "name": "Rue de la Terrasse / Rue du Colonel Roux",
        "context": "Gap, Hautes-Alpes",
        "citycode": "05061",
        "depcode": "05"
      }
    },
    {
      "type": "Feature",
      "geometry": {
        "type": "Point",
        "coordinates": [
          6.107140103,
          44.58151421
        ]
      },
      "properties": {
        "name": "Rue de la Tour / Place de la République D92",
        "context": "Gap, Hautes-Alpes",
        "citycode": "05061",
        "depcode": "05"
      }
    },
    {
      "type": "Feature",
      "geometry": {
        "type": "Point",
        "coordinates": [
          6.10720895,
          44.581510609
        ]
      },
      "properties": {
        "name": "Rue de la Tour / Route de Champs Forain D92",
        "context": "Gap, Hautes-Alpes",
        "citycode": "05061",
        "depcode": "05"
      }
    },
    {
      "type": "Feature",
      "geometry": {
        "type": "Point",
        "coordinates": [
          6.107035079,
          44.581500135
        ]
      },
      "properties": {
        "name": "Rue de la Tour / Rue de la Porte Martel D92",
        "context": "Gap, Hautes-Alpes",
        "citycode": "05061",
        "depcode": "05"
      }
    },
    {
      "type": "Feature",
      "geometry": {
        "type": "Point",
        "coordinates": [
          6.107122205,
          44.5815264
        ]
      },
      "properties": {
        "name": "Rue de la Tour / Rue du Bourg",
        "context": "Gap, Hautes-Alpes",
        "citycode": "05061",
        "depcode": "05"
      }
    },
    {
      "type": "Feature",
      "geometry": {
        "type": "Point",
        "coordinates": [
          6.107304017,
          44.580388878
        ]
      },
      "properties": {
        "name": "Rue de la Tour / Rue du Poyo",
        "context": "Gap, Hautes-Alpes",
        "citycode": "05061",
        "depcode": "05"
      }
    },
    {
      "type": "Feature",
      "geometry": {
        "type": "Point",
        "coordinates": [
          6.107215267,
          44.580733832
        ]
      },
      "properties": {
        "name": "Rue de la Tour / Rue du Prieuré",
        "context": "Gap, Hautes-Alpes",
        "citycode": "05061",
        "depcode": "05"
      }
    },
    {
      "type": "Feature",
      "geometry": {
        "type": "Point",
        "coordinates": [
          6.078956856,
          44.560999359
        ]
      },
      "properties": {
        "name": "Rue de la Tour du Verger / Boulevard de la Libération D994",
        "context": "Gap, Hautes-Alpes",
        "citycode": "05061",
        "depcode": "05"
      }
    },
    {
      "type": "Feature",
      "geometry": {
        "type": "Point",
        "coordinates": [
          6.076568027,
          44.560216792
        ]
      },
      "properties": {
        "name": "Rue de la Trésorerie / Boulevard de la Libération D994",
        "context": "Gap, Hautes-Alpes",
        "citycode": "05061",
        "depcode": "05"
      }
    },
    {
      "type": "Feature",
      "geometry": {
        "type": "Point",
        "coordinates": [
          6.076483966,
          44.560167938
        ]
      },
      "properties": {
        "name": "Rue de la Trésorerie / Boulevard Général Charles de Gaulle D91",
        "context": "Gap, Hautes-Alpes",
        "citycode": "05061",
        "depcode": "05"
      }
    },
    {
      "type": "Feature",
      "geometry": {
        "type": "Point",
        "coordinates": [
          6.076641064,
          44.559891174
        ]
      },
      "properties": {
        "name": "Rue de la Trésorerie / Rue Jean Eymar",
        "context": "Gap, Hautes-Alpes",
        "citycode": "05061",
        "depcode": "05"
      }
    },
    {
      "type": "Feature",
      "geometry": {
        "type": "Point",
        "coordinates": [
          6.076643996,
          44.5598792
        ]
      },
      "properties": {
        "name": "Rue de la Trésorerie / Rue Roumanille",
        "context": "Gap, Hautes-Alpes",
        "citycode": "05061",
        "depcode": "05"
      }
    },
    {
      "type": "Feature",
      "geometry": {
        "type": "Point",
        "coordinates": [
          6.082864364,
          44.572354214
        ]
      },
      "properties": {
        "name": "Rue de la Viste / Avenue du Commandant Dumont N85",
        "context": "Gap, Hautes-Alpes",
        "citycode": "05061",
        "depcode": "05"
      }
    },
    {
      "type": "Feature",
      "geometry": {
        "type": "Point",
        "coordinates": [
          6.047865398,
          44.530213732
        ]
      },
      "properties": {
        "name": "Rue de Malcombe / Impasse de Malcombe",
        "context": "Gap, Hautes-Alpes",
        "citycode": "05061",
        "depcode": "05"
      }
    },
    {
      "type": "Feature",
      "geometry": {
        "type": "Point",
        "coordinates": [
          6.085284007,
          44.559546752
        ]
      },
      "properties": {
        "name": "Rue de Narvik / Rue de Saint-Mens",
        "context": "Gap, Hautes-Alpes",
        "citycode": "05061",
        "depcode": "05"
      }
    },
    {
      "type": "Feature",
      "geometry": {
        "type": "Point",
        "coordinates": [
          6.054901344,
          44.552641627
        ]
      },
      "properties": {
        "name": "Rue de Pic Ponçon / Route des Eyssagnières D291",
        "context": "Gap, Hautes-Alpes",
        "citycode": "05061",
        "depcode": "05"
      }
    },
    {
      "type": "Feature",
      "geometry": {
        "type": "Point",
        "coordinates": [
          6.085900994,
          44.558788136
        ]
      },
      "properties": {
        "name": "Rue de Saint-Mens / Allée Raoul Vanderbecq",
        "context": "Gap, Hautes-Alpes",
        "citycode": "05061",
        "depcode": "05"
      }
    },
    {
      "type": "Feature",
      "geometry": {
        "type": "Point",
        "coordinates": [
          6.08441491,
          44.559811954
        ]
      },
      "properties": {
        "name": "Rue de Saint-Mens / Boulevard Georges Pompidou N85",
        "context": "Gap, Hautes-Alpes",
        "citycode": "05061",
        "depcode": "05"
      }
    },
    {
      "type": "Feature",
      "geometry": {
        "type": "Point",
        "coordinates": [
          6.084420664,
          44.55982294
        ]
      },
      "properties": {
        "name": "Rue de Saint-Mens / Boulevard Pierre et Marie Curie N85",
        "context": "Gap, Hautes-Alpes",
        "citycode": "05061",
        "depcode": "05"
      }
    },
    {
      "type": "Feature",
      "geometry": {
        "type": "Point",
        "coordinates": [
          6.084578671,
          44.559765399
        ]
      },
      "properties": {
        "name": "Rue de Saint-Mens / La Luye",
        "context": "Gap, Hautes-Alpes",
        "citycode": "05061",
        "depcode": "05"
      }
    },
    {
      "type": "Feature",
      "geometry": {
        "type": "Point",
        "coordinates": [
          6.084430826,
          44.559813304
        ]
      },
      "properties": {
        "name": "Rue de Saint-Mens / Rue du Capitaine de Bresson",
        "context": "Gap, Hautes-Alpes",
        "citycode": "05061",
        "depcode": "05"
      }
    },
    {
      "type": "Feature",
      "geometry": {
        "type": "Point",
        "coordinates": [
          6.068154444,
          44.56390928
        ]
      },
      "properties": {
        "name": "Rue de Sauveterre / Chemin de Puymaure",
        "context": "Gap, Hautes-Alpes",
        "citycode": "05061",
        "depcode": "05"
      }
    },
    {
      "type": "Feature",
      "geometry": {
        "type": "Point",
        "coordinates": [
          6.069478157,
          44.550731305
        ]
      },
      "properties": {
        "name": "Rue de Serrebourges / Avenue Jean Jaurès N85",
        "context": "Gap, Hautes-Alpes",
        "citycode": "05061",
        "depcode": "05"
      }
    },
    {
      "type": "Feature",
      "geometry": {
        "type": "Point",
        "coordinates": [
          6.067856646,
          44.551566749
        ]
      },
      "properties": {
        "name": "Rue de Serrebourges / Rue des Sagnières",
        "context": "Gap, Hautes-Alpes",
        "citycode": "05061",
        "depcode": "05"
      }
    },
    {
      "type": "Feature",
      "geometry": {
        "type": "Point",
        "coordinates": [
          6.067894941,
          44.551633527
        ]
      },
      "properties": {
        "name": "Rue de Serrebourges / Rue Saint-Exupéry",
        "context": "Gap, Hautes-Alpes",
        "citycode": "05061",
        "depcode": "05"
      }
    },
    {
      "type": "Feature",
      "geometry": {
        "type": "Point",
        "coordinates": [
          6.097092409,
          44.567309917
        ]
      },
      "properties": {
        "name": "Rue de Tokoro / Avenue Émile Didier N94",
        "context": "Gap, Hautes-Alpes",
        "citycode": "05061",
        "depcode": "05"
      }
    },
    {
      "type": "Feature",
      "geometry": {
        "type": "Point",
        "coordinates": [
          6.10185429,
          44.566897484
        ]
      },
      "properties": {
        "name": "Rue de Tokoro / Boulevard d'Orient",
        "context": "Gap, Hautes-Alpes",
        "citycode": "05061",
        "depcode": "05"
      }
    },
    {
      "type": "Feature",
      "geometry": {
        "type": "Point",
        "coordinates": [
          6.061249626,
          44.548709986
        ]
      },
      "properties": {
        "name": "Rue de Tournefave / Rue des Sagnières",
        "context": "Gap, Hautes-Alpes",
        "citycode": "05061",
        "depcode": "05"
      }
    },
    {
      "type": "Feature",
      "geometry": {
        "type": "Point",
        "coordinates": [
          6.060315809,
          44.551719316
        ]
      },
      "properties": {
        "name": "Rue de Tournefave / Rue du Drac",
        "context": "Gap, Hautes-Alpes",
        "citycode": "05061",
        "depcode": "05"
      }
    },
    {
      "type": "Feature",
      "geometry": {
        "type": "Point",
        "coordinates": [
          6.078667521,
          44.555838792
        ]
      },
      "properties": {
        "name": "Rue de Valserres D942A / Boulevard Georges Pompidou N85",
        "context": "Gap, Hautes-Alpes",
        "citycode": "05061",
        "depcode": "05"
      }
    },
    {
      "type": "Feature",
      "geometry": {
        "type": "Point",
        "coordinates": [
          6.078939219,
          44.554470838
        ]
      },
      "properties": {
        "name": "Rue de Valserres D942A / Impasse 13",
        "context": "Gap, Hautes-Alpes",
        "citycode": "05061",
        "depcode": "05"
      }
    },
    {
      "type": "Feature",
      "geometry": {
        "type": "Point",
        "coordinates": [
          6.078801923,
          44.555752373
        ]
      },
      "properties": {
        "name": "Rue de Valserres D942A / La Luye",
        "context": "Gap, Hautes-Alpes",
        "citycode": "05061",
        "depcode": "05"
      }
    },
    {
      "type": "Feature",
      "geometry": {
        "type": "Point",
        "coordinates": [
          6.077147359,
          44.556545866
        ]
      },
      "properties": {
        "name": "Rue de Valserres / Place Frédéric Euzières N85",
        "context": "Gap, Hautes-Alpes",
        "citycode": "05061",
        "depcode": "05"
      }
    },
    {
      "type": "Feature",
      "geometry": {
        "type": "Point",
        "coordinates": [
          6.078597854,
          44.55586365
        ]
      },
      "properties": {
        "name": "Rue de Valserres D942A / Rond-Point Gaston Julian",
        "context": "Gap, Hautes-Alpes",
        "citycode": "05061",
        "depcode": "05"
      }
    },
    {
      "type": "Feature",
      "geometry": {
        "type": "Point",
        "coordinates": [
          6.078700568,
          44.55352049
        ]
      },
      "properties": {
        "name": "Rue de Valserres D942A / Route de Sainte-Marguerite",
        "context": "Gap, Hautes-Alpes",
        "citycode": "05061",
        "depcode": "05"
      }
    },
    {
      "type": "Feature",
      "geometry": {
        "type": "Point",
        "coordinates": [
          6.077166683,
          44.556544541
        ]
      },
      "properties": {
        "name": "Rue de Valserres / Rue Carnot N85",
        "context": "Gap, Hautes-Alpes",
        "citycode": "05061",
        "depcode": "05"
      }
    },
    {
      "type": "Feature",
      "geometry": {
        "type": "Point",
        "coordinates": [
          6.078869792,
          44.554353507
        ]
      },
      "properties": {
        "name": "Rue de Valserres D942A / Rue de la Haute Étoile",
        "context": "Gap, Hautes-Alpes",
        "citycode": "05061",
        "depcode": "05"
      }
    },
    {
      "type": "Feature",
      "geometry": {
        "type": "Point",
        "coordinates": [
          6.07870372,
          44.553519101
        ]
      },
      "properties": {
        "name": "Rue de Valserres D942A / Rue de Valserres RoutedeValserres(D942A)",
        "context": "Gap, Hautes-Alpes",
        "citycode": "05061",
        "depcode": "05"
      }
    },
    {
      "type": "Feature",
      "geometry": {
        "type": "Point",
        "coordinates": [
          6.077428591,
          44.55628152
        ]
      },
      "properties": {
        "name": "Rue de Valserres / Rue du Canal",
        "context": "Gap, Hautes-Alpes",
        "citycode": "05061",
        "depcode": "05"
      }
    },
    {
      "type": "Feature",
      "geometry": {
        "type": "Point",
        "coordinates": [
          6.079049991,
          44.555524932
        ]
      },
      "properties": {
        "name": "Rue de Valserres D942A / Rue du Clair Logis",
        "context": "Gap, Hautes-Alpes",
        "citycode": "05061",
        "depcode": "05"
      }
    },
    {
      "type": "Feature",
      "geometry": {
        "type": "Point",
        "coordinates": [
          6.078763532,
          44.55571371
        ]
      },
      "properties": {
        "name": "Rue de Valserres D942A / Trottoir de la Médiathèque",
        "context": "Gap, Hautes-Alpes",
        "citycode": "05061",
        "depcode": "05"
      }
    },
    {
      "type": "Feature",
      "geometry": {
        "type": "Point",
        "coordinates": [
          6.079106596,
          44.569699634
        ]
      },
      "properties": {
        "name": "Rue de Varsie / Rue de Bonne",
        "context": "Gap, Hautes-Alpes",
        "citycode": "05061",
        "depcode": "05"
      }
    },
    {
      "type": "Feature",
      "geometry": {
        "type": "Point",
        "coordinates": [
          6.079989989,
          44.571399766
        ]
      },
      "properties": {
        "name": "Rue de Varsie / Rue des Glycines",
        "context": "Gap, Hautes-Alpes",
        "citycode": "05061",
        "depcode": "05"
      }
    },
    {
      "type": "Feature",
      "geometry": {
        "type": "Point",
        "coordinates": [
          6.079420189,
          44.570590445
        ]
      },
      "properties": {
        "name": "Rue de Varsie / Rue des Rosiers",
        "context": "Gap, Hautes-Alpes",
        "citycode": "05061",
        "depcode": "05"
      }
    },
    {
      "type": "Feature",
      "geometry": {
        "type": "Point",
        "coordinates": [
          6.07942241,
          44.570685715
        ]
      },
      "properties": {
        "name": "Rue de Varsie / Rue Perce Neige",
        "context": "Gap, Hautes-Alpes",
        "citycode": "05061",
        "depcode": "05"
      }
    },
    {
      "type": "Feature",
      "geometry": {
        "type": "Point",
        "coordinates": [
          6.084944591,
          44.571354553
        ]
      },
      "properties": {
        "name": "Rue de Villarobert D92 / Avenue de Bure",
        "context": "Gap, Hautes-Alpes",
        "citycode": "05061",
        "depcode": "05"
      }
    },
    {
      "type": "Feature",
      "geometry": {
        "type": "Point",
        "coordinates": [
          6.083210659,
          44.569862798
        ]
      },
      "properties": {
        "name": "Rue de Villarobert D92 / Avenue du Commandant Dumont N85",
        "context": "Gap, Hautes-Alpes",
        "citycode": "05061",
        "depcode": "05"
      }
    },
    {
      "type": "Feature",
      "geometry": {
        "type": "Point",
        "coordinates": [
          6.101072502,
          44.578739004
        ]
      },
      "properties": {
        "name": "Rue de Villarobert D92 / Le Buzon",
        "context": "Gap, Hautes-Alpes",
        "citycode": "05061",
        "depcode": "05"
      }
    },
    {
      "type": "Feature",
      "geometry": {
        "type": "Point",
        "coordinates": [
          6.095455143,
          44.574172018
        ]
      },
      "properties": {
        "name": "Rue de Villarobert D92 / Rocade de Gap Séquence 3 Construction",
        "context": "Gap, Hautes-Alpes",
        "citycode": "05061",
        "depcode": "05"
      }
    },
    {
      "type": "Feature",
      "geometry": {
        "type": "Point",
        "coordinates": [
          6.094324519,
          44.573652452
        ]
      },
      "properties": {
        "name": "Rue de Villarobert D92 / Route du Forest d'Entrais",
        "context": "Gap, Hautes-Alpes",
        "citycode": "05061",
        "depcode": "05"
      }
    },
    {
      "type": "Feature",
      "geometry": {
        "type": "Point",
        "coordinates": [
          6.102947086,
          44.579371812
        ]
      },
      "properties": {
        "name": "Rue de Villarobert D92 / Route du Ravelin D92",
        "context": "Gap, Hautes-Alpes",
        "citycode": "05061",
        "depcode": "05"
      }
    },
    {
      "type": "Feature",
      "geometry": {
        "type": "Point",
        "coordinates": [
          6.084747652,
          44.571107011
        ]
      },
      "properties": {
        "name": "Rue de Villarobert D92 / Rue de Chantaussel",
        "context": "Gap, Hautes-Alpes",
        "citycode": "05061",
        "depcode": "05"
      }
    },
    {
      "type": "Feature",
      "geometry": {
        "type": "Point",
        "coordinates": [
          6.084913993,
          44.57135447
        ]
      },
      "properties": {
        "name": "Rue de Villarobert D92 / Rue du Béal",
        "context": "Gap, Hautes-Alpes",
        "citycode": "05061",
        "depcode": "05"
      }
    },
    {
      "type": "Feature",
      "geometry": {
        "type": "Point",
        "coordinates": [
          6.084377073,
          44.570535502
        ]
      },
      "properties": {
        "name": "Rue de Villarobert D92 / Rue du Champ d'Or",
        "context": "Gap, Hautes-Alpes",
        "citycode": "05061",
        "depcode": "05"
      }
    },
    {
      "type": "Feature",
      "geometry": {
        "type": "Point",
        "coordinates": [
          6.095035415,
          44.573875342
        ]
      },
      "properties": {
        "name": "Rue de Villarobert D92 / Rue du Plan de Gap",
        "context": "Gap, Hautes-Alpes",
        "citycode": "05061",
        "depcode": "05"
      }
    },
    {
      "type": "Feature",
      "geometry": {
        "type": "Point",
        "coordinates": [
          6.089604188,
          44.571726983
        ]
      },
      "properties": {
        "name": "Rue de Villebois / Impasse Château Duclos",
        "context": "Gap, Hautes-Alpes",
        "citycode": "05061",
        "depcode": "05"
      }
    },
    {
      "type": "Feature",
      "geometry": {
        "type": "Point",
        "coordinates": [
          6.087533676,
          44.5723805
        ]
      },
      "properties": {
        "name": "Rue de Villebois / Rue de Villarobert D92",
        "context": "Gap, Hautes-Alpes",
        "citycode": "05061",
        "depcode": "05"
      }
    },
    {
      "type": "Feature",
      "geometry": {
        "type": "Point",
        "coordinates": [
          6.089249139,
          44.571949671
        ]
      },
      "properties": {
        "name": "Rue de Villebois / Rue Montclair",
        "context": "Gap, Hautes-Alpes",
        "citycode": "05061",
        "depcode": "05"
      }
    },
    {
      "type": "Feature",
      "geometry": {
        "type": "Point",
        "coordinates": [
          6.089120985,
          44.570938053
        ]
      },
      "properties": {
        "name": "Rue de Villebois / Rue Saint-Germain",
        "context": "Gap, Hautes-Alpes",
        "citycode": "05061",
        "depcode": "05"
      }
    },
    {
      "type": "Feature",
      "geometry": {
        "type": "Point",
        "coordinates": [
          6.070423064,
          44.551398999
        ]
      },
      "properties": {
        "name": "Rue de Villeneuve / Avenue Jean Jaurès N85",
        "context": "Gap, Hautes-Alpes",
        "citycode": "05061",
        "depcode": "05"
      }
    },
    {
      "type": "Feature",
      "geometry": {
        "type": "Point",
        "coordinates": [
          6.071324401,
          44.551064092
        ]
      },
      "properties": {
        "name": "Rue de Villeneuve / Cours Émile Zola",
        "context": "Gap, Hautes-Alpes",
        "citycode": "05061",
        "depcode": "05"
      }
    },
    {
      "type": "Feature",
      "geometry": {
        "type": "Point",
        "coordinates": [
          6.070376567,
          44.551425791
        ]
      },
      "properties": {
        "name": "Rue de Villeneuve / Promenade Albert Laty",
        "context": "Gap, Hautes-Alpes",
        "citycode": "05061",
        "depcode": "05"
      }
    },
    {
      "type": "Feature",
      "geometry": {
        "type": "Point",
        "coordinates": [
          6.069832457,
          44.549525965
        ]
      },
      "properties": {
        "name": "Rue de Villeneuve / Rue du Parc",
        "context": "Gap, Hautes-Alpes",
        "citycode": "05061",
        "depcode": "05"
      }
    },
    {
      "type": "Feature",
      "geometry": {
        "type": "Point",
        "coordinates": [
          6.073686502,
          44.555245285
        ]
      },
      "properties": {
        "name": "Rue des Artisans / Rue du Pré de Foire",
        "context": "Gap, Hautes-Alpes",
        "citycode": "05061",
        "depcode": "05"
      }
    },
    {
      "type": "Feature",
      "geometry": {
        "type": "Point",
        "coordinates": [
          6.074379491,
          44.555931914
        ]
      },
      "properties": {
        "name": "Rue des Artisans / Rue Marchon",
        "context": "Gap, Hautes-Alpes",
        "citycode": "05061",
        "depcode": "05"
      }
    },
    {
      "type": "Feature",
      "geometry": {
        "type": "Point",
        "coordinates": [
          6.086779912,
          44.569979913
        ]
      },
      "properties": {
        "name": "Rue des Autanes / Avenue de Bure",
        "context": "Gap, Hautes-Alpes",
        "citycode": "05061",
        "depcode": "05"
      }
    },
    {
      "type": "Feature",
      "geometry": {
        "type": "Point",
        "coordinates": [
          6.060011545,
          44.544850134
        ]
      },
      "properties": {
        "name": "Rue des Bleuets / Rue de Fontreyne",
        "context": "Gap, Hautes-Alpes",
        "citycode": "05061",
        "depcode": "05"
      }
    },
    {
      "type": "Feature",
      "geometry": {
        "type": "Point",
        "coordinates": [
          6.061322222,
          44.546339829
        ]
      },
      "properties": {
        "name": "Rue des Bleuets / Rue des Boutons d'Or",
        "context": "Gap, Hautes-Alpes",
        "citycode": "05061",
        "depcode": "05"
      }
    },
    {
      "type": "Feature",
      "geometry": {
        "type": "Point",
        "coordinates": [
          6.060721845,
          44.545810467
        ]
      },
      "properties": {
        "name": "Rue des Bleuets / Rue des Myosotis",
        "context": "Gap, Hautes-Alpes",
        "citycode": "05061",
        "depcode": "05"
      }
    },
    {
      "type": "Feature",
      "geometry": {
        "type": "Point",
        "coordinates": [
          6.059988048,
          44.544830149
        ]
      },
      "properties": {
        "name": "Rue des Bleuets / Rue du Bosquet",
        "context": "Gap, Hautes-Alpes",
        "citycode": "05061",
        "depcode": "05"
      }
    },
    {
      "type": "Feature",
      "geometry": {
        "type": "Point",
        "coordinates": [
          6.062989086,
          44.545542523
        ]
      },
      "properties": {
        "name": "Rue des Boutons d'Or / Carrefour des Marronniers",
        "context": "Gap, Hautes-Alpes",
        "citycode": "05061",
        "depcode": "05"
      }
    },
    {
      "type": "Feature",
      "geometry": {
        "type": "Point",
        "coordinates": [
          6.056470843,
          44.545949306
        ]
      },
      "properties": {
        "name": "Rue des Boutons d'Or / Rue des Lauriers",
        "context": "Gap, Hautes-Alpes",
        "citycode": "05061",
        "depcode": "05"
      }
    },
    {
      "type": "Feature",
      "geometry": {
        "type": "Point",
        "coordinates": [
          6.05967962,
          44.547175137
        ]
      },
      "properties": {
        "name": "Rue des Boutons d'Or / Rue des Sagnières",
        "context": "Gap, Hautes-Alpes",
        "citycode": "05061",
        "depcode": "05"
      }
    },
    {
      "type": "Feature",
      "geometry": {
        "type": "Point",
        "coordinates": [
          6.059340284,
          44.545612768
        ]
      },
      "properties": {
        "name": "Rue des Capucines / Rue des Myosotis",
        "context": "Gap, Hautes-Alpes",
        "citycode": "05061",
        "depcode": "05"
      }
    },
    {
      "type": "Feature",
      "geometry": {
        "type": "Point",
        "coordinates": [
          6.083423561,
          44.567335374
        ]
      },
      "properties": {
        "name": "Rue des Champsaurins / Avenue du Commandant Dumont N85",
        "context": "Gap, Hautes-Alpes",
        "citycode": "05061",
        "depcode": "05"
      }
    },
    {
      "type": "Feature",
      "geometry": {
        "type": "Point",
        "coordinates": [
          6.082617241,
          44.566961396
        ]
      },
      "properties": {
        "name": "Rue des Champsaurins / Rue des Cheminots",
        "context": "Gap, Hautes-Alpes",
        "citycode": "05061",
        "depcode": "05"
      }
    },
    {
      "type": "Feature",
      "geometry": {
        "type": "Point",
        "coordinates": [
          6.078816068,
          44.552432989
        ]
      },
      "properties": {
        "name": "Rue des Charmettes / Rue de Valserres RoutedeValserres(D942A)",
        "context": "Gap, Hautes-Alpes",
        "citycode": "05061",
        "depcode": "05"
      }
    },
    {
      "type": "Feature",
      "geometry": {
        "type": "Point",
        "coordinates": [
          6.082467007,
          44.568255584
        ]
      },
      "properties": {
        "name": "Rue des Cheminots / Place du Rochasson",
        "context": "Gap, Hautes-Alpes",
        "citycode": "05061",
        "depcode": "05"
      }
    },
    {
      "type": "Feature",
      "geometry": {
        "type": "Point",
        "coordinates": [
          6.082379159,
          44.569364097
        ]
      },
      "properties": {
        "name": "Rue des Cheminots / Rue Capitaine Pellegrin",
        "context": "Gap, Hautes-Alpes",
        "citycode": "05061",
        "depcode": "05"
      }
    },
    {
      "type": "Feature",
      "geometry": {
        "type": "Point",
        "coordinates": [
          6.082433133,
          44.568674531
        ]
      },
      "properties": {
        "name": "Rue des Cheminots / Rue de l'Ange Roubaud",
        "context": "Gap, Hautes-Alpes",
        "citycode": "05061",
        "depcode": "05"
      }
    },
    {
      "type": "Feature",
      "geometry": {
        "type": "Point",
        "coordinates": [
          6.082490318,
          44.568278103
        ]
      },
      "properties": {
        "name": "Rue des Cheminots / Rue des Fleurs",
        "context": "Gap, Hautes-Alpes",
        "citycode": "05061",
        "depcode": "05"
      }
    },
    {
      "type": "Feature",
      "geometry": {
        "type": "Point",
        "coordinates": [
          6.112301007,
          44.562961751
        ]
      },
      "properties": {
        "name": "Rue des Compagnons / Route des Fauvins",
        "context": "Gap, Hautes-Alpes",
        "citycode": "05061",
        "depcode": "05"
      }
    },
    {
      "type": "Feature",
      "geometry": {
        "type": "Point",
        "coordinates": [
          6.079679651,
          44.561225267
        ]
      },
      "properties": {
        "name": "Rue des Cordiers / Boulevard de la Libération D994",
        "context": "Gap, Hautes-Alpes",
        "citycode": "05061",
        "depcode": "05"
      }
    },
    {
      "type": "Feature",
      "geometry": {
        "type": "Point",
        "coordinates": [
          6.079726957,
          44.561240794
        ]
      },
      "properties": {
        "name": "Rue des Cordiers / Place du Revelly",
        "context": "Gap, Hautes-Alpes",
        "citycode": "05061",
        "depcode": "05"
      }
    },
    {
      "type": "Feature",
      "geometry": {
        "type": "Point",
        "coordinates": [
          6.043957368,
          44.538125907
        ]
      },
      "properties": {
        "name": "Rue des Écrins / Chemin du Domaine du Lac",
        "context": "Gap, Hautes-Alpes",
        "citycode": "05061",
        "depcode": "05"
      }
    },
    {
      "type": "Feature",
      "geometry": {
        "type": "Point",
        "coordinates": [
          6.043922828,
          44.54060355
        ]
      },
      "properties": {
        "name": "Rue des Écrins / Chemin du Viaduc",
        "context": "Gap, Hautes-Alpes",
        "citycode": "05061",
        "depcode": "05"
      }
    },
    {
      "type": "Feature",
      "geometry": {
        "type": "Point",
        "coordinates": [
          6.04466242,
          44.540254163
        ]
      },
      "properties": {
        "name": "Rue des Écrins / Impasse de l'Olan",
        "context": "Gap, Hautes-Alpes",
        "citycode": "05061",
        "depcode": "05"
      }
    },
    {
      "type": "Feature",
      "geometry": {
        "type": "Point",
        "coordinates": [
          6.044798604,
          44.540222044
        ]
      },
      "properties": {
        "name": "Rue des Écrins / Rue de la Meije",
        "context": "Gap, Hautes-Alpes",
        "citycode": "05061",
        "depcode": "05"
      }
    },
    {
      "type": "Feature",
      "geometry": {
        "type": "Point",
        "coordinates": [
          6.067173819,
          44.546838953
        ]
      },
      "properties": {
        "name": "Rue des Fauvettes / Chemin de Châteauvieux",
        "context": "Gap, Hautes-Alpes",
        "citycode": "05061",
        "depcode": "05"
      }
    },
    {
      "type": "Feature",
      "geometry": {
        "type": "Point",
        "coordinates": [
          6.068594042,
          44.54584572
        ]
      },
      "properties": {
        "name": "Rue des Fauvettes / Rue des Rossignols",
        "context": "Gap, Hautes-Alpes",
        "citycode": "05061",
        "depcode": "05"
      }
    },
    {
      "type": "Feature",
      "geometry": {
        "type": "Point",
        "coordinates": [
          6.083276588,
          44.56860586
        ]
      },
      "properties": {
        "name": "Rue des Fleurs / Avenue du Commandant Dumont N85",
        "context": "Gap, Hautes-Alpes",
        "citycode": "05061",
        "depcode": "05"
      }
    },
    {
      "type": "Feature",
      "geometry": {
        "type": "Point",
        "coordinates": [
          6.082473842,
          44.568251811
        ]
      },
      "properties": {
        "name": "Rue des Fleurs / Place du Rochasson",
        "context": "Gap, Hautes-Alpes",
        "citycode": "05061",
        "depcode": "05"
      }
    },
    {
      "type": "Feature",
      "geometry": {
        "type": "Point",
        "coordinates": [
          6.064681662,
          44.546702566
        ]
      },
      "properties": {
        "name": "Rue des Fusillés D900B / Avenue Jean Jaurès N85",
        "context": "Gap, Hautes-Alpes",
        "citycode": "05061",
        "depcode": "05"
      }
    },
    {
      "type": "Feature",
      "geometry": {
        "type": "Point",
        "coordinates": [
          6.065085261,
          44.543440419
        ]
      },
      "properties": {
        "name": "Rue des Fusillés D900B / Carrefour des Médaillés Militaires",
        "context": "Gap, Hautes-Alpes",
        "citycode": "05061",
        "depcode": "05"
      }
    },
    {
      "type": "Feature",
      "geometry": {
        "type": "Point",
        "coordinates": [
          6.065198186,
          44.54342373
        ]
      },
      "properties": {
        "name": "Rue des Fusillés D900B / Chemin de Châteauvieux",
        "context": "Gap, Hautes-Alpes",
        "citycode": "05061",
        "depcode": "05"
      }
    },
    {
      "type": "Feature",
      "geometry": {
        "type": "Point",
        "coordinates": [
          6.056293342,
          44.548763442
        ]
      },
      "properties": {
        "name": "Rue des Genêts / Rue de la Charmille",
        "context": "Gap, Hautes-Alpes",
        "citycode": "05061",
        "depcode": "05"
      }
    },
    {
      "type": "Feature",
      "geometry": {
        "type": "Point",
        "coordinates": [
          6.056466,
          44.54709614
        ]
      },
      "properties": {
        "name": "Rue des Genêts / Rue des Boutons d'Or",
        "context": "Gap, Hautes-Alpes",
        "citycode": "05061",
        "depcode": "05"
      }
    },
    {
      "type": "Feature",
      "geometry": {
        "type": "Point",
        "coordinates": [
          6.053931633,
          44.552498106
        ]
      },
      "properties": {
        "name": "Rue des Gentianes / Rue de Pic Ponçon",
        "context": "Gap, Hautes-Alpes",
        "citycode": "05061",
        "depcode": "05"
      }
    },
    {
      "type": "Feature",
      "geometry": {
        "type": "Point",
        "coordinates": [
          6.058186327,
          44.546034225
        ]
      },
      "properties": {
        "name": "Rue des Géraniums / Rue des Narcisses",
        "context": "Gap, Hautes-Alpes",
        "citycode": "05061",
        "depcode": "05"
      }
    },
    {
      "type": "Feature",
      "geometry": {
        "type": "Point",
        "coordinates": [
          6.082890258,
          44.571582314
        ]
      },
      "properties": {
        "name": "Rue des Glycines / Avenue du Commandant Dumont N85",
        "context": "Gap, Hautes-Alpes",
        "citycode": "05061",
        "depcode": "05"
      }
    },
    {
      "type": "Feature",
      "geometry": {
        "type": "Point",
        "coordinates": [
          6.082811529,
          44.571578183
        ]
      },
      "properties": {
        "name": "Rue des Glycines / Impasse des Rosiers",
        "context": "Gap, Hautes-Alpes",
        "citycode": "05061",
        "depcode": "05"
      }
    },
    {
      "type": "Feature",
      "geometry": {
        "type": "Point",
        "coordinates": [
          6.081503428,
          44.571498152
        ]
      },
      "properties": {
        "name": "Rue des Glycines / Rue des Lilas",
        "context": "Gap, Hautes-Alpes",
        "citycode": "05061",
        "depcode": "05"
      }
    },
    {
      "type": "Feature",
      "geometry": {
        "type": "Point",
        "coordinates": [
          6.101399629,
          44.561271759
        ]
      },
      "properties": {
        "name": "Rue des Gourlanches / Route de Rambaud D6",
        "context": "Gap, Hautes-Alpes",
        "citycode": "05061",
        "depcode": "05"
      }
    },
    {
      "type": "Feature",
      "geometry": {
        "type": "Point",
        "coordinates": [
          6.101624362,
          44.563401151
        ]
      },
      "properties": {
        "name": "Rue des Gourlanches / Route des Fauvins",
        "context": "Gap, Hautes-Alpes",
        "citycode": "05061",
        "depcode": "05"
      }
    },
    {
      "type": "Feature",
      "geometry": {
        "type": "Point",
        "coordinates": [
          6.101570434,
          44.561494186
        ]
      },
      "properties": {
        "name": "Rue des Gourlanches / Rue du Sirac",
        "context": "Gap, Hautes-Alpes",
        "citycode": "05061",
        "depcode": "05"
      }
    },
    {
      "type": "Feature",
      "geometry": {
        "type": "Point",
        "coordinates": [
          6.098654498,
          44.569182807
        ]
      },
      "properties": {
        "name": "Rue des Hauts de Châtelard / Rue du Chatelard",
        "context": "Gap, Hautes-Alpes",
        "citycode": "05061",
        "depcode": "05"
      }
    },
    {
      "type": "Feature",
      "geometry": {
        "type": "Point",
        "coordinates": [
          6.066882842,
          44.546469273
        ]
      },
      "properties": {
        "name": "Rue des Hirondelles / Chemin de Châteauvieux",
        "context": "Gap, Hautes-Alpes",
        "citycode": "05061",
        "depcode": "05"
      }
    },
    {
      "type": "Feature",
      "geometry": {
        "type": "Point",
        "coordinates": [
          6.068222525,
          44.545555215
        ]
      },
      "properties": {
        "name": "Rue des Hirondelles / Rue des Rossignols",
        "context": "Gap, Hautes-Alpes",
        "citycode": "05061",
        "depcode": "05"
      }
    },
    {
      "type": "Feature",
      "geometry": {
        "type": "Point",
        "coordinates": [
          6.058541173,
          44.541996377
        ]
      },
      "properties": {
        "name": "Rue des Iris / Allée de Provence",
        "context": "Gap, Hautes-Alpes",
        "citycode": "05061",
        "depcode": "05"
      }
    },
    {
      "type": "Feature",
      "geometry": {
        "type": "Point",
        "coordinates": [
          6.058564696,
          44.541914764
        ]
      },
      "properties": {
        "name": "Rue des Iris / Avenue de Provence N85",
        "context": "Gap, Hautes-Alpes",
        "citycode": "05061",
        "depcode": "05"
      }
    },
    {
      "type": "Feature",
      "geometry": {
        "type": "Point",
        "coordinates": [
          6.058374182,
          44.543156728
        ]
      },
      "properties": {
        "name": "Rue des Iris / Rue du Bosquet",
        "context": "Gap, Hautes-Alpes",
        "citycode": "05061",
        "depcode": "05"
      }
    },
    {
      "type": "Feature",
      "geometry": {
        "type": "Point",
        "coordinates": [
          6.080346087,
          44.561108065
        ]
      },
      "properties": {
        "name": "Rue des Jardins / Boulevard de la Libération D994",
        "context": "Gap, Hautes-Alpes",
        "citycode": "05061",
        "depcode": "05"
      }
    },
    {
      "type": "Feature",
      "geometry": {
        "type": "Point",
        "coordinates": [
          6.082107392,
          44.564464904
        ]
      },
      "properties": {
        "name": "Rue des Jardins / Chemin de Bonne",
        "context": "Gap, Hautes-Alpes",
        "citycode": "05061",
        "depcode": "05"
      }
    },
    {
      "type": "Feature",
      "geometry": {
        "type": "Point",
        "coordinates": [
          6.081580292,
          44.564084447
        ]
      },
      "properties": {
        "name": "Rue des Jardins / La Bonne",
        "context": "Gap, Hautes-Alpes",
        "citycode": "05061",
        "depcode": "05"
      }
    },
    {
      "type": "Feature",
      "geometry": {
        "type": "Point",
        "coordinates": [
          6.080362413,
          44.561400079
        ]
      },
      "properties": {
        "name": "Rue des Jardins / Place du Revelly",
        "context": "Gap, Hautes-Alpes",
        "citycode": "05061",
        "depcode": "05"
      }
    },
    {
      "type": "Feature",
      "geometry": {
        "type": "Point",
        "coordinates": [
          6.081194844,
          44.563696975
        ]
      },
      "properties": {
        "name": "Rue des Jardins / Rue Aubanel",
        "context": "Gap, Hautes-Alpes",
        "citycode": "05061",
        "depcode": "05"
      }
    },
    {
      "type": "Feature",
      "geometry": {
        "type": "Point",
        "coordinates": [
          6.080366377,
          44.56211344
        ]
      },
      "properties": {
        "name": "Rue des Jardins / Rue Bayard",
        "context": "Gap, Hautes-Alpes",
        "citycode": "05061",
        "depcode": "05"
      }
    },
    {
      "type": "Feature",
      "geometry": {
        "type": "Point",
        "coordinates": [
          6.053391958,
          44.545439691
        ]
      },
      "properties": {
        "name": "Rue des Lauriers / Rocade de Gap Séquence 1 Construction",
        "context": "Gap, Hautes-Alpes",
        "citycode": "05061",
        "depcode": "05"
      }
    },
    {
      "type": "Feature",
      "geometry": {
        "type": "Point",
        "coordinates": [
          6.053474278,
          44.545476235
        ]
      },
      "properties": {
        "name": "Rue des Lauriers / Route des Eyssagnières",
        "context": "Gap, Hautes-Alpes",
        "citycode": "05061",
        "depcode": "05"
      }
    },
    {
      "type": "Feature",
      "geometry": {
        "type": "Point",
        "coordinates": [
          6.056417374,
          44.545942204
        ]
      },
      "properties": {
        "name": "Rue des Lauriers / Rue des Boutons d'Or",
        "context": "Gap, Hautes-Alpes",
        "citycode": "05061",
        "depcode": "05"
      }
    },
    {
      "type": "Feature",
      "geometry": {
        "type": "Point",
        "coordinates": [
          6.074039944,
          44.561501111
        ]
      },
      "properties": {
        "name": "Rue des Lavandins / Rue Jean Macé",
        "context": "Gap, Hautes-Alpes",
        "citycode": "05061",
        "depcode": "05"
      }
    },
    {
      "type": "Feature",
      "geometry": {
        "type": "Point",
        "coordinates": [
          6.081861857,
          44.568237218
        ]
      },
      "properties": {
        "name": "Rue des Lilas / Place du Rochasson",
        "context": "Gap, Hautes-Alpes",
        "citycode": "05061",
        "depcode": "05"
      }
    },
    {
      "type": "Feature",
      "geometry": {
        "type": "Point",
        "coordinates": [
          6.08138785,
          44.572351004
        ]
      },
      "properties": {
        "name": "Rue des Lilas / Rue de la Viste",
        "context": "Gap, Hautes-Alpes",
        "citycode": "05061",
        "depcode": "05"
      }
    },
    {
      "type": "Feature",
      "geometry": {
        "type": "Point",
        "coordinates": [
          6.063441947,
          44.545378497
        ]
      },
      "properties": {
        "name": "Rue des Marronniers / Carrefour des Marronniers",
        "context": "Gap, Hautes-Alpes",
        "citycode": "05061",
        "depcode": "05"
      }
    },
    {
      "type": "Feature",
      "geometry": {
        "type": "Point",
        "coordinates": [
          6.064814357,
          44.543239382
        ]
      },
      "properties": {
        "name": "Rue des Marronniers / Carrefour des Médaillés Militaires",
        "context": "Gap, Hautes-Alpes",
        "citycode": "05061",
        "depcode": "05"
      }
    },
    {
      "type": "Feature",
      "geometry": {
        "type": "Point",
        "coordinates": [
          6.070634752,
          44.551603397
        ]
      },
      "properties": {
        "name": "Rue des Matagots / Avenue Jean Jaurès N85",
        "context": "Gap, Hautes-Alpes",
        "citycode": "05061",
        "depcode": "05"
      }
    },
    {
      "type": "Feature",
      "geometry": {
        "type": "Point",
        "coordinates": [
          6.066541895,
          44.546122084
        ]
      },
      "properties": {
        "name": "Rue des Mésanges / Chemin de Châteauvieux",
        "context": "Gap, Hautes-Alpes",
        "citycode": "05061",
        "depcode": "05"
      }
    },
    {
      "type": "Feature",
      "geometry": {
        "type": "Point",
        "coordinates": [
          6.067713451,
          44.545175758
        ]
      },
      "properties": {
        "name": "Rue des Mésanges / Rue des Rossignols",
        "context": "Gap, Hautes-Alpes",
        "citycode": "05061",
        "depcode": "05"
      }
    },
    {
      "type": "Feature",
      "geometry": {
        "type": "Point",
        "coordinates": [
          6.095045467,
          44.561549166
        ]
      },
      "properties": {
        "name": "Rue des Metiers / Route de Rambaud D6",
        "context": "Gap, Hautes-Alpes",
        "citycode": "05061",
        "depcode": "05"
      }
    },
    {
      "type": "Feature",
      "geometry": {
        "type": "Point",
        "coordinates": [
          6.095924553,
          44.561815194
        ]
      },
      "properties": {
        "name": "Rue des Metiers / Rue de l'Industrie",
        "context": "Gap, Hautes-Alpes",
        "citycode": "05061",
        "depcode": "05"
      }
    },
    {
      "type": "Feature",
      "geometry": {
        "type": "Point",
        "coordinates": [
          6.095765561,
          44.562600755
        ]
      },
      "properties": {
        "name": "Rue des Metiers / Rue du Commerce",
        "context": "Gap, Hautes-Alpes",
        "citycode": "05061",
        "depcode": "05"
      }
    },
    {
      "type": "Feature",
      "geometry": {
        "type": "Point",
        "coordinates": [
          6.058247592,
          44.541690967
        ]
      },
      "properties": {
        "name": "Rue des Mimosas / Allée de Provence",
        "context": "Gap, Hautes-Alpes",
        "citycode": "05061",
        "depcode": "05"
      }
    },
    {
      "type": "Feature",
      "geometry": {
        "type": "Point",
        "coordinates": [
          6.058319487,
          44.541636346
        ]
      },
      "properties": {
        "name": "Rue des Mimosas / Avenue de Provence N85",
        "context": "Gap, Hautes-Alpes",
        "citycode": "05061",
        "depcode": "05"
      }
    },
    {
      "type": "Feature",
      "geometry": {
        "type": "Point",
        "coordinates": [
          6.087152304,
          44.57796215
        ]
      },
      "properties": {
        "name": "Rue des Moissons / Chemin de Hauteville",
        "context": "Gap, Hautes-Alpes",
        "citycode": "05061",
        "depcode": "05"
      }
    },
    {
      "type": "Feature",
      "geometry": {
        "type": "Point",
        "coordinates": [
          6.087661133,
          44.576747183
        ]
      },
      "properties": {
        "name": "Rue des Moissons / Rue des Semailles",
        "context": "Gap, Hautes-Alpes",
        "citycode": "05061",
        "depcode": "05"
      }
    },
    {
      "type": "Feature",
      "geometry": {
        "type": "Point",
        "coordinates": [
          6.057972019,
          44.545182457
        ]
      },
      "properties": {
        "name": "Rue des Narcisses / Rue de Fontreyne",
        "context": "Gap, Hautes-Alpes",
        "citycode": "05061",
        "depcode": "05"
      }
    },
    {
      "type": "Feature",
      "geometry": {
        "type": "Point",
        "coordinates": [
          6.060013757,
          44.546987827
        ]
      },
      "properties": {
        "name": "Rue des Narcisses / Rue des Boutons d'Or",
        "context": "Gap, Hautes-Alpes",
        "citycode": "05061",
        "depcode": "05"
      }
    },
    {
      "type": "Feature",
      "geometry": {
        "type": "Point",
        "coordinates": [
          6.057967192,
          44.545180001
        ]
      },
      "properties": {
        "name": "Rue des Narcisses / Rue du Bosquet",
        "context": "Gap, Hautes-Alpes",
        "citycode": "05061",
        "depcode": "05"
      }
    },
    {
      "type": "Feature",
      "geometry": {
        "type": "Point",
        "coordinates": [
          6.050190722,
          44.546062267
        ]
      },
      "properties": {
        "name": "Rue des Orchidées / Chemin du Rousine",
        "context": "Gap, Hautes-Alpes",
        "citycode": "05061",
        "depcode": "05"
      }
    },
    {
      "type": "Feature",
      "geometry": {
        "type": "Point",
        "coordinates": [
          6.049856202,
          44.543520796
        ]
      },
      "properties": {
        "name": "Rue des Orchidées / Route de Chaudefeuille",
        "context": "Gap, Hautes-Alpes",
        "citycode": "05061",
        "depcode": "05"
      }
    },
    {
      "type": "Feature",
      "geometry": {
        "type": "Point",
        "coordinates": [
          6.049773773,
          44.54349558
        ]
      },
      "properties": {
        "name": "Rue des Orchidées / Rue du Grand Morgon",
        "context": "Gap, Hautes-Alpes",
        "citycode": "05061",
        "depcode": "05"
      }
    },
    {
      "type": "Feature",
      "geometry": {
        "type": "Point",
        "coordinates": [
          6.08728796,
          44.545981643
        ]
      },
      "properties": {
        "name": "Rue des Papillons / Route de Treschâtel",
        "context": "Gap, Hautes-Alpes",
        "citycode": "05061",
        "depcode": "05"
      }
    },
    {
      "type": "Feature",
      "geometry": {
        "type": "Point",
        "coordinates": [
          6.072324785,
          44.57059457
        ]
      },
      "properties": {
        "name": "Rue Dès Pâturages / Allée des Hautes Plaines",
        "context": "Gap, Hautes-Alpes",
        "citycode": "05061",
        "depcode": "05"
      }
    },
    {
      "type": "Feature",
      "geometry": {
        "type": "Point",
        "coordinates": [
          6.070276007,
          44.570429845
        ]
      },
      "properties": {
        "name": "Rue Dès Pâturages / Chemin de Chaudun",
        "context": "Gap, Hautes-Alpes",
        "citycode": "05061",
        "depcode": "05"
      }
    },
    {
      "type": "Feature",
      "geometry": {
        "type": "Point",
        "coordinates": [
          6.109650278,
          44.568007755
        ]
      },
      "properties": {
        "name": "Rue des Performances / Route de la Justice",
        "context": "Gap, Hautes-Alpes",
        "citycode": "05061",
        "depcode": "05"
      }
    },
    {
      "type": "Feature",
      "geometry": {
        "type": "Point",
        "coordinates": [
          6.107211376,
          44.568384164
        ]
      },
      "properties": {
        "name": "Rue des Performances / Rue Beau Château",
        "context": "Gap, Hautes-Alpes",
        "citycode": "05061",
        "depcode": "05"
      }
    },
    {
      "type": "Feature",
      "geometry": {
        "type": "Point",
        "coordinates": [
          6.061801251,
          44.546128211
        ]
      },
      "properties": {
        "name": "Rue des Pervenches / Rue des Boutons d'Or",
        "context": "Gap, Hautes-Alpes",
        "citycode": "05061",
        "depcode": "05"
      }
    },
    {
      "type": "Feature",
      "geometry": {
        "type": "Point",
        "coordinates": [
          6.076421973,
          44.564810434
        ]
      },
      "properties": {
        "name": "Rue des Pins / Chemin de Crève Coeur",
        "context": "Gap, Hautes-Alpes",
        "citycode": "05061",
        "depcode": "05"
      }
    },
    {
      "type": "Feature",
      "geometry": {
        "type": "Point",
        "coordinates": [
          6.0777299,
          44.562042346
        ]
      },
      "properties": {
        "name": "Rue des Pins / Rue Charles Aurouze",
        "context": "Gap, Hautes-Alpes",
        "citycode": "05061",
        "depcode": "05"
      }
    },
    {
      "type": "Feature",
      "geometry": {
        "type": "Point",
        "coordinates": [
          6.076146281,
          44.565376406
        ]
      },
      "properties": {
        "name": "Rue des Pins / Rue Colonel Piddington",
        "context": "Gap, Hautes-Alpes",
        "citycode": "05061",
        "depcode": "05"
      }
    },
    {
      "type": "Feature",
      "geometry": {
        "type": "Point",
        "coordinates": [
          6.076975266,
          44.562946097
        ]
      },
      "properties": {
        "name": "Rue des Pins / Rue du Parc Saint-Joseph",
        "context": "Gap, Hautes-Alpes",
        "citycode": "05061",
        "depcode": "05"
      }
    },
    {
      "type": "Feature",
      "geometry": {
        "type": "Point",
        "coordinates": [
          6.076959657,
          44.562926035
        ]
      },
      "properties": {
        "name": "Rue des Pins / Rue Jean Macé",
        "context": "Gap, Hautes-Alpes",
        "citycode": "05061",
        "depcode": "05"
      }
    },
    {
      "type": "Feature",
      "geometry": {
        "type": "Point",
        "coordinates": [
          6.080784876,
          44.559491366
        ]
      },
      "properties": {
        "name": "Rue des Remparts / Rue Carnot N85",
        "context": "Gap, Hautes-Alpes",
        "citycode": "05061",
        "depcode": "05"
      }
    },
    {
      "type": "Feature",
      "geometry": {
        "type": "Point",
        "coordinates": [
          6.080409805,
          44.55897503
        ]
      },
      "properties": {
        "name": "Rue des Remparts / Rue Élisée",
        "context": "Gap, Hautes-Alpes",
        "citycode": "05061",
        "depcode": "05"
      }
    },
    {
      "type": "Feature",
      "geometry": {
        "type": "Point",
        "coordinates": [
          6.083045194,
          44.570814163
        ]
      },
      "properties": {
        "name": "Rue des Rosiers / Avenue du Commandant Dumont N85",
        "context": "Gap, Hautes-Alpes",
        "citycode": "05061",
        "depcode": "05"
      }
    },
    {
      "type": "Feature",
      "geometry": {
        "type": "Point",
        "coordinates": [
          6.082926339,
          44.5708071
        ]
      },
      "properties": {
        "name": "Rue des Rosiers / Impasse des Rosiers",
        "context": "Gap, Hautes-Alpes",
        "citycode": "05061",
        "depcode": "05"
      }
    },
    {
      "type": "Feature",
      "geometry": {
        "type": "Point",
        "coordinates": [
          6.081590731,
          44.570726839
        ]
      },
      "properties": {
        "name": "Rue des Rosiers / Rue des Lilas",
        "context": "Gap, Hautes-Alpes",
        "citycode": "05061",
        "depcode": "05"
      }
    },
    {
      "type": "Feature",
      "geometry": {
        "type": "Point",
        "coordinates": [
          6.07942483,
          44.57063891
        ]
      },
      "properties": {
        "name": "Rue des Rosiers / Rue Perce Neige",
        "context": "Gap, Hautes-Alpes",
        "citycode": "05061",
        "depcode": "05"
      }
    },
    {
      "type": "Feature",
      "geometry": {
        "type": "Point",
        "coordinates": [
          6.067902179,
          44.551645264
        ]
      },
      "properties": {
        "name": "Rue des Sagnières / Rue de Serrebourges",
        "context": "Gap, Hautes-Alpes",
        "citycode": "05061",
        "depcode": "05"
      }
    },
    {
      "type": "Feature",
      "geometry": {
        "type": "Point",
        "coordinates": [
          6.067873507,
          44.551638622
        ]
      },
      "properties": {
        "name": "Rue des Sagnières / Rue Saint-Exupéry",
        "context": "Gap, Hautes-Alpes",
        "citycode": "05061",
        "depcode": "05"
      }
    },
    {
      "type": "Feature",
      "geometry": {
        "type": "Point",
        "coordinates": [
          6.068196678,
          44.551530284
        ]
      },
      "properties": {
        "name": "Rue des Sapinettes / Rue de Serrebourges",
        "context": "Gap, Hautes-Alpes",
        "citycode": "05061",
        "depcode": "05"
      }
    },
    {
      "type": "Feature",
      "geometry": {
        "type": "Point",
        "coordinates": [
          6.04440336,
          44.538491531
        ]
      },
      "properties": {
        "name": "Rue des Saules / Rue des Écrins",
        "context": "Gap, Hautes-Alpes",
        "citycode": "05061",
        "depcode": "05"
      }
    },
    {
      "type": "Feature",
      "geometry": {
        "type": "Point",
        "coordinates": [
          6.087277411,
          44.566059423
        ]
      },
      "properties": {
        "name": "Rue des Silos / Route du Forest d'Entrais",
        "context": "Gap, Hautes-Alpes",
        "citycode": "05061",
        "depcode": "05"
      }
    },
    {
      "type": "Feature",
      "geometry": {
        "type": "Point",
        "coordinates": [
          6.096620531,
          44.568440422
        ]
      },
      "properties": {
        "name": "Rue des Silos / Rue de l'Usine Nestlé",
        "context": "Gap, Hautes-Alpes",
        "citycode": "05061",
        "depcode": "05"
      }
    },
    {
      "type": "Feature",
      "geometry": {
        "type": "Point",
        "coordinates": [
          6.096651962,
          44.568425051
        ]
      },
      "properties": {
        "name": "Rue des Silos / Rue du Chatelard",
        "context": "Gap, Hautes-Alpes",
        "citycode": "05061",
        "depcode": "05"
      }
    },
    {
      "type": "Feature",
      "geometry": {
        "type": "Point",
        "coordinates": [
          6.096530597,
          44.568551102
        ]
      },
      "properties": {
        "name": "Rue des Silos / Rue du Plan",
        "context": "Gap, Hautes-Alpes",
        "citycode": "05061",
        "depcode": "05"
      }
    },
    {
      "type": "Feature",
      "geometry": {
        "type": "Point",
        "coordinates": [
          6.090670295,
          44.567229202
        ]
      },
      "properties": {
        "name": "Rue des Silos / Rue Paul Aubert",
        "context": "Gap, Hautes-Alpes",
        "citycode": "05061",
        "depcode": "05"
      }
    },
    {
      "type": "Feature",
      "geometry": {
        "type": "Point",
        "coordinates": [
          6.090649943,
          44.567308648
        ]
      },
      "properties": {
        "name": "Rue des Silos / Voie d'Accès",
        "context": "Gap, Hautes-Alpes",
        "citycode": "05061",
        "depcode": "05"
      }
    },
    {
      "type": "Feature",
      "geometry": {
        "type": "Point",
        "coordinates": [
          6.075085131,
          44.547217079
        ]
      },
      "properties": {
        "name": "Rue des Sorbiers / Route de Sainte-Marguerite",
        "context": "Gap, Hautes-Alpes",
        "citycode": "05061",
        "depcode": "05"
      }
    },
    {
      "type": "Feature",
      "geometry": {
        "type": "Point",
        "coordinates": [
          6.075156605,
          44.547244835
        ]
      },
      "properties": {
        "name": "Rue des Sorbiers / Rue Pré Martin",
        "context": "Gap, Hautes-Alpes",
        "citycode": "05061",
        "depcode": "05"
      }
    },
    {
      "type": "Feature",
      "geometry": {
        "type": "Point",
        "coordinates": [
          6.080634781,
          44.557577264
        ]
      },
      "properties": {
        "name": "Rue des Tanneries / Rue Villars",
        "context": "Gap, Hautes-Alpes",
        "citycode": "05061",
        "depcode": "05"
      }
    },
    {
      "type": "Feature",
      "geometry": {
        "type": "Point",
        "coordinates": [
          6.071889249,
          44.552587438
        ]
      },
      "properties": {
        "name": "Rue des Thermes / Avenue Jean Jaurès N85",
        "context": "Gap, Hautes-Alpes",
        "citycode": "05061",
        "depcode": "05"
      }
    },
    {
      "type": "Feature",
      "geometry": {
        "type": "Point",
        "coordinates": [
          6.072552019,
          44.552170575
        ]
      },
      "properties": {
        "name": "Rue des Thermes / Cours Émile Zola",
        "context": "Gap, Hautes-Alpes",
        "citycode": "05061",
        "depcode": "05"
      }
    },
    {
      "type": "Feature",
      "geometry": {
        "type": "Point",
        "coordinates": [
          6.07184364,
          44.552613753
        ]
      },
      "properties": {
        "name": "Rue des Thermes / Promenade Albert Laty",
        "context": "Gap, Hautes-Alpes",
        "citycode": "05061",
        "depcode": "05"
      }
    },
    {
      "type": "Feature",
      "geometry": {
        "type": "Point",
        "coordinates": [
          6.10789773,
          44.563157243
        ]
      },
      "properties": {
        "name": "Rue des Tilleuls / Route des Fauvins",
        "context": "Gap, Hautes-Alpes",
        "citycode": "05061",
        "depcode": "05"
      }
    },
    {
      "type": "Feature",
      "geometry": {
        "type": "Point",
        "coordinates": [
          6.060725644,
          44.543771407
        ]
      },
      "properties": {
        "name": "Rue des Tulipes / Allée de Provence",
        "context": "Gap, Hautes-Alpes",
        "citycode": "05061",
        "depcode": "05"
      }
    },
    {
      "type": "Feature",
      "geometry": {
        "type": "Point",
        "coordinates": [
          6.087515266,
          44.57679955
        ]
      },
      "properties": {
        "name": "Rue des Vendanges / Rue des Moissons",
        "context": "Gap, Hautes-Alpes",
        "citycode": "05061",
        "depcode": "05"
      }
    },
    {
      "type": "Feature",
      "geometry": {
        "type": "Point",
        "coordinates": [
          6.077167691,
          44.557329304
        ]
      },
      "properties": {
        "name": "Rue des Vieilles Prisons / Place Saint-Arnoux",
        "context": "Gap, Hautes-Alpes",
        "citycode": "05061",
        "depcode": "05"
      }
    },
    {
      "type": "Feature",
      "geometry": {
        "type": "Point",
        "coordinates": [
          6.077460308,
          44.557059672
        ]
      },
      "properties": {
        "name": "Rue des Vieilles Prisons / Rue du Colonel Roux",
        "context": "Gap, Hautes-Alpes",
        "citycode": "05061",
        "depcode": "05"
      }
    },
    {
      "type": "Feature",
      "geometry": {
        "type": "Point",
        "coordinates": [
          6.077168542,
          44.557303906
        ]
      },
      "properties": {
        "name": "Rue des Vieilles Prisons / Rue du Temple",
        "context": "Gap, Hautes-Alpes",
        "citycode": "05061",
        "depcode": "05"
      }
    },
    {
      "type": "Feature",
      "geometry": {
        "type": "Point",
        "coordinates": [
          6.074786746,
          44.557438351
        ]
      },
      "properties": {
        "name": "Rue du 11 Novembre / Cours Frédéric Mistral D91",
        "context": "Gap, Hautes-Alpes",
        "citycode": "05061",
        "depcode": "05"
      }
    },
    {
      "type": "Feature",
      "geometry": {
        "type": "Point",
        "coordinates": [
          6.075376062,
          44.557974096
        ]
      },
      "properties": {
        "name": "Rue du 11 Novembre / Rue Saint-Arey",
        "context": "Gap, Hautes-Alpes",
        "citycode": "05061",
        "depcode": "05"
      }
    },
    {
      "type": "Feature",
      "geometry": {
        "type": "Point",
        "coordinates": [
          6.107309181,
          44.579851682
        ]
      },
      "properties": {
        "name": "Rue du Barry / Impasse du Jeu de Paume",
        "context": "Gap, Hautes-Alpes",
        "citycode": "05061",
        "depcode": "05"
      }
    },
    {
      "type": "Feature",
      "geometry": {
        "type": "Point",
        "coordinates": [
          6.108949323,
          44.579879327
        ]
      },
      "properties": {
        "name": "Rue du Barry / Route de la Reyberte D92",
        "context": "Gap, Hautes-Alpes",
        "citycode": "05061",
        "depcode": "05"
      }
    },
    {
      "type": "Feature",
      "geometry": {
        "type": "Point",
        "coordinates": [
          6.106227779,
          44.57972928
        ]
      },
      "properties": {
        "name": "Rue du Barry / Rue de la Pitancerie",
        "context": "Gap, Hautes-Alpes",
        "citycode": "05061",
        "depcode": "05"
      }
    },
    {
      "type": "Feature",
      "geometry": {
        "type": "Point",
        "coordinates": [
          6.107602557,
          44.579931693
        ]
      },
      "properties": {
        "name": "Rue du Barry / Rue de la Tour",
        "context": "Gap, Hautes-Alpes",
        "citycode": "05061",
        "depcode": "05"
      }
    },
    {
      "type": "Feature",
      "geometry": {
        "type": "Point",
        "coordinates": [
          6.084930992,
          44.571361095
        ]
      },
      "properties": {
        "name": "Rue du Béal / Avenue de Bure",
        "context": "Gap, Hautes-Alpes",
        "citycode": "05061",
        "depcode": "05"
      }
    },
    {
      "type": "Feature",
      "geometry": {
        "type": "Point",
        "coordinates": [
          6.08492664,
          44.571376907
        ]
      },
      "properties": {
        "name": "Rue du Béal / Rue de Villarobert D92",
        "context": "Gap, Hautes-Alpes",
        "citycode": "05061",
        "depcode": "05"
      }
    },
    {
      "type": "Feature",
      "geometry": {
        "type": "Point",
        "coordinates": [
          6.058627589,
          44.543442425
        ]
      },
      "properties": {
        "name": "Rue du Bosquet / Rue des Tulipes",
        "context": "Gap, Hautes-Alpes",
        "citycode": "05061",
        "depcode": "05"
      }
    },
    {
      "type": "Feature",
      "geometry": {
        "type": "Point",
        "coordinates": [
          6.10717453,
          44.58153554
        ]
      },
      "properties": {
        "name": "Rue du Bourg / Place de la République D92",
        "context": "Gap, Hautes-Alpes",
        "citycode": "05061",
        "depcode": "05"
      }
    },
    {
      "type": "Feature",
      "geometry": {
        "type": "Point",
        "coordinates": [
          6.107201527,
          44.581535235
        ]
      },
      "properties": {
        "name": "Rue du Bourg / Route de Champs Forain D92",
        "context": "Gap, Hautes-Alpes",
        "citycode": "05061",
        "depcode": "05"
      }
    },
    {
      "type": "Feature",
      "geometry": {
        "type": "Point",
        "coordinates": [
          6.107147797,
          44.581934862
        ]
      },
      "properties": {
        "name": "Rue du Bourg / Rue de la Fontaine",
        "context": "Gap, Hautes-Alpes",
        "citycode": "05061",
        "depcode": "05"
      }
    },
    {
      "type": "Feature",
      "geometry": {
        "type": "Point",
        "coordinates": [
          6.107134663,
          44.582091718
        ]
      },
      "properties": {
        "name": "Rue du Bourg / Rue du Roure",
        "context": "Gap, Hautes-Alpes",
        "citycode": "05061",
        "depcode": "05"
      }
    },
    {
      "type": "Feature",
      "geometry": {
        "type": "Point",
        "coordinates": [
          6.062132845,
          44.550484566
        ]
      },
      "properties": {
        "name": "Rue du Buëch / Allée des Sources",
        "context": "Gap, Hautes-Alpes",
        "citycode": "05061",
        "depcode": "05"
      }
    },
    {
      "type": "Feature",
      "geometry": {
        "type": "Point",
        "coordinates": [
          6.061984431,
          44.548952099
        ]
      },
      "properties": {
        "name": "Rue du Buëch / Rue des Sagnières",
        "context": "Gap, Hautes-Alpes",
        "citycode": "05061",
        "depcode": "05"
      }
    },
    {
      "type": "Feature",
      "geometry": {
        "type": "Point",
        "coordinates": [
          6.076665676,
          44.559161859
        ]
      },
      "properties": {
        "name": "Rue du Cadet de Charance / Rue David Martin",
        "context": "Gap, Hautes-Alpes",
        "citycode": "05061",
        "depcode": "05"
      }
    },
    {
      "type": "Feature",
      "geometry": {
        "type": "Point",
        "coordinates": [
          6.075949108,
          44.558534496
        ]
      },
      "properties": {
        "name": "Rue du Cadet de Charance / Rue du 11 Novembre",
        "context": "Gap, Hautes-Alpes",
        "citycode": "05061",
        "depcode": "05"
      }
    },
    {
      "type": "Feature",
      "geometry": {
        "type": "Point",
        "coordinates": [
          6.076553042,
          44.559079499
        ]
      },
      "properties": {
        "name": "Rue du Cadet de Charance / Rue Étienne Moreaud",
        "context": "Gap, Hautes-Alpes",
        "citycode": "05061",
        "depcode": "05"
      }
    },
    {
      "type": "Feature",
      "geometry": {
        "type": "Point",
        "coordinates": [
          6.076728188,
          44.559274802
        ]
      },
      "properties": {
        "name": "Rue du Cadet de Charance / Rue Pasteur Prolongée",
        "context": "Gap, Hautes-Alpes",
        "citycode": "05061",
        "depcode": "05"
      }
    },
    {
      "type": "Feature",
      "geometry": {
        "type": "Point",
        "coordinates": [
          6.080692621,
          44.558852662
        ]
      },
      "properties": {
        "name": "Rue du Capitaine de Bresson / Rue Carnot N85",
        "context": "Gap, Hautes-Alpes",
        "citycode": "05061",
        "depcode": "05"
      }
    },
    {
      "type": "Feature",
      "geometry": {
        "type": "Point",
        "coordinates": [
          6.0806805,
          44.558865747
        ]
      },
      "properties": {
        "name": "Rue du Capitaine de Bresson / Rue Élisée",
        "context": "Gap, Hautes-Alpes",
        "citycode": "05061",
        "depcode": "05"
      }
    },
    {
      "type": "Feature",
      "geometry": {
        "type": "Point",
        "coordinates": [
          6.079360523,
          44.559223895
        ]
      },
      "properties": {
        "name": "Rue du Centre / Place Jean Marcellin",
        "context": "Gap, Hautes-Alpes",
        "citycode": "05061",
        "depcode": "05"
      }
    },
    {
      "type": "Feature",
      "geometry": {
        "type": "Point",
        "coordinates": [
          6.07869782,
          44.558961466
        ]
      },
      "properties": {
        "name": "Rue du Centre / Rue Bon Hôtel",
        "context": "Gap, Hautes-Alpes",
        "citycode": "05061",
        "depcode": "05"
      }
    },
    {
      "type": "Feature",
      "geometry": {
        "type": "Point",
        "coordinates": [
          6.078373403,
          44.558887477
        ]
      },
      "properties": {
        "name": "Rue du Centre / Rue des 3 Frères Dorche",
        "context": "Gap, Hautes-Alpes",
        "citycode": "05061",
        "depcode": "05"
      }
    },
    {
      "type": "Feature",
      "geometry": {
        "type": "Point",
        "coordinates": [
          6.077955,
          44.558885162
        ]
      },
      "properties": {
        "name": "Rue du Centre / Rue Grenette",
        "context": "Gap, Hautes-Alpes",
        "citycode": "05061",
        "depcode": "05"
      }
    },
    {
      "type": "Feature",
      "geometry": {
        "type": "Point",
        "coordinates": [
          6.083701434,
          44.571961349
        ]
      },
      "properties": {
        "name": "Rue du Champ d'Or / Rue de Chantaussel",
        "context": "Gap, Hautes-Alpes",
        "citycode": "05061",
        "depcode": "05"
      }
    },
    {
      "type": "Feature",
      "geometry": {
        "type": "Point",
        "coordinates": [
          6.059250612,
          44.547744355
        ]
      },
      "properties": {
        "name": "Rue du Chardon Bleu / Rue de l'Aubépine Blanche",
        "context": "Gap, Hautes-Alpes",
        "citycode": "05061",
        "depcode": "05"
      }
    },
    {
      "type": "Feature",
      "geometry": {
        "type": "Point",
        "coordinates": [
          6.059551777,
          44.547250509
        ]
      },
      "properties": {
        "name": "Rue du Chardon Bleu / Rue des Boutons d'Or",
        "context": "Gap, Hautes-Alpes",
        "citycode": "05061",
        "depcode": "05"
      }
    },
    {
      "type": "Feature",
      "geometry": {
        "type": "Point",
        "coordinates": [
          6.05963173,
          44.547214779
        ]
      },
      "properties": {
        "name": "Rue du Chardon Bleu / Rue des Sagnières",
        "context": "Gap, Hautes-Alpes",
        "citycode": "05061",
        "depcode": "05"
      }
    },
    {
      "type": "Feature",
      "geometry": {
        "type": "Point",
        "coordinates": [
          6.096771389,
          44.56844845
        ]
      },
      "properties": {
        "name": "Rue du Chatelard / Rue de l'Usine Nestlé",
        "context": "Gap, Hautes-Alpes",
        "citycode": "05061",
        "depcode": "05"
      }
    },
    {
      "type": "Feature",
      "geometry": {
        "type": "Point",
        "coordinates": [
          6.098683016,
          44.569208248
        ]
      },
      "properties": {
        "name": "Rue du Chatelard / Rue des Hauts de Châtelard",
        "context": "Gap, Hautes-Alpes",
        "citycode": "05061",
        "depcode": "05"
      }
    },
    {
      "type": "Feature",
      "geometry": {
        "type": "Point",
        "coordinates": [
          6.096653285,
          44.568479236
        ]
      },
      "properties": {
        "name": "Rue du Chatelard / Rue des Silos",
        "context": "Gap, Hautes-Alpes",
        "citycode": "05061",
        "depcode": "05"
      }
    },
    {
      "type": "Feature",
      "geometry": {
        "type": "Point",
        "coordinates": [
          6.096699994,
          44.568551026
        ]
      },
      "properties": {
        "name": "Rue du Chatelard / Rue du Plan",
        "context": "Gap, Hautes-Alpes",
        "citycode": "05061",
        "depcode": "05"
      }
    },
    {
      "type": "Feature",
      "geometry": {
        "type": "Point",
        "coordinates": [
          6.079732121,
          44.558105262
        ]
      },
      "properties": {
        "name": "Rue du Cheval Blanc / Impasse du Cheval Blanc",
        "context": "Gap, Hautes-Alpes",
        "citycode": "05061",
        "depcode": "05"
      }
    },
    {
      "type": "Feature",
      "geometry": {
        "type": "Point",
        "coordinates": [
          6.079915055,
          44.557969337
        ]
      },
      "properties": {
        "name": "Rue du Cheval Blanc / Rue Carnot N85",
        "context": "Gap, Hautes-Alpes",
        "citycode": "05061",
        "depcode": "05"
      }
    },
    {
      "type": "Feature",
      "geometry": {
        "type": "Point",
        "coordinates": [
          6.079433059,
          44.557933341
        ]
      },
      "properties": {
        "name": "Rue du Cheval Blanc / Rue de Chaussières",
        "context": "Gap, Hautes-Alpes",
        "citycode": "05061",
        "depcode": "05"
      }
    },
    {
      "type": "Feature",
      "geometry": {
        "type": "Point",
        "coordinates": [
          6.079426486,
          44.557974479
        ]
      },
      "properties": {
        "name": "Rue du Cheval Blanc / Rue du Docteur Roubaud",
        "context": "Gap, Hautes-Alpes",
        "citycode": "05061",
        "depcode": "05"
      }
    },
    {
      "type": "Feature",
      "geometry": {
        "type": "Point",
        "coordinates": [
          6.079955576,
          44.557988666
        ]
      },
      "properties": {
        "name": "Rue du Cheval Blanc / Rue Villars",
        "context": "Gap, Hautes-Alpes",
        "citycode": "05061",
        "depcode": "05"
      }
    },
    {
      "type": "Feature",
      "geometry": {
        "type": "Point",
        "coordinates": [
          6.084067545,
          44.557167022
        ]
      },
      "properties": {
        "name": "Rue du Clair Logis / Rue de Saint-Mens",
        "context": "Gap, Hautes-Alpes",
        "citycode": "05061",
        "depcode": "05"
      }
    },
    {
      "type": "Feature",
      "geometry": {
        "type": "Point",
        "coordinates": [
          6.079046942,
          44.555538145
        ]
      },
      "properties": {
        "name": "Rue du Clair Logis / Rue de Valserres D942A",
        "context": "Gap, Hautes-Alpes",
        "citycode": "05061",
        "depcode": "05"
      }
    },
    {
      "type": "Feature",
      "geometry": {
        "type": "Point",
        "coordinates": [
          6.057740699,
          44.540270716
        ]
      },
      "properties": {
        "name": "Rue du Clair Vallon / Chemin des Matins Calmes",
        "context": "Gap, Hautes-Alpes",
        "citycode": "05061",
        "depcode": "05"
      }
    },
    {
      "type": "Feature",
      "geometry": {
        "type": "Point",
        "coordinates": [
          6.076445325,
          44.558474307
        ]
      },
      "properties": {
        "name": "Rue du Colombier / Rue David Martin",
        "context": "Gap, Hautes-Alpes",
        "citycode": "05061",
        "depcode": "05"
      }
    },
    {
      "type": "Feature",
      "geometry": {
        "type": "Point",
        "coordinates": [
          6.075949957,
          44.558533468
        ]
      },
      "properties": {
        "name": "Rue du Colombier / Rue du 11 Novembre",
        "context": "Gap, Hautes-Alpes",
        "citycode": "05061",
        "depcode": "05"
      }
    },
    {
      "type": "Feature",
      "geometry": {
        "type": "Point",
        "coordinates": [
          6.076001713,
          44.558556322
        ]
      },
      "properties": {
        "name": "Rue du Colombier / Rue du Cadet de Charance",
        "context": "Gap, Hautes-Alpes",
        "citycode": "05061",
        "depcode": "05"
      }
    },
    {
      "type": "Feature",
      "geometry": {
        "type": "Point",
        "coordinates": [
          6.07639865,
          44.558415307
        ]
      },
      "properties": {
        "name": "Rue du Colombier / Rue Louis Balmens",
        "context": "Gap, Hautes-Alpes",
        "citycode": "05061",
        "depcode": "05"
      }
    },
    {
      "type": "Feature",
      "geometry": {
        "type": "Point",
        "coordinates": [
          6.076941715,
          44.556680621
        ]
      },
      "properties": {
        "name": "Rue du Colonel Roux / Avenue Jean Jaurès",
        "context": "Gap, Hautes-Alpes",
        "citycode": "05061",
        "depcode": "05"
      }
    },
    {
      "type": "Feature",
      "geometry": {
        "type": "Point",
        "coordinates": [
          6.0797465,
          44.558895001
        ]
      },
      "properties": {
        "name": "Rue du Colonel Roux / Place Jean Marcellin",
        "context": "Gap, Hautes-Alpes",
        "citycode": "05061",
        "depcode": "05"
      }
    },
    {
      "type": "Feature",
      "geometry": {
        "type": "Point",
        "coordinates": [
          6.078183247,
          44.557480104
        ]
      },
      "properties": {
        "name": "Rue du Colonel Roux / Place Jules Ferry",
        "context": "Gap, Hautes-Alpes",
        "citycode": "05061",
        "depcode": "05"
      }
    },
    {
      "type": "Feature",
      "geometry": {
        "type": "Point",
        "coordinates": [
          6.077726916,
          44.557200182
        ]
      },
      "properties": {
        "name": "Rue du Colonel Roux / Rue des Écoles",
        "context": "Gap, Hautes-Alpes",
        "citycode": "05061",
        "depcode": "05"
      }
    },
    {
      "type": "Feature",
      "geometry": {
        "type": "Point",
        "coordinates": [
          6.079167294,
          44.55824715
        ]
      },
      "properties": {
        "name": "Rue du Colonel Roux / Rue du Docteur Roubaud",
        "context": "Gap, Hautes-Alpes",
        "citycode": "05061",
        "depcode": "05"
      }
    },
    {
      "type": "Feature",
      "geometry": {
        "type": "Point",
        "coordinates": [
          6.091334694,
          44.562045565
        ]
      },
      "properties": {
        "name": "Rue du Commerce / Rue du Docteur Ayasse D6",
        "context": "Gap, Hautes-Alpes",
        "citycode": "05061",
        "depcode": "05"
      }
    },
    {
      "type": "Feature",
      "geometry": {
        "type": "Point",
        "coordinates": [
          6.078778932,
          44.557882132
        ]
      },
      "properties": {
        "name": "Rue du Connétable / Impasse du Muséum",
        "context": "Gap, Hautes-Alpes",
        "citycode": "05061",
        "depcode": "05"
      }
    },
    {
      "type": "Feature",
      "geometry": {
        "type": "Point",
        "coordinates": [
          6.078753243,
          44.557881561
        ]
      },
      "properties": {
        "name": "Rue du Connétable / Rue du Colonel Roux",
        "context": "Gap, Hautes-Alpes",
        "citycode": "05061",
        "depcode": "05"
      }
    },
    {
      "type": "Feature",
      "geometry": {
        "type": "Point",
        "coordinates": [
          6.078465878,
          44.558105816
        ]
      },
      "properties": {
        "name": "Rue du Connétable / Traverse de Gloire",
        "context": "Gap, Hautes-Alpes",
        "citycode": "05061",
        "depcode": "05"
      }
    },
    {
      "type": "Feature",
      "geometry": {
        "type": "Point",
        "coordinates": [
          6.078734586,
          44.558960459
        ]
      },
      "properties": {
        "name": "Rue du Content / Rue Bon Hôtel",
        "context": "Gap, Hautes-Alpes",
        "citycode": "05061",
        "depcode": "05"
      }
    },
    {
      "type": "Feature",
      "geometry": {
        "type": "Point",
        "coordinates": [
          6.078767819,
          44.558960274
        ]
      },
      "properties": {
        "name": "Rue du Content / Rue du Centre",
        "context": "Gap, Hautes-Alpes",
        "citycode": "05061",
        "depcode": "05"
      }
    },
    {
      "type": "Feature",
      "geometry": {
        "type": "Point",
        "coordinates": [
          6.079389061,
          44.558518717
        ]
      },
      "properties": {
        "name": "Rue du Content / Rue du Colonel Roux",
        "context": "Gap, Hautes-Alpes",
        "citycode": "05061",
        "depcode": "05"
      }
    },
    {
      "type": "Feature",
      "geometry": {
        "type": "Point",
        "coordinates": [
          6.078866701,
          44.5588171
        ]
      },
      "properties": {
        "name": "Rue du Content / Rue du Mazel",
        "context": "Gap, Hautes-Alpes",
        "citycode": "05061",
        "depcode": "05"
      }
    },
    {
      "type": "Feature",
      "geometry": {
        "type": "Point",
        "coordinates": [
          6.063366094,
          44.552443544
        ]
      },
      "properties": {
        "name": "Rue du Cristillan / Rue de la Clarée",
        "context": "Gap, Hautes-Alpes",
        "citycode": "05061",
        "depcode": "05"
      }
    },
    {
      "type": "Feature",
      "geometry": {
        "type": "Point",
        "coordinates": [
          6.064209228,
          44.551468838
        ]
      },
      "properties": {
        "name": "Rue du Cristillan / Rue de la Durance",
        "context": "Gap, Hautes-Alpes",
        "citycode": "05061",
        "depcode": "05"
      }
    },
    {
      "type": "Feature",
      "geometry": {
        "type": "Point",
        "coordinates": [
          6.063799672,
          44.55195914
        ]
      },
      "properties": {
        "name": "Rue du Cristillan / Rue de la Guisane",
        "context": "Gap, Hautes-Alpes",
        "citycode": "05061",
        "depcode": "05"
      }
    },
    {
      "type": "Feature",
      "geometry": {
        "type": "Point",
        "coordinates": [
          6.088983317,
          44.564077951
        ]
      },
      "properties": {
        "name": "Rue du Docteur Ayasse D6 / Avenue du Maréchal Foch N94",
        "context": "Gap, Hautes-Alpes",
        "citycode": "05061",
        "depcode": "05"
      }
    },
    {
      "type": "Feature",
      "geometry": {
        "type": "Point",
        "coordinates": [
          6.089013711,
          44.564093729
        ]
      },
      "properties": {
        "name": "Rue du Docteur Ayasse D6 / Avenue Émile Didier N94",
        "context": "Gap, Hautes-Alpes",
        "citycode": "05061",
        "depcode": "05"
      }
    },
    {
      "type": "Feature",
      "geometry": {
        "type": "Point",
        "coordinates": [
          6.093944108,
          44.561846361
        ]
      },
      "properties": {
        "name": "Rue du Docteur Ayasse D6 / Boulevard Bellevue",
        "context": "Gap, Hautes-Alpes",
        "citycode": "05061",
        "depcode": "05"
      }
    },
    {
      "type": "Feature",
      "geometry": {
        "type": "Point",
        "coordinates": [
          6.09011339,
          44.56261444
        ]
      },
      "properties": {
        "name": "Rue du Docteur Ayasse D6 / Cours du Vieux Moulin",
        "context": "Gap, Hautes-Alpes",
        "citycode": "05061",
        "depcode": "05"
      }
    },
    {
      "type": "Feature",
      "geometry": {
        "type": "Point",
        "coordinates": [
          6.089320129,
          44.563600455
        ]
      },
      "properties": {
        "name": "Rue du Docteur Ayasse D6 / La Luye",
        "context": "Gap, Hautes-Alpes",
        "citycode": "05061",
        "depcode": "05"
      }
    },
    {
      "type": "Feature",
      "geometry": {
        "type": "Point",
        "coordinates": [
          6.094082619,
          44.561820879
        ]
      },
      "properties": {
        "name": "Rue du Docteur Ayasse D6 / Route de Rambaud D6",
        "context": "Gap, Hautes-Alpes",
        "citycode": "05061",
        "depcode": "05"
      }
    },
    {
      "type": "Feature",
      "geometry": {
        "type": "Point",
        "coordinates": [
          6.089413148,
          44.563502707
        ]
      },
      "properties": {
        "name": "Rue du Docteur Ayasse D6 / Route des Fauvins",
        "context": "Gap, Hautes-Alpes",
        "citycode": "05061",
        "depcode": "05"
      }
    },
    {
      "type": "Feature",
      "geometry": {
        "type": "Point",
        "coordinates": [
          6.090910489,
          44.562009834
        ]
      },
      "properties": {
        "name": "Rue du Docteur Ayasse D6 / Rue du Commerce",
        "context": "Gap, Hautes-Alpes",
        "citycode": "05061",
        "depcode": "05"
      }
    },
    {
      "type": "Feature",
      "geometry": {
        "type": "Point",
        "coordinates": [
          6.08935577,
          44.563552182
        ]
      },
      "properties": {
        "name": "Rue du Docteur Ayasse D6 / Rue du Docteur Ayasse D106",
        "context": "Gap, Hautes-Alpes",
        "citycode": "05061",
        "depcode": "05"
      }
    },
    {
      "type": "Feature",
      "geometry": {
        "type": "Point",
        "coordinates": [
          6.079160171,
          44.55824884
        ]
      },
      "properties": {
        "name": "Rue du Docteur Roubaud / Rue du Colonel Roux",
        "context": "Gap, Hautes-Alpes",
        "citycode": "05061",
        "depcode": "05"
      }
    },
    {
      "type": "Feature",
      "geometry": {
        "type": "Point",
        "coordinates": [
          6.076757304,
          44.558253769
        ]
      },
      "properties": {
        "name": "Rue du Doyenné / Rue Louis Balmens",
        "context": "Gap, Hautes-Alpes",
        "citycode": "05061",
        "depcode": "05"
      }
    },
    {
      "type": "Feature",
      "geometry": {
        "type": "Point",
        "coordinates": [
          6.077069492,
          44.558536181
        ]
      },
      "properties": {
        "name": "Rue du Doyenné / Rue Notre-Dame",
        "context": "Gap, Hautes-Alpes",
        "citycode": "05061",
        "depcode": "05"
      }
    },
    {
      "type": "Feature",
      "geometry": {
        "type": "Point",
        "coordinates": [
          6.060287192,
          44.551707833
        ]
      },
      "properties": {
        "name": "Rue du Drac / Rue de Tournefave",
        "context": "Gap, Hautes-Alpes",
        "citycode": "05061",
        "depcode": "05"
      }
    },
    {
      "type": "Feature",
      "geometry": {
        "type": "Point",
        "coordinates": [
          6.060343575,
          44.551745009
        ]
      },
      "properties": {
        "name": "Rue du Drac / Rue du Guil",
        "context": "Gap, Hautes-Alpes",
        "citycode": "05061",
        "depcode": "05"
      }
    },
    {
      "type": "Feature",
      "geometry": {
        "type": "Point",
        "coordinates": [
          6.080559763,
          44.561089479
        ]
      },
      "properties": {
        "name": "Rue du Faure de Serre D994 / Boulevard de la Libération D994",
        "context": "Gap, Hautes-Alpes",
        "citycode": "05061",
        "depcode": "05"
      }
    },
    {
      "type": "Feature",
      "geometry": {
        "type": "Point",
        "coordinates": [
          6.0821994,
          44.561375447
        ]
      },
      "properties": {
        "name": "Rue du Faure de Serre D994 / Cours Ladoucette N85",
        "context": "Gap, Hautes-Alpes",
        "citycode": "05061",
        "depcode": "05"
      }
    },
    {
      "type": "Feature",
      "geometry": {
        "type": "Point",
        "coordinates": [
          6.082149358,
          44.561375783
        ]
      },
      "properties": {
        "name": "Rue du Faure de Serre D994 / Place Ladoucette",
        "context": "Gap, Hautes-Alpes",
        "citycode": "05061",
        "depcode": "05"
      }
    },
    {
      "type": "Feature",
      "geometry": {
        "type": "Point",
        "coordinates": [
          6.087119595,
          44.56601476
        ]
      },
      "properties": {
        "name": "Rue du Forest d'Entrais / Route du Forest d'Entrais",
        "context": "Gap, Hautes-Alpes",
        "citycode": "05061",
        "depcode": "05"
      }
    },
    {
      "type": "Feature",
      "geometry": {
        "type": "Point",
        "coordinates": [
          6.079369276,
          44.559707199
        ]
      },
      "properties": {
        "name": "Rue du Four Neuf / Rue Philis de la Charce",
        "context": "Gap, Hautes-Alpes",
        "citycode": "05061",
        "depcode": "05"
      }
    },
    {
      "type": "Feature",
      "geometry": {
        "type": "Point",
        "coordinates": [
          6.049698197,
          44.54346963
        ]
      },
      "properties": {
        "name": "Rue du Grand Morgon / Route de Chaudefeuille",
        "context": "Gap, Hautes-Alpes",
        "citycode": "05061",
        "depcode": "05"
      }
    },
    {
      "type": "Feature",
      "geometry": {
        "type": "Point",
        "coordinates": [
          6.047778176,
          44.54480601
        ]
      },
      "properties": {
        "name": "Rue du Grand Morgon / Torrent de Malecombe",
        "context": "Gap, Hautes-Alpes",
        "citycode": "05061",
        "depcode": "05"
      }
    },
    {
      "type": "Feature",
      "geometry": {
        "type": "Point",
        "coordinates": [
          6.078957922,
          44.558044416
        ]
      },
      "properties": {
        "name": "Rue du Grenier d'Abondance / Rue de la Terrasse",
        "context": "Gap, Hautes-Alpes",
        "citycode": "05061",
        "depcode": "05"
      }
    },
    {
      "type": "Feature",
      "geometry": {
        "type": "Point",
        "coordinates": [
          6.07894964,
          44.558059078
        ]
      },
      "properties": {
        "name": "Rue du Grenier d'Abondance / Rue du Colonel Roux",
        "context": "Gap, Hautes-Alpes",
        "citycode": "05061",
        "depcode": "05"
      }
    },
    {
      "type": "Feature",
      "geometry": {
        "type": "Point",
        "coordinates": [
          6.060590872,
          44.551902426
        ]
      },
      "properties": {
        "name": "Rue du Guil / Rue de la Clarée",
        "context": "Gap, Hautes-Alpes",
        "citycode": "05061",
        "depcode": "05"
      }
    },
    {
      "type": "Feature",
      "geometry": {
        "type": "Point",
        "coordinates": [
          6.060301922,
          44.551759535
        ]
      },
      "properties": {
        "name": "Rue du Guil / Rue de Tournefave",
        "context": "Gap, Hautes-Alpes",
        "citycode": "05061",
        "depcode": "05"
      }
    },
    {
      "type": "Feature",
      "geometry": {
        "type": "Point",
        "coordinates": [
          6.060366577,
          44.551759602
        ]
      },
      "properties": {
        "name": "Rue du Guil / Rue du Drac",
        "context": "Gap, Hautes-Alpes",
        "citycode": "05061",
        "depcode": "05"
      }
    },
    {
      "type": "Feature",
      "geometry": {
        "type": "Point",
        "coordinates": [
          6.083474046,
          44.567095384
        ]
      },
      "properties": {
        "name": "Rue du Lieutenant Boisramé / Avenue du Commandant Dumont N85",
        "context": "Gap, Hautes-Alpes",
        "citycode": "05061",
        "depcode": "05"
      }
    },
    {
      "type": "Feature",
      "geometry": {
        "type": "Point",
        "coordinates": [
          6.085373488,
          44.567246507
        ]
      },
      "properties": {
        "name": "Rue du Lieutenant Boisramé / Rue Gleize",
        "context": "Gap, Hautes-Alpes",
        "citycode": "05061",
        "depcode": "05"
      }
    },
    {
      "type": "Feature",
      "geometry": {
        "type": "Point",
        "coordinates": [
          6.078045443,
          44.558665459
        ]
      },
      "properties": {
        "name": "Rue du Mazel / Rue Grenette",
        "context": "Gap, Hautes-Alpes",
        "citycode": "05061",
        "depcode": "05"
      }
    },
    {
      "type": "Feature",
      "geometry": {
        "type": "Point",
        "coordinates": [
          6.106971932,
          44.581511025
        ]
      },
      "properties": {
        "name": "Rue du Mesnil / Place de la République D92",
        "context": "Gap, Hautes-Alpes",
        "citycode": "05061",
        "depcode": "05"
      }
    },
    {
      "type": "Feature",
      "geometry": {
        "type": "Point",
        "coordinates": [
          6.108315252,
          44.582991105
        ]
      },
      "properties": {
        "name": "Rue du Mesnil D292 / Route des Mondons D292",
        "context": "Gap, Hautes-Alpes",
        "citycode": "05061",
        "depcode": "05"
      }
    },
    {
      "type": "Feature",
      "geometry": {
        "type": "Point",
        "coordinates": [
          6.105752988,
          44.582178515
        ]
      },
      "properties": {
        "name": "Rue du Mesnil D292 / Route du Col de Manse D292",
        "context": "Gap, Hautes-Alpes",
        "citycode": "05061",
        "depcode": "05"
      }
    },
    {
      "type": "Feature",
      "geometry": {
        "type": "Point",
        "coordinates": [
          6.106460421,
          44.5817689
        ]
      },
      "properties": {
        "name": "Rue du Mesnil / Rue de la Fontaine",
        "context": "Gap, Hautes-Alpes",
        "citycode": "05061",
        "depcode": "05"
      }
    },
    {
      "type": "Feature",
      "geometry": {
        "type": "Point",
        "coordinates": [
          6.106933223,
          44.581514952
        ]
      },
      "properties": {
        "name": "Rue du Mesnil / Rue de la Porte Martel D92",
        "context": "Gap, Hautes-Alpes",
        "citycode": "05061",
        "depcode": "05"
      }
    },
    {
      "type": "Feature",
      "geometry": {
        "type": "Point",
        "coordinates": [
          6.107036317,
          44.581503983
        ]
      },
      "properties": {
        "name": "Rue du Mesnil / Rue de la Tour",
        "context": "Gap, Hautes-Alpes",
        "citycode": "05061",
        "depcode": "05"
      }
    },
    {
      "type": "Feature",
      "geometry": {
        "type": "Point",
        "coordinates": [
          6.107036173,
          44.581539832
        ]
      },
      "properties": {
        "name": "Rue du Mesnil / Rue du Bourg",
        "context": "Gap, Hautes-Alpes",
        "citycode": "05061",
        "depcode": "05"
      }
    },
    {
      "type": "Feature",
      "geometry": {
        "type": "Point",
        "coordinates": [
          6.106540887,
          44.582168243
        ]
      },
      "properties": {
        "name": "Rue du Mesnil D292 / Rue du Roure",
        "context": "Gap, Hautes-Alpes",
        "citycode": "05061",
        "depcode": "05"
      }
    },
    {
      "type": "Feature",
      "geometry": {
        "type": "Point",
        "coordinates": [
          6.064322243,
          44.558447554
        ]
      },
      "properties": {
        "name": "Rue du Pacifique / Route de Chabanas",
        "context": "Gap, Hautes-Alpes",
        "citycode": "05061",
        "depcode": "05"
      }
    },
    {
      "type": "Feature",
      "geometry": {
        "type": "Point",
        "coordinates": [
          6.068856886,
          44.550129201
        ]
      },
      "properties": {
        "name": "Rue du Parc / Avenue Jean Jaurès N85",
        "context": "Gap, Hautes-Alpes",
        "citycode": "05061",
        "depcode": "05"
      }
    },
    {
      "type": "Feature",
      "geometry": {
        "type": "Point",
        "coordinates": [
          6.069850827,
          44.549549951
        ]
      },
      "properties": {
        "name": "Rue du Parc / Rue de Villeneuve",
        "context": "Gap, Hautes-Alpes",
        "citycode": "05061",
        "depcode": "05"
      }
    },
    {
      "type": "Feature",
      "geometry": {
        "type": "Point",
        "coordinates": [
          6.078308546,
          44.563223335
        ]
      },
      "properties": {
        "name": "Rue du Parc Saint-Joseph / Rue Charles Aurouze",
        "context": "Gap, Hautes-Alpes",
        "citycode": "05061",
        "depcode": "05"
      }
    },
    {
      "type": "Feature",
      "geometry": {
        "type": "Point",
        "coordinates": [
          6.076989166,
          44.562898751
        ]
      },
      "properties": {
        "name": "Rue du Parc Saint-Joseph / Rue des Pins",
        "context": "Gap, Hautes-Alpes",
        "citycode": "05061",
        "depcode": "05"
      }
    },
    {
      "type": "Feature",
      "geometry": {
        "type": "Point",
        "coordinates": [
          6.076971487,
          44.562917111
        ]
      },
      "properties": {
        "name": "Rue du Parc Saint-Joseph / Rue Jean Macé",
        "context": "Gap, Hautes-Alpes",
        "citycode": "05061",
        "depcode": "05"
      }
    },
    {
      "type": "Feature",
      "geometry": {
        "type": "Point",
        "coordinates": [
          6.044831168,
          44.539162215
        ]
      },
      "properties": {
        "name": "Rue du Pelvoux / Rue des Écrins",
        "context": "Gap, Hautes-Alpes",
        "citycode": "05061",
        "depcode": "05"
      }
    },
    {
      "type": "Feature",
      "geometry": {
        "type": "Point",
        "coordinates": [
          6.09668758,
          44.568499353
        ]
      },
      "properties": {
        "name": "Rue du Plan / Rue de l'Usine Nestlé",
        "context": "Gap, Hautes-Alpes",
        "citycode": "05061",
        "depcode": "05"
      }
    },
    {
      "type": "Feature",
      "geometry": {
        "type": "Point",
        "coordinates": [
          6.096934843,
          44.568947825
        ]
      },
      "properties": {
        "name": "Rue du Plan / Rue du Plan de Gap",
        "context": "Gap, Hautes-Alpes",
        "citycode": "05061",
        "depcode": "05"
      }
    },
    {
      "type": "Feature",
      "geometry": {
        "type": "Point",
        "coordinates": [
          6.097631502,
          44.571901845
        ]
      },
      "properties": {
        "name": "Rue du Plan de Gap / Chemin Guège",
        "context": "Gap, Hautes-Alpes",
        "citycode": "05061",
        "depcode": "05"
      }
    },
    {
      "type": "Feature",
      "geometry": {
        "type": "Point",
        "coordinates": [
          6.095022734,
          44.573868347
        ]
      },
      "properties": {
        "name": "Rue du Plan de Gap / Rue de Villarobert D92",
        "context": "Gap, Hautes-Alpes",
        "citycode": "05061",
        "depcode": "05"
      }
    },
    {
      "type": "Feature",
      "geometry": {
        "type": "Point",
        "coordinates": [
          6.096934927,
          44.568947793
        ]
      },
      "properties": {
        "name": "Rue du Plan de Gap / Rue du Plan",
        "context": "Gap, Hautes-Alpes",
        "citycode": "05061",
        "depcode": "05"
      }
    },
    {
      "type": "Feature",
      "geometry": {
        "type": "Point",
        "coordinates": [
          6.082807246,
          44.57255107
        ]
      },
      "properties": {
        "name": "Rue du Pont Blanc / Avenue du Commandant Dumont N85",
        "context": "Gap, Hautes-Alpes",
        "citycode": "05061",
        "depcode": "05"
      }
    },
    {
      "type": "Feature",
      "geometry": {
        "type": "Point",
        "coordinates": [
          6.074756067,
          44.554912275
        ]
      },
      "properties": {
        "name": "Rue du Pré de Foire / Avenue Jean Jaurès N85",
        "context": "Gap, Hautes-Alpes",
        "citycode": "05061",
        "depcode": "05"
      }
    },
    {
      "type": "Feature",
      "geometry": {
        "type": "Point",
        "coordinates": [
          6.072292359,
          44.555716046
        ]
      },
      "properties": {
        "name": "Rue du Pré de Foire / Chemin du Cimetière",
        "context": "Gap, Hautes-Alpes",
        "citycode": "05061",
        "depcode": "05"
      }
    },
    {
      "type": "Feature",
      "geometry": {
        "type": "Point",
        "coordinates": [
          6.074882665,
          44.554886301
        ]
      },
      "properties": {
        "name": "Rue du Pré de Foire / Rond-Point de l'Europe",
        "context": "Gap, Hautes-Alpes",
        "citycode": "05061",
        "depcode": "05"
      }
    },
    {
      "type": "Feature",
      "geometry": {
        "type": "Point",
        "coordinates": [
          6.070637514,
          44.555104533
        ]
      },
      "properties": {
        "name": "Rue du Pré de Foire / Rue de la Chapelle",
        "context": "Gap, Hautes-Alpes",
        "citycode": "05061",
        "depcode": "05"
      }
    },
    {
      "type": "Feature",
      "geometry": {
        "type": "Point",
        "coordinates": [
          6.059855259,
          44.531374759
        ]
      },
      "properties": {
        "name": "Rue du Pré Galland / Chemin des Chanterelles",
        "context": "Gap, Hautes-Alpes",
        "citycode": "05061",
        "depcode": "05"
      }
    },
    {
      "type": "Feature",
      "geometry": {
        "type": "Point",
        "coordinates": [
          6.104333575,
          44.58179757
        ]
      },
      "properties": {
        "name": "Rue du Pré Neuf / Route du Col de Manse D292",
        "context": "Gap, Hautes-Alpes",
        "citycode": "05061",
        "depcode": "05"
      }
    },
    {
      "type": "Feature",
      "geometry": {
        "type": "Point",
        "coordinates": [
          6.10597023,
          44.580555667
        ]
      },
      "properties": {
        "name": "Rue du Prieuré / Rue de la Porte Martel D92",
        "context": "Gap, Hautes-Alpes",
        "citycode": "05061",
        "depcode": "05"
      }
    },
    {
      "type": "Feature",
      "geometry": {
        "type": "Point",
        "coordinates": [
          6.10595442,
          44.580540734
        ]
      },
      "properties": {
        "name": "Rue du Prieuré / Rue de Villarobert D92",
        "context": "Gap, Hautes-Alpes",
        "citycode": "05061",
        "depcode": "05"
      }
    },
    {
      "type": "Feature",
      "geometry": {
        "type": "Point",
        "coordinates": [
          6.106414848,
          44.580528491
        ]
      },
      "properties": {
        "name": "Rue du Prieuré / Rue du Poyo",
        "context": "Gap, Hautes-Alpes",
        "citycode": "05061",
        "depcode": "05"
      }
    },
    {
      "type": "Feature",
      "geometry": {
        "type": "Point",
        "coordinates": [
          6.072817528,
          44.541987836
        ]
      },
      "properties": {
        "name": "Rue du Riotord / Contre-Allée Lucien Chaix",
        "context": "Gap, Hautes-Alpes",
        "citycode": "05061",
        "depcode": "05"
      }
    },
    {
      "type": "Feature",
      "geometry": {
        "type": "Point",
        "coordinates": [
          6.072814354,
          44.542336349
        ]
      },
      "properties": {
        "name": "Rue du Riotord / Route de Sainte-Marguerite",
        "context": "Gap, Hautes-Alpes",
        "citycode": "05061",
        "depcode": "05"
      }
    },
    {
      "type": "Feature",
      "geometry": {
        "type": "Point",
        "coordinates": [
          6.078460793,
          44.557673425
        ]
      },
      "properties": {
        "name": "Rue du Séminaire / Rue du Colonel Roux",
        "context": "Gap, Hautes-Alpes",
        "citycode": "05061",
        "depcode": "05"
      }
    },
    {
      "type": "Feature",
      "geometry": {
        "type": "Point",
        "coordinates": [
          6.072968325,
          44.55192492
        ]
      },
      "properties": {
        "name": "Rue du Serre de l'Aure / Rue des Thermes",
        "context": "Gap, Hautes-Alpes",
        "citycode": "05061",
        "depcode": "05"
      }
    },
    {
      "type": "Feature",
      "geometry": {
        "type": "Point",
        "coordinates": [
          6.083220729,
          44.559540941
        ]
      },
      "properties": {
        "name": "Rue du SESSAD / Rue du Capitaine de Bresson",
        "context": "Gap, Hautes-Alpes",
        "citycode": "05061",
        "depcode": "05"
      }
    },
    {
      "type": "Feature",
      "geometry": {
        "type": "Point",
        "coordinates": [
          6.066831087,
          44.548476372
        ]
      },
      "properties": {
        "name": "Rue du Stade / Avenue Jean Jaurès N85",
        "context": "Gap, Hautes-Alpes",
        "citycode": "05061",
        "depcode": "05"
      }
    },
    {
      "type": "Feature",
      "geometry": {
        "type": "Point",
        "coordinates": [
          6.067965717,
          44.54775804
        ]
      },
      "properties": {
        "name": "Rue du Stade / Chemin de Châteauvieux",
        "context": "Gap, Hautes-Alpes",
        "citycode": "05061",
        "depcode": "05"
      }
    },
    {
      "type": "Feature",
      "geometry": {
        "type": "Point",
        "coordinates": [
          6.066773151,
          44.548513617
        ]
      },
      "properties": {
        "name": "Rue du Stade / Contre-Allée",
        "context": "Gap, Hautes-Alpes",
        "citycode": "05061",
        "depcode": "05"
      }
    },
    {
      "type": "Feature",
      "geometry": {
        "type": "Point",
        "coordinates": [
          6.071502852,
          44.559494953
        ]
      },
      "properties": {
        "name": "Rue du Super-Gap / Rue Jean Macé",
        "context": "Gap, Hautes-Alpes",
        "citycode": "05061",
        "depcode": "05"
      }
    },
    {
      "type": "Feature",
      "geometry": {
        "type": "Point",
        "coordinates": [
          6.077163971,
          44.557328914
        ]
      },
      "properties": {
        "name": "Rue du Temple / Place Saint-Arnoux",
        "context": "Gap, Hautes-Alpes",
        "citycode": "05061",
        "depcode": "05"
      }
    },
    {
      "type": "Feature",
      "geometry": {
        "type": "Point",
        "coordinates": [
          6.076964069,
          44.556847596
        ]
      },
      "properties": {
        "name": "Rue du Temple / Rue du Colonel Roux",
        "context": "Gap, Hautes-Alpes",
        "citycode": "05061",
        "depcode": "05"
      }
    },
    {
      "type": "Feature",
      "geometry": {
        "type": "Point",
        "coordinates": [
          6.077038193,
          44.557134254
        ]
      },
      "properties": {
        "name": "Rue du Temple / Rue Saint-Arey",
        "context": "Gap, Hautes-Alpes",
        "citycode": "05061",
        "depcode": "05"
      }
    },
    {
      "type": "Feature",
      "geometry": {
        "type": "Point",
        "coordinates": [
          6.0759592,
          44.554843781
        ]
      },
      "properties": {
        "name": "Rue du Verger / Cours Émile Zola",
        "context": "Gap, Hautes-Alpes",
        "citycode": "05061",
        "depcode": "05"
      }
    },
    {
      "type": "Feature",
      "geometry": {
        "type": "Point",
        "coordinates": [
          6.080018714,
          44.559008841
        ]
      },
      "properties": {
        "name": "Rue Élisée / Passage Annie Ruau",
        "context": "Gap, Hautes-Alpes",
        "citycode": "05061",
        "depcode": "05"
      }
    },
    {
      "type": "Feature",
      "geometry": {
        "type": "Point",
        "coordinates": [
          6.079977355,
          44.559087424
        ]
      },
      "properties": {
        "name": "Rue Élisée / Place Jean Marcellin",
        "context": "Gap, Hautes-Alpes",
        "citycode": "05061",
        "depcode": "05"
      }
    },
    {
      "type": "Feature",
      "geometry": {
        "type": "Point",
        "coordinates": [
          6.080666562,
          44.55888563
        ]
      },
      "properties": {
        "name": "Rue Élisée / Rue Carnot N85",
        "context": "Gap, Hautes-Alpes",
        "citycode": "05061",
        "depcode": "05"
      }
    },
    {
      "type": "Feature",
      "geometry": {
        "type": "Point",
        "coordinates": [
          6.075070911,
          44.554183592
        ]
      },
      "properties": {
        "name": "Rue Emile Rolland / Cours Émile Zola",
        "context": "Gap, Hautes-Alpes",
        "citycode": "05061",
        "depcode": "05"
      }
    },
    {
      "type": "Feature",
      "geometry": {
        "type": "Point",
        "coordinates": [
          6.07546646,
          44.553838726
        ]
      },
      "properties": {
        "name": "Rue Emile Rolland / Rue du Serre de l'Aure",
        "context": "Gap, Hautes-Alpes",
        "citycode": "05061",
        "depcode": "05"
      }
    },
    {
      "type": "Feature",
      "geometry": {
        "type": "Point",
        "coordinates": [
          6.070872798,
          44.557970229
        ]
      },
      "properties": {
        "name": "Rue Ernest Cézanne / Avenue de Veynes D994",
        "context": "Gap, Hautes-Alpes",
        "citycode": "05061",
        "depcode": "05"
      }
    },
    {
      "type": "Feature",
      "geometry": {
        "type": "Point",
        "coordinates": [
          6.070796517,
          44.557985889
        ]
      },
      "properties": {
        "name": "Rue Ernest Cézanne / Avenue Guillaume Farel D994",
        "context": "Gap, Hautes-Alpes",
        "citycode": "05061",
        "depcode": "05"
      }
    },
    {
      "type": "Feature",
      "geometry": {
        "type": "Point",
        "coordinates": [
          6.074409577,
          44.558103385
        ]
      },
      "properties": {
        "name": "Rue Ernest Cézanne / Boulevard Général Charles de Gaulle D91",
        "context": "Gap, Hautes-Alpes",
        "citycode": "05061",
        "depcode": "05"
      }
    },
    {
      "type": "Feature",
      "geometry": {
        "type": "Point",
        "coordinates": [
          6.074272971,
          44.5581397
        ]
      },
      "properties": {
        "name": "Rue Ernest Cézanne / Rue Ernest Cezanne (branche d'Accès Hôpital)",
        "context": "Gap, Hautes-Alpes",
        "citycode": "05061",
        "depcode": "05"
      }
    },
    {
      "type": "Feature",
      "geometry": {
        "type": "Point",
        "coordinates": [
          6.075658199,
          44.559485143
        ]
      },
      "properties": {
        "name": "Rue Étienne Moreaud / Boulevard Général Charles de Gaulle D91",
        "context": "Gap, Hautes-Alpes",
        "citycode": "05061",
        "depcode": "05"
      }
    },
    {
      "type": "Feature",
      "geometry": {
        "type": "Point",
        "coordinates": [
          6.076581565,
          44.559030478
        ]
      },
      "properties": {
        "name": "Rue Étienne Moreaud / Rue David Martin",
        "context": "Gap, Hautes-Alpes",
        "citycode": "05061",
        "depcode": "05"
      }
    },
    {
      "type": "Feature",
      "geometry": {
        "type": "Point",
        "coordinates": [
          6.076471682,
          44.55904122
        ]
      },
      "properties": {
        "name": "Rue Étienne Moreaud / Rue du Cadet de Charance",
        "context": "Gap, Hautes-Alpes",
        "citycode": "05061",
        "depcode": "05"
      }
    },
    {
      "type": "Feature",
      "geometry": {
        "type": "Point",
        "coordinates": [
          6.075995577,
          44.559319261
        ]
      },
      "properties": {
        "name": "Rue Étienne Moreaud / Rue Léon Olphe-Galliard",
        "context": "Gap, Hautes-Alpes",
        "citycode": "05061",
        "depcode": "05"
      }
    },
    {
      "type": "Feature",
      "geometry": {
        "type": "Point",
        "coordinates": [
          6.076168982,
          44.55921746
        ]
      },
      "properties": {
        "name": "Rue Étienne Moreaud / Rue Roumanille",
        "context": "Gap, Hautes-Alpes",
        "citycode": "05061",
        "depcode": "05"
      }
    },
    {
      "type": "Feature",
      "geometry": {
        "type": "Point",
        "coordinates": [
          6.083556213,
          44.566184512
        ]
      },
      "properties": {
        "name": "Rue Ferdinand Buisson / Avenue du Commandant Dumont N85",
        "context": "Gap, Hautes-Alpes",
        "citycode": "05061",
        "depcode": "05"
      }
    },
    {
      "type": "Feature",
      "geometry": {
        "type": "Point",
        "coordinates": [
          6.081865639,
          44.566132282
        ]
      },
      "properties": {
        "name": "Rue Ferdinand Buisson / Chemin de Bonne",
        "context": "Gap, Hautes-Alpes",
        "citycode": "05061",
        "depcode": "05"
      }
    },
    {
      "type": "Feature",
      "geometry": {
        "type": "Point",
        "coordinates": [
          6.0827098,
          44.566190223
        ]
      },
      "properties": {
        "name": "Rue Ferdinand Buisson / Rue des Cheminots",
        "context": "Gap, Hautes-Alpes",
        "citycode": "05061",
        "depcode": "05"
      }
    },
    {
      "type": "Feature",
      "geometry": {
        "type": "Point",
        "coordinates": [
          6.063977849,
          44.546172571
        ]
      },
      "properties": {
        "name": "Rue Gallois-de-Fougières / Avenue Jean Jaurès N85",
        "context": "Gap, Hautes-Alpes",
        "citycode": "05061",
        "depcode": "05"
      }
    },
    {
      "type": "Feature",
      "geometry": {
        "type": "Point",
        "coordinates": [
          6.082516706,
          44.567935464
        ]
      },
      "properties": {
        "name": "Rue Gaston Espitallier / Rue des Cheminots",
        "context": "Gap, Hautes-Alpes",
        "citycode": "05061",
        "depcode": "05"
      }
    },
    {
      "type": "Feature",
      "geometry": {
        "type": "Point",
        "coordinates": [
          6.065222155,
          44.560737314
        ]
      },
      "properties": {
        "name": "Rue Georges Pouget / Le Turrelet",
        "context": "Gap, Hautes-Alpes",
        "citycode": "05061",
        "depcode": "05"
      }
    },
    {
      "type": "Feature",
      "geometry": {
        "type": "Point",
        "coordinates": [
          6.068614739,
          44.557979104
        ]
      },
      "properties": {
        "name": "Rue Georges Pouget / Rond-Point des Trois Fontaines",
        "context": "Gap, Hautes-Alpes",
        "citycode": "05061",
        "depcode": "05"
      }
    },
    {
      "type": "Feature",
      "geometry": {
        "type": "Point",
        "coordinates": [
          6.065215682,
          44.560712077
        ]
      },
      "properties": {
        "name": "Rue Georges Pouget / Route de Chabanas",
        "context": "Gap, Hautes-Alpes",
        "citycode": "05061",
        "depcode": "05"
      }
    },
    {
      "type": "Feature",
      "geometry": {
        "type": "Point",
        "coordinates": [
          6.068695616,
          44.55795328
        ]
      },
      "properties": {
        "name": "Rue Georges Pouget / Rue Jean Macé",
        "context": "Gap, Hautes-Alpes",
        "citycode": "05061",
        "depcode": "05"
      }
    },
    {
      "type": "Feature",
      "geometry": {
        "type": "Point",
        "coordinates": [
          6.078137226,
          44.558506149
        ]
      },
      "properties": {
        "name": "Rue Grenette / Rue Amédée Para",
        "context": "Gap, Hautes-Alpes",
        "citycode": "05061",
        "depcode": "05"
      }
    },
    {
      "type": "Feature",
      "geometry": {
        "type": "Point",
        "coordinates": [
          6.077509807,
          44.559591729
        ]
      },
      "properties": {
        "name": "Rue Grenette / Rue Pasteur Prolongée",
        "context": "Gap, Hautes-Alpes",
        "citycode": "05061",
        "depcode": "05"
      }
    },
    {
      "type": "Feature",
      "geometry": {
        "type": "Point",
        "coordinates": [
          6.073473835,
          44.559286421
        ]
      },
      "properties": {
        "name": "Rue Guynemer / Avenue Guillaume Farel D994",
        "context": "Gap, Hautes-Alpes",
        "citycode": "05061",
        "depcode": "05"
      }
    },
    {
      "type": "Feature",
      "geometry": {
        "type": "Point",
        "coordinates": [
          6.072434165,
          44.560208926
        ]
      },
      "properties": {
        "name": "Rue Guynemer / Rue Jean Macé",
        "context": "Gap, Hautes-Alpes",
        "citycode": "05061",
        "depcode": "05"
      }
    },
    {
      "type": "Feature",
      "geometry": {
        "type": "Point",
        "coordinates": [
          6.09393009,
          44.571084169
        ]
      },
      "properties": {
        "name": "Rue Hector Berlioz / Rue Mozart",
        "context": "Gap, Hautes-Alpes",
        "citycode": "05061",
        "depcode": "05"
      }
    },
    {
      "type": "Feature",
      "geometry": {
        "type": "Point",
        "coordinates": [
          6.081895173,
          44.567908003
        ]
      },
      "properties": {
        "name": "Rue Henri Vallon / Place du Rochasson",
        "context": "Gap, Hautes-Alpes",
        "citycode": "05061",
        "depcode": "05"
      }
    },
    {
      "type": "Feature",
      "geometry": {
        "type": "Point",
        "coordinates": [
          6.08201579,
          44.566718765
        ]
      },
      "properties": {
        "name": "Rue Henri Vallon / Rue des Champsaurins",
        "context": "Gap, Hautes-Alpes",
        "citycode": "05061",
        "depcode": "05"
      }
    },
    {
      "type": "Feature",
      "geometry": {
        "type": "Point",
        "coordinates": [
          6.071939779,
          44.550847158
        ]
      },
      "properties": {
        "name": "Rue Jean de La Fontaine / Rue du Champ de Course",
        "context": "Gap, Hautes-Alpes",
        "citycode": "05061",
        "depcode": "05"
      }
    },
    {
      "type": "Feature",
      "geometry": {
        "type": "Point",
        "coordinates": [
          6.070871402,
          44.54962442
        ]
      },
      "properties": {
        "name": "Rue Jean de La Fontaine / Rue Paul Arène",
        "context": "Gap, Hautes-Alpes",
        "citycode": "05061",
        "depcode": "05"
      }
    },
    {
      "type": "Feature",
      "geometry": {
        "type": "Point",
        "coordinates": [
          6.078980868,
          44.560577234
        ]
      },
      "properties": {
        "name": "Rue Jean Eymar / Impasse de Camargue",
        "context": "Gap, Hautes-Alpes",
        "citycode": "05061",
        "depcode": "05"
      }
    },
    {
      "type": "Feature",
      "geometry": {
        "type": "Point",
        "coordinates": [
          6.07952695,
          44.560728706
        ]
      },
      "properties": {
        "name": "Rue Jean Eymar / Impasse des Oiseaux",
        "context": "Gap, Hautes-Alpes",
        "citycode": "05061",
        "depcode": "05"
      }
    },
    {
      "type": "Feature",
      "geometry": {
        "type": "Point",
        "coordinates": [
          6.078041074,
          44.560326949
        ]
      },
      "properties": {
        "name": "Rue Jean Eymar / Passage de la Charité",
        "context": "Gap, Hautes-Alpes",
        "citycode": "05061",
        "depcode": "05"
      }
    },
    {
      "type": "Feature",
      "geometry": {
        "type": "Point",
        "coordinates": [
          6.078232099,
          44.560346424
        ]
      },
      "properties": {
        "name": "Rue Jean Eymar / Rue Bon Hôtel",
        "context": "Gap, Hautes-Alpes",
        "citycode": "05061",
        "depcode": "05"
      }
    },
    {
      "type": "Feature",
      "geometry": {
        "type": "Point",
        "coordinates": [
          6.077292566,
          44.56007528
        ]
      },
      "properties": {
        "name": "Rue Jean Eymar / Rue David Martin",
        "context": "Gap, Hautes-Alpes",
        "citycode": "05061",
        "depcode": "05"
      }
    },
    {
      "type": "Feature",
      "geometry": {
        "type": "Point",
        "coordinates": [
          6.078675265,
          44.56045747
        ]
      },
      "properties": {
        "name": "Rue Jean Eymar / Rue de l'Imprimerie",
        "context": "Gap, Hautes-Alpes",
        "citycode": "05061",
        "depcode": "05"
      }
    },
    {
      "type": "Feature",
      "geometry": {
        "type": "Point",
        "coordinates": [
          6.077365788,
          44.560102685
        ]
      },
      "properties": {
        "name": "Rue Jean Eymar / Rue de la Charité",
        "context": "Gap, Hautes-Alpes",
        "citycode": "05061",
        "depcode": "05"
      }
    },
    {
      "type": "Feature",
      "geometry": {
        "type": "Point",
        "coordinates": [
          6.079496251,
          44.560681845
        ]
      },
      "properties": {
        "name": "Rue Jean Eymar / Rue de la Placette",
        "context": "Gap, Hautes-Alpes",
        "citycode": "05061",
        "depcode": "05"
      }
    },
    {
      "type": "Feature",
      "geometry": {
        "type": "Point",
        "coordinates": [
          6.07918538,
          44.560620725
        ]
      },
      "properties": {
        "name": "Rue Jean Eymar / Rue de la Tour du Verger",
        "context": "Gap, Hautes-Alpes",
        "citycode": "05061",
        "depcode": "05"
      }
    },
    {
      "type": "Feature",
      "geometry": {
        "type": "Point",
        "coordinates": [
          6.077740016,
          44.560217244
        ]
      },
      "properties": {
        "name": "Rue Jean Eymar / Rue des 3 Frères Dorche",
        "context": "Gap, Hautes-Alpes",
        "citycode": "05061",
        "depcode": "05"
      }
    },
    {
      "type": "Feature",
      "geometry": {
        "type": "Point",
        "coordinates": [
          6.079912324,
          44.560840312
        ]
      },
      "properties": {
        "name": "Rue Jean Eymar / Rue des Cordiers",
        "context": "Gap, Hautes-Alpes",
        "citycode": "05061",
        "depcode": "05"
      }
    },
    {
      "type": "Feature",
      "geometry": {
        "type": "Point",
        "coordinates": [
          6.080242804,
          44.560898364
        ]
      },
      "properties": {
        "name": "Rue Jean Eymar / Rue du 4e Régiment de Chasseurs",
        "context": "Gap, Hautes-Alpes",
        "citycode": "05061",
        "depcode": "05"
      }
    },
    {
      "type": "Feature",
      "geometry": {
        "type": "Point",
        "coordinates": [
          6.07991136,
          44.560798729
        ]
      },
      "properties": {
        "name": "Rue Jean Eymar / Rue Pérolière",
        "context": "Gap, Hautes-Alpes",
        "citycode": "05061",
        "depcode": "05"
      }
    },
    {
      "type": "Feature",
      "geometry": {
        "type": "Point",
        "coordinates": [
          6.078705369,
          44.560408931
        ]
      },
      "properties": {
        "name": "Rue Jean Eymar / Rue Philis de la Charce",
        "context": "Gap, Hautes-Alpes",
        "citycode": "05061",
        "depcode": "05"
      }
    },
    {
      "type": "Feature",
      "geometry": {
        "type": "Point",
        "coordinates": [
          6.068792111,
          44.557840322
        ]
      },
      "properties": {
        "name": "Rue Jean Macé / Avenue de Veynes D994",
        "context": "Gap, Hautes-Alpes",
        "citycode": "05061",
        "depcode": "05"
      }
    },
    {
      "type": "Feature",
      "geometry": {
        "type": "Point",
        "coordinates": [
          6.068755766,
          44.557893527
        ]
      },
      "properties": {
        "name": "Rue Jean Macé / Rond-Point des Trois Fontaines",
        "context": "Gap, Hautes-Alpes",
        "citycode": "05061",
        "depcode": "05"
      }
    },
    {
      "type": "Feature",
      "geometry": {
        "type": "Point",
        "coordinates": [
          6.074030911,
          44.561501205
        ]
      },
      "properties": {
        "name": "Rue Jean Macé / Rue des Lavandins",
        "context": "Gap, Hautes-Alpes",
        "citycode": "05061",
        "depcode": "05"
      }
    },
    {
      "type": "Feature",
      "geometry": {
        "type": "Point",
        "coordinates": [
          6.076963256,
          44.562905939
        ]
      },
      "properties": {
        "name": "Rue Jean Macé / Rue des Pins",
        "context": "Gap, Hautes-Alpes",
        "citycode": "05061",
        "depcode": "05"
      }
    },
    {
      "type": "Feature",
      "geometry": {
        "type": "Point",
        "coordinates": [
          6.076957213,
          44.562967861
        ]
      },
      "properties": {
        "name": "Rue Jean Macé / Rue du Parc Saint-Joseph",
        "context": "Gap, Hautes-Alpes",
        "citycode": "05061",
        "depcode": "05"
      }
    },
    {
      "type": "Feature",
      "geometry": {
        "type": "Point",
        "coordinates": [
          6.07173724,
          44.559793697
        ]
      },
      "properties": {
        "name": "Rue Jean Macé / Rue du Super-Gap",
        "context": "Gap, Hautes-Alpes",
        "citycode": "05061",
        "depcode": "05"
      }
    },
    {
      "type": "Feature",
      "geometry": {
        "type": "Point",
        "coordinates": [
          6.067153236,
          44.553390709
        ]
      },
      "properties": {
        "name": "Rue Jean Mermoz / Rue Roland Garros",
        "context": "Gap, Hautes-Alpes",
        "citycode": "05061",
        "depcode": "05"
      }
    },
    {
      "type": "Feature",
      "geometry": {
        "type": "Point",
        "coordinates": [
          6.068635437,
          44.55324072
        ]
      },
      "properties": {
        "name": "Rue Jean Mermoz / Rue Saint-Exupéry",
        "context": "Gap, Hautes-Alpes",
        "citycode": "05061",
        "depcode": "05"
      }
    },
    {
      "type": "Feature",
      "geometry": {
        "type": "Point",
        "coordinates": [
          6.073038218,
          44.553524339
        ]
      },
      "properties": {
        "name": "Rue Joseph Faure / Avenue Jean Jaurès N85",
        "context": "Gap, Hautes-Alpes",
        "citycode": "05061",
        "depcode": "05"
      }
    },
    {
      "type": "Feature",
      "geometry": {
        "type": "Point",
        "coordinates": [
          6.073706812,
          44.553093376
        ]
      },
      "properties": {
        "name": "Rue Joseph Faure / Cours Émile Zola",
        "context": "Gap, Hautes-Alpes",
        "citycode": "05061",
        "depcode": "05"
      }
    },
    {
      "type": "Feature",
      "geometry": {
        "type": "Point",
        "coordinates": [
          6.072975782,
          44.553558184
        ]
      },
      "properties": {
        "name": "Rue Joseph Faure / Promenade Albert Laty",
        "context": "Gap, Hautes-Alpes",
        "citycode": "05061",
        "depcode": "05"
      }
    },
    {
      "type": "Feature",
      "geometry": {
        "type": "Point",
        "coordinates": [
          6.074115302,
          44.552837894
        ]
      },
      "properties": {
        "name": "Rue Joseph Faure / Rue du Serre de l'Aure",
        "context": "Gap, Hautes-Alpes",
        "citycode": "05061",
        "depcode": "05"
      }
    },
    {
      "type": "Feature",
      "geometry": {
        "type": "Point",
        "coordinates": [
          6.086034814,
          44.563302891
        ]
      },
      "properties": {
        "name": "Rue Juvénis / Avenue de la Gare",
        "context": "Gap, Hautes-Alpes",
        "citycode": "05061",
        "depcode": "05"
      }
    },
    {
      "type": "Feature",
      "geometry": {
        "type": "Point",
        "coordinates": [
          6.076136682,
          44.559699727
        ]
      },
      "properties": {
        "name": "Rue Léon Olphe-Galliard / Rue Jean Eymar",
        "context": "Gap, Hautes-Alpes",
        "citycode": "05061",
        "depcode": "05"
      }
    },
    {
      "type": "Feature",
      "geometry": {
        "type": "Point",
        "coordinates": [
          6.075093021,
          44.558933518
        ]
      },
      "properties": {
        "name": "Rue Louis Balmens / Boulevard Général Charles de Gaulle D91",
        "context": "Gap, Hautes-Alpes",
        "citycode": "05061",
        "depcode": "05"
      }
    },
    {
      "type": "Feature",
      "geometry": {
        "type": "Point",
        "coordinates": [
          6.077211664,
          44.558085079
        ]
      },
      "properties": {
        "name": "Rue Louis Balmens / Place Saint-Arnoux",
        "context": "Gap, Hautes-Alpes",
        "citycode": "05061",
        "depcode": "05"
      }
    },
    {
      "type": "Feature",
      "geometry": {
        "type": "Point",
        "coordinates": [
          6.076436623,
          44.558323897
        ]
      },
      "properties": {
        "name": "Rue Louis Balmens / Rue Champollion",
        "context": "Gap, Hautes-Alpes",
        "citycode": "05061",
        "depcode": "05"
      }
    },
    {
      "type": "Feature",
      "geometry": {
        "type": "Point",
        "coordinates": [
          6.075937915,
          44.558525113
        ]
      },
      "properties": {
        "name": "Rue Louis Balmens / Rue du 11 Novembre",
        "context": "Gap, Hautes-Alpes",
        "citycode": "05061",
        "depcode": "05"
      }
    },
    {
      "type": "Feature",
      "geometry": {
        "type": "Point",
        "coordinates": [
          6.075960905,
          44.558543641
        ]
      },
      "properties": {
        "name": "Rue Louis Balmens / Rue du Cadet de Charance",
        "context": "Gap, Hautes-Alpes",
        "citycode": "05061",
        "depcode": "05"
      }
    },
    {
      "type": "Feature",
      "geometry": {
        "type": "Point",
        "coordinates": [
          6.076055402,
          44.558510872
        ]
      },
      "properties": {
        "name": "Rue Louis Balmens / Rue du Colombier",
        "context": "Gap, Hautes-Alpes",
        "citycode": "05061",
        "depcode": "05"
      }
    },
    {
      "type": "Feature",
      "geometry": {
        "type": "Point",
        "coordinates": [
          6.076201873,
          44.558405677
        ]
      },
      "properties": {
        "name": "Rue Louis Balmens / Rue Saint-Antoine",
        "context": "Gap, Hautes-Alpes",
        "citycode": "05061",
        "depcode": "05"
      }
    },
    {
      "type": "Feature",
      "geometry": {
        "type": "Point",
        "coordinates": [
          6.073070745,
          44.553583059
        ]
      },
      "properties": {
        "name": "Rue Louis Comte / Avenue Jean Jaurès N85",
        "context": "Gap, Hautes-Alpes",
        "citycode": "05061",
        "depcode": "05"
      }
    },
    {
      "type": "Feature",
      "geometry": {
        "type": "Point",
        "coordinates": [
          6.072919257,
          44.553622308
        ]
      },
      "properties": {
        "name": "Rue Louis Comte / Promenade Albert Laty",
        "context": "Gap, Hautes-Alpes",
        "citycode": "05061",
        "depcode": "05"
      }
    },
    {
      "type": "Feature",
      "geometry": {
        "type": "Point",
        "coordinates": [
          6.07183536,
          44.553670071
        ]
      },
      "properties": {
        "name": "Rue Louis Comte / Rue Aimé Clément",
        "context": "Gap, Hautes-Alpes",
        "citycode": "05061",
        "depcode": "05"
      }
    },
    {
      "type": "Feature",
      "geometry": {
        "type": "Point",
        "coordinates": [
          6.070059291,
          44.554913812
        ]
      },
      "properties": {
        "name": "Rue Louis Comte / Rue de la Chapelle",
        "context": "Gap, Hautes-Alpes",
        "citycode": "05061",
        "depcode": "05"
      }
    },
    {
      "type": "Feature",
      "geometry": {
        "type": "Point",
        "coordinates": [
          6.070062046,
          44.554875844
        ]
      },
      "properties": {
        "name": "Rue Louis Comte / Rue du Pré de Foire",
        "context": "Gap, Hautes-Alpes",
        "citycode": "05061",
        "depcode": "05"
      }
    },
    {
      "type": "Feature",
      "geometry": {
        "type": "Point",
        "coordinates": [
          6.073048829,
          44.553555943
        ]
      },
      "properties": {
        "name": "Rue Louis Comte / Rue Joseph Faure",
        "context": "Gap, Hautes-Alpes",
        "citycode": "05061",
        "depcode": "05"
      }
    },
    {
      "type": "Feature",
      "geometry": {
        "type": "Point",
        "coordinates": [
          6.068933758,
          44.554891482
        ]
      },
      "properties": {
        "name": "Rue Louis Comte / Rue Santos Dumont",
        "context": "Gap, Hautes-Alpes",
        "citycode": "05061",
        "depcode": "05"
      }
    },
    {
      "type": "Feature",
      "geometry": {
        "type": "Point",
        "coordinates": [
          6.049306626,
          44.537089616
        ]
      },
      "properties": {
        "name": "Rue Marcel Proust / Route de Saint-Jean D47",
        "context": "Gap, Hautes-Alpes",
        "citycode": "05061",
        "depcode": "05"
      }
    },
    {
      "type": "Feature",
      "geometry": {
        "type": "Point",
        "coordinates": [
          6.075262348,
          44.555373329
        ]
      },
      "properties": {
        "name": "Rue Marchon / Avenue Jean Jaurès N85",
        "context": "Gap, Hautes-Alpes",
        "citycode": "05061",
        "depcode": "05"
      }
    },
    {
      "type": "Feature",
      "geometry": {
        "type": "Point",
        "coordinates": [
          6.074722442,
          44.555727865
        ]
      },
      "properties": {
        "name": "Rue Marchon / Rue Maurice Garnier",
        "context": "Gap, Hautes-Alpes",
        "citycode": "05061",
        "depcode": "05"
      }
    },
    {
      "type": "Feature",
      "geometry": {
        "type": "Point",
        "coordinates": [
          6.073970005,
          44.556171567
        ]
      },
      "properties": {
        "name": "Rue Marchon / Rue Valentin Chabrand",
        "context": "Gap, Hautes-Alpes",
        "citycode": "05061",
        "depcode": "05"
      }
    },
    {
      "type": "Feature",
      "geometry": {
        "type": "Point",
        "coordinates": [
          6.06878314,
          44.551172399
        ]
      },
      "properties": {
        "name": "Rue Mardirossian / Rue de Serrebourges",
        "context": "Gap, Hautes-Alpes",
        "citycode": "05061",
        "depcode": "05"
      }
    },
    {
      "type": "Feature",
      "geometry": {
        "type": "Point",
        "coordinates": [
          6.07514475,
          44.556238301
        ]
      },
      "properties": {
        "name": "Rue Maurice Garnier / Allée du Souvenir Français",
        "context": "Gap, Hautes-Alpes",
        "citycode": "05061",
        "depcode": "05"
      }
    },
    {
      "type": "Feature",
      "geometry": {
        "type": "Point",
        "coordinates": [
          6.075559816,
          44.556633376
        ]
      },
      "properties": {
        "name": "Rue Maurice Garnier / Cours Amiral Coubert",
        "context": "Gap, Hautes-Alpes",
        "citycode": "05061",
        "depcode": "05"
      }
    },
    {
      "type": "Feature",
      "geometry": {
        "type": "Point",
        "coordinates": [
          6.075817411,
          44.556907539
        ]
      },
      "properties": {
        "name": "Rue Maurice Garnier / Cours Frédéric Mistral D91",
        "context": "Gap, Hautes-Alpes",
        "citycode": "05061",
        "depcode": "05"
      }
    },
    {
      "type": "Feature",
      "geometry": {
        "type": "Point",
        "coordinates": [
          6.07519692,
          44.556212063
        ]
      },
      "properties": {
        "name": "Rue Maurice Garnier / Rue Abbé Pascal",
        "context": "Gap, Hautes-Alpes",
        "citycode": "05061",
        "depcode": "05"
      }
    },
    {
      "type": "Feature",
      "geometry": {
        "type": "Point",
        "coordinates": [
          6.074108792,
          44.555101645
        ]
      },
      "properties": {
        "name": "Rue Maurice Garnier / Rue du Pré de Foire",
        "context": "Gap, Hautes-Alpes",
        "citycode": "05061",
        "depcode": "05"
      }
    },
    {
      "type": "Feature",
      "geometry": {
        "type": "Point",
        "coordinates": [
          6.094024154,
          44.57030413
        ]
      },
      "properties": {
        "name": "Rue Maurice Ravel / Rue Mozart",
        "context": "Gap, Hautes-Alpes",
        "citycode": "05061",
        "depcode": "05"
      }
    },
    {
      "type": "Feature",
      "geometry": {
        "type": "Point",
        "coordinates": [
          6.083230253,
          44.569447024
        ]
      },
      "properties": {
        "name": "Rue Mauzan / Avenue du Commandant Dumont N85",
        "context": "Gap, Hautes-Alpes",
        "citycode": "05061",
        "depcode": "05"
      }
    },
    {
      "type": "Feature",
      "geometry": {
        "type": "Point",
        "coordinates": [
          6.083136196,
          44.570059399
        ]
      },
      "properties": {
        "name": "Rue Messidor / Avenue du Commandant Dumont N85",
        "context": "Gap, Hautes-Alpes",
        "citycode": "05061",
        "depcode": "05"
      }
    },
    {
      "type": "Feature",
      "geometry": {
        "type": "Point",
        "coordinates": [
          6.083024752,
          44.570048338
        ]
      },
      "properties": {
        "name": "Rue Messidor / Impasse des Rosiers",
        "context": "Gap, Hautes-Alpes",
        "citycode": "05061",
        "depcode": "05"
      }
    },
    {
      "type": "Feature",
      "geometry": {
        "type": "Point",
        "coordinates": [
          6.079114863,
          44.569640297
        ]
      },
      "properties": {
        "name": "Rue Messidor / Rue de Bonne",
        "context": "Gap, Hautes-Alpes",
        "citycode": "05061",
        "depcode": "05"
      }
    },
    {
      "type": "Feature",
      "geometry": {
        "type": "Point",
        "coordinates": [
          6.079149142,
          44.569765036
        ]
      },
      "properties": {
        "name": "Rue Messidor / Rue de Varsie",
        "context": "Gap, Hautes-Alpes",
        "citycode": "05061",
        "depcode": "05"
      }
    },
    {
      "type": "Feature",
      "geometry": {
        "type": "Point",
        "coordinates": [
          6.081677349,
          44.569955096
        ]
      },
      "properties": {
        "name": "Rue Messidor / Rue des Lilas",
        "context": "Gap, Hautes-Alpes",
        "citycode": "05061",
        "depcode": "05"
      }
    },
    {
      "type": "Feature",
      "geometry": {
        "type": "Point",
        "coordinates": [
          6.092457303,
          44.571661489
        ]
      },
      "properties": {
        "name": "Rue Montclair / Route du Forest d'Entrais",
        "context": "Gap, Hautes-Alpes",
        "citycode": "05061",
        "depcode": "05"
      }
    },
    {
      "type": "Feature",
      "geometry": {
        "type": "Point",
        "coordinates": [
          6.092494408,
          44.57168758
        ]
      },
      "properties": {
        "name": "Rue Montclair / Rue Mozart",
        "context": "Gap, Hautes-Alpes",
        "citycode": "05061",
        "depcode": "05"
      }
    },
    {
      "type": "Feature",
      "geometry": {
        "type": "Point",
        "coordinates": [
          6.092450868,
          44.57162519
        ]
      },
      "properties": {
        "name": "Rue Montclair / Rue Vincent Scotto",
        "context": "Gap, Hautes-Alpes",
        "citycode": "05061",
        "depcode": "05"
      }
    },
    {
      "type": "Feature",
      "geometry": {
        "type": "Point",
        "coordinates": [
          6.092523415,
          44.571700912
        ]
      },
      "properties": {
        "name": "Rue Mozart / Route du Forest d'Entrais",
        "context": "Gap, Hautes-Alpes",
        "citycode": "05061",
        "depcode": "05"
      }
    },
    {
      "type": "Feature",
      "geometry": {
        "type": "Point",
        "coordinates": [
          6.077395878,
          44.558324897
        ]
      },
      "properties": {
        "name": "Rue Notre-Dame / Rue Passe-Vite",
        "context": "Gap, Hautes-Alpes",
        "citycode": "05061",
        "depcode": "05"
      }
    },
    {
      "type": "Feature",
      "geometry": {
        "type": "Point",
        "coordinates": [
          6.077208332,
          44.558115458
        ]
      },
      "properties": {
        "name": "Rue Passe-Vite / Place Saint-Arnoux",
        "context": "Gap, Hautes-Alpes",
        "citycode": "05061",
        "depcode": "05"
      }
    },
    {
      "type": "Feature",
      "geometry": {
        "type": "Point",
        "coordinates": [
          6.077214376,
          44.558122686
        ]
      },
      "properties": {
        "name": "Rue Passe-Vite / Rue Louis Balmens",
        "context": "Gap, Hautes-Alpes",
        "citycode": "05061",
        "depcode": "05"
      }
    },
    {
      "type": "Feature",
      "geometry": {
        "type": "Point",
        "coordinates": [
          6.080531275,
          44.560194206
        ]
      },
      "properties": {
        "name": "Rue Pasteur / Place Alsace-Lorraine",
        "context": "Gap, Hautes-Alpes",
        "citycode": "05061",
        "depcode": "05"
      }
    },
    {
      "type": "Feature",
      "geometry": {
        "type": "Point",
        "coordinates": [
          6.078429691,
          44.559824751
        ]
      },
      "properties": {
        "name": "Rue Pasteur / Rue Bon Hôtel",
        "context": "Gap, Hautes-Alpes",
        "citycode": "05061",
        "depcode": "05"
      }
    },
    {
      "type": "Feature",
      "geometry": {
        "type": "Point",
        "coordinates": [
          6.081114775,
          44.560345726
        ]
      },
      "properties": {
        "name": "Rue Pasteur / Rue Carnot N85",
        "context": "Gap, Hautes-Alpes",
        "citycode": "05061",
        "depcode": "05"
      }
    },
    {
      "type": "Feature",
      "geometry": {
        "type": "Point",
        "coordinates": [
          6.078862915,
          44.559910389
        ]
      },
      "properties": {
        "name": "Rue Pasteur / Rue de l'Imprimerie",
        "context": "Gap, Hautes-Alpes",
        "citycode": "05061",
        "depcode": "05"
      }
    },
    {
      "type": "Feature",
      "geometry": {
        "type": "Point",
        "coordinates": [
          6.077983772,
          44.559732765
        ]
      },
      "properties": {
        "name": "Rue Pasteur / Rue des 3 Frères Dorche",
        "context": "Gap, Hautes-Alpes",
        "citycode": "05061",
        "depcode": "05"
      }
    },
    {
      "type": "Feature",
      "geometry": {
        "type": "Point",
        "coordinates": [
          6.080741045,
          44.560256363
        ]
      },
      "properties": {
        "name": "Rue Pasteur / Rue du 4e Régiment de Chasseurs",
        "context": "Gap, Hautes-Alpes",
        "citycode": "05061",
        "depcode": "05"
      }
    },
    {
      "type": "Feature",
      "geometry": {
        "type": "Point",
        "coordinates": [
          6.076761174,
          44.55932895
        ]
      },
      "properties": {
        "name": "Rue Pasteur Prolongée / Rue David Martin",
        "context": "Gap, Hautes-Alpes",
        "citycode": "05061",
        "depcode": "05"
      }
    },
    {
      "type": "Feature",
      "geometry": {
        "type": "Point",
        "coordinates": [
          6.069357911,
          44.55052815
        ]
      },
      "properties": {
        "name": "Rue Paul Arène / Avenue Jean Jaurès N85",
        "context": "Gap, Hautes-Alpes",
        "citycode": "05061",
        "depcode": "05"
      }
    },
    {
      "type": "Feature",
      "geometry": {
        "type": "Point",
        "coordinates": [
          6.069309577,
          44.550558246
        ]
      },
      "properties": {
        "name": "Rue Paul Arène / Promenade Albert Laty",
        "context": "Gap, Hautes-Alpes",
        "citycode": "05061",
        "depcode": "05"
      }
    },
    {
      "type": "Feature",
      "geometry": {
        "type": "Point",
        "coordinates": [
          6.070268094,
          44.549966128
        ]
      },
      "properties": {
        "name": "Rue Paul Arène / Rue de Villeneuve",
        "context": "Gap, Hautes-Alpes",
        "citycode": "05061",
        "depcode": "05"
      }
    },
    {
      "type": "Feature",
      "geometry": {
        "type": "Point",
        "coordinates": [
          6.077651587,
          44.561978941
        ]
      },
      "properties": {
        "name": "Rue Paul Bert / Cours Émile Fabre",
        "context": "Gap, Hautes-Alpes",
        "citycode": "05061",
        "depcode": "05"
      }
    },
    {
      "type": "Feature",
      "geometry": {
        "type": "Point",
        "coordinates": [
          6.077706024,
          44.561974253
        ]
      },
      "properties": {
        "name": "Rue Paul Bert / Cours Victor Hugo",
        "context": "Gap, Hautes-Alpes",
        "citycode": "05061",
        "depcode": "05"
      }
    },
    {
      "type": "Feature",
      "geometry": {
        "type": "Point",
        "coordinates": [
          6.077728193,
          44.562021537
        ]
      },
      "properties": {
        "name": "Rue Paul Bert / Rue Charles Aurouze",
        "context": "Gap, Hautes-Alpes",
        "citycode": "05061",
        "depcode": "05"
      }
    },
    {
      "type": "Feature",
      "geometry": {
        "type": "Point",
        "coordinates": [
          6.077584244,
          44.56204892
        ]
      },
      "properties": {
        "name": "Rue Paul Bert / Rue des Pins",
        "context": "Gap, Hautes-Alpes",
        "citycode": "05061",
        "depcode": "05"
      }
    },
    {
      "type": "Feature",
      "geometry": {
        "type": "Point",
        "coordinates": [
          6.078046563,
          44.570533836
        ]
      },
      "properties": {
        "name": "Rue Perce Neige / Rue de Bonne",
        "context": "Gap, Hautes-Alpes",
        "citycode": "05061",
        "depcode": "05"
      }
    },
    {
      "type": "Feature",
      "geometry": {
        "type": "Point",
        "coordinates": [
          6.080033462,
          44.559546336
        ]
      },
      "properties": {
        "name": "Rue Pérolière / Rue de France",
        "context": "Gap, Hautes-Alpes",
        "citycode": "05061",
        "depcode": "05"
      }
    },
    {
      "type": "Feature",
      "geometry": {
        "type": "Point",
        "coordinates": [
          6.079913585,
          44.560829311
        ]
      },
      "properties": {
        "name": "Rue Pérolière / Rue des Cordiers",
        "context": "Gap, Hautes-Alpes",
        "citycode": "05061",
        "depcode": "05"
      }
    },
    {
      "type": "Feature",
      "geometry": {
        "type": "Point",
        "coordinates": [
          6.079973353,
          44.559815116
        ]
      },
      "properties": {
        "name": "Rue Pérolière / Rue du Four Neuf",
        "context": "Gap, Hautes-Alpes",
        "citycode": "05061",
        "depcode": "05"
      }
    },
    {
      "type": "Feature",
      "geometry": {
        "type": "Point",
        "coordinates": [
          6.080036463,
          44.560116278
        ]
      },
      "properties": {
        "name": "Rue Pérolière / Rue Pasteur",
        "context": "Gap, Hautes-Alpes",
        "citycode": "05061",
        "depcode": "05"
      }
    },
    {
      "type": "Feature",
      "geometry": {
        "type": "Point",
        "coordinates": [
          6.078781736,
          44.560279164
        ]
      },
      "properties": {
        "name": "Rue Philis de la Charce / Rue de l'Imprimerie",
        "context": "Gap, Hautes-Alpes",
        "citycode": "05061",
        "depcode": "05"
      }
    },
    {
      "type": "Feature",
      "geometry": {
        "type": "Point",
        "coordinates": [
          6.079048592,
          44.560156457
        ]
      },
      "properties": {
        "name": "Rue Philis de la Charce / Rue de la Placette",
        "context": "Gap, Hautes-Alpes",
        "citycode": "05061",
        "depcode": "05"
      }
    },
    {
      "type": "Feature",
      "geometry": {
        "type": "Point",
        "coordinates": [
          6.079185868,
          44.559961943
        ]
      },
      "properties": {
        "name": "Rue Philis de la Charce / Rue Pasteur",
        "context": "Gap, Hautes-Alpes",
        "citycode": "05061",
        "depcode": "05"
      }
    },
    {
      "type": "Feature",
      "geometry": {
        "type": "Point",
        "coordinates": [
          6.079642438,
          44.557091045
        ]
      },
      "properties": {
        "name": "Rue Pinet / Rue Sainte-Marguerite",
        "context": "Gap, Hautes-Alpes",
        "citycode": "05061",
        "depcode": "05"
      }
    },
    {
      "type": "Feature",
      "geometry": {
        "type": "Point",
        "coordinates": [
          6.079931805,
          44.557322119
        ]
      },
      "properties": {
        "name": "Rue Pinet / Rue Vallon Corse",
        "context": "Gap, Hautes-Alpes",
        "citycode": "05061",
        "depcode": "05"
      }
    },
    {
      "type": "Feature",
      "geometry": {
        "type": "Point",
        "coordinates": [
          6.080437658,
          44.557700791
        ]
      },
      "properties": {
        "name": "Rue Pinet / Rue Villars",
        "context": "Gap, Hautes-Alpes",
        "citycode": "05061",
        "depcode": "05"
      }
    },
    {
      "type": "Feature",
      "geometry": {
        "type": "Point",
        "coordinates": [
          6.108881985,
          44.5779003
        ]
      },
      "properties": {
        "name": "Rue Pré Mongit / Route de la Reyberte D92",
        "context": "Gap, Hautes-Alpes",
        "citycode": "05061",
        "depcode": "05"
      }
    },
    {
      "type": "Feature",
      "geometry": {
        "type": "Point",
        "coordinates": [
          6.065607731,
          44.547516709
        ]
      },
      "properties": {
        "name": "Rue Roger Sabatier / Avenue Jean Jaurès N85",
        "context": "Gap, Hautes-Alpes",
        "citycode": "05061",
        "depcode": "05"
      }
    },
    {
      "type": "Feature",
      "geometry": {
        "type": "Point",
        "coordinates": [
          6.065509491,
          44.547612142
        ]
      },
      "properties": {
        "name": "Rue Roger Sabatier / Contre-Allée",
        "context": "Gap, Hautes-Alpes",
        "citycode": "05061",
        "depcode": "05"
      }
    },
    {
      "type": "Feature",
      "geometry": {
        "type": "Point",
        "coordinates": [
          6.063537596,
          44.549315226
        ]
      },
      "properties": {
        "name": "Rue Roger Sabatier / Rue des Sagnières",
        "context": "Gap, Hautes-Alpes",
        "citycode": "05061",
        "depcode": "05"
      }
    },
    {
      "type": "Feature",
      "geometry": {
        "type": "Point",
        "coordinates": [
          6.068324861,
          44.55273887
        ]
      },
      "properties": {
        "name": "Rue Roland Garros / Rue Saint-Exupéry",
        "context": "Gap, Hautes-Alpes",
        "citycode": "05061",
        "depcode": "05"
      }
    },
    {
      "type": "Feature",
      "geometry": {
        "type": "Point",
        "coordinates": [
          6.076636474,
          44.559859387
        ]
      },
      "properties": {
        "name": "Rue Roumanille / Rue Jean Eymar",
        "context": "Gap, Hautes-Alpes",
        "citycode": "05061",
        "depcode": "05"
      }
    },
    {
      "type": "Feature",
      "geometry": {
        "type": "Point",
        "coordinates": [
          6.074950628,
          44.557355106
        ]
      },
      "properties": {
        "name": "Rue Saint-Antoine / Cours Frédéric Mistral D91",
        "context": "Gap, Hautes-Alpes",
        "citycode": "05061",
        "depcode": "05"
      }
    },
    {
      "type": "Feature",
      "geometry": {
        "type": "Point",
        "coordinates": [
          6.075263638,
          44.557601217
        ]
      },
      "properties": {
        "name": "Rue Saint-Antoine / Rue Docteur André Bruyère",
        "context": "Gap, Hautes-Alpes",
        "citycode": "05061",
        "depcode": "05"
      }
    },
    {
      "type": "Feature",
      "geometry": {
        "type": "Point",
        "coordinates": [
          6.076235962,
          44.558393799
        ]
      },
      "properties": {
        "name": "Rue Saint-Antoine / Rue Louis Balmens",
        "context": "Gap, Hautes-Alpes",
        "citycode": "05061",
        "depcode": "05"
      }
    },
    {
      "type": "Feature",
      "geometry": {
        "type": "Point",
        "coordinates": [
          6.075606494,
          44.557895819
        ]
      },
      "properties": {
        "name": "Rue Saint-Antoine / Rue Saint-Arey",
        "context": "Gap, Hautes-Alpes",
        "citycode": "05061",
        "depcode": "05"
      }
    },
    {
      "type": "Feature",
      "geometry": {
        "type": "Point",
        "coordinates": [
          6.077330653,
          44.556631309
        ]
      },
      "properties": {
        "name": "Rue Saint-Arey / Rue Carnot N85",
        "context": "Gap, Hautes-Alpes",
        "citycode": "05061",
        "depcode": "05"
      }
    },
    {
      "type": "Feature",
      "geometry": {
        "type": "Point",
        "coordinates": [
          6.075393963,
          44.557982595
        ]
      },
      "properties": {
        "name": "Rue Saint-Arey / Rue du 11 Novembre",
        "context": "Gap, Hautes-Alpes",
        "citycode": "05061",
        "depcode": "05"
      }
    },
    {
      "type": "Feature",
      "geometry": {
        "type": "Point",
        "coordinates": [
          6.07728507,
          44.556936722
        ]
      },
      "properties": {
        "name": "Rue Saint-Arey / Rue du Colonel Roux",
        "context": "Gap, Hautes-Alpes",
        "citycode": "05061",
        "depcode": "05"
      }
    },
    {
      "type": "Feature",
      "geometry": {
        "type": "Point",
        "coordinates": [
          6.075655989,
          44.557892623
        ]
      },
      "properties": {
        "name": "Rue Saint-Arey / Rue Saint-Antoine",
        "context": "Gap, Hautes-Alpes",
        "citycode": "05061",
        "depcode": "05"
      }
    },
    {
      "type": "Feature",
      "geometry": {
        "type": "Point",
        "coordinates": [
          6.069661251,
          44.553597577
        ]
      },
      "properties": {
        "name": "Rue Saint-Exupéry / Impasse Hélène Boucher",
        "context": "Gap, Hautes-Alpes",
        "citycode": "05061",
        "depcode": "05"
      }
    },
    {
      "type": "Feature",
      "geometry": {
        "type": "Point",
        "coordinates": [
          6.067928415,
          44.551665209
        ]
      },
      "properties": {
        "name": "Rue Saint-Exupéry / Rue de Serrebourges",
        "context": "Gap, Hautes-Alpes",
        "citycode": "05061",
        "depcode": "05"
      }
    },
    {
      "type": "Feature",
      "geometry": {
        "type": "Point",
        "coordinates": [
          6.067872826,
          44.551640231
        ]
      },
      "properties": {
        "name": "Rue Saint-Exupéry / Rue des Sagnières",
        "context": "Gap, Hautes-Alpes",
        "citycode": "05061",
        "depcode": "05"
      }
    },
    {
      "type": "Feature",
      "geometry": {
        "type": "Point",
        "coordinates": [
          6.071225216,
          44.554047003
        ]
      },
      "properties": {
        "name": "Rue Saint-Exupéry / Rue Louis Comte",
        "context": "Gap, Hautes-Alpes",
        "citycode": "05061",
        "depcode": "05"
      }
    },
    {
      "type": "Feature",
      "geometry": {
        "type": "Point",
        "coordinates": [
          6.068895406,
          44.553418685
        ]
      },
      "properties": {
        "name": "Rue Saint-Exupéry / Rue Santos Dumont",
        "context": "Gap, Hautes-Alpes",
        "citycode": "05061",
        "depcode": "05"
      }
    },
    {
      "type": "Feature",
      "geometry": {
        "type": "Point",
        "coordinates": [
          6.079389945,
          44.556470473
        ]
      },
      "properties": {
        "name": "Rue Sainte-Marguerite / Boulevard Georges Pompidou N85",
        "context": "Gap, Hautes-Alpes",
        "citycode": "05061",
        "depcode": "05"
      }
    },
    {
      "type": "Feature",
      "geometry": {
        "type": "Point",
        "coordinates": [
          6.07958733,
          44.557067202
        ]
      },
      "properties": {
        "name": "Rue Sainte-Marguerite / Rue Pinet",
        "context": "Gap, Hautes-Alpes",
        "citycode": "05061",
        "depcode": "05"
      }
    },
    {
      "type": "Feature",
      "geometry": {
        "type": "Point",
        "coordinates": [
          6.079792511,
          44.557449384
        ]
      },
      "properties": {
        "name": "Rue Sainte-Marguerite / Rue Vallon Corse",
        "context": "Gap, Hautes-Alpes",
        "citycode": "05061",
        "depcode": "05"
      }
    },
    {
      "type": "Feature",
      "geometry": {
        "type": "Point",
        "coordinates": [
          6.069507002,
          44.554051399
        ]
      },
      "properties": {
        "name": "Rue Santos Dumont / Rue du Pré de Foire",
        "context": "Gap, Hautes-Alpes",
        "citycode": "05061",
        "depcode": "05"
      }
    },
    {
      "type": "Feature",
      "geometry": {
        "type": "Point",
        "coordinates": [
          6.068976133,
          44.55343416
        ]
      },
      "properties": {
        "name": "Rue Santos Dumont / Rue Saint-Exupéry",
        "context": "Gap, Hautes-Alpes",
        "citycode": "05061",
        "depcode": "05"
      }
    },
    {
      "type": "Feature",
      "geometry": {
        "type": "Point",
        "coordinates": [
          6.075366951,
          44.559923375
        ]
      },
      "properties": {
        "name": "Rue sous Puymaure / Avenue Guillaume Farel D994",
        "context": "Gap, Hautes-Alpes",
        "citycode": "05061",
        "depcode": "05"
      }
    },
    {
      "type": "Feature",
      "geometry": {
        "type": "Point",
        "coordinates": [
          6.07459048,
          44.560316563
        ]
      },
      "properties": {
        "name": "Rue sous Puymaure / Rue Condorcet",
        "context": "Gap, Hautes-Alpes",
        "citycode": "05061",
        "depcode": "05"
      }
    },
    {
      "type": "Feature",
      "geometry": {
        "type": "Point",
        "coordinates": [
          6.076825382,
          44.559330856
        ]
      },
      "properties": {
        "name": "Rue Trébaudon / Rue David Martin",
        "context": "Gap, Hautes-Alpes",
        "citycode": "05061",
        "depcode": "05"
      }
    },
    {
      "type": "Feature",
      "geometry": {
        "type": "Point",
        "coordinates": [
          6.076915011,
          44.559321137
        ]
      },
      "properties": {
        "name": "Rue Trébaudon / Rue Pasteur Prolongée",
        "context": "Gap, Hautes-Alpes",
        "citycode": "05061",
        "depcode": "05"
      }
    },
    {
      "type": "Feature",
      "geometry": {
        "type": "Point",
        "coordinates": [
          6.07318594,
          44.555416346
        ]
      },
      "properties": {
        "name": "Rue Valentin Chabrand / Rue du Pré de Foire",
        "context": "Gap, Hautes-Alpes",
        "citycode": "05061",
        "depcode": "05"
      }
    },
    {
      "type": "Feature",
      "geometry": {
        "type": "Point",
        "coordinates": [
          6.079633197,
          44.557677699
        ]
      },
      "properties": {
        "name": "Rue Vallon Corse / Rue du Docteur Roubaud",
        "context": "Gap, Hautes-Alpes",
        "citycode": "05061",
        "depcode": "05"
      }
    },
    {
      "type": "Feature",
      "geometry": {
        "type": "Point",
        "coordinates": [
          6.079789717,
          44.557479825
        ]
      },
      "properties": {
        "name": "Rue Vallon Corse / Rue Sainte-Marguerite",
        "context": "Gap, Hautes-Alpes",
        "citycode": "05061",
        "depcode": "05"
      }
    },
    {
      "type": "Feature",
      "geometry": {
        "type": "Point",
        "coordinates": [
          6.081005496,
          44.557249217
        ]
      },
      "properties": {
        "name": "Rue Villars / Boulevard Georges Pompidou N85",
        "context": "Gap, Hautes-Alpes",
        "citycode": "05061",
        "depcode": "05"
      }
    },
    {
      "type": "Feature",
      "geometry": {
        "type": "Point",
        "coordinates": [
          6.092453548,
          44.571601639
        ]
      },
      "properties": {
        "name": "Rue Vincent Scotto / Route du Forest d'Entrais",
        "context": "Gap, Hautes-Alpes",
        "citycode": "05061",
        "depcode": "05"
      }
    },
    {
      "type": "Feature",
      "geometry": {
        "type": "Point",
        "coordinates": [
          6.092715158,
          44.57157162
        ]
      },
      "properties": {
        "name": "Rue Vincent Scotto / Rue Mozart",
        "context": "Gap, Hautes-Alpes",
        "citycode": "05061",
        "depcode": "05"
      }
    },
    {
      "type": "Feature",
      "geometry": {
        "type": "Point",
        "coordinates": [
          6.012419763,
          44.642060509
        ]
      },
      "properties": {
        "name": "Torrent de Blache Coq / Le Petit Buëch",
        "context": "Gap, Hautes-Alpes",
        "citycode": "05061",
        "depcode": "05"
      }
    },
    {
      "type": "Feature",
      "geometry": {
        "type": "Point",
        "coordinates": [
          6.084590448,
          44.560589769
        ]
      },
      "properties": {
        "name": "Torrent de Bonne / Boulevard Pierre et Marie Curie N85",
        "context": "Gap, Hautes-Alpes",
        "citycode": "05061",
        "depcode": "05"
      }
    },
    {
      "type": "Feature",
      "geometry": {
        "type": "Point",
        "coordinates": [
          6.077849223,
          44.600808529
        ]
      },
      "properties": {
        "name": "Torrent de Bonne / Canal de Gap",
        "context": "Gap, Hautes-Alpes",
        "citycode": "05061",
        "depcode": "05"
      }
    },
    {
      "type": "Feature",
      "geometry": {
        "type": "Point",
        "coordinates": [
          6.084781742,
          44.560505149
        ]
      },
      "properties": {
        "name": "Torrent de Bonne / La Luye",
        "context": "Gap, Hautes-Alpes",
        "citycode": "05061",
        "depcode": "05"
      }
    },
    {
      "type": "Feature",
      "geometry": {
        "type": "Point",
        "coordinates": [
          6.077867844,
          44.600660475
        ]
      },
      "properties": {
        "name": "Torrent de Bonne / Promenade du Canal",
        "context": "Gap, Hautes-Alpes",
        "citycode": "05061",
        "depcode": "05"
      }
    },
    {
      "type": "Feature",
      "geometry": {
        "type": "Point",
        "coordinates": [
          6.072742507,
          44.576688361
        ]
      },
      "properties": {
        "name": "Torrent de Bonne / Viaduc de Bonne - Rocade de Gap",
        "context": "Gap, Hautes-Alpes",
        "citycode": "05061",
        "depcode": "05"
      }
    },
    {
      "type": "Feature",
      "geometry": {
        "type": "Point",
        "coordinates": [
          6.020147025,
          44.642703364
        ]
      },
      "properties": {
        "name": "Torrent de Chanebière / Le Petit Buëch",
        "context": "Gap, Hautes-Alpes",
        "citycode": "05061",
        "depcode": "05"
      }
    },
    {
      "type": "Feature",
      "geometry": {
        "type": "Point",
        "coordinates": [
          6.025871119,
          44.649393775
        ]
      },
      "properties": {
        "name": "Torrent de Chanebière / Torrent de Saint-Adoulx",
        "context": "Gap, Hautes-Alpes",
        "citycode": "05061",
        "depcode": "05"
      }
    },
    {
      "type": "Feature",
      "geometry": {
        "type": "Point",
        "coordinates": [
          6.100781334,
          44.587538756
        ]
      },
      "properties": {
        "name": "Torrent de l'Oursatas / Le Buzon",
        "context": "Gap, Hautes-Alpes",
        "citycode": "05061",
        "depcode": "05"
      }
    },
    {
      "type": "Feature",
      "geometry": {
        "type": "Point",
        "coordinates": [
          6.01224129,
          44.56059477
        ]
      },
      "properties": {
        "name": "Torrent de la Selle / Route de Corréo D503",
        "context": "Gap, Hautes-Alpes",
        "citycode": "05061",
        "depcode": "05"
      }
    },
    {
      "type": "Feature",
      "geometry": {
        "type": "Point",
        "coordinates": [
          6.035383397,
          44.572199172
        ]
      },
      "properties": {
        "name": "Torrent de Malecombe / Canal de Gap",
        "context": "Gap, Hautes-Alpes",
        "citycode": "05061",
        "depcode": "05"
      }
    },
    {
      "type": "Feature",
      "geometry": {
        "type": "Point",
        "coordinates": [
          6.047318686,
          44.546188753
        ]
      },
      "properties": {
        "name": "Torrent de Malecombe / Chemin du Rousine",
        "context": "Gap, Hautes-Alpes",
        "citycode": "05061",
        "depcode": "05"
      }
    },
    {
      "type": "Feature",
      "geometry": {
        "type": "Point",
        "coordinates": [
          6.047794832,
          44.54242896
        ]
      },
      "properties": {
        "name": "Torrent de Malecombe / Chemin du Viaduc",
        "context": "Gap, Hautes-Alpes",
        "citycode": "05061",
        "depcode": "05"
      }
    },
    {
      "type": "Feature",
      "geometry": {
        "type": "Point",
        "coordinates": [
          6.041169877,
          44.526178987
        ]
      },
      "properties": {
        "name": "Torrent de Malecombe / Le Rousine",
        "context": "Gap, Hautes-Alpes",
        "citycode": "05061",
        "depcode": "05"
      }
    },
    {
      "type": "Feature",
      "geometry": {
        "type": "Point",
        "coordinates": [
          6.047856166,
          44.542429987
        ]
      },
      "properties": {
        "name": "Torrent de Malecombe / Route de Chaudefeuille",
        "context": "Gap, Hautes-Alpes",
        "citycode": "05061",
        "depcode": "05"
      }
    },
    {
      "type": "Feature",
      "geometry": {
        "type": "Point",
        "coordinates": [
          6.044037751,
          44.557827561
        ]
      },
      "properties": {
        "name": "Torrent de Malecombe / Route de Malcombe",
        "context": "Gap, Hautes-Alpes",
        "citycode": "05061",
        "depcode": "05"
      }
    },
    {
      "type": "Feature",
      "geometry": {
        "type": "Point",
        "coordinates": [
          6.050556973,
          44.537630603
        ]
      },
      "properties": {
        "name": "Torrent de Malecombe / Route de Saint-Jean D47",
        "context": "Gap, Hautes-Alpes",
        "citycode": "05061",
        "depcode": "05"
      }
    },
    {
      "type": "Feature",
      "geometry": {
        "type": "Point",
        "coordinates": [
          6.046937819,
          44.548789514
        ]
      },
      "properties": {
        "name": "Torrent de Malecombe / Rue de Pic Ponçon",
        "context": "Gap, Hautes-Alpes",
        "citycode": "05061",
        "depcode": "05"
      }
    },
    {
      "type": "Feature",
      "geometry": {
        "type": "Point",
        "coordinates": [
          6.041166339,
          44.526194166
        ]
      },
      "properties": {
        "name": "Torrent de Malecombe / Torrent de la Selle",
        "context": "Gap, Hautes-Alpes",
        "citycode": "05061",
        "depcode": "05"
      }
    },
    {
      "type": "Feature",
      "geometry": {
        "type": "Point",
        "coordinates": [
          6.007177584,
          44.639931784
        ]
      },
      "properties": {
        "name": "Torrent de Porel / Le Petit Buëch",
        "context": "Gap, Hautes-Alpes",
        "citycode": "05061",
        "depcode": "05"
      }
    },
    {
      "type": "Feature",
      "geometry": {
        "type": "Point",
        "coordinates": [
          6.025891897,
          44.64940207
        ]
      },
      "properties": {
        "name": "Torrent de Saint-Adoulx / Torrent de Chanebière",
        "context": "Gap, Hautes-Alpes",
        "citycode": "05061",
        "depcode": "05"
      }
    },
    {
      "type": "Feature",
      "geometry": {
        "type": "Point",
        "coordinates": [
          6.017472563,
          44.642576293
        ]
      },
      "properties": {
        "name": "Torrent de Saint-James / Le Petit Buëch",
        "context": "Gap, Hautes-Alpes",
        "citycode": "05061",
        "depcode": "05"
      }
    },
    {
      "type": "Feature",
      "geometry": {
        "type": "Point",
        "coordinates": [
          6.015023761,
          44.64249457
        ]
      },
      "properties": {
        "name": "Torrent des Aillarts / Le Petit Buëch",
        "context": "Gap, Hautes-Alpes",
        "citycode": "05061",
        "depcode": "05"
      }
    },
    {
      "type": "Feature",
      "geometry": {
        "type": "Point",
        "coordinates": [
          6.021780157,
          44.65182044
        ]
      },
      "properties": {
        "name": "Torrent des Barres / Torrent de Saint-Adoulx",
        "context": "Gap, Hautes-Alpes",
        "citycode": "05061",
        "depcode": "05"
      }
    },
    {
      "type": "Feature",
      "geometry": {
        "type": "Point",
        "coordinates": [
          6.027366323,
          44.650710032
        ]
      },
      "properties": {
        "name": "Torrent des Hias / Torrent de Chanebière",
        "context": "Gap, Hautes-Alpes",
        "citycode": "05061",
        "depcode": "05"
      }
    },
    {
      "type": "Feature",
      "geometry": {
        "type": "Point",
        "coordinates": [
          6.01577278,
          44.642494116
        ]
      },
      "properties": {
        "name": "Torrent des Mélèzes / Le Petit Buëch",
        "context": "Gap, Hautes-Alpes",
        "citycode": "05061",
        "depcode": "05"
      }
    },
    {
      "type": "Feature",
      "geometry": {
        "type": "Point",
        "coordinates": [
          6.080896709,
          44.564303601
        ]
      },
      "properties": {
        "name": "Traverse de Camargue / Rue Aubanel",
        "context": "Gap, Hautes-Alpes",
        "citycode": "05061",
        "depcode": "05"
      }
    },
    {
      "type": "Feature",
      "geometry": {
        "type": "Point",
        "coordinates": [
          6.078872551,
          44.564453881
        ]
      },
      "properties": {
        "name": "Traverse de Camargue / Rue Charles Aurouze",
        "context": "Gap, Hautes-Alpes",
        "citycode": "05061",
        "depcode": "05"
      }
    },
    {
      "type": "Feature",
      "geometry": {
        "type": "Point",
        "coordinates": [
          6.056408538,
          44.5420152
        ]
      },
      "properties": {
        "name": "Traverse des Jardins du Sud / Rue des Mimosas",
        "context": "Gap, Hautes-Alpes",
        "citycode": "05061",
        "depcode": "05"
      }
    },
    {
      "type": "Feature",
      "geometry": {
        "type": "Point",
        "coordinates": [
          6.078379754,
          44.555704151
        ]
      },
      "properties": {
        "name": "Trottoir de la Médiathèque / Boulevard Georges Pompidou N85",
        "context": "Gap, Hautes-Alpes",
        "citycode": "05061",
        "depcode": "05"
      }
    },
    {
      "type": "Feature",
      "geometry": {
        "type": "Point",
        "coordinates": [
          6.078543663,
          44.555754944
        ]
      },
      "properties": {
        "name": "Trottoir de la Médiathèque / Rond-Point Gaston Julian",
        "context": "Gap, Hautes-Alpes",
        "citycode": "05061",
        "depcode": "05"
      }
    },
    {
      "type": "Feature",
      "geometry": {
        "type": "Point",
        "coordinates": [
          6.07887627,
          44.555654431
        ]
      },
      "properties": {
        "name": "Trottoir de la Médiathèque / Rue de Valserres D942A",
        "context": "Gap, Hautes-Alpes",
        "citycode": "05061",
        "depcode": "05"
      }
    },
    {
      "type": "Feature",
      "geometry": {
        "type": "Point",
        "coordinates": [
          6.073323898,
          44.576679825
        ]
      },
      "properties": {
        "name": "Viaduc de Bonne - Rocade de Gap / Rocade de Gap Séquence 2",
        "context": "Gap, Hautes-Alpes",
        "citycode": "05061",
        "depcode": "05"
      }
    },
    {
      "type": "Feature",
      "geometry": {
        "type": "Point",
        "coordinates": [
          6.09885296,
          44.593353045
        ]
      },
      "properties": {
        "name": "Viaduc de Buzon / Le Buzon",
        "context": "Gap, Hautes-Alpes",
        "citycode": "05061",
        "depcode": "05"
      }
    },
    {
      "type": "Feature",
      "geometry": {
        "type": "Point",
        "coordinates": [
          6.051374887,
          44.535601474
        ]
      },
      "properties": {
        "name": "D291 / Avenue de Provence N85",
        "context": "Gap, Hautes-Alpes",
        "citycode": "05061",
        "depcode": "05"
      }
    },
    {
      "type": "Feature",
      "geometry": {
        "type": "Point",
        "coordinates": [
          6.076274889,
          44.560118944
        ]
      },
      "properties": {
        "name": "D994 / Boulevard Général Charles de Gaulle D91",
        "context": "Gap, Hautes-Alpes",
        "citycode": "05061",
        "depcode": "05"
      }
    },
    {
      "type": "Feature",
      "geometry": {
        "type": "Point",
        "coordinates": [
          6.109766272,
          44.573975041
        ]
      },
      "properties": {
        "name": "N94 / Route de la Reyberte D92",
        "context": "Gap, Hautes-Alpes",
        "citycode": "05061",
        "depcode": "05"
      }
    },
    {
      "type": "Feature",
      "geometry": {
        "type": "Point",
        "coordinates": [
          6.11235187,
          44.60189976
        ]
      },
      "properties": {
        "name": "D944 / Route du Col de Manse D292",
        "context": "Gap, Hautes-Alpes",
        "citycode": "05061",
        "depcode": "05"
      }
    },
    {
      "type": "Feature",
      "geometry": {
        "type": "Point",
        "coordinates": [
          6.078646677,
          44.551254
        ]
      },
      "properties": {
        "name": "D942A / Rue de Valserres RoutedeValserres(D942A)",
        "context": "Gap, Hautes-Alpes",
        "citycode": "05061",
        "depcode": "05"
      }
    },
    {
      "type": "Feature",
      "geometry": {
        "type": "Point",
        "coordinates": [
          6.047416123,
          44.54437969
        ]
      },
      "properties": {
        "name": "N85 / D291",
        "context": "Gap, Hautes-Alpes",
        "citycode": "05061",
        "depcode": "05"
      }
    }
  ]
}