{
  "type": "FeatureCollection",
  "features": [
    {
      "type": "Feature",
      "geometry": {
        "type": "Point",
        "coordinates": [
          5.272933741,
          43.432621847
        ]
      },
      "properties": {
        "name": "Allée Albert Einstein / Chemin de Vitrolles au Griffon CR40-DFCI-AR-110",
        "context": "Vitrolles, Bouches-du-Rhône",
        "citycode": "13117",
        "depcode": "13"
      }
    },
    {
      "type": "Feature",
      "geometry": {
        "type": "Point",
        "coordinates": [
          5.271782718,
          43.42983563
        ]
      },
      "properties": {
        "name": "Allée Albert Einstein / Route de la Seds",
        "context": "Vitrolles, Bouches-du-Rhône",
        "citycode": "13117",
        "depcode": "13"
      }
    },
    {
      "type": "Feature",
      "geometry": {
        "type": "Point",
        "coordinates": [
          5.274888475,
          43.424951179
        ]
      },
      "properties": {
        "name": "Allée Bernard Imbert / Allée Jean Sandoz",
        "context": "Vitrolles, Bouches-du-Rhône",
        "citycode": "13117",
        "depcode": "13"
      }
    },
    {
      "type": "Feature",
      "geometry": {
        "type": "Point",
        "coordinates": [
          5.275536548,
          43.424543855
        ]
      },
      "properties": {
        "name": "Allée Bernard Imbert / Impasse Kolher Bérujeau",
        "context": "Vitrolles, Bouches-du-Rhône",
        "citycode": "13117",
        "depcode": "13"
      }
    },
    {
      "type": "Feature",
      "geometry": {
        "type": "Point",
        "coordinates": [
          5.283248262,
          43.431888514
        ]
      },
      "properties": {
        "name": "Allée César / Rue de la Fille du Puisatier",
        "context": "Vitrolles, Bouches-du-Rhône",
        "citycode": "13117",
        "depcode": "13"
      }
    },
    {
      "type": "Feature",
      "geometry": {
        "type": "Point",
        "coordinates": [
          5.283234493,
          43.431895993
        ]
      },
      "properties": {
        "name": "Allée César / Rue des Sophoras",
        "context": "Vitrolles, Bouches-du-Rhône",
        "citycode": "13117",
        "depcode": "13"
      }
    },
    {
      "type": "Feature",
      "geometry": {
        "type": "Point",
        "coordinates": [
          5.272730096,
          43.424071784
        ]
      },
      "properties": {
        "name": "Allée Claire Gabert / Rue du Nouveau Monde",
        "context": "Vitrolles, Bouches-du-Rhône",
        "citycode": "13117",
        "depcode": "13"
      }
    },
    {
      "type": "Feature",
      "geometry": {
        "type": "Point",
        "coordinates": [
          5.275058432,
          43.431607727
        ]
      },
      "properties": {
        "name": "Allée Claris de Florian / Route de la Seds",
        "context": "Vitrolles, Bouches-du-Rhône",
        "citycode": "13117",
        "depcode": "13"
      }
    },
    {
      "type": "Feature",
      "geometry": {
        "type": "Point",
        "coordinates": [
          5.239862316,
          43.453994813
        ]
      },
      "properties": {
        "name": "Allée d'Alsace / Allée de Touraine",
        "context": "Vitrolles, Bouches-du-Rhône",
        "citycode": "13117",
        "depcode": "13"
      }
    },
    {
      "type": "Feature",
      "geometry": {
        "type": "Point",
        "coordinates": [
          5.23901788,
          43.455613079
        ]
      },
      "properties": {
        "name": "Allée d'Anjou / Allée de la Lorraine",
        "context": "Vitrolles, Bouches-du-Rhône",
        "citycode": "13117",
        "depcode": "13"
      }
    },
    {
      "type": "Feature",
      "geometry": {
        "type": "Point",
        "coordinates": [
          5.239015262,
          43.455599526
        ]
      },
      "properties": {
        "name": "Allée d'Anjou / Allée de Touraine",
        "context": "Vitrolles, Bouches-du-Rhône",
        "citycode": "13117",
        "depcode": "13"
      }
    },
    {
      "type": "Feature",
      "geometry": {
        "type": "Point",
        "coordinates": [
          5.264946753,
          43.435695537
        ]
      },
      "properties": {
        "name": "Allée de BArre / Rue des Pergolas",
        "context": "Vitrolles, Bouches-du-Rhône",
        "citycode": "13117",
        "depcode": "13"
      }
    },
    {
      "type": "Feature",
      "geometry": {
        "type": "Point",
        "coordinates": [
          5.239054811,
          43.453596833
        ]
      },
      "properties": {
        "name": "Allée de Bourgogne / Allée d'Alsace",
        "context": "Vitrolles, Bouches-du-Rhône",
        "citycode": "13117",
        "depcode": "13"
      }
    },
    {
      "type": "Feature",
      "geometry": {
        "type": "Point",
        "coordinates": [
          5.239923043,
          43.453029352
        ]
      },
      "properties": {
        "name": "Allée de Bourgogne / Allée de Touraine",
        "context": "Vitrolles, Bouches-du-Rhône",
        "citycode": "13117",
        "depcode": "13"
      }
    },
    {
      "type": "Feature",
      "geometry": {
        "type": "Point",
        "coordinates": [
          5.239980892,
          43.452982094
        ]
      },
      "properties": {
        "name": "Allée de Bretagne / Allée de Bourgogne",
        "context": "Vitrolles, Bouches-du-Rhône",
        "citycode": "13117",
        "depcode": "13"
      }
    },
    {
      "type": "Feature",
      "geometry": {
        "type": "Point",
        "coordinates": [
          5.239962025,
          43.453004105
        ]
      },
      "properties": {
        "name": "Allée de Bretagne / Allée de Touraine",
        "context": "Vitrolles, Bouches-du-Rhône",
        "citycode": "13117",
        "depcode": "13"
      }
    },
    {
      "type": "Feature",
      "geometry": {
        "type": "Point",
        "coordinates": [
          5.240345767,
          43.451942953
        ]
      },
      "properties": {
        "name": "Allée de Bretagne / Allée du Caucadis",
        "context": "Vitrolles, Bouches-du-Rhône",
        "citycode": "13117",
        "depcode": "13"
      }
    },
    {
      "type": "Feature",
      "geometry": {
        "type": "Point",
        "coordinates": [
          5.240345919,
          43.451948649
        ]
      },
      "properties": {
        "name": "Allée de Bretagne / Avenue Jean Moulin",
        "context": "Vitrolles, Bouches-du-Rhône",
        "citycode": "13117",
        "depcode": "13"
      }
    },
    {
      "type": "Feature",
      "geometry": {
        "type": "Point",
        "coordinates": [
          5.284075291,
          43.423744703
        ]
      },
      "properties": {
        "name": "Allée de l'Adret / Avenue Jean Monnet",
        "context": "Vitrolles, Bouches-du-Rhône",
        "citycode": "13117",
        "depcode": "13"
      }
    },
    {
      "type": "Feature",
      "geometry": {
        "type": "Point",
        "coordinates": [
          5.284118054,
          43.423699422
        ]
      },
      "properties": {
        "name": "Allée de l'Adret / Rue de Fontblanche",
        "context": "Vitrolles, Bouches-du-Rhône",
        "citycode": "13117",
        "depcode": "13"
      }
    },
    {
      "type": "Feature",
      "geometry": {
        "type": "Point",
        "coordinates": [
          5.27941815,
          43.427519848
        ]
      },
      "properties": {
        "name": "Allée de l'Aubépine / Allée de la Pinède",
        "context": "Vitrolles, Bouches-du-Rhône",
        "citycode": "13117",
        "depcode": "13"
      }
    },
    {
      "type": "Feature",
      "geometry": {
        "type": "Point",
        "coordinates": [
          5.282893371,
          43.431072772
        ]
      },
      "properties": {
        "name": "Allée de l'Eminée / Allée de la Panaou",
        "context": "Vitrolles, Bouches-du-Rhône",
        "citycode": "13117",
        "depcode": "13"
      }
    },
    {
      "type": "Feature",
      "geometry": {
        "type": "Point",
        "coordinates": [
          5.27862901,
          43.422843492
        ]
      },
      "properties": {
        "name": "Allée de la Bargelade / Allée des Foins",
        "context": "Vitrolles, Bouches-du-Rhône",
        "citycode": "13117",
        "depcode": "13"
      }
    },
    {
      "type": "Feature",
      "geometry": {
        "type": "Point",
        "coordinates": [
          5.276975183,
          43.422856905
        ]
      },
      "properties": {
        "name": "Allée de la Bargelade / Allée Galilée",
        "context": "Vitrolles, Bouches-du-Rhône",
        "citycode": "13117",
        "depcode": "13"
      }
    },
    {
      "type": "Feature",
      "geometry": {
        "type": "Point",
        "coordinates": [
          5.278620254,
          43.422837054
        ]
      },
      "properties": {
        "name": "Allée de la Bargelade / Rue de Fontblanche",
        "context": "Vitrolles, Bouches-du-Rhône",
        "citycode": "13117",
        "depcode": "13"
      }
    },
    {
      "type": "Feature",
      "geometry": {
        "type": "Point",
        "coordinates": [
          5.277096835,
          43.422850499
        ]
      },
      "properties": {
        "name": "Allée de la Bargelade / Rue du Maréchal Juin",
        "context": "Vitrolles, Bouches-du-Rhône",
        "citycode": "13117",
        "depcode": "13"
      }
    },
    {
      "type": "Feature",
      "geometry": {
        "type": "Point",
        "coordinates": [
          5.266637868,
          43.433011743
        ]
      },
      "properties": {
        "name": "Allée de la Bégude / Allée du Relais",
        "context": "Vitrolles, Bouches-du-Rhône",
        "citycode": "13117",
        "depcode": "13"
      }
    },
    {
      "type": "Feature",
      "geometry": {
        "type": "Point",
        "coordinates": [
          5.285227649,
          43.42766686
        ]
      },
      "properties": {
        "name": "Allée de la Brigantine / Allée de la Frégate",
        "context": "Vitrolles, Bouches-du-Rhône",
        "citycode": "13117",
        "depcode": "13"
      }
    },
    {
      "type": "Feature",
      "geometry": {
        "type": "Point",
        "coordinates": [
          5.293745274,
          43.424473325
        ]
      },
      "properties": {
        "name": "Allée de la Cadière / Allée Françoise Duparc",
        "context": "Vitrolles, Bouches-du-Rhône",
        "citycode": "13117",
        "depcode": "13"
      }
    },
    {
      "type": "Feature",
      "geometry": {
        "type": "Point",
        "coordinates": [
          5.293713947,
          43.424528477
        ]
      },
      "properties": {
        "name": "Allée de la Cadière / Dérivation de la Cadière",
        "context": "Vitrolles, Bouches-du-Rhône",
        "citycode": "13117",
        "depcode": "13"
      }
    },
    {
      "type": "Feature",
      "geometry": {
        "type": "Point",
        "coordinates": [
          5.2937096,
          43.423927424
        ]
      },
      "properties": {
        "name": "Allée de la Cadière / Rue François Marius Granet",
        "context": "Vitrolles, Bouches-du-Rhône",
        "citycode": "13117",
        "depcode": "13"
      }
    },
    {
      "type": "Feature",
      "geometry": {
        "type": "Point",
        "coordinates": [
          5.285475817,
          43.425925586
        ]
      },
      "properties": {
        "name": "Allée de la Caravelle / Allée de la Corvette",
        "context": "Vitrolles, Bouches-du-Rhône",
        "citycode": "13117",
        "depcode": "13"
      }
    },
    {
      "type": "Feature",
      "geometry": {
        "type": "Point",
        "coordinates": [
          5.243361687,
          43.447736834
        ]
      },
      "properties": {
        "name": "Allée de la Cavalcade / Place de la Cavalcade",
        "context": "Vitrolles, Bouches-du-Rhône",
        "citycode": "13117",
        "depcode": "13"
      }
    },
    {
      "type": "Feature",
      "geometry": {
        "type": "Point",
        "coordinates": [
          5.284771423,
          43.425923106
        ]
      },
      "properties": {
        "name": "Allée de la Corvette / Allée de la Tartane",
        "context": "Vitrolles, Bouches-du-Rhône",
        "citycode": "13117",
        "depcode": "13"
      }
    },
    {
      "type": "Feature",
      "geometry": {
        "type": "Point",
        "coordinates": [
          5.24806083,
          43.458908081
        ]
      },
      "properties": {
        "name": "Allée de la Farandole / Allée de la Gara",
        "context": "Vitrolles, Bouches-du-Rhône",
        "citycode": "13117",
        "depcode": "13"
      }
    },
    {
      "type": "Feature",
      "geometry": {
        "type": "Point",
        "coordinates": [
          5.28534561,
          43.427648786
        ]
      },
      "properties": {
        "name": "Allée de la Felouque / Allée de la Brigantine",
        "context": "Vitrolles, Bouches-du-Rhône",
        "citycode": "13117",
        "depcode": "13"
      }
    },
    {
      "type": "Feature",
      "geometry": {
        "type": "Point",
        "coordinates": [
          5.285266613,
          43.427654154
        ]
      },
      "properties": {
        "name": "Allée de la Felouque / Allée de la Frégate",
        "context": "Vitrolles, Bouches-du-Rhône",
        "citycode": "13117",
        "depcode": "13"
      }
    },
    {
      "type": "Feature",
      "geometry": {
        "type": "Point",
        "coordinates": [
          5.285962295,
          43.427461192
        ]
      },
      "properties": {
        "name": "Allée de la Felouque / Impasse de la Tramontane",
        "context": "Vitrolles, Bouches-du-Rhône",
        "citycode": "13117",
        "depcode": "13"
      }
    },
    {
      "type": "Feature",
      "geometry": {
        "type": "Point",
        "coordinates": [
          5.248756962,
          43.458613293
        ]
      },
      "properties": {
        "name": "Allée de la Gara / Rue de la Poste",
        "context": "Vitrolles, Bouches-du-Rhône",
        "citycode": "13117",
        "depcode": "13"
      }
    },
    {
      "type": "Feature",
      "geometry": {
        "type": "Point",
        "coordinates": [
          5.248744586,
          43.458629773
        ]
      },
      "properties": {
        "name": "Allée de la Gara / Rue Jean Jaurès",
        "context": "Vitrolles, Bouches-du-Rhône",
        "citycode": "13117",
        "depcode": "13"
      }
    },
    {
      "type": "Feature",
      "geometry": {
        "type": "Point",
        "coordinates": [
          5.281535228,
          43.424796658
        ]
      },
      "properties": {
        "name": "Allée de la Garance / Avenue Maréchal de Lattre de Tassigny",
        "context": "Vitrolles, Bouches-du-Rhône",
        "citycode": "13117",
        "depcode": "13"
      }
    },
    {
      "type": "Feature",
      "geometry": {
        "type": "Point",
        "coordinates": [
          5.258787683,
          43.441328482
        ]
      },
      "properties": {
        "name": "Allée de la Larguade / Allée de la Montagnère",
        "context": "Vitrolles, Bouches-du-Rhône",
        "citycode": "13117",
        "depcode": "13"
      }
    },
    {
      "type": "Feature",
      "geometry": {
        "type": "Point",
        "coordinates": [
          5.258383432,
          43.441167397
        ]
      },
      "properties": {
        "name": "Allée de la Larguade / Allée du Vent des Dames",
        "context": "Vitrolles, Bouches-du-Rhône",
        "citycode": "13117",
        "depcode": "13"
      }
    },
    {
      "type": "Feature",
      "geometry": {
        "type": "Point",
        "coordinates": [
          5.238200737,
          43.455393818
        ]
      },
      "properties": {
        "name": "Allée de la Lorraine / Allée d'Auvergne",
        "context": "Vitrolles, Bouches-du-Rhône",
        "citycode": "13117",
        "depcode": "13"
      }
    },
    {
      "type": "Feature",
      "geometry": {
        "type": "Point",
        "coordinates": [
          5.240282368,
          43.462338397
        ]
      },
      "properties": {
        "name": "Allée de la Louvière / Corniche du Roucas D55F",
        "context": "Vitrolles, Bouches-du-Rhône",
        "citycode": "13117",
        "depcode": "13"
      }
    },
    {
      "type": "Feature",
      "geometry": {
        "type": "Point",
        "coordinates": [
          5.240611404,
          43.463882589
        ]
      },
      "properties": {
        "name": "Allée de la Louvière / Place d'Éole",
        "context": "Vitrolles, Bouches-du-Rhône",
        "citycode": "13117",
        "depcode": "13"
      }
    },
    {
      "type": "Feature",
      "geometry": {
        "type": "Point",
        "coordinates": [
          5.240646395,
          43.463952455
        ]
      },
      "properties": {
        "name": "Allée de la Louvière / Rue des Santonniers",
        "context": "Vitrolles, Bouches-du-Rhône",
        "citycode": "13117",
        "depcode": "13"
      }
    },
    {
      "type": "Feature",
      "geometry": {
        "type": "Point",
        "coordinates": [
          5.240699649,
          43.46389206
        ]
      },
      "properties": {
        "name": "Allée de la Louvière / Rue du Chevalier Paul",
        "context": "Vitrolles, Bouches-du-Rhône",
        "citycode": "13117",
        "depcode": "13"
      }
    },
    {
      "type": "Feature",
      "geometry": {
        "type": "Point",
        "coordinates": [
          5.27265916,
          43.420440981
        ]
      },
      "properties": {
        "name": "Allée de la Martelière / Allée des Chipeaux",
        "context": "Vitrolles, Bouches-du-Rhône",
        "citycode": "13117",
        "depcode": "13"
      }
    },
    {
      "type": "Feature",
      "geometry": {
        "type": "Point",
        "coordinates": [
          5.272998491,
          43.421534518
        ]
      },
      "properties": {
        "name": "Allée de la Martelière / Allée des Colverts",
        "context": "Vitrolles, Bouches-du-Rhône",
        "citycode": "13117",
        "depcode": "13"
      }
    },
    {
      "type": "Feature",
      "geometry": {
        "type": "Point",
        "coordinates": [
          5.272685253,
          43.420196254
        ]
      },
      "properties": {
        "name": "Allée de la Martelière / Allée des Guifettes",
        "context": "Vitrolles, Bouches-du-Rhône",
        "citycode": "13117",
        "depcode": "13"
      }
    },
    {
      "type": "Feature",
      "geometry": {
        "type": "Point",
        "coordinates": [
          5.272721129,
          43.420957331
        ]
      },
      "properties": {
        "name": "Allée de la Martelière / Allée des Tadornes",
        "context": "Vitrolles, Bouches-du-Rhône",
        "citycode": "13117",
        "depcode": "13"
      }
    },
    {
      "type": "Feature",
      "geometry": {
        "type": "Point",
        "coordinates": [
          5.272648711,
          43.419888132
        ]
      },
      "properties": {
        "name": "Allée de la Martelière / Chemin de Lange Chave",
        "context": "Vitrolles, Bouches-du-Rhône",
        "citycode": "13117",
        "depcode": "13"
      }
    },
    {
      "type": "Feature",
      "geometry": {
        "type": "Point",
        "coordinates": [
          5.291013893,
          43.426695796
        ]
      },
      "properties": {
        "name": "Allée de la Serpette / Allée des Semeurs",
        "context": "Vitrolles, Bouches-du-Rhône",
        "citycode": "13117",
        "depcode": "13"
      }
    },
    {
      "type": "Feature",
      "geometry": {
        "type": "Point",
        "coordinates": [
          5.288689618,
          43.427995141
        ]
      },
      "properties": {
        "name": "Allée de la Treille / Boulevard Marcel Pagnol",
        "context": "Vitrolles, Bouches-du-Rhône",
        "citycode": "13117",
        "depcode": "13"
      }
    },
    {
      "type": "Feature",
      "geometry": {
        "type": "Point",
        "coordinates": [
          5.241101059,
          43.452558747
        ]
      },
      "properties": {
        "name": "Allée de Normandie / Avenue Jean Moulin",
        "context": "Vitrolles, Bouches-du-Rhône",
        "citycode": "13117",
        "depcode": "13"
      }
    },
    {
      "type": "Feature",
      "geometry": {
        "type": "Point",
        "coordinates": [
          5.23945229,
          43.454578127
        ]
      },
      "properties": {
        "name": "Allée de Touraine / Allée d'Auvergne",
        "context": "Vitrolles, Bouches-du-Rhône",
        "citycode": "13117",
        "depcode": "13"
      }
    },
    {
      "type": "Feature",
      "geometry": {
        "type": "Point",
        "coordinates": [
          5.239077504,
          43.455589153
        ]
      },
      "properties": {
        "name": "Allée de Touraine / Allée de la Lorraine",
        "context": "Vitrolles, Bouches-du-Rhône",
        "citycode": "13117",
        "depcode": "13"
      }
    },
    {
      "type": "Feature",
      "geometry": {
        "type": "Point",
        "coordinates": [
          5.240055169,
          43.453573531
        ]
      },
      "properties": {
        "name": "Allée de Touraine / Allée de Normandie",
        "context": "Vitrolles, Bouches-du-Rhône",
        "citycode": "13117",
        "depcode": "13"
      }
    },
    {
      "type": "Feature",
      "geometry": {
        "type": "Point",
        "coordinates": [
          5.282373493,
          43.433977809
        ]
      },
      "properties": {
        "name": "Allée des Abeilles / Chemin du Brusquié",
        "context": "Vitrolles, Bouches-du-Rhône",
        "citycode": "13117",
        "depcode": "13"
      }
    },
    {
      "type": "Feature",
      "geometry": {
        "type": "Point",
        "coordinates": [
          5.283477594,
          43.435015468
        ]
      },
      "properties": {
        "name": "Allée des Agaces / Chemin di Oustaous",
        "context": "Vitrolles, Bouches-du-Rhône",
        "citycode": "13117",
        "depcode": "13"
      }
    },
    {
      "type": "Feature",
      "geometry": {
        "type": "Point",
        "coordinates": [
          5.285942748,
          43.421799877
        ]
      },
      "properties": {
        "name": "Allée des Artistes / Avenue Maréchal de Lattre de Tassigny",
        "context": "Vitrolles, Bouches-du-Rhône",
        "citycode": "13117",
        "depcode": "13"
      }
    },
    {
      "type": "Feature",
      "geometry": {
        "type": "Point",
        "coordinates": [
          5.280796275,
          43.426722697
        ]
      },
      "properties": {
        "name": "Allée des Avausses / Allée des Pissacans",
        "context": "Vitrolles, Bouches-du-Rhône",
        "citycode": "13117",
        "depcode": "13"
      }
    },
    {
      "type": "Feature",
      "geometry": {
        "type": "Point",
        "coordinates": [
          5.280694993,
          43.426967965
        ]
      },
      "properties": {
        "name": "Allée des Avausses / Allée des Roures",
        "context": "Vitrolles, Bouches-du-Rhône",
        "citycode": "13117",
        "depcode": "13"
      }
    },
    {
      "type": "Feature",
      "geometry": {
        "type": "Point",
        "coordinates": [
          5.292125034,
          43.426816142
        ]
      },
      "properties": {
        "name": "Allée des Bartavelles / Boulevard Marcel Pagnol",
        "context": "Vitrolles, Bouches-du-Rhône",
        "citycode": "13117",
        "depcode": "13"
      }
    },
    {
      "type": "Feature",
      "geometry": {
        "type": "Point",
        "coordinates": [
          5.292549454,
          43.427327376
        ]
      },
      "properties": {
        "name": "Allée des Bartavelles / Impasse des Noisetiers",
        "context": "Vitrolles, Bouches-du-Rhône",
        "citycode": "13117",
        "depcode": "13"
      }
    },
    {
      "type": "Feature",
      "geometry": {
        "type": "Point",
        "coordinates": [
          5.253360533,
          43.449607544
        ]
      },
      "properties": {
        "name": "Allée des Bougainvilliers / Avenue de Marseille D55f",
        "context": "Vitrolles, Bouches-du-Rhône",
        "citycode": "13117",
        "depcode": "13"
      }
    },
    {
      "type": "Feature",
      "geometry": {
        "type": "Point",
        "coordinates": [
          5.288691291,
          43.424848388
        ]
      },
      "properties": {
        "name": "Allée des Cailles / Impasse des Ecureuils",
        "context": "Vitrolles, Bouches-du-Rhône",
        "citycode": "13117",
        "depcode": "13"
      }
    },
    {
      "type": "Feature",
      "geometry": {
        "type": "Point",
        "coordinates": [
          5.280792245,
          43.430789586
        ]
      },
      "properties": {
        "name": "Allée des Carriers / Impasse des Carriers",
        "context": "Vitrolles, Bouches-du-Rhône",
        "citycode": "13117",
        "depcode": "13"
      }
    },
    {
      "type": "Feature",
      "geometry": {
        "type": "Point",
        "coordinates": [
          5.250503604,
          43.451662069
        ]
      },
      "properties": {
        "name": "Allée des Chanterelles / Avenue de Font Ségugne",
        "context": "Vitrolles, Bouches-du-Rhône",
        "citycode": "13117",
        "depcode": "13"
      }
    },
    {
      "type": "Feature",
      "geometry": {
        "type": "Point",
        "coordinates": [
          5.23186912,
          43.464652674
        ]
      },
      "properties": {
        "name": "Allée des Chevilles / Chemin de la Plage",
        "context": "Vitrolles, Bouches-du-Rhône",
        "citycode": "13117",
        "depcode": "13"
      }
    },
    {
      "type": "Feature",
      "geometry": {
        "type": "Point",
        "coordinates": [
          5.231933677,
          43.463247754
        ]
      },
      "properties": {
        "name": "Allée des Chevilles / Rue Duchêne",
        "context": "Vitrolles, Bouches-du-Rhône",
        "citycode": "13117",
        "depcode": "13"
      }
    },
    {
      "type": "Feature",
      "geometry": {
        "type": "Point",
        "coordinates": [
          5.231900793,
          43.4509065
        ]
      },
      "properties": {
        "name": "Allée des Cigognes Blanches / Allée Charloun Rieu",
        "context": "Vitrolles, Bouches-du-Rhône",
        "citycode": "13117",
        "depcode": "13"
      }
    },
    {
      "type": "Feature",
      "geometry": {
        "type": "Point",
        "coordinates": [
          5.254522591,
          43.447382679
        ]
      },
      "properties": {
        "name": "Allée des Clématites / Rue du Sergent Chef Lelièvre",
        "context": "Vitrolles, Bouches-du-Rhône",
        "citycode": "13117",
        "depcode": "13"
      }
    },
    {
      "type": "Feature",
      "geometry": {
        "type": "Point",
        "coordinates": [
          5.28947239,
          43.427688063
        ]
      },
      "properties": {
        "name": "Allée des Collines / Allée du Calen",
        "context": "Vitrolles, Bouches-du-Rhône",
        "citycode": "13117",
        "depcode": "13"
      }
    },
    {
      "type": "Feature",
      "geometry": {
        "type": "Point",
        "coordinates": [
          5.28951463,
          43.427689384
        ]
      },
      "properties": {
        "name": "Allée des Collines / Boulevard Marcel Pagnol",
        "context": "Vitrolles, Bouches-du-Rhône",
        "citycode": "13117",
        "depcode": "13"
      }
    },
    {
      "type": "Feature",
      "geometry": {
        "type": "Point",
        "coordinates": [
          5.26738436,
          43.430778384
        ]
      },
      "properties": {
        "name": "Allée des Diligences / Route de la Seds",
        "context": "Vitrolles, Bouches-du-Rhône",
        "citycode": "13117",
        "depcode": "13"
      }
    },
    {
      "type": "Feature",
      "geometry": {
        "type": "Point",
        "coordinates": [
          5.279473802,
          43.423303364
        ]
      },
      "properties": {
        "name": "Allée des Farfadets / Allée des Moissons",
        "context": "Vitrolles, Bouches-du-Rhône",
        "citycode": "13117",
        "depcode": "13"
      }
    },
    {
      "type": "Feature",
      "geometry": {
        "type": "Point",
        "coordinates": [
          5.279612865,
          43.42291035
        ]
      },
      "properties": {
        "name": "Allée des Farfadets / Place du Regain",
        "context": "Vitrolles, Bouches-du-Rhône",
        "citycode": "13117",
        "depcode": "13"
      }
    },
    {
      "type": "Feature",
      "geometry": {
        "type": "Point",
        "coordinates": [
          5.279639383,
          43.422369436
        ]
      },
      "properties": {
        "name": "Allée des Farfadets / Rue de Fontblanche",
        "context": "Vitrolles, Bouches-du-Rhône",
        "citycode": "13117",
        "depcode": "13"
      }
    },
    {
      "type": "Feature",
      "geometry": {
        "type": "Point",
        "coordinates": [
          5.232976112,
          43.453870056
        ]
      },
      "properties": {
        "name": "Allée des Flamants Roses / Chemin du Lion",
        "context": "Vitrolles, Bouches-du-Rhône",
        "citycode": "13117",
        "depcode": "13"
      }
    },
    {
      "type": "Feature",
      "geometry": {
        "type": "Point",
        "coordinates": [
          5.279039964,
          43.423061893
        ]
      },
      "properties": {
        "name": "Allée des Foins / Place du Regain",
        "context": "Vitrolles, Bouches-du-Rhône",
        "citycode": "13117",
        "depcode": "13"
      }
    },
    {
      "type": "Feature",
      "geometry": {
        "type": "Point",
        "coordinates": [
          5.278647704,
          43.422853562
        ]
      },
      "properties": {
        "name": "Allée des Foins / Rue de Fontblanche",
        "context": "Vitrolles, Bouches-du-Rhône",
        "citycode": "13117",
        "depcode": "13"
      }
    },
    {
      "type": "Feature",
      "geometry": {
        "type": "Point",
        "coordinates": [
          5.288648472,
          43.426354305
        ]
      },
      "properties": {
        "name": "Allée des Granges / Allée des Semis",
        "context": "Vitrolles, Bouches-du-Rhône",
        "citycode": "13117",
        "depcode": "13"
      }
    },
    {
      "type": "Feature",
      "geometry": {
        "type": "Point",
        "coordinates": [
          5.253664003,
          43.442803192
        ]
      },
      "properties": {
        "name": "Allée des Gycines / Place de la Liberté",
        "context": "Vitrolles, Bouches-du-Rhône",
        "citycode": "13117",
        "depcode": "13"
      }
    },
    {
      "type": "Feature",
      "geometry": {
        "type": "Point",
        "coordinates": [
          5.269794999,
          43.426608061
        ]
      },
      "properties": {
        "name": "Allée des Jardins de Bel Air / Allée des Claires Fontaines",
        "context": "Vitrolles, Bouches-du-Rhône",
        "citycode": "13117",
        "depcode": "13"
      }
    },
    {
      "type": "Feature",
      "geometry": {
        "type": "Point",
        "coordinates": [
          5.240979162,
          43.452361344
        ]
      },
      "properties": {
        "name": "Allée des Jardins de Kelly / Avenue Jean Moulin",
        "context": "Vitrolles, Bouches-du-Rhône",
        "citycode": "13117",
        "depcode": "13"
      }
    },
    {
      "type": "Feature",
      "geometry": {
        "type": "Point",
        "coordinates": [
          5.280228079,
          43.426855682
        ]
      },
      "properties": {
        "name": "Allée des Lentisques / Allée des Avau",
        "context": "Vitrolles, Bouches-du-Rhône",
        "citycode": "13117",
        "depcode": "13"
      }
    },
    {
      "type": "Feature",
      "geometry": {
        "type": "Point",
        "coordinates": [
          5.283062185,
          43.423749225
        ]
      },
      "properties": {
        "name": "Allée des Maïs / Avenue Maréchal de Lattre de Tassigny",
        "context": "Vitrolles, Bouches-du-Rhône",
        "citycode": "13117",
        "depcode": "13"
      }
    },
    {
      "type": "Feature",
      "geometry": {
        "type": "Point",
        "coordinates": [
          5.287979102,
          43.426555
        ]
      },
      "properties": {
        "name": "Allée des Maraîchers / Allée des Sillons",
        "context": "Vitrolles, Bouches-du-Rhône",
        "citycode": "13117",
        "depcode": "13"
      }
    },
    {
      "type": "Feature",
      "geometry": {
        "type": "Point",
        "coordinates": [
          5.279082479,
          43.423318872
        ]
      },
      "properties": {
        "name": "Allée des Moissons / Allée des Foins",
        "context": "Vitrolles, Bouches-du-Rhône",
        "citycode": "13117",
        "depcode": "13"
      }
    },
    {
      "type": "Feature",
      "geometry": {
        "type": "Point",
        "coordinates": [
          5.278453225,
          43.423801494
        ]
      },
      "properties": {
        "name": "Allée des Moissons / Rue de l'Escadrille Normandie-Niemen",
        "context": "Vitrolles, Bouches-du-Rhône",
        "citycode": "13117",
        "depcode": "13"
      }
    },
    {
      "type": "Feature",
      "geometry": {
        "type": "Point",
        "coordinates": [
          5.24399168,
          43.451168801
        ]
      },
      "properties": {
        "name": "Allée des Musardises / Allée Chantecler",
        "context": "Vitrolles, Bouches-du-Rhône",
        "citycode": "13117",
        "depcode": "13"
      }
    },
    {
      "type": "Feature",
      "geometry": {
        "type": "Point",
        "coordinates": [
          5.244567658,
          43.448023849
        ]
      },
      "properties": {
        "name": "Allée des Oriflammes / Allée du Néflier",
        "context": "Vitrolles, Bouches-du-Rhône",
        "citycode": "13117",
        "depcode": "13"
      }
    },
    {
      "type": "Feature",
      "geometry": {
        "type": "Point",
        "coordinates": [
          5.243648818,
          43.447730432
        ]
      },
      "properties": {
        "name": "Allée des Oriflammes / Place de la Cavalcade",
        "context": "Vitrolles, Bouches-du-Rhône",
        "citycode": "13117",
        "depcode": "13"
      }
    },
    {
      "type": "Feature",
      "geometry": {
        "type": "Point",
        "coordinates": [
          5.243595271,
          43.448771173
        ]
      },
      "properties": {
        "name": "Allée des Oriflammes / Place du Roy René",
        "context": "Vitrolles, Bouches-du-Rhône",
        "citycode": "13117",
        "depcode": "13"
      }
    },
    {
      "type": "Feature",
      "geometry": {
        "type": "Point",
        "coordinates": [
          5.243614248,
          43.448768897
        ]
      },
      "properties": {
        "name": "Allée des Oriflammes / Rue du Jujubier",
        "context": "Vitrolles, Bouches-du-Rhône",
        "citycode": "13117",
        "depcode": "13"
      }
    },
    {
      "type": "Feature",
      "geometry": {
        "type": "Point",
        "coordinates": [
          5.281280571,
          43.426766457
        ]
      },
      "properties": {
        "name": "Allée des Pissacans / Sentier des Pignens",
        "context": "Vitrolles, Bouches-du-Rhône",
        "citycode": "13117",
        "depcode": "13"
      }
    },
    {
      "type": "Feature",
      "geometry": {
        "type": "Point",
        "coordinates": [
          5.257960761,
          43.441630609
        ]
      },
      "properties": {
        "name": "Allée des Poètes / Allée du Vent des Dames",
        "context": "Vitrolles, Bouches-du-Rhône",
        "citycode": "13117",
        "depcode": "13"
      }
    },
    {
      "type": "Feature",
      "geometry": {
        "type": "Point",
        "coordinates": [
          5.257460995,
          43.442327632
        ]
      },
      "properties": {
        "name": "Allée des Poètes / Impasse des Vendanges",
        "context": "Vitrolles, Bouches-du-Rhône",
        "citycode": "13117",
        "depcode": "13"
      }
    },
    {
      "type": "Feature",
      "geometry": {
        "type": "Point",
        "coordinates": [
          5.279624034,
          43.424774066
        ]
      },
      "properties": {
        "name": "Allée des Poilus / Allée Philippe de Brocard",
        "context": "Vitrolles, Bouches-du-Rhône",
        "citycode": "13117",
        "depcode": "13"
      }
    },
    {
      "type": "Feature",
      "geometry": {
        "type": "Point",
        "coordinates": [
          5.278685508,
          43.424659009
        ]
      },
      "properties": {
        "name": "Allée des Poilus / Rue de l'Escadrille Normandie-Niemen",
        "context": "Vitrolles, Bouches-du-Rhône",
        "citycode": "13117",
        "depcode": "13"
      }
    },
    {
      "type": "Feature",
      "geometry": {
        "type": "Point",
        "coordinates": [
          5.271549018,
          43.422767551
        ]
      },
      "properties": {
        "name": "Allée des Potiers / Rue de la Briquetterie",
        "context": "Vitrolles, Bouches-du-Rhône",
        "citycode": "13117",
        "depcode": "13"
      }
    },
    {
      "type": "Feature",
      "geometry": {
        "type": "Point",
        "coordinates": [
          5.29165489,
          43.421389682
        ]
      },
      "properties": {
        "name": "Allée des Prés / Allée du Moulin à Eau",
        "context": "Vitrolles, Bouches-du-Rhône",
        "citycode": "13117",
        "depcode": "13"
      }
    },
    {
      "type": "Feature",
      "geometry": {
        "type": "Point",
        "coordinates": [
          5.29200703,
          43.422237596
        ]
      },
      "properties": {
        "name": "Allée des Prés / Rue de l'Écluse",
        "context": "Vitrolles, Bouches-du-Rhône",
        "citycode": "13117",
        "depcode": "13"
      }
    },
    {
      "type": "Feature",
      "geometry": {
        "type": "Point",
        "coordinates": [
          5.29195463,
          43.42194842
        ]
      },
      "properties": {
        "name": "Allée des Prés / Rue du Meunier",
        "context": "Vitrolles, Bouches-du-Rhône",
        "citycode": "13117",
        "depcode": "13"
      }
    },
    {
      "type": "Feature",
      "geometry": {
        "type": "Point",
        "coordinates": [
          5.28136818,
          43.430831907
        ]
      },
      "properties": {
        "name": "Allée des Restanques / Allée des Carriers",
        "context": "Vitrolles, Bouches-du-Rhône",
        "citycode": "13117",
        "depcode": "13"
      }
    },
    {
      "type": "Feature",
      "geometry": {
        "type": "Point",
        "coordinates": [
          5.281265014,
          43.42973007
        ]
      },
      "properties": {
        "name": "Allée des Restanques / Allée des Ribes",
        "context": "Vitrolles, Bouches-du-Rhône",
        "citycode": "13117",
        "depcode": "13"
      }
    },
    {
      "type": "Feature",
      "geometry": {
        "type": "Point",
        "coordinates": [
          5.281140483,
          43.429478473
        ]
      },
      "properties": {
        "name": "Allée des Restanques / Chemin des Gorges de Cabriès",
        "context": "Vitrolles, Bouches-du-Rhône",
        "citycode": "13117",
        "depcode": "13"
      }
    },
    {
      "type": "Feature",
      "geometry": {
        "type": "Point",
        "coordinates": [
          5.280689031,
          43.427087814
        ]
      },
      "properties": {
        "name": "Allée des Roures / Allée des Avau",
        "context": "Vitrolles, Bouches-du-Rhône",
        "citycode": "13117",
        "depcode": "13"
      }
    },
    {
      "type": "Feature",
      "geometry": {
        "type": "Point",
        "coordinates": [
          5.280692728,
          43.427219427
        ]
      },
      "properties": {
        "name": "Allée des Roures / Sentier des Pignens",
        "context": "Vitrolles, Bouches-du-Rhône",
        "citycode": "13117",
        "depcode": "13"
      }
    },
    {
      "type": "Feature",
      "geometry": {
        "type": "Point",
        "coordinates": [
          5.232347135,
          43.458117659
        ]
      },
      "properties": {
        "name": "Allée des Saladelles / Chemin de Saint-Bourdon",
        "context": "Vitrolles, Bouches-du-Rhône",
        "citycode": "13117",
        "depcode": "13"
      }
    },
    {
      "type": "Feature",
      "geometry": {
        "type": "Point",
        "coordinates": [
          5.281749142,
          43.423413604
        ]
      },
      "properties": {
        "name": "Allée des Seigles / Allée des Blés",
        "context": "Vitrolles, Bouches-du-Rhône",
        "citycode": "13117",
        "depcode": "13"
      }
    },
    {
      "type": "Feature",
      "geometry": {
        "type": "Point",
        "coordinates": [
          5.282290242,
          43.423443393
        ]
      },
      "properties": {
        "name": "Allée des Seigles / Allée des Maïs",
        "context": "Vitrolles, Bouches-du-Rhône",
        "citycode": "13117",
        "depcode": "13"
      }
    },
    {
      "type": "Feature",
      "geometry": {
        "type": "Point",
        "coordinates": [
          5.282516214,
          43.422824104
        ]
      },
      "properties": {
        "name": "Allée des Seigles / Impasse François Vidal",
        "context": "Vitrolles, Bouches-du-Rhône",
        "citycode": "13117",
        "depcode": "13"
      }
    },
    {
      "type": "Feature",
      "geometry": {
        "type": "Point",
        "coordinates": [
          5.282382031,
          43.422820088
        ]
      },
      "properties": {
        "name": "Allée des Seigles / Rue de Fontblanche",
        "context": "Vitrolles, Bouches-du-Rhône",
        "citycode": "13117",
        "depcode": "13"
      }
    },
    {
      "type": "Feature",
      "geometry": {
        "type": "Point",
        "coordinates": [
          5.270673683,
          43.422758678
        ]
      },
      "properties": {
        "name": "Allée des Tuiliers / Rue du Kaolin",
        "context": "Vitrolles, Bouches-du-Rhône",
        "citycode": "13117",
        "depcode": "13"
      }
    },
    {
      "type": "Feature",
      "geometry": {
        "type": "Point",
        "coordinates": [
          5.233459103,
          43.452396373
        ]
      },
      "properties": {
        "name": "Allée du Belvédère / Rue de Beaulieu",
        "context": "Vitrolles, Bouches-du-Rhône",
        "citycode": "13117",
        "depcode": "13"
      }
    },
    {
      "type": "Feature",
      "geometry": {
        "type": "Point",
        "coordinates": [
          5.250471388,
          43.444990242
        ]
      },
      "properties": {
        "name": "Allée du Bosquet / Avenue des Salyens",
        "context": "Vitrolles, Bouches-du-Rhône",
        "citycode": "13117",
        "depcode": "13"
      }
    },
    {
      "type": "Feature",
      "geometry": {
        "type": "Point",
        "coordinates": [
          5.248449462,
          43.446048033
        ]
      },
      "properties": {
        "name": "Allée du Bosquet / Rond-Point de la Pierre Plantée",
        "context": "Vitrolles, Bouches-du-Rhône",
        "citycode": "13117",
        "depcode": "13"
      }
    },
    {
      "type": "Feature",
      "geometry": {
        "type": "Point",
        "coordinates": [
          5.289431623,
          43.427688906
        ]
      },
      "properties": {
        "name": "Allée du Calen / Boulevard Marcel Pagnol",
        "context": "Vitrolles, Bouches-du-Rhône",
        "citycode": "13117",
        "depcode": "13"
      }
    },
    {
      "type": "Feature",
      "geometry": {
        "type": "Point",
        "coordinates": [
          5.240336724,
          43.451947722
        ]
      },
      "properties": {
        "name": "Allée du Caucadis / Allée de Bretagne",
        "context": "Vitrolles, Bouches-du-Rhône",
        "citycode": "13117",
        "depcode": "13"
      }
    },
    {
      "type": "Feature",
      "geometry": {
        "type": "Point",
        "coordinates": [
          5.240859452,
          43.449866475
        ]
      },
      "properties": {
        "name": "Allée du Caucadis / Avenue de Font Ségugne",
        "context": "Vitrolles, Bouches-du-Rhône",
        "citycode": "13117",
        "depcode": "13"
      }
    },
    {
      "type": "Feature",
      "geometry": {
        "type": "Point",
        "coordinates": [
          5.240355597,
          43.451939977
        ]
      },
      "properties": {
        "name": "Allée du Caucadis / Avenue Jean Moulin",
        "context": "Vitrolles, Bouches-du-Rhône",
        "citycode": "13117",
        "depcode": "13"
      }
    },
    {
      "type": "Feature",
      "geometry": {
        "type": "Point",
        "coordinates": [
          5.279174402,
          43.426825001
        ]
      },
      "properties": {
        "name": "Allée du Château de Montvallon / Allée Philippe de Brocard",
        "context": "Vitrolles, Bouches-du-Rhône",
        "citycode": "13117",
        "depcode": "13"
      }
    },
    {
      "type": "Feature",
      "geometry": {
        "type": "Point",
        "coordinates": [
          5.244011799,
          43.448762501
        ]
      },
      "properties": {
        "name": "Allée du Cormier / Allée du Poirier",
        "context": "Vitrolles, Bouches-du-Rhône",
        "citycode": "13117",
        "depcode": "13"
      }
    },
    {
      "type": "Feature",
      "geometry": {
        "type": "Point",
        "coordinates": [
          5.244016573,
          43.449206511
        ]
      },
      "properties": {
        "name": "Allée du Cormier / Place du Roy René",
        "context": "Vitrolles, Bouches-du-Rhône",
        "citycode": "13117",
        "depcode": "13"
      }
    },
    {
      "type": "Feature",
      "geometry": {
        "type": "Point",
        "coordinates": [
          5.244012127,
          43.448775091
        ]
      },
      "properties": {
        "name": "Allée du Cormier / Rue du Jujubier",
        "context": "Vitrolles, Bouches-du-Rhône",
        "citycode": "13117",
        "depcode": "13"
      }
    },
    {
      "type": "Feature",
      "geometry": {
        "type": "Point",
        "coordinates": [
          5.27968191,
          43.426000737
        ]
      },
      "properties": {
        "name": "Allée du Fanage / Avenue Jean Monnet",
        "context": "Vitrolles, Bouches-du-Rhône",
        "citycode": "13117",
        "depcode": "13"
      }
    },
    {
      "type": "Feature",
      "geometry": {
        "type": "Point",
        "coordinates": [
          5.279969965,
          43.425556424
        ]
      },
      "properties": {
        "name": "Allée du Fanage / Rue de l'Escadrille Normandie-Niemen",
        "context": "Vitrolles, Bouches-du-Rhône",
        "citycode": "13117",
        "depcode": "13"
      }
    },
    {
      "type": "Feature",
      "geometry": {
        "type": "Point",
        "coordinates": [
          5.2391724,
          43.462751105
        ]
      },
      "properties": {
        "name": "Allée du Fouis / Rue de la Bise",
        "context": "Vitrolles, Bouches-du-Rhône",
        "citycode": "13117",
        "depcode": "13"
      }
    },
    {
      "type": "Feature",
      "geometry": {
        "type": "Point",
        "coordinates": [
          5.280367092,
          43.42382227
        ]
      },
      "properties": {
        "name": "Allée du Froment / Allée des Blés",
        "context": "Vitrolles, Bouches-du-Rhône",
        "citycode": "13117",
        "depcode": "13"
      }
    },
    {
      "type": "Feature",
      "geometry": {
        "type": "Point",
        "coordinates": [
          5.280486725,
          43.42343484
        ]
      },
      "properties": {
        "name": "Allée du Froment / Allée des Moissons",
        "context": "Vitrolles, Bouches-du-Rhône",
        "citycode": "13117",
        "depcode": "13"
      }
    },
    {
      "type": "Feature",
      "geometry": {
        "type": "Point",
        "coordinates": [
          5.280239342,
          43.42483953
        ]
      },
      "properties": {
        "name": "Allée du Froment / Allée des Poilus",
        "context": "Vitrolles, Bouches-du-Rhône",
        "citycode": "13117",
        "depcode": "13"
      }
    },
    {
      "type": "Feature",
      "geometry": {
        "type": "Point",
        "coordinates": [
          5.280362802,
          43.424418778
        ]
      },
      "properties": {
        "name": "Allée du Froment / Clos de la Butte",
        "context": "Vitrolles, Bouches-du-Rhône",
        "citycode": "13117",
        "depcode": "13"
      }
    },
    {
      "type": "Feature",
      "geometry": {
        "type": "Point",
        "coordinates": [
          5.280826534,
          43.422517275
        ]
      },
      "properties": {
        "name": "Allée du Froment / Rue de Fontblanche",
        "context": "Vitrolles, Bouches-du-Rhône",
        "citycode": "13117",
        "depcode": "13"
      }
    },
    {
      "type": "Feature",
      "geometry": {
        "type": "Point",
        "coordinates": [
          5.284275982,
          43.426003698
        ]
      },
      "properties": {
        "name": "Allée du Galion / Allée de la Corvette",
        "context": "Vitrolles, Bouches-du-Rhône",
        "citycode": "13117",
        "depcode": "13"
      }
    },
    {
      "type": "Feature",
      "geometry": {
        "type": "Point",
        "coordinates": [
          5.291125287,
          43.425565925
        ]
      },
      "properties": {
        "name": "Allée du Garlaban / Impasse des Ombrées",
        "context": "Vitrolles, Bouches-du-Rhône",
        "citycode": "13117",
        "depcode": "13"
      }
    },
    {
      "type": "Feature",
      "geometry": {
        "type": "Point",
        "coordinates": [
          5.291631727,
          43.42518031
        ]
      },
      "properties": {
        "name": "Allée du Garlaban / Traverse du Passe-Temps",
        "context": "Vitrolles, Bouches-du-Rhône",
        "citycode": "13117",
        "depcode": "13"
      }
    },
    {
      "type": "Feature",
      "geometry": {
        "type": "Point",
        "coordinates": [
          5.275527761,
          43.424505276
        ]
      },
      "properties": {
        "name": "Allée du Groupe Manouchian / Allée Bernard Imbert",
        "context": "Vitrolles, Bouches-du-Rhône",
        "citycode": "13117",
        "depcode": "13"
      }
    },
    {
      "type": "Feature",
      "geometry": {
        "type": "Point",
        "coordinates": [
          5.276363207,
          43.424529704
        ]
      },
      "properties": {
        "name": "Allée du Groupe Manouchian / Impasse du Caporal Chef Lopez",
        "context": "Vitrolles, Bouches-du-Rhône",
        "citycode": "13117",
        "depcode": "13"
      }
    },
    {
      "type": "Feature",
      "geometry": {
        "type": "Point",
        "coordinates": [
          5.275564326,
          43.424530921
        ]
      },
      "properties": {
        "name": "Allée du Groupe Manouchian / Impasse Kolher Bérujeau",
        "context": "Vitrolles, Bouches-du-Rhône",
        "citycode": "13117",
        "depcode": "13"
      }
    },
    {
      "type": "Feature",
      "geometry": {
        "type": "Point",
        "coordinates": [
          5.274642308,
          43.424231558
        ]
      },
      "properties": {
        "name": "Allée du Groupe Manouchian / Plateau Maximilien Kolbe",
        "context": "Vitrolles, Bouches-du-Rhône",
        "citycode": "13117",
        "depcode": "13"
      }
    },
    {
      "type": "Feature",
      "geometry": {
        "type": "Point",
        "coordinates": [
          5.276837171,
          43.424539503
        ]
      },
      "properties": {
        "name": "Allée du Groupe Manouchian / Rue Pierre Brossolette",
        "context": "Vitrolles, Bouches-du-Rhône",
        "citycode": "13117",
        "depcode": "13"
      }
    },
    {
      "type": "Feature",
      "geometry": {
        "type": "Point",
        "coordinates": [
          5.29206799,
          43.421281199
        ]
      },
      "properties": {
        "name": "Allée du Moulin à Eau / Chemin des Iscles",
        "context": "Vitrolles, Bouches-du-Rhône",
        "citycode": "13117",
        "depcode": "13"
      }
    },
    {
      "type": "Feature",
      "geometry": {
        "type": "Point",
        "coordinates": [
          5.245187865,
          43.448056794
        ]
      },
      "properties": {
        "name": "Allée du Néflier / Rue d'Entremont",
        "context": "Vitrolles, Bouches-du-Rhône",
        "citycode": "13117",
        "depcode": "13"
      }
    },
    {
      "type": "Feature",
      "geometry": {
        "type": "Point",
        "coordinates": [
          5.245321812,
          43.448126766
        ]
      },
      "properties": {
        "name": "Allée du Néflier / Rue du Pommier",
        "context": "Vitrolles, Bouches-du-Rhône",
        "citycode": "13117",
        "depcode": "13"
      }
    },
    {
      "type": "Feature",
      "geometry": {
        "type": "Point",
        "coordinates": [
          5.245408393,
          43.448139811
        ]
      },
      "properties": {
        "name": "Allée du Néflier / Rue René Cassin",
        "context": "Vitrolles, Bouches-du-Rhône",
        "citycode": "13117",
        "depcode": "13"
      }
    },
    {
      "type": "Feature",
      "geometry": {
        "type": "Point",
        "coordinates": [
          5.230153042,
          43.458514571
        ]
      },
      "properties": {
        "name": "Allée du Pitalugue / Allée du Sémaphore",
        "context": "Vitrolles, Bouches-du-Rhône",
        "citycode": "13117",
        "depcode": "13"
      }
    },
    {
      "type": "Feature",
      "geometry": {
        "type": "Point",
        "coordinates": [
          5.244011402,
          43.448750196
        ]
      },
      "properties": {
        "name": "Allée du Poirier / Rue du Jujubier",
        "context": "Vitrolles, Bouches-du-Rhône",
        "citycode": "13117",
        "depcode": "13"
      }
    },
    {
      "type": "Feature",
      "geometry": {
        "type": "Point",
        "coordinates": [
          5.266840651,
          43.431033635
        ]
      },
      "properties": {
        "name": "Allée du Relais / Route de la Seds",
        "context": "Vitrolles, Bouches-du-Rhône",
        "citycode": "13117",
        "depcode": "13"
      }
    },
    {
      "type": "Feature",
      "geometry": {
        "type": "Point",
        "coordinates": [
          5.266804514,
          43.430992081
        ]
      },
      "properties": {
        "name": "Allée du Relais / Route nationale de Marseille à Bordeaux N113",
        "context": "Vitrolles, Bouches-du-Rhône",
        "citycode": "13117",
        "depcode": "13"
      }
    },
    {
      "type": "Feature",
      "geometry": {
        "type": "Point",
        "coordinates": [
          5.230613709,
          43.458963845
        ]
      },
      "properties": {
        "name": "Allée du Sémaphore / Chemin de Saint-Bourdon",
        "context": "Vitrolles, Bouches-du-Rhône",
        "citycode": "13117",
        "depcode": "13"
      }
    },
    {
      "type": "Feature",
      "geometry": {
        "type": "Point",
        "coordinates": [
          5.28327839,
          43.431253169
        ]
      },
      "properties": {
        "name": "Allée Fanny / Allée Manon",
        "context": "Vitrolles, Bouches-du-Rhône",
        "citycode": "13117",
        "depcode": "13"
      }
    },
    {
      "type": "Feature",
      "geometry": {
        "type": "Point",
        "coordinates": [
          5.282836282,
          43.431504437
        ]
      },
      "properties": {
        "name": "Allée Fanny / Rue de la Fille du Puisatier",
        "context": "Vitrolles, Bouches-du-Rhône",
        "citycode": "13117",
        "depcode": "13"
      }
    },
    {
      "type": "Feature",
      "geometry": {
        "type": "Point",
        "coordinates": [
          5.282813921,
          43.431503511
        ]
      },
      "properties": {
        "name": "Allée Fanny / Rue du Midi",
        "context": "Vitrolles, Bouches-du-Rhône",
        "citycode": "13117",
        "depcode": "13"
      }
    },
    {
      "type": "Feature",
      "geometry": {
        "type": "Point",
        "coordinates": [
          5.281753826,
          43.425827494
        ]
      },
      "properties": {
        "name": "Allée Félix Ziem / Allée Auguste Chabaud",
        "context": "Vitrolles, Bouches-du-Rhône",
        "citycode": "13117",
        "depcode": "13"
      }
    },
    {
      "type": "Feature",
      "geometry": {
        "type": "Point",
        "coordinates": [
          5.281231366,
          43.425628417
        ]
      },
      "properties": {
        "name": "Allée Félix Ziem / Avenue Jean Monnet",
        "context": "Vitrolles, Bouches-du-Rhône",
        "citycode": "13117",
        "depcode": "13"
      }
    },
    {
      "type": "Feature",
      "geometry": {
        "type": "Point",
        "coordinates": [
          5.281220911,
          43.425618494
        ]
      },
      "properties": {
        "name": "Allée Félix Ziem / Rue de la Fenaison",
        "context": "Vitrolles, Bouches-du-Rhône",
        "citycode": "13117",
        "depcode": "13"
      }
    },
    {
      "type": "Feature",
      "geometry": {
        "type": "Point",
        "coordinates": [
          5.292775013,
          43.424466301
        ]
      },
      "properties": {
        "name": "Allée Françoise Duparc / Dérivation de la Cadière",
        "context": "Vitrolles, Bouches-du-Rhône",
        "citycode": "13117",
        "depcode": "13"
      }
    },
    {
      "type": "Feature",
      "geometry": {
        "type": "Point",
        "coordinates": [
          5.292597748,
          43.424401585
        ]
      },
      "properties": {
        "name": "Allée Françoise Duparc / Rue Honoré Daumier",
        "context": "Vitrolles, Bouches-du-Rhône",
        "citycode": "13117",
        "depcode": "13"
      }
    },
    {
      "type": "Feature",
      "geometry": {
        "type": "Point",
        "coordinates": [
          5.291906854,
          43.424459492
        ]
      },
      "properties": {
        "name": "Allée Françoise Duparc / Rue Pierre Puget",
        "context": "Vitrolles, Bouches-du-Rhône",
        "citycode": "13117",
        "depcode": "13"
      }
    },
    {
      "type": "Feature",
      "geometry": {
        "type": "Point",
        "coordinates": [
          5.276836723,
          43.422894302
        ]
      },
      "properties": {
        "name": "Allée Galilée / Allée de la Bargelade",
        "context": "Vitrolles, Bouches-du-Rhône",
        "citycode": "13117",
        "depcode": "13"
      }
    },
    {
      "type": "Feature",
      "geometry": {
        "type": "Point",
        "coordinates": [
          5.276453774,
          43.422133159
        ]
      },
      "properties": {
        "name": "Allée Galilée / Rue Jupiter",
        "context": "Vitrolles, Bouches-du-Rhône",
        "citycode": "13117",
        "depcode": "13"
      }
    },
    {
      "type": "Feature",
      "geometry": {
        "type": "Point",
        "coordinates": [
          5.24954711,
          43.457558387
        ]
      },
      "properties": {
        "name": "Allée Gisèle Axmann / Avenue Camille Pelletan",
        "context": "Vitrolles, Bouches-du-Rhône",
        "citycode": "13117",
        "depcode": "13"
      }
    },
    {
      "type": "Feature",
      "geometry": {
        "type": "Point",
        "coordinates": [
          5.287406061,
          43.427005693
        ]
      },
      "properties": {
        "name": "Allée le Vant Dre / Rue des Sourciers",
        "context": "Vitrolles, Bouches-du-Rhône",
        "citycode": "13117",
        "depcode": "13"
      }
    },
    {
      "type": "Feature",
      "geometry": {
        "type": "Point",
        "coordinates": [
          5.243787062,
          43.46516567
        ]
      },
      "properties": {
        "name": "Allée les Baumelles / Chemin du Trou du Loup CR32",
        "context": "Vitrolles, Bouches-du-Rhône",
        "citycode": "13117",
        "depcode": "13"
      }
    },
    {
      "type": "Feature",
      "geometry": {
        "type": "Point",
        "coordinates": [
          5.284437621,
          43.436093406
        ]
      },
      "properties": {
        "name": "Allée Lou Lingoubaou / Chemin di Oustaous",
        "context": "Vitrolles, Bouches-du-Rhône",
        "citycode": "13117",
        "depcode": "13"
      }
    },
    {
      "type": "Feature",
      "geometry": {
        "type": "Point",
        "coordinates": [
          5.283804629,
          43.431222094
        ]
      },
      "properties": {
        "name": "Allée Manon / Allée César",
        "context": "Vitrolles, Bouches-du-Rhône",
        "citycode": "13117",
        "depcode": "13"
      }
    },
    {
      "type": "Feature",
      "geometry": {
        "type": "Point",
        "coordinates": [
          5.28371997,
          43.430504262
        ]
      },
      "properties": {
        "name": "Allée Manon / Rampe Cognecoeur",
        "context": "Vitrolles, Bouches-du-Rhône",
        "citycode": "13117",
        "depcode": "13"
      }
    },
    {
      "type": "Feature",
      "geometry": {
        "type": "Point",
        "coordinates": [
          5.255561647,
          43.444297201
        ]
      },
      "properties": {
        "name": "Allée Marie Gasquet / Allée Jean Giono",
        "context": "Vitrolles, Bouches-du-Rhône",
        "citycode": "13117",
        "depcode": "13"
      }
    },
    {
      "type": "Feature",
      "geometry": {
        "type": "Point",
        "coordinates": [
          5.283580341,
          43.43214725
        ]
      },
      "properties": {
        "name": "Allée Marius / Rue de la Fille du Puisatier",
        "context": "Vitrolles, Bouches-du-Rhône",
        "citycode": "13117",
        "depcode": "13"
      }
    },
    {
      "type": "Feature",
      "geometry": {
        "type": "Point",
        "coordinates": [
          5.259895068,
          43.437671693
        ]
      },
      "properties": {
        "name": "Allée Parmentier / Rue Gaston de Saporta",
        "context": "Vitrolles, Bouches-du-Rhône",
        "citycode": "13117",
        "depcode": "13"
      }
    },
    {
      "type": "Feature",
      "geometry": {
        "type": "Point",
        "coordinates": [
          5.25897681,
          43.437087633
        ]
      },
      "properties": {
        "name": "Allée Parmentier / Rue Louis Pasteur",
        "context": "Vitrolles, Bouches-du-Rhône",
        "citycode": "13117",
        "depcode": "13"
      }
    },
    {
      "type": "Feature",
      "geometry": {
        "type": "Point",
        "coordinates": [
          5.259018505,
          43.437029319
        ]
      },
      "properties": {
        "name": "Allée Parmentier / Rue Pierre et Marie Curie",
        "context": "Vitrolles, Bouches-du-Rhône",
        "citycode": "13117",
        "depcode": "13"
      }
    },
    {
      "type": "Feature",
      "geometry": {
        "type": "Point",
        "coordinates": [
          5.247153947,
          43.459054363
        ]
      },
      "properties": {
        "name": "Allée Pascal Guilhem / Allée de la Farandole",
        "context": "Vitrolles, Bouches-du-Rhône",
        "citycode": "13117",
        "depcode": "13"
      }
    },
    {
      "type": "Feature",
      "geometry": {
        "type": "Point",
        "coordinates": [
          5.247615545,
          43.458172622
        ]
      },
      "properties": {
        "name": "Allée Pascal Guilhem / Rue des Écoles",
        "context": "Vitrolles, Bouches-du-Rhône",
        "citycode": "13117",
        "depcode": "13"
      }
    },
    {
      "type": "Feature",
      "geometry": {
        "type": "Point",
        "coordinates": [
          5.24760805,
          43.45817313
        ]
      },
      "properties": {
        "name": "Allée Pascal Guilhem / Rue du Félibrige",
        "context": "Vitrolles, Bouches-du-Rhône",
        "citycode": "13117",
        "depcode": "13"
      }
    },
    {
      "type": "Feature",
      "geometry": {
        "type": "Point",
        "coordinates": [
          5.280007214,
          43.423377696
        ]
      },
      "properties": {
        "name": "Allée Philippe de Brocard / Allée des Moissons",
        "context": "Vitrolles, Bouches-du-Rhône",
        "citycode": "13117",
        "depcode": "13"
      }
    },
    {
      "type": "Feature",
      "geometry": {
        "type": "Point",
        "coordinates": [
          5.279355504,
          43.425988417
        ]
      },
      "properties": {
        "name": "Allée Philippe de Brocard / Avenue Jean Monnet",
        "context": "Vitrolles, Bouches-du-Rhône",
        "citycode": "13117",
        "depcode": "13"
      }
    },
    {
      "type": "Feature",
      "geometry": {
        "type": "Point",
        "coordinates": [
          5.279759387,
          43.424291917
        ]
      },
      "properties": {
        "name": "Allée Philippe de Brocard / Place Georges Brassens",
        "context": "Vitrolles, Bouches-du-Rhône",
        "citycode": "13117",
        "depcode": "13"
      }
    },
    {
      "type": "Feature",
      "geometry": {
        "type": "Point",
        "coordinates": [
          5.280237795,
          43.422440164
        ]
      },
      "properties": {
        "name": "Allée Philippe de Brocard / Rue de Fontblanche",
        "context": "Vitrolles, Bouches-du-Rhône",
        "citycode": "13117",
        "depcode": "13"
      }
    },
    {
      "type": "Feature",
      "geometry": {
        "type": "Point",
        "coordinates": [
          5.284279676,
          43.43018555
        ]
      },
      "properties": {
        "name": "Allée Topaze / Allée du Campas",
        "context": "Vitrolles, Bouches-du-Rhône",
        "citycode": "13117",
        "depcode": "13"
      }
    },
    {
      "type": "Feature",
      "geometry": {
        "type": "Point",
        "coordinates": [
          5.24357367,
          43.450967059
        ]
      },
      "properties": {
        "name": "Allées de la Noria / Allée Chantecler",
        "context": "Vitrolles, Bouches-du-Rhône",
        "citycode": "13117",
        "depcode": "13"
      }
    },
    {
      "type": "Feature",
      "geometry": {
        "type": "Point",
        "coordinates": [
          5.244638724,
          43.450094434
        ]
      },
      "properties": {
        "name": "Allées de la Noria / Avenue de Font Ségugne",
        "context": "Vitrolles, Bouches-du-Rhône",
        "citycode": "13117",
        "depcode": "13"
      }
    },
    {
      "type": "Feature",
      "geometry": {
        "type": "Point",
        "coordinates": [
          5.243761208,
          43.451541023
        ]
      },
      "properties": {
        "name": "Allées les Romanesques / Allée des Musardises",
        "context": "Vitrolles, Bouches-du-Rhône",
        "citycode": "13117",
        "depcode": "13"
      }
    },
    {
      "type": "Feature",
      "geometry": {
        "type": "Point",
        "coordinates": [
          5.249406354,
          43.44757392
        ]
      },
      "properties": {
        "name": "Arcades de Citeaux / Place de Provence",
        "context": "Vitrolles, Bouches-du-Rhône",
        "citycode": "13117",
        "depcode": "13"
      }
    },
    {
      "type": "Feature",
      "geometry": {
        "type": "Point",
        "coordinates": [
          5.248714718,
          43.44780742
        ]
      },
      "properties": {
        "name": "Arcades des Abbayes / Arcades Colonel de Courson",
        "context": "Vitrolles, Bouches-du-Rhône",
        "citycode": "13117",
        "depcode": "13"
      }
    },
    {
      "type": "Feature",
      "geometry": {
        "type": "Point",
        "coordinates": [
          5.240028889,
          43.479751278
        ]
      },
      "properties": {
        "name": "Autoroute du Soleil A7 / Avenue de la Plantade",
        "context": "Vitrolles, Bouches-du-Rhône",
        "citycode": "13117",
        "depcode": "13"
      }
    },
    {
      "type": "Feature",
      "geometry": {
        "type": "Point",
        "coordinates": [
          5.245456403,
          43.443340844
        ]
      },
      "properties": {
        "name": "Autoroute du Soleil A7 / Avenue Victor Gélu",
        "context": "Vitrolles, Bouches-du-Rhône",
        "citycode": "13117",
        "depcode": "13"
      }
    },
    {
      "type": "Feature",
      "geometry": {
        "type": "Point",
        "coordinates": [
          5.239149998,
          43.450368043
        ]
      },
      "properties": {
        "name": "Autoroute du Soleil A7 / Chemin de l'Escaillon",
        "context": "Vitrolles, Bouches-du-Rhône",
        "citycode": "13117",
        "depcode": "13"
      }
    },
    {
      "type": "Feature",
      "geometry": {
        "type": "Point",
        "coordinates": [
          5.273618904,
          43.418245623
        ]
      },
      "properties": {
        "name": "Autoroute du Soleil A7 / La Cadière",
        "context": "Vitrolles, Bouches-du-Rhône",
        "citycode": "13117",
        "depcode": "13"
      }
    },
    {
      "type": "Feature",
      "geometry": {
        "type": "Point",
        "coordinates": [
          5.263819344,
          43.426228443
        ]
      },
      "properties": {
        "name": "Autoroute du Soleil A7 / N113",
        "context": "Vitrolles, Bouches-du-Rhône",
        "citycode": "13117",
        "depcode": "13"
      }
    },
    {
      "type": "Feature",
      "geometry": {
        "type": "Point",
        "coordinates": [
          5.24165587,
          43.457821421
        ]
      },
      "properties": {
        "name": "Avenue Alphonse Daudet / Avenue de France",
        "context": "Vitrolles, Bouches-du-Rhône",
        "citycode": "13117",
        "depcode": "13"
      }
    },
    {
      "type": "Feature",
      "geometry": {
        "type": "Point",
        "coordinates": [
          5.241794145,
          43.457799756
        ]
      },
      "properties": {
        "name": "Avenue Alphonse Daudet / Avenue Morfelden-Waldorf",
        "context": "Vitrolles, Bouches-du-Rhône",
        "citycode": "13117",
        "depcode": "13"
      }
    },
    {
      "type": "Feature",
      "geometry": {
        "type": "Point",
        "coordinates": [
          5.242901338,
          43.454520944
        ]
      },
      "properties": {
        "name": "Avenue Alphonse Daudet / Rue Marcel Provence",
        "context": "Vitrolles, Bouches-du-Rhône",
        "citycode": "13117",
        "depcode": "13"
      }
    },
    {
      "type": "Feature",
      "geometry": {
        "type": "Point",
        "coordinates": [
          5.242239785,
          43.456977691
        ]
      },
      "properties": {
        "name": "Avenue Alphonse Daudet / Rue Roumanille",
        "context": "Vitrolles, Bouches-du-Rhône",
        "citycode": "13117",
        "depcode": "13"
      }
    },
    {
      "type": "Feature",
      "geometry": {
        "type": "Point",
        "coordinates": [
          5.23768788,
          43.479692618
        ]
      },
      "properties": {
        "name": "Avenue Amédéo Avogadro / Avenue du 8 Mai 1945",
        "context": "Vitrolles, Bouches-du-Rhône",
        "citycode": "13117",
        "depcode": "13"
      }
    },
    {
      "type": "Feature",
      "geometry": {
        "type": "Point",
        "coordinates": [
          5.234103526,
          43.476195416
        ]
      },
      "properties": {
        "name": "Avenue Amédéo Avogadro / Avenue Joseph Cugnot",
        "context": "Vitrolles, Bouches-du-Rhône",
        "citycode": "13117",
        "depcode": "13"
      }
    },
    {
      "type": "Feature",
      "geometry": {
        "type": "Point",
        "coordinates": [
          5.233248774,
          43.443974039
        ]
      },
      "properties": {
        "name": "Avenue Blaise Pascal / Boulevard Pythagore",
        "context": "Vitrolles, Bouches-du-Rhône",
        "citycode": "13117",
        "depcode": "13"
      }
    },
    {
      "type": "Feature",
      "geometry": {
        "type": "Point",
        "coordinates": [
          5.23324091,
          43.44395303
        ]
      },
      "properties": {
        "name": "Avenue Blaise Pascal / Impasse Pythagore",
        "context": "Vitrolles, Bouches-du-Rhône",
        "citycode": "13117",
        "depcode": "13"
      }
    },
    {
      "type": "Feature",
      "geometry": {
        "type": "Point",
        "coordinates": [
          5.249212148,
          43.460098364
        ]
      },
      "properties": {
        "name": "Avenue Camille Pelletan / Place de la République",
        "context": "Vitrolles, Bouches-du-Rhône",
        "citycode": "13117",
        "depcode": "13"
      }
    },
    {
      "type": "Feature",
      "geometry": {
        "type": "Point",
        "coordinates": [
          5.249267452,
          43.459682426
        ]
      },
      "properties": {
        "name": "Avenue Camille Pelletan / Rue de l'Armistice",
        "context": "Vitrolles, Bouches-du-Rhône",
        "citycode": "13117",
        "depcode": "13"
      }
    },
    {
      "type": "Feature",
      "geometry": {
        "type": "Point",
        "coordinates": [
          5.2491807,
          43.460099195
        ]
      },
      "properties": {
        "name": "Avenue Camille Pelletan / Rue de l'Église",
        "context": "Vitrolles, Bouches-du-Rhône",
        "citycode": "13117",
        "depcode": "13"
      }
    },
    {
      "type": "Feature",
      "geometry": {
        "type": "Point",
        "coordinates": [
          5.249423766,
          43.458610543
        ]
      },
      "properties": {
        "name": "Avenue Camille Pelletan / Rue de la Poste",
        "context": "Vitrolles, Bouches-du-Rhône",
        "citycode": "13117",
        "depcode": "13"
      }
    },
    {
      "type": "Feature",
      "geometry": {
        "type": "Point",
        "coordinates": [
          5.249294171,
          43.460110864
        ]
      },
      "properties": {
        "name": "Avenue Camille Pelletan / Rue du Valon des Roses",
        "context": "Vitrolles, Bouches-du-Rhône",
        "citycode": "13117",
        "depcode": "13"
      }
    },
    {
      "type": "Feature",
      "geometry": {
        "type": "Point",
        "coordinates": [
          5.244868225,
          43.425988126
        ]
      },
      "properties": {
        "name": "Avenue de Bruxelles / Rue de Copenhague",
        "context": "Vitrolles, Bouches-du-Rhône",
        "citycode": "13117",
        "depcode": "13"
      }
    },
    {
      "type": "Feature",
      "geometry": {
        "type": "Point",
        "coordinates": [
          5.244650811,
          43.450070561
        ]
      },
      "properties": {
        "name": "Avenue de Font Ségugne / Allées de la Noria",
        "context": "Vitrolles, Bouches-du-Rhône",
        "citycode": "13117",
        "depcode": "13"
      }
    },
    {
      "type": "Feature",
      "geometry": {
        "type": "Point",
        "coordinates": [
          5.251235319,
          43.45215259
        ]
      },
      "properties": {
        "name": "Avenue de Font Ségugne / Avenue de Marseille D55f",
        "context": "Vitrolles, Bouches-du-Rhône",
        "citycode": "13117",
        "depcode": "13"
      }
    },
    {
      "type": "Feature",
      "geometry": {
        "type": "Point",
        "coordinates": [
          5.24559983,
          43.450297216
        ]
      },
      "properties": {
        "name": "Avenue de Font Ségugne / Avenue Ytzhak Rabin",
        "context": "Vitrolles, Bouches-du-Rhône",
        "citycode": "13117",
        "depcode": "13"
      }
    },
    {
      "type": "Feature",
      "geometry": {
        "type": "Point",
        "coordinates": [
          5.247739699,
          43.450121081
        ]
      },
      "properties": {
        "name": "Avenue de Font Ségugne / Résidence Les Ormaux",
        "context": "Vitrolles, Bouches-du-Rhône",
        "citycode": "13117",
        "depcode": "13"
      }
    },
    {
      "type": "Feature",
      "geometry": {
        "type": "Point",
        "coordinates": [
          5.241617325,
          43.449854747
        ]
      },
      "properties": {
        "name": "Avenue de Font Ségugne / Rue des Quatre Reines",
        "context": "Vitrolles, Bouches-du-Rhône",
        "citycode": "13117",
        "depcode": "13"
      }
    },
    {
      "type": "Feature",
      "geometry": {
        "type": "Point",
        "coordinates": [
          5.24249166,
          43.449863807
        ]
      },
      "properties": {
        "name": "Avenue de Font Ségugne / Rue du Tournoi",
        "context": "Vitrolles, Bouches-du-Rhône",
        "citycode": "13117",
        "depcode": "13"
      }
    },
    {
      "type": "Feature",
      "geometry": {
        "type": "Point",
        "coordinates": [
          5.238510129,
          43.453515803
        ]
      },
      "properties": {
        "name": "Avenue de France / Allée d'Alsace",
        "context": "Vitrolles, Bouches-du-Rhône",
        "citycode": "13117",
        "depcode": "13"
      }
    },
    {
      "type": "Feature",
      "geometry": {
        "type": "Point",
        "coordinates": [
          5.23792304,
          43.455343558
        ]
      },
      "properties": {
        "name": "Avenue de France / Allée de la Lorraine",
        "context": "Vitrolles, Bouches-du-Rhône",
        "citycode": "13117",
        "depcode": "13"
      }
    },
    {
      "type": "Feature",
      "geometry": {
        "type": "Point",
        "coordinates": [
          5.239068188,
          43.457258768
        ]
      },
      "properties": {
        "name": "Avenue de France / Allée de Picardie",
        "context": "Vitrolles, Bouches-du-Rhône",
        "citycode": "13117",
        "depcode": "13"
      }
    },
    {
      "type": "Feature",
      "geometry": {
        "type": "Point",
        "coordinates": [
          5.241695405,
          43.45777603
        ]
      },
      "properties": {
        "name": "Avenue de France / Avenue Alphonse Daudet",
        "context": "Vitrolles, Bouches-du-Rhône",
        "citycode": "13117",
        "depcode": "13"
      }
    },
    {
      "type": "Feature",
      "geometry": {
        "type": "Point",
        "coordinates": [
          5.241679895,
          43.457794654
        ]
      },
      "properties": {
        "name": "Avenue de France / Avenue Morfelden-Waldorf",
        "context": "Vitrolles, Bouches-du-Rhône",
        "citycode": "13117",
        "depcode": "13"
      }
    },
    {
      "type": "Feature",
      "geometry": {
        "type": "Point",
        "coordinates": [
          5.24044876,
          43.450038985
        ]
      },
      "properties": {
        "name": "Avenue de France / Boulevard Alfred Casile",
        "context": "Vitrolles, Bouches-du-Rhône",
        "citycode": "13117",
        "depcode": "13"
      }
    },
    {
      "type": "Feature",
      "geometry": {
        "type": "Point",
        "coordinates": [
          5.239475955,
          43.457362289
        ]
      },
      "properties": {
        "name": "Avenue de France / Rue Charles Gounod",
        "context": "Vitrolles, Bouches-du-Rhône",
        "citycode": "13117",
        "depcode": "13"
      }
    },
    {
      "type": "Feature",
      "geometry": {
        "type": "Point",
        "coordinates": [
          5.293020295,
          43.423197543
        ]
      },
      "properties": {
        "name": "Avenue de la Ferme de Croze / Allée de la Cadière",
        "context": "Vitrolles, Bouches-du-Rhône",
        "citycode": "13117",
        "depcode": "13"
      }
    },
    {
      "type": "Feature",
      "geometry": {
        "type": "Point",
        "coordinates": [
          5.291731413,
          43.423390615
        ]
      },
      "properties": {
        "name": "Avenue de la Ferme de Croze / Allée Françoise Duparc",
        "context": "Vitrolles, Bouches-du-Rhône",
        "citycode": "13117",
        "depcode": "13"
      }
    },
    {
      "type": "Feature",
      "geometry": {
        "type": "Point",
        "coordinates": [
          5.291203112,
          43.423461312
        ]
      },
      "properties": {
        "name": "Avenue de la Ferme de Croze / Avenue de Saint-Germet",
        "context": "Vitrolles, Bouches-du-Rhône",
        "citycode": "13117",
        "depcode": "13"
      }
    },
    {
      "type": "Feature",
      "geometry": {
        "type": "Point",
        "coordinates": [
          5.292541774,
          43.423236697
        ]
      },
      "properties": {
        "name": "Avenue de la Ferme de Croze / Chemin des Iscles",
        "context": "Vitrolles, Bouches-du-Rhône",
        "citycode": "13117",
        "depcode": "13"
      }
    },
    {
      "type": "Feature",
      "geometry": {
        "type": "Point",
        "coordinates": [
          5.291194048,
          43.423456082
        ]
      },
      "properties": {
        "name": "Avenue de la Ferme de Croze / Dérivation de la Cadière",
        "context": "Vitrolles, Bouches-du-Rhône",
        "citycode": "13117",
        "depcode": "13"
      }
    },
    {
      "type": "Feature",
      "geometry": {
        "type": "Point",
        "coordinates": [
          5.290321076,
          43.424599096
        ]
      },
      "properties": {
        "name": "Avenue de la Ferme de Croze / Impasse des Ecureuils",
        "context": "Vitrolles, Bouches-du-Rhône",
        "citycode": "13117",
        "depcode": "13"
      }
    },
    {
      "type": "Feature",
      "geometry": {
        "type": "Point",
        "coordinates": [
          5.290545781,
          43.423886387
        ]
      },
      "properties": {
        "name": "Avenue de la Ferme de Croze / Rue du Jas",
        "context": "Vitrolles, Bouches-du-Rhône",
        "citycode": "13117",
        "depcode": "13"
      }
    },
    {
      "type": "Feature",
      "geometry": {
        "type": "Point",
        "coordinates": [
          5.290694835,
          43.423771194
        ]
      },
      "properties": {
        "name": "Avenue de la Ferme de Croze / Rue Pierre Puget",
        "context": "Vitrolles, Bouches-du-Rhône",
        "citycode": "13117",
        "depcode": "13"
      }
    },
    {
      "type": "Feature",
      "geometry": {
        "type": "Point",
        "coordinates": [
          5.290391609,
          43.424609461
        ]
      },
      "properties": {
        "name": "Avenue de la Ferme de Croze / Traverse du Passe-Temps",
        "context": "Vitrolles, Bouches-du-Rhône",
        "citycode": "13117",
        "depcode": "13"
      }
    },
    {
      "type": "Feature",
      "geometry": {
        "type": "Point",
        "coordinates": [
          5.249472884,
          43.457375783
        ]
      },
      "properties": {
        "name": "Avenue de la Gare D55F / Avenue Camille Pelletan",
        "context": "Vitrolles, Bouches-du-Rhône",
        "citycode": "13117",
        "depcode": "13"
      }
    },
    {
      "type": "Feature",
      "geometry": {
        "type": "Point",
        "coordinates": [
          5.24947651,
          43.457368696
        ]
      },
      "properties": {
        "name": "Avenue de la Gare D55F / Avenue de Marseille D55f",
        "context": "Vitrolles, Bouches-du-Rhône",
        "citycode": "13117",
        "depcode": "13"
      }
    },
    {
      "type": "Feature",
      "geometry": {
        "type": "Point",
        "coordinates": [
          5.247639577,
          43.457015354
        ]
      },
      "properties": {
        "name": "Avenue de la Gare D55F / Avenue Jean Moulin",
        "context": "Vitrolles, Bouches-du-Rhône",
        "citycode": "13117",
        "depcode": "13"
      }
    },
    {
      "type": "Feature",
      "geometry": {
        "type": "Point",
        "coordinates": [
          5.247236097,
          43.456810785
        ]
      },
      "properties": {
        "name": "Avenue de la Gare D55F / Boulevard Marcel Hochet",
        "context": "Vitrolles, Bouches-du-Rhône",
        "citycode": "13117",
        "depcode": "13"
      }
    },
    {
      "type": "Feature",
      "geometry": {
        "type": "Point",
        "coordinates": [
          5.248244948,
          43.457423917
        ]
      },
      "properties": {
        "name": "Avenue de la Gare D55F / Rue Jean Jaurès",
        "context": "Vitrolles, Bouches-du-Rhône",
        "citycode": "13117",
        "depcode": "13"
      }
    },
    {
      "type": "Feature",
      "geometry": {
        "type": "Point",
        "coordinates": [
          5.246522088,
          43.459738274
        ]
      },
      "properties": {
        "name": "Avenue de la Rangue / Allée de la Farandole",
        "context": "Vitrolles, Bouches-du-Rhône",
        "citycode": "13117",
        "depcode": "13"
      }
    },
    {
      "type": "Feature",
      "geometry": {
        "type": "Point",
        "coordinates": [
          5.242632999,
          43.458489292
        ]
      },
      "properties": {
        "name": "Avenue de la Rangue / Avenue Morfelden-Waldorf",
        "context": "Vitrolles, Bouches-du-Rhône",
        "citycode": "13117",
        "depcode": "13"
      }
    },
    {
      "type": "Feature",
      "geometry": {
        "type": "Point",
        "coordinates": [
          5.246451857,
          43.459723033
        ]
      },
      "properties": {
        "name": "Avenue de la Rangue / Rue de l'Anglais",
        "context": "Vitrolles, Bouches-du-Rhône",
        "citycode": "13117",
        "depcode": "13"
      }
    },
    {
      "type": "Feature",
      "geometry": {
        "type": "Point",
        "coordinates": [
          5.236534515,
          43.427914604
        ]
      },
      "properties": {
        "name": "Avenue de Londres / Avenue de Bruxelles",
        "context": "Vitrolles, Bouches-du-Rhône",
        "citycode": "13117",
        "depcode": "13"
      }
    },
    {
      "type": "Feature",
      "geometry": {
        "type": "Point",
        "coordinates": [
          5.242690014,
          43.434190859
        ]
      },
      "properties": {
        "name": "Avenue de Londres / Boulevard de l'Europe",
        "context": "Vitrolles, Bouches-du-Rhône",
        "citycode": "13117",
        "depcode": "13"
      }
    },
    {
      "type": "Feature",
      "geometry": {
        "type": "Point",
        "coordinates": [
          5.240778341,
          43.43125835
        ]
      },
      "properties": {
        "name": "Avenue de Londres / Rue d'Athènes",
        "context": "Vitrolles, Bouches-du-Rhône",
        "citycode": "13117",
        "depcode": "13"
      }
    },
    {
      "type": "Feature",
      "geometry": {
        "type": "Point",
        "coordinates": [
          5.263845355,
          43.435523128
        ]
      },
      "properties": {
        "name": "Avenue de Marseille D55F / Allée de BArre",
        "context": "Vitrolles, Bouches-du-Rhône",
        "citycode": "13117",
        "depcode": "13"
      }
    },
    {
      "type": "Feature",
      "geometry": {
        "type": "Point",
        "coordinates": [
          5.263018917,
          43.436968675
        ]
      },
      "properties": {
        "name": "Avenue de Marseille D55F / Allée de l'Anonciade",
        "context": "Vitrolles, Bouches-du-Rhône",
        "citycode": "13117",
        "depcode": "13"
      }
    },
    {
      "type": "Feature",
      "geometry": {
        "type": "Point",
        "coordinates": [
          5.264937874,
          43.432675469
        ]
      },
      "properties": {
        "name": "Avenue de Marseille D55F / Allée de la Bégude",
        "context": "Vitrolles, Bouches-du-Rhône",
        "citycode": "13117",
        "depcode": "13"
      }
    },
    {
      "type": "Feature",
      "geometry": {
        "type": "Point",
        "coordinates": [
          5.262651743,
          43.437513942
        ]
      },
      "properties": {
        "name": "Avenue de Marseille D55F / Allée de la Cabro d'Or",
        "context": "Vitrolles, Bouches-du-Rhône",
        "citycode": "13117",
        "depcode": "13"
      }
    },
    {
      "type": "Feature",
      "geometry": {
        "type": "Point",
        "coordinates": [
          5.262770508,
          43.43738151
        ]
      },
      "properties": {
        "name": "Avenue de Marseille D55F / Allée de la Roquebrou",
        "context": "Vitrolles, Bouches-du-Rhône",
        "citycode": "13117",
        "depcode": "13"
      }
    },
    {
      "type": "Feature",
      "geometry": {
        "type": "Point",
        "coordinates": [
          5.260539516,
          43.439703571
        ]
      },
      "properties": {
        "name": "Avenue de Marseille D55F / Allée Michel Adanson",
        "context": "Vitrolles, Bouches-du-Rhône",
        "citycode": "13117",
        "depcode": "13"
      }
    },
    {
      "type": "Feature",
      "geometry": {
        "type": "Point",
        "coordinates": [
          5.264246078,
          43.433706042
        ]
      },
      "properties": {
        "name": "Avenue de Marseille D55F / Allée Mougin Fossier",
        "context": "Vitrolles, Bouches-du-Rhône",
        "citycode": "13117",
        "depcode": "13"
      }
    },
    {
      "type": "Feature",
      "geometry": {
        "type": "Point",
        "coordinates": [
          5.249482651,
          43.457369239
        ]
      },
      "properties": {
        "name": "Avenue de Marseille D55f / Avenue Camille Pelletan",
        "context": "Vitrolles, Bouches-du-Rhône",
        "citycode": "13117",
        "depcode": "13"
      }
    },
    {
      "type": "Feature",
      "geometry": {
        "type": "Point",
        "coordinates": [
          5.250277808,
          43.456376552
        ]
      },
      "properties": {
        "name": "Avenue de Marseille D55f / Avenue des Roches Rouges",
        "context": "Vitrolles, Bouches-du-Rhône",
        "citycode": "13117",
        "depcode": "13"
      }
    },
    {
      "type": "Feature",
      "geometry": {
        "type": "Point",
        "coordinates": [
          5.259946896,
          43.440401764
        ]
      },
      "properties": {
        "name": "Avenue de Marseille D55F / Avenue Jean Étienne",
        "context": "Vitrolles, Bouches-du-Rhône",
        "citycode": "13117",
        "depcode": "13"
      }
    },
    {
      "type": "Feature",
      "geometry": {
        "type": "Point",
        "coordinates": [
          5.265530181,
          43.431621176
        ]
      },
      "properties": {
        "name": "Avenue de Marseille D55F / Boulevard Denis Padovani",
        "context": "Vitrolles, Bouches-du-Rhône",
        "citycode": "13117",
        "depcode": "13"
      }
    },
    {
      "type": "Feature",
      "geometry": {
        "type": "Point",
        "coordinates": [
          5.25074082,
          43.453147774
        ]
      },
      "properties": {
        "name": "Avenue de Marseille D55f / Chemin de Pauron",
        "context": "Vitrolles, Bouches-du-Rhône",
        "citycode": "13117",
        "depcode": "13"
      }
    },
    {
      "type": "Feature",
      "geometry": {
        "type": "Point",
        "coordinates": [
          5.250712342,
          43.453402277
        ]
      },
      "properties": {
        "name": "Avenue de Marseille D55f / Chemin de Sainte-Catherine",
        "context": "Vitrolles, Bouches-du-Rhône",
        "citycode": "13117",
        "depcode": "13"
      }
    },
    {
      "type": "Feature",
      "geometry": {
        "type": "Point",
        "coordinates": [
          5.250673045,
          43.45547947
        ]
      },
      "properties": {
        "name": "Avenue de Marseille D55f / Chemin des Costes",
        "context": "Vitrolles, Bouches-du-Rhône",
        "citycode": "13117",
        "depcode": "13"
      }
    },
    {
      "type": "Feature",
      "geometry": {
        "type": "Point",
        "coordinates": [
          5.250635083,
          43.455486565
        ]
      },
      "properties": {
        "name": "Avenue de Marseille D55f / Chemin des Vignes",
        "context": "Vitrolles, Bouches-du-Rhône",
        "citycode": "13117",
        "depcode": "13"
      }
    },
    {
      "type": "Feature",
      "geometry": {
        "type": "Point",
        "coordinates": [
          5.249876217,
          43.456820219
        ]
      },
      "properties": {
        "name": "Avenue de Marseille D55f / Impasse des Amours",
        "context": "Vitrolles, Bouches-du-Rhône",
        "citycode": "13117",
        "depcode": "13"
      }
    },
    {
      "type": "Feature",
      "geometry": {
        "type": "Point",
        "coordinates": [
          5.261714804,
          43.438778795
        ]
      },
      "properties": {
        "name": "Avenue de Marseille D55F / Montée de l'Ardalho",
        "context": "Vitrolles, Bouches-du-Rhône",
        "citycode": "13117",
        "depcode": "13"
      }
    },
    {
      "type": "Feature",
      "geometry": {
        "type": "Point",
        "coordinates": [
          5.259389908,
          43.441572569
        ]
      },
      "properties": {
        "name": "Avenue de Marseille D55F / Montée des Ravines",
        "context": "Vitrolles, Bouches-du-Rhône",
        "citycode": "13117",
        "depcode": "13"
      }
    },
    {
      "type": "Feature",
      "geometry": {
        "type": "Point",
        "coordinates": [
          5.250455785,
          43.45594819
        ]
      },
      "properties": {
        "name": "Avenue de Marseille D55f / Place du Parc",
        "context": "Vitrolles, Bouches-du-Rhône",
        "citycode": "13117",
        "depcode": "13"
      }
    },
    {
      "type": "Feature",
      "geometry": {
        "type": "Point",
        "coordinates": [
          5.265769274,
          43.431696775
        ]
      },
      "properties": {
        "name": "Avenue de Marseille D55F / Route de la Seds",
        "context": "Vitrolles, Bouches-du-Rhône",
        "citycode": "13117",
        "depcode": "13"
      }
    },
    {
      "type": "Feature",
      "geometry": {
        "type": "Point",
        "coordinates": [
          5.261465872,
          43.438924307
        ]
      },
      "properties": {
        "name": "Avenue de Marseille D55F / Rue Adam de Crapone",
        "context": "Vitrolles, Bouches-du-Rhône",
        "citycode": "13117",
        "depcode": "13"
      }
    },
    {
      "type": "Feature",
      "geometry": {
        "type": "Point",
        "coordinates": [
          5.263683635,
          43.435840235
        ]
      },
      "properties": {
        "name": "Avenue de Marseille D55F / Rue des Pergolas",
        "context": "Vitrolles, Bouches-du-Rhône",
        "citycode": "13117",
        "depcode": "13"
      }
    },
    {
      "type": "Feature",
      "geometry": {
        "type": "Point",
        "coordinates": [
          5.258648717,
          43.442431864
        ]
      },
      "properties": {
        "name": "Avenue de Marseille D55F / Rue du Bonheur",
        "context": "Vitrolles, Bouches-du-Rhône",
        "citycode": "13117",
        "depcode": "13"
      }
    },
    {
      "type": "Feature",
      "geometry": {
        "type": "Point",
        "coordinates": [
          5.262290056,
          43.438170237
        ]
      },
      "properties": {
        "name": "Avenue de Marseille D55F / Rue Estienne d'Orves",
        "context": "Vitrolles, Bouches-du-Rhône",
        "citycode": "13117",
        "depcode": "13"
      }
    },
    {
      "type": "Feature",
      "geometry": {
        "type": "Point",
        "coordinates": [
          5.242651426,
          43.439722638
        ]
      },
      "properties": {
        "name": "Avenue de Rome / Boulevard de l'Europe",
        "context": "Vitrolles, Bouches-du-Rhône",
        "citycode": "13117",
        "depcode": "13"
      }
    },
    {
      "type": "Feature",
      "geometry": {
        "type": "Point",
        "coordinates": [
          5.255841104,
          43.429778949
        ]
      },
      "properties": {
        "name": "Avenue de Rome / Rue de Prague",
        "context": "Vitrolles, Bouches-du-Rhône",
        "citycode": "13117",
        "depcode": "13"
      }
    },
    {
      "type": "Feature",
      "geometry": {
        "type": "Point",
        "coordinates": [
          5.251518038,
          43.435509749
        ]
      },
      "properties": {
        "name": "Avenue de Rome / Rue de Vienne",
        "context": "Vitrolles, Bouches-du-Rhône",
        "citycode": "13117",
        "depcode": "13"
      }
    },
    {
      "type": "Feature",
      "geometry": {
        "type": "Point",
        "coordinates": [
          5.291109557,
          43.423186647
        ]
      },
      "properties": {
        "name": "Avenue de Saint-Germet / Dérivation de la Cadière",
        "context": "Vitrolles, Bouches-du-Rhône",
        "citycode": "13117",
        "depcode": "13"
      }
    },
    {
      "type": "Feature",
      "geometry": {
        "type": "Point",
        "coordinates": [
          5.243732589,
          43.454716144
        ]
      },
      "properties": {
        "name": "Avenue des Arenas / Avenue Jean Moulin",
        "context": "Vitrolles, Bouches-du-Rhône",
        "citycode": "13117",
        "depcode": "13"
      }
    },
    {
      "type": "Feature",
      "geometry": {
        "type": "Point",
        "coordinates": [
          5.244865304,
          43.45394266
        ]
      },
      "properties": {
        "name": "Avenue des Arenas / Chemin des Bignonias",
        "context": "Vitrolles, Bouches-du-Rhône",
        "citycode": "13117",
        "depcode": "13"
      }
    },
    {
      "type": "Feature",
      "geometry": {
        "type": "Point",
        "coordinates": [
          5.244662221,
          43.454122838
        ]
      },
      "properties": {
        "name": "Avenue des Arenas / Chemin des Ifs",
        "context": "Vitrolles, Bouches-du-Rhône",
        "citycode": "13117",
        "depcode": "13"
      }
    },
    {
      "type": "Feature",
      "geometry": {
        "type": "Point",
        "coordinates": [
          5.244411206,
          43.454266607
        ]
      },
      "properties": {
        "name": "Avenue des Arenas / Chemin des Lauriers Roses",
        "context": "Vitrolles, Bouches-du-Rhône",
        "citycode": "13117",
        "depcode": "13"
      }
    },
    {
      "type": "Feature",
      "geometry": {
        "type": "Point",
        "coordinates": [
          5.252511347,
          43.442761795
        ]
      },
      "properties": {
        "name": "Avenue des Salyens / Place de la Liberté",
        "context": "Vitrolles, Bouches-du-Rhône",
        "citycode": "13117",
        "depcode": "13"
      }
    },
    {
      "type": "Feature",
      "geometry": {
        "type": "Point",
        "coordinates": [
          5.248760418,
          43.446259661
        ]
      },
      "properties": {
        "name": "Avenue des Salyens / Rond-Point de la Pierre Plantée",
        "context": "Vitrolles, Bouches-du-Rhône",
        "citycode": "13117",
        "depcode": "13"
      }
    },
    {
      "type": "Feature",
      "geometry": {
        "type": "Point",
        "coordinates": [
          5.271493188,
          43.42393886
        ]
      },
      "properties": {
        "name": "Avenue du 8 Mai 1945 / Avenue Rhin-Danube",
        "context": "Vitrolles, Bouches-du-Rhône",
        "citycode": "13117",
        "depcode": "13"
      }
    },
    {
      "type": "Feature",
      "geometry": {
        "type": "Point",
        "coordinates": [
          5.276514361,
          43.423924446
        ]
      },
      "properties": {
        "name": "Avenue du 8 Mai 1945 / Impasse du Caporal Chef Lopez",
        "context": "Vitrolles, Bouches-du-Rhône",
        "citycode": "13117",
        "depcode": "13"
      }
    },
    {
      "type": "Feature",
      "geometry": {
        "type": "Point",
        "coordinates": [
          5.274030986,
          43.423354991
        ]
      },
      "properties": {
        "name": "Avenue du 8 Mai 1945 / Le Bondon",
        "context": "Vitrolles, Bouches-du-Rhône",
        "citycode": "13117",
        "depcode": "13"
      }
    },
    {
      "type": "Feature",
      "geometry": {
        "type": "Point",
        "coordinates": [
          5.277432364,
          43.424021403
        ]
      },
      "properties": {
        "name": "Avenue du 8 Mai 1945 / Place de Libertat",
        "context": "Vitrolles, Bouches-du-Rhône",
        "citycode": "13117",
        "depcode": "13"
      }
    },
    {
      "type": "Feature",
      "geometry": {
        "type": "Point",
        "coordinates": [
          5.275771257,
          43.423833643
        ]
      },
      "properties": {
        "name": "Avenue du 8 Mai 1945 / Place des Bastides",
        "context": "Vitrolles, Bouches-du-Rhône",
        "citycode": "13117",
        "depcode": "13"
      }
    },
    {
      "type": "Feature",
      "geometry": {
        "type": "Point",
        "coordinates": [
          5.274913799,
          43.423613438
        ]
      },
      "properties": {
        "name": "Avenue du 8 Mai 1945 / Plateau Maximilien Kolbe",
        "context": "Vitrolles, Bouches-du-Rhône",
        "citycode": "13117",
        "depcode": "13"
      }
    },
    {
      "type": "Feature",
      "geometry": {
        "type": "Point",
        "coordinates": [
          5.276520185,
          43.423899876
        ]
      },
      "properties": {
        "name": "Avenue du 8 Mai 1945 / Rue Christian Huygens",
        "context": "Vitrolles, Bouches-du-Rhône",
        "citycode": "13117",
        "depcode": "13"
      }
    },
    {
      "type": "Feature",
      "geometry": {
        "type": "Point",
        "coordinates": [
          5.277467927,
          43.424041279
        ]
      },
      "properties": {
        "name": "Avenue du 8 Mai 1945 / Rue de Fontblanche",
        "context": "Vitrolles, Bouches-du-Rhône",
        "citycode": "13117",
        "depcode": "13"
      }
    },
    {
      "type": "Feature",
      "geometry": {
        "type": "Point",
        "coordinates": [
          5.278046606,
          43.425172574
        ]
      },
      "properties": {
        "name": "Avenue du 8 Mai 1945 / Rue du Général Leclerc",
        "context": "Vitrolles, Bouches-du-Rhône",
        "citycode": "13117",
        "depcode": "13"
      }
    },
    {
      "type": "Feature",
      "geometry": {
        "type": "Point",
        "coordinates": [
          5.275787743,
          43.423799857
        ]
      },
      "properties": {
        "name": "Avenue du 8 Mai 1945 / Rue Nicolas Copernic",
        "context": "Vitrolles, Bouches-du-Rhône",
        "citycode": "13117",
        "depcode": "13"
      }
    },
    {
      "type": "Feature",
      "geometry": {
        "type": "Point",
        "coordinates": [
          5.249498799,
          43.458047727
        ]
      },
      "properties": {
        "name": "Avenue du Maréchal Joffre / Avenue Camille Pelletan",
        "context": "Vitrolles, Bouches-du-Rhône",
        "citycode": "13117",
        "depcode": "13"
      }
    },
    {
      "type": "Feature",
      "geometry": {
        "type": "Point",
        "coordinates": [
          5.249947035,
          43.458469843
        ]
      },
      "properties": {
        "name": "Avenue du Maréchal Joffre / Impasse du Gourg",
        "context": "Vitrolles, Bouches-du-Rhône",
        "citycode": "13117",
        "depcode": "13"
      }
    },
    {
      "type": "Feature",
      "geometry": {
        "type": "Point",
        "coordinates": [
          5.250684621,
          43.460122247
        ]
      },
      "properties": {
        "name": "Avenue du Maréchal Joffre / Place Jules Ferry",
        "context": "Vitrolles, Bouches-du-Rhône",
        "citycode": "13117",
        "depcode": "13"
      }
    },
    {
      "type": "Feature",
      "geometry": {
        "type": "Point",
        "coordinates": [
          5.250727192,
          43.45909871
        ]
      },
      "properties": {
        "name": "Avenue du Maréchal Joffre / Promenade des Oliviers",
        "context": "Vitrolles, Bouches-du-Rhône",
        "citycode": "13117",
        "depcode": "13"
      }
    },
    {
      "type": "Feature",
      "geometry": {
        "type": "Point",
        "coordinates": [
          5.239189303,
          43.462750873
        ]
      },
      "properties": {
        "name": "Avenue du Vent du Soleil / Allée du Fouis",
        "context": "Vitrolles, Bouches-du-Rhône",
        "citycode": "13117",
        "depcode": "13"
      }
    },
    {
      "type": "Feature",
      "geometry": {
        "type": "Point",
        "coordinates": [
          5.239166021,
          43.462462551
        ]
      },
      "properties": {
        "name": "Avenue du Vent du Soleil / Corniche du Roucas D55F",
        "context": "Vitrolles, Bouches-du-Rhône",
        "citycode": "13117",
        "depcode": "13"
      }
    },
    {
      "type": "Feature",
      "geometry": {
        "type": "Point",
        "coordinates": [
          5.239205099,
          43.463838054
        ]
      },
      "properties": {
        "name": "Avenue du Vent du Soleil / Rue de l'Aquilon",
        "context": "Vitrolles, Bouches-du-Rhône",
        "citycode": "13117",
        "depcode": "13"
      }
    },
    {
      "type": "Feature",
      "geometry": {
        "type": "Point",
        "coordinates": [
          5.239153098,
          43.462749308
        ]
      },
      "properties": {
        "name": "Avenue du Vent du Soleil / Rue de la Bise",
        "context": "Vitrolles, Bouches-du-Rhône",
        "citycode": "13117",
        "depcode": "13"
      }
    },
    {
      "type": "Feature",
      "geometry": {
        "type": "Point",
        "coordinates": [
          5.239222686,
          43.464697161
        ]
      },
      "properties": {
        "name": "Avenue du Vent du Soleil / Rue des Santonniers",
        "context": "Vitrolles, Bouches-du-Rhône",
        "citycode": "13117",
        "depcode": "13"
      }
    },
    {
      "type": "Feature",
      "geometry": {
        "type": "Point",
        "coordinates": [
          5.23961522,
          43.46547155
        ]
      },
      "properties": {
        "name": "Avenue du Vent du Soleil / Rue des Tambourinières",
        "context": "Vitrolles, Bouches-du-Rhône",
        "citycode": "13117",
        "depcode": "13"
      }
    },
    {
      "type": "Feature",
      "geometry": {
        "type": "Point",
        "coordinates": [
          5.239161307,
          43.463617187
        ]
      },
      "properties": {
        "name": "Avenue du Vent du Soleil / Rue du Cers",
        "context": "Vitrolles, Bouches-du-Rhône",
        "citycode": "13117",
        "depcode": "13"
      }
    },
    {
      "type": "Feature",
      "geometry": {
        "type": "Point",
        "coordinates": [
          5.239173218,
          43.464106796
        ]
      },
      "properties": {
        "name": "Avenue du Vent du Soleil / Rue du Vent Blanc",
        "context": "Vitrolles, Bouches-du-Rhône",
        "citycode": "13117",
        "depcode": "13"
      }
    },
    {
      "type": "Feature",
      "geometry": {
        "type": "Point",
        "coordinates": [
          5.242669188,
          43.466870409
        ]
      },
      "properties": {
        "name": "Avenue du Vent du Soleil / Rue Jean Prévost",
        "context": "Vitrolles, Bouches-du-Rhône",
        "citycode": "13117",
        "depcode": "13"
      }
    },
    {
      "type": "Feature",
      "geometry": {
        "type": "Point",
        "coordinates": [
          5.259893456,
          43.440798932
        ]
      },
      "properties": {
        "name": "Avenue François Marseille D55F / Avenue de Marseille D55F",
        "context": "Vitrolles, Bouches-du-Rhône",
        "citycode": "13117",
        "depcode": "13"
      }
    },
    {
      "type": "Feature",
      "geometry": {
        "type": "Point",
        "coordinates": [
          5.259857009,
          43.440552183
        ]
      },
      "properties": {
        "name": "Avenue François Marseille D55F / Avenue Jean Étienne",
        "context": "Vitrolles, Bouches-du-Rhône",
        "citycode": "13117",
        "depcode": "13"
      }
    },
    {
      "type": "Feature",
      "geometry": {
        "type": "Point",
        "coordinates": [
          5.284763484,
          43.422582855
        ]
      },
      "properties": {
        "name": "Avenue Georges Brassens / Avenue Maréchal de Lattre de Tassigny",
        "context": "Vitrolles, Bouches-du-Rhône",
        "citycode": "13117",
        "depcode": "13"
      }
    },
    {
      "type": "Feature",
      "geometry": {
        "type": "Point",
        "coordinates": [
          5.283261607,
          43.421586514
        ]
      },
      "properties": {
        "name": "Avenue Georges Brassens / Impasse Fernand Sardou",
        "context": "Vitrolles, Bouches-du-Rhône",
        "citycode": "13117",
        "depcode": "13"
      }
    },
    {
      "type": "Feature",
      "geometry": {
        "type": "Point",
        "coordinates": [
          5.280827356,
          43.422042573
        ]
      },
      "properties": {
        "name": "Avenue Georges Brassens / Impasse Georges Brassens",
        "context": "Vitrolles, Bouches-du-Rhône",
        "citycode": "13117",
        "depcode": "13"
      }
    },
    {
      "type": "Feature",
      "geometry": {
        "type": "Point",
        "coordinates": [
          5.28404092,
          43.422058417
        ]
      },
      "properties": {
        "name": "Avenue Georges Brassens / Rue Boris Vian",
        "context": "Vitrolles, Bouches-du-Rhône",
        "citycode": "13117",
        "depcode": "13"
      }
    },
    {
      "type": "Feature",
      "geometry": {
        "type": "Point",
        "coordinates": [
          5.2840143,
          43.421985519
        ]
      },
      "properties": {
        "name": "Avenue Georges Brassens / Rue Maurice Ravel",
        "context": "Vitrolles, Bouches-du-Rhône",
        "citycode": "13117",
        "depcode": "13"
      }
    },
    {
      "type": "Feature",
      "geometry": {
        "type": "Point",
        "coordinates": [
          5.281455457,
          43.421720237
        ]
      },
      "properties": {
        "name": "Avenue Georges Brassens / Rue Sydney Bechet",
        "context": "Vitrolles, Bouches-du-Rhône",
        "citycode": "13117",
        "depcode": "13"
      }
    },
    {
      "type": "Feature",
      "geometry": {
        "type": "Point",
        "coordinates": [
          5.235880795,
          43.450656469
        ]
      },
      "properties": {
        "name": "Avenue Henri Loubet / Allée du Lubéron",
        "context": "Vitrolles, Bouches-du-Rhône",
        "citycode": "13117",
        "depcode": "13"
      }
    },
    {
      "type": "Feature",
      "geometry": {
        "type": "Point",
        "coordinates": [
          5.234485466,
          43.448672614
        ]
      },
      "properties": {
        "name": "Avenue Henri Loubet / Allée Marie Mauron",
        "context": "Vitrolles, Bouches-du-Rhône",
        "citycode": "13117",
        "depcode": "13"
      }
    },
    {
      "type": "Feature",
      "geometry": {
        "type": "Point",
        "coordinates": [
          5.235519041,
          43.450287587
        ]
      },
      "properties": {
        "name": "Avenue Henri Loubet / Boulevard des Tamaris",
        "context": "Vitrolles, Bouches-du-Rhône",
        "citycode": "13117",
        "depcode": "13"
      }
    },
    {
      "type": "Feature",
      "geometry": {
        "type": "Point",
        "coordinates": [
          5.231893578,
          43.448847763
        ]
      },
      "properties": {
        "name": "Avenue Henri Loubet / Chemin de l'Étang",
        "context": "Vitrolles, Bouches-du-Rhône",
        "citycode": "13117",
        "depcode": "13"
      }
    },
    {
      "type": "Feature",
      "geometry": {
        "type": "Point",
        "coordinates": [
          5.230647255,
          43.448578687
        ]
      },
      "properties": {
        "name": "Avenue Henri Loubet / Draille des Tribales",
        "context": "Vitrolles, Bouches-du-Rhône",
        "citycode": "13117",
        "depcode": "13"
      }
    },
    {
      "type": "Feature",
      "geometry": {
        "type": "Point",
        "coordinates": [
          5.236028023,
          43.451333428
        ]
      },
      "properties": {
        "name": "Avenue Henri Loubet / Route du Chemin de fer",
        "context": "Vitrolles, Bouches-du-Rhône",
        "citycode": "13117",
        "depcode": "13"
      }
    },
    {
      "type": "Feature",
      "geometry": {
        "type": "Point",
        "coordinates": [
          5.25951407,
          43.440454089
        ]
      },
      "properties": {
        "name": "Avenue Jean Étienne / Avenue Jean Étienne Constant",
        "context": "Vitrolles, Bouches-du-Rhône",
        "citycode": "13117",
        "depcode": "13"
      }
    },
    {
      "type": "Feature",
      "geometry": {
        "type": "Point",
        "coordinates": [
          5.255671518,
          43.439309676
        ]
      },
      "properties": {
        "name": "Avenue Jean Étienne Constant / Avenue des Salyens",
        "context": "Vitrolles, Bouches-du-Rhône",
        "citycode": "13117",
        "depcode": "13"
      }
    },
    {
      "type": "Feature",
      "geometry": {
        "type": "Point",
        "coordinates": [
          5.255626691,
          43.439261007
        ]
      },
      "properties": {
        "name": "Avenue Jean Étienne Constant / Boulevard Paul Guigou",
        "context": "Vitrolles, Bouches-du-Rhône",
        "citycode": "13117",
        "depcode": "13"
      }
    },
    {
      "type": "Feature",
      "geometry": {
        "type": "Point",
        "coordinates": [
          5.256812303,
          43.440142541
        ]
      },
      "properties": {
        "name": "Avenue Jean Étienne Constant / Place Alexandre Flemming",
        "context": "Vitrolles, Bouches-du-Rhône",
        "citycode": "13117",
        "depcode": "13"
      }
    },
    {
      "type": "Feature",
      "geometry": {
        "type": "Point",
        "coordinates": [
          5.257253548,
          43.440406278
        ]
      },
      "properties": {
        "name": "Avenue Jean Étienne Constant / Rue du Bonheur Prolongé",
        "context": "Vitrolles, Bouches-du-Rhône",
        "citycode": "13117",
        "depcode": "13"
      }
    },
    {
      "type": "Feature",
      "geometry": {
        "type": "Point",
        "coordinates": [
          5.257957534,
          43.440591983
        ]
      },
      "properties": {
        "name": "Avenue Jean Étienne Constant / Rue René Seyssaud",
        "context": "Vitrolles, Bouches-du-Rhône",
        "citycode": "13117",
        "depcode": "13"
      }
    },
    {
      "type": "Feature",
      "geometry": {
        "type": "Point",
        "coordinates": [
          5.27933063,
          43.425993275
        ]
      },
      "properties": {
        "name": "Avenue Jean Monnet / Allée Philippe de Brocard",
        "context": "Vitrolles, Bouches-du-Rhône",
        "citycode": "13117",
        "depcode": "13"
      }
    },
    {
      "type": "Feature",
      "geometry": {
        "type": "Point",
        "coordinates": [
          5.278414065,
          43.425891292
        ]
      },
      "properties": {
        "name": "Avenue Jean Monnet / Avenue du 8 Mai 1945",
        "context": "Vitrolles, Bouches-du-Rhône",
        "citycode": "13117",
        "depcode": "13"
      }
    },
    {
      "type": "Feature",
      "geometry": {
        "type": "Point",
        "coordinates": [
          5.273740562,
          43.428105979
        ]
      },
      "properties": {
        "name": "Avenue Jean Monnet / Impasse Jean Vezien",
        "context": "Vitrolles, Bouches-du-Rhône",
        "citycode": "13117",
        "depcode": "13"
      }
    },
    {
      "type": "Feature",
      "geometry": {
        "type": "Point",
        "coordinates": [
          5.289057589,
          43.420346648
        ]
      },
      "properties": {
        "name": "Avenue Jean Monnet / La Cadière",
        "context": "Vitrolles, Bouches-du-Rhône",
        "citycode": "13117",
        "depcode": "13"
      }
    },
    {
      "type": "Feature",
      "geometry": {
        "type": "Point",
        "coordinates": [
          5.275083527,
          43.427827746
        ]
      },
      "properties": {
        "name": "Avenue Jean Monnet / Le Bondon",
        "context": "Vitrolles, Bouches-du-Rhône",
        "citycode": "13117",
        "depcode": "13"
      }
    },
    {
      "type": "Feature",
      "geometry": {
        "type": "Point",
        "coordinates": [
          5.276717167,
          43.427429384
        ]
      },
      "properties": {
        "name": "Avenue Jean Monnet / Passage Aimé Constant",
        "context": "Vitrolles, Bouches-du-Rhône",
        "citycode": "13117",
        "depcode": "13"
      }
    },
    {
      "type": "Feature",
      "geometry": {
        "type": "Point",
        "coordinates": [
          5.27901172,
          43.425871444
        ]
      },
      "properties": {
        "name": "Avenue Jean Monnet / Rue de l'Escadrille Normandie-Niemen",
        "context": "Vitrolles, Bouches-du-Rhône",
        "citycode": "13117",
        "depcode": "13"
      }
    },
    {
      "type": "Feature",
      "geometry": {
        "type": "Point",
        "coordinates": [
          5.274912135,
          43.427879455
        ]
      },
      "properties": {
        "name": "Avenue Jean Monnet / Rue Louis Botinelly",
        "context": "Vitrolles, Bouches-du-Rhône",
        "citycode": "13117",
        "depcode": "13"
      }
    },
    {
      "type": "Feature",
      "geometry": {
        "type": "Point",
        "coordinates": [
          5.240306833,
          43.451961552
        ]
      },
      "properties": {
        "name": "Avenue Jean Moulin / Allée de Bretagne",
        "context": "Vitrolles, Bouches-du-Rhône",
        "citycode": "13117",
        "depcode": "13"
      }
    },
    {
      "type": "Feature",
      "geometry": {
        "type": "Point",
        "coordinates": [
          5.241056244,
          43.452595658
        ]
      },
      "properties": {
        "name": "Avenue Jean Moulin / Allée de Normandie",
        "context": "Vitrolles, Bouches-du-Rhône",
        "citycode": "13117",
        "depcode": "13"
      }
    },
    {
      "type": "Feature",
      "geometry": {
        "type": "Point",
        "coordinates": [
          5.240344221,
          43.451931216
        ]
      },
      "properties": {
        "name": "Avenue Jean Moulin / Allée du Caucadis",
        "context": "Vitrolles, Bouches-du-Rhône",
        "citycode": "13117",
        "depcode": "13"
      }
    },
    {
      "type": "Feature",
      "geometry": {
        "type": "Point",
        "coordinates": [
          5.243206511,
          43.454393438
        ]
      },
      "properties": {
        "name": "Avenue Jean Moulin / Avenue Alphonse Daudet",
        "context": "Vitrolles, Bouches-du-Rhône",
        "citycode": "13117",
        "depcode": "13"
      }
    },
    {
      "type": "Feature",
      "geometry": {
        "type": "Point",
        "coordinates": [
          5.239526242,
          43.451471271
        ]
      },
      "properties": {
        "name": "Avenue Jean Moulin / Avenue de France",
        "context": "Vitrolles, Bouches-du-Rhône",
        "citycode": "13117",
        "depcode": "13"
      }
    },
    {
      "type": "Feature",
      "geometry": {
        "type": "Point",
        "coordinates": [
          5.243800163,
          43.454750812
        ]
      },
      "properties": {
        "name": "Avenue Jean Moulin / Avenue des Arenas",
        "context": "Vitrolles, Bouches-du-Rhône",
        "citycode": "13117",
        "depcode": "13"
      }
    },
    {
      "type": "Feature",
      "geometry": {
        "type": "Point",
        "coordinates": [
          5.247307155,
          43.45668546
        ]
      },
      "properties": {
        "name": "Avenue Jean Moulin / Boulevard Marcel Hochet",
        "context": "Vitrolles, Bouches-du-Rhône",
        "citycode": "13117",
        "depcode": "13"
      }
    },
    {
      "type": "Feature",
      "geometry": {
        "type": "Point",
        "coordinates": [
          5.244130076,
          43.454986635
        ]
      },
      "properties": {
        "name": "Avenue Jean Moulin / Rue Joseph d'Arbaud",
        "context": "Vitrolles, Bouches-du-Rhône",
        "citycode": "13117",
        "depcode": "13"
      }
    },
    {
      "type": "Feature",
      "geometry": {
        "type": "Point",
        "coordinates": [
          5.244824986,
          43.455396009
        ]
      },
      "properties": {
        "name": "Avenue Jean Moulin / Rue Roumanille",
        "context": "Vitrolles, Bouches-du-Rhône",
        "citycode": "13117",
        "depcode": "13"
      }
    },
    {
      "type": "Feature",
      "geometry": {
        "type": "Point",
        "coordinates": [
          5.282270963,
          43.424299368
        ]
      },
      "properties": {
        "name": "Avenue Maréchal de Lattre de Tassigny / Allée des Blés",
        "context": "Vitrolles, Bouches-du-Rhône",
        "citycode": "13117",
        "depcode": "13"
      }
    },
    {
      "type": "Feature",
      "geometry": {
        "type": "Point",
        "coordinates": [
          5.280769984,
          43.42521384
        ]
      },
      "properties": {
        "name": "Avenue Maréchal de Lattre de Tassigny / Allée des Poilus",
        "context": "Vitrolles, Bouches-du-Rhône",
        "citycode": "13117",
        "depcode": "13"
      }
    },
    {
      "type": "Feature",
      "geometry": {
        "type": "Point",
        "coordinates": [
          5.28263055,
          43.424068
        ]
      },
      "properties": {
        "name": "Avenue Maréchal de Lattre de Tassigny / Avenue de Lattre de Tassigny",
        "context": "Vitrolles, Bouches-du-Rhône",
        "citycode": "13117",
        "depcode": "13"
      }
    },
    {
      "type": "Feature",
      "geometry": {
        "type": "Point",
        "coordinates": [
          5.28370969,
          43.423312947
        ]
      },
      "properties": {
        "name": "Avenue Maréchal de Lattre de Tassigny / Rue de Fontblanche",
        "context": "Vitrolles, Bouches-du-Rhône",
        "citycode": "13117",
        "depcode": "13"
      }
    },
    {
      "type": "Feature",
      "geometry": {
        "type": "Point",
        "coordinates": [
          5.280770199,
          43.425219
        ]
      },
      "properties": {
        "name": "Avenue Maréchal de Lattre de Tassigny / Rue de l'Escadrille Normandie-Niemen",
        "context": "Vitrolles, Bouches-du-Rhône",
        "citycode": "13117",
        "depcode": "13"
      }
    },
    {
      "type": "Feature",
      "geometry": {
        "type": "Point",
        "coordinates": [
          5.24511583,
          43.450945914
        ]
      },
      "properties": {
        "name": "Avenue Mère Teresa / Allée Chantecler",
        "context": "Vitrolles, Bouches-du-Rhône",
        "citycode": "13117",
        "depcode": "13"
      }
    },
    {
      "type": "Feature",
      "geometry": {
        "type": "Point",
        "coordinates": [
          5.243133299,
          43.454068598
        ]
      },
      "properties": {
        "name": "Avenue Mère Teresa / Avenue Jean Moulin",
        "context": "Vitrolles, Bouches-du-Rhône",
        "citycode": "13117",
        "depcode": "13"
      }
    },
    {
      "type": "Feature",
      "geometry": {
        "type": "Point",
        "coordinates": [
          5.24514307,
          43.450919874
        ]
      },
      "properties": {
        "name": "Avenue Mère Teresa / Avenue Salvador Allende",
        "context": "Vitrolles, Bouches-du-Rhône",
        "citycode": "13117",
        "depcode": "13"
      }
    },
    {
      "type": "Feature",
      "geometry": {
        "type": "Point",
        "coordinates": [
          5.245098647,
          43.45122953
        ]
      },
      "properties": {
        "name": "Avenue Mère Teresa / Boulevard Marcel Hochet",
        "context": "Vitrolles, Bouches-du-Rhône",
        "citycode": "13117",
        "depcode": "13"
      }
    },
    {
      "type": "Feature",
      "geometry": {
        "type": "Point",
        "coordinates": [
          5.243883535,
          43.453564002
        ]
      },
      "properties": {
        "name": "Avenue Mère Teresa / Chemin des Ifs",
        "context": "Vitrolles, Bouches-du-Rhône",
        "citycode": "13117",
        "depcode": "13"
      }
    },
    {
      "type": "Feature",
      "geometry": {
        "type": "Point",
        "coordinates": [
          5.243755082,
          43.453766526
        ]
      },
      "properties": {
        "name": "Avenue Mère Teresa / Chemin des Lauriers Roses",
        "context": "Vitrolles, Bouches-du-Rhône",
        "citycode": "13117",
        "depcode": "13"
      }
    },
    {
      "type": "Feature",
      "geometry": {
        "type": "Point",
        "coordinates": [
          5.241675673,
          43.457901296
        ]
      },
      "properties": {
        "name": "Avenue Morfelden-Waldorf / Avenue de France",
        "context": "Vitrolles, Bouches-du-Rhône",
        "citycode": "13117",
        "depcode": "13"
      }
    },
    {
      "type": "Feature",
      "geometry": {
        "type": "Point",
        "coordinates": [
          5.242637881,
          43.458356028
        ]
      },
      "properties": {
        "name": "Avenue Morfelden-Waldorf / Avenue de la Rangue",
        "context": "Vitrolles, Bouches-du-Rhône",
        "citycode": "13117",
        "depcode": "13"
      }
    },
    {
      "type": "Feature",
      "geometry": {
        "type": "Point",
        "coordinates": [
          5.24239503,
          43.459839853
        ]
      },
      "properties": {
        "name": "Avenue Morfelden-Waldorf / Résidence du Rocher",
        "context": "Vitrolles, Bouches-du-Rhône",
        "citycode": "13117",
        "depcode": "13"
      }
    },
    {
      "type": "Feature",
      "geometry": {
        "type": "Point",
        "coordinates": [
          5.242314975,
          43.459598597
        ]
      },
      "properties": {
        "name": "Avenue Morfelden-Waldorf / Rue Vincent Scotto",
        "context": "Vitrolles, Bouches-du-Rhône",
        "citycode": "13117",
        "depcode": "13"
      }
    },
    {
      "type": "Feature",
      "geometry": {
        "type": "Point",
        "coordinates": [
          5.270693009,
          43.422822026
        ]
      },
      "properties": {
        "name": "Avenue Rhin-Danube / Allée des Tuiliers",
        "context": "Vitrolles, Bouches-du-Rhône",
        "citycode": "13117",
        "depcode": "13"
      }
    },
    {
      "type": "Feature",
      "geometry": {
        "type": "Point",
        "coordinates": [
          5.271480283,
          43.423866274
        ]
      },
      "properties": {
        "name": "Avenue Rhin-Danube / Avenue du 8 Mai 1945",
        "context": "Vitrolles, Bouches-du-Rhône",
        "citycode": "13117",
        "depcode": "13"
      }
    },
    {
      "type": "Feature",
      "geometry": {
        "type": "Point",
        "coordinates": [
          5.270736422,
          43.422733656
        ]
      },
      "properties": {
        "name": "Avenue Rhin-Danube / Rue du Kaolin",
        "context": "Vitrolles, Bouches-du-Rhône",
        "citycode": "13117",
        "depcode": "13"
      }
    },
    {
      "type": "Feature",
      "geometry": {
        "type": "Point",
        "coordinates": [
          5.245130516,
          43.450925145
        ]
      },
      "properties": {
        "name": "Avenue Salvador Allende / Allée Chantecler",
        "context": "Vitrolles, Bouches-du-Rhône",
        "citycode": "13117",
        "depcode": "13"
      }
    },
    {
      "type": "Feature",
      "geometry": {
        "type": "Point",
        "coordinates": [
          5.245398347,
          43.450418599
        ]
      },
      "properties": {
        "name": "Avenue Salvador Allende / Avenue de Font Ségugne",
        "context": "Vitrolles, Bouches-du-Rhône",
        "citycode": "13117",
        "depcode": "13"
      }
    },
    {
      "type": "Feature",
      "geometry": {
        "type": "Point",
        "coordinates": [
          5.245207968,
          43.450947575
        ]
      },
      "properties": {
        "name": "Avenue Salvador Allende / Avenue Mère Teresa",
        "context": "Vitrolles, Bouches-du-Rhône",
        "citycode": "13117",
        "depcode": "13"
      }
    },
    {
      "type": "Feature",
      "geometry": {
        "type": "Point",
        "coordinates": [
          5.243872559,
          43.46285855
        ]
      },
      "properties": {
        "name": "Avenue Stéphen d'Arve / Allée Jeanne de Laval",
        "context": "Vitrolles, Bouches-du-Rhône",
        "citycode": "13117",
        "depcode": "13"
      }
    },
    {
      "type": "Feature",
      "geometry": {
        "type": "Point",
        "coordinates": [
          5.242178668,
          43.466939599
        ]
      },
      "properties": {
        "name": "Avenue Stéphen d'Arve / Avenue du Vent du Soleil",
        "context": "Vitrolles, Bouches-du-Rhône",
        "citycode": "13117",
        "depcode": "13"
      }
    },
    {
      "type": "Feature",
      "geometry": {
        "type": "Point",
        "coordinates": [
          5.241911345,
          43.466147471
        ]
      },
      "properties": {
        "name": "Avenue Stéphen d'Arve / Impasse de Ménerbes",
        "context": "Vitrolles, Bouches-du-Rhône",
        "citycode": "13117",
        "depcode": "13"
      }
    },
    {
      "type": "Feature",
      "geometry": {
        "type": "Point",
        "coordinates": [
          5.242572025,
          43.464088941
        ]
      },
      "properties": {
        "name": "Avenue Stéphen d'Arve / Impasse des Lavandes",
        "context": "Vitrolles, Bouches-du-Rhône",
        "citycode": "13117",
        "depcode": "13"
      }
    },
    {
      "type": "Feature",
      "geometry": {
        "type": "Point",
        "coordinates": [
          5.243622968,
          43.462484919
        ]
      },
      "properties": {
        "name": "Avenue Stéphen d'Arve / Impasse Laura",
        "context": "Vitrolles, Bouches-du-Rhône",
        "citycode": "13117",
        "depcode": "13"
      }
    },
    {
      "type": "Feature",
      "geometry": {
        "type": "Point",
        "coordinates": [
          5.241936489,
          43.465229936
        ]
      },
      "properties": {
        "name": "Avenue Stéphen d'Arve / Impasse Maurin des Maures",
        "context": "Vitrolles, Bouches-du-Rhône",
        "citycode": "13117",
        "depcode": "13"
      }
    },
    {
      "type": "Feature",
      "geometry": {
        "type": "Point",
        "coordinates": [
          5.243145907,
          43.463559517
        ]
      },
      "properties": {
        "name": "Avenue Stéphen d'Arve / Impasse Sainte-Hélène",
        "context": "Vitrolles, Bouches-du-Rhône",
        "citycode": "13117",
        "depcode": "13"
      }
    },
    {
      "type": "Feature",
      "geometry": {
        "type": "Point",
        "coordinates": [
          5.241863166,
          43.465668105
        ]
      },
      "properties": {
        "name": "Avenue Stéphen d'Arve / Rue Antoine Blaise Crousillat",
        "context": "Vitrolles, Bouches-du-Rhône",
        "citycode": "13117",
        "depcode": "13"
      }
    },
    {
      "type": "Feature",
      "geometry": {
        "type": "Point",
        "coordinates": [
          5.241878682,
          43.466155236
        ]
      },
      "properties": {
        "name": "Avenue Stéphen d'Arve / Rue Clovis Hugues",
        "context": "Vitrolles, Bouches-du-Rhône",
        "citycode": "13117",
        "depcode": "13"
      }
    },
    {
      "type": "Feature",
      "geometry": {
        "type": "Point",
        "coordinates": [
          5.242235556,
          43.464511665
        ]
      },
      "properties": {
        "name": "Avenue Stéphen d'Arve / Rue Édouard Peisson",
        "context": "Vitrolles, Bouches-du-Rhône",
        "citycode": "13117",
        "depcode": "13"
      }
    },
    {
      "type": "Feature",
      "geometry": {
        "type": "Point",
        "coordinates": [
          5.242542418,
          43.464075434
        ]
      },
      "properties": {
        "name": "Avenue Stéphen d'Arve / Rue Félix Gras",
        "context": "Vitrolles, Bouches-du-Rhône",
        "citycode": "13117",
        "depcode": "13"
      }
    },
    {
      "type": "Feature",
      "geometry": {
        "type": "Point",
        "coordinates": [
          5.242894636,
          43.463739549
        ]
      },
      "properties": {
        "name": "Avenue Stéphen d'Arve / Rue Jean Aicard",
        "context": "Vitrolles, Bouches-du-Rhône",
        "citycode": "13117",
        "depcode": "13"
      }
    },
    {
      "type": "Feature",
      "geometry": {
        "type": "Point",
        "coordinates": [
          5.242181094,
          43.466950302
        ]
      },
      "properties": {
        "name": "Avenue Stéphen d'Arve / Rue Jean Prévost",
        "context": "Vitrolles, Bouches-du-Rhône",
        "citycode": "13117",
        "depcode": "13"
      }
    },
    {
      "type": "Feature",
      "geometry": {
        "type": "Point",
        "coordinates": [
          5.247874282,
          43.445945901
        ]
      },
      "properties": {
        "name": "Avenue Victor Gélu / Allée du Bosquet",
        "context": "Vitrolles, Bouches-du-Rhône",
        "citycode": "13117",
        "depcode": "13"
      }
    },
    {
      "type": "Feature",
      "geometry": {
        "type": "Point",
        "coordinates": [
          5.245370184,
          43.443429403
        ]
      },
      "properties": {
        "name": "Avenue Victor Gélu / Autoroute du Soleil A7",
        "context": "Vitrolles, Bouches-du-Rhône",
        "citycode": "13117",
        "depcode": "13"
      }
    },
    {
      "type": "Feature",
      "geometry": {
        "type": "Point",
        "coordinates": [
          5.248055889,
          43.446140583
        ]
      },
      "properties": {
        "name": "Avenue Victor Gélu / Rond-Point de la Pierre Plantée",
        "context": "Vitrolles, Bouches-du-Rhône",
        "citycode": "13117",
        "depcode": "13"
      }
    },
    {
      "type": "Feature",
      "geometry": {
        "type": "Point",
        "coordinates": [
          5.245782484,
          43.443950266
        ]
      },
      "properties": {
        "name": "Avenue Victor Gélu / Rond-point des Anciens Combattants d'Indochine",
        "context": "Vitrolles, Bouches-du-Rhône",
        "citycode": "13117",
        "depcode": "13"
      }
    },
    {
      "type": "Feature",
      "geometry": {
        "type": "Point",
        "coordinates": [
          5.2505956,
          43.460313225
        ]
      },
      "properties": {
        "name": "Avenue Victor Martin / Place Jules Ferry",
        "context": "Vitrolles, Bouches-du-Rhône",
        "citycode": "13117",
        "depcode": "13"
      }
    },
    {
      "type": "Feature",
      "geometry": {
        "type": "Point",
        "coordinates": [
          5.249571023,
          43.461240343
        ]
      },
      "properties": {
        "name": "Avenue Victor Martin / Rue de la Paix",
        "context": "Vitrolles, Bouches-du-Rhône",
        "citycode": "13117",
        "depcode": "13"
      }
    },
    {
      "type": "Feature",
      "geometry": {
        "type": "Point",
        "coordinates": [
          5.245373705,
          43.450224768
        ]
      },
      "properties": {
        "name": "Avenue Ytzhak Rabin / Avenue de Font Ségugne",
        "context": "Vitrolles, Bouches-du-Rhône",
        "citycode": "13117",
        "depcode": "13"
      }
    },
    {
      "type": "Feature",
      "geometry": {
        "type": "Point",
        "coordinates": [
          5.248089982,
          43.446569
        ]
      },
      "properties": {
        "name": "Avenue Ytzhak Rabin / Rond-Point de la Pierre Plantée",
        "context": "Vitrolles, Bouches-du-Rhône",
        "citycode": "13117",
        "depcode": "13"
      }
    },
    {
      "type": "Feature",
      "geometry": {
        "type": "Point",
        "coordinates": [
          5.246549694,
          43.448527555
        ]
      },
      "properties": {
        "name": "Avenue Ytzhak Rabin / Rue Henri Bosco",
        "context": "Vitrolles, Bouches-du-Rhône",
        "citycode": "13117",
        "depcode": "13"
      }
    },
    {
      "type": "Feature",
      "geometry": {
        "type": "Point",
        "coordinates": [
          5.246508372,
          43.448512897
        ]
      },
      "properties": {
        "name": "Avenue Ytzhak Rabin / Rue René Cassin",
        "context": "Vitrolles, Bouches-du-Rhône",
        "citycode": "13117",
        "depcode": "13"
      }
    },
    {
      "type": "Feature",
      "geometry": {
        "type": "Point",
        "coordinates": [
          5.240955458,
          43.449683971
        ]
      },
      "properties": {
        "name": "Boulevard Alfred Casile / Avenue de Font Ségugne",
        "context": "Vitrolles, Bouches-du-Rhône",
        "citycode": "13117",
        "depcode": "13"
      }
    },
    {
      "type": "Feature",
      "geometry": {
        "type": "Point",
        "coordinates": [
          5.239318299,
          43.45128565
        ]
      },
      "properties": {
        "name": "Boulevard Alfred Casile / Avenue de France",
        "context": "Vitrolles, Bouches-du-Rhône",
        "citycode": "13117",
        "depcode": "13"
      }
    },
    {
      "type": "Feature",
      "geometry": {
        "type": "Point",
        "coordinates": [
          5.245852022,
          43.444343599
        ]
      },
      "properties": {
        "name": "Boulevard Alfred Casile / Avenue Victor Gélu",
        "context": "Vitrolles, Bouches-du-Rhône",
        "citycode": "13117",
        "depcode": "13"
      }
    },
    {
      "type": "Feature",
      "geometry": {
        "type": "Point",
        "coordinates": [
          5.23959199,
          43.450942728
        ]
      },
      "properties": {
        "name": "Boulevard Alfred Casile / Chemin de l'Escaillon",
        "context": "Vitrolles, Bouches-du-Rhône",
        "citycode": "13117",
        "depcode": "13"
      }
    },
    {
      "type": "Feature",
      "geometry": {
        "type": "Point",
        "coordinates": [
          5.245716521,
          43.444321549
        ]
      },
      "properties": {
        "name": "Boulevard Alfred Casile / Rond-point des Anciens Combattants d'Indochine",
        "context": "Vitrolles, Bouches-du-Rhône",
        "citycode": "13117",
        "depcode": "13"
      }
    },
    {
      "type": "Feature",
      "geometry": {
        "type": "Point",
        "coordinates": [
          5.249508521,
          43.42845583
        ]
      },
      "properties": {
        "name": "Boulevard de l'Europe / Avenue de Bruxelles",
        "context": "Vitrolles, Bouches-du-Rhône",
        "citycode": "13117",
        "depcode": "13"
      }
    },
    {
      "type": "Feature",
      "geometry": {
        "type": "Point",
        "coordinates": [
          5.242639117,
          43.434147786
        ]
      },
      "properties": {
        "name": "Boulevard de l'Europe / Avenue de Londres",
        "context": "Vitrolles, Bouches-du-Rhône",
        "citycode": "13117",
        "depcode": "13"
      }
    },
    {
      "type": "Feature",
      "geometry": {
        "type": "Point",
        "coordinates": [
          5.250964002,
          43.423493836
        ]
      },
      "properties": {
        "name": "Boulevard de l'Europe / Rue de Berlin",
        "context": "Vitrolles, Bouches-du-Rhône",
        "citycode": "13117",
        "depcode": "13"
      }
    },
    {
      "type": "Feature",
      "geometry": {
        "type": "Point",
        "coordinates": [
          5.24947124,
          43.428740251
        ]
      },
      "properties": {
        "name": "Boulevard de l'Europe / Rue de Prague",
        "context": "Vitrolles, Bouches-du-Rhône",
        "citycode": "13117",
        "depcode": "13"
      }
    },
    {
      "type": "Feature",
      "geometry": {
        "type": "Point",
        "coordinates": [
          5.248608523,
          43.431793445
        ]
      },
      "properties": {
        "name": "Boulevard de l'Europe / Rue de Vienne",
        "context": "Vitrolles, Bouches-du-Rhône",
        "citycode": "13117",
        "depcode": "13"
      }
    },
    {
      "type": "Feature",
      "geometry": {
        "type": "Point",
        "coordinates": [
          5.266701822,
          43.421241885
        ]
      },
      "properties": {
        "name": "Boulevard de l'Europe / Voie d'Espagne",
        "context": "Vitrolles, Bouches-du-Rhône",
        "citycode": "13117",
        "depcode": "13"
      }
    },
    {
      "type": "Feature",
      "geometry": {
        "type": "Point",
        "coordinates": [
          5.255423063,
          43.422998896
        ]
      },
      "properties": {
        "name": "Boulevard de l'Europe / Voie de Finlande",
        "context": "Vitrolles, Bouches-du-Rhône",
        "citycode": "13117",
        "depcode": "13"
      }
    },
    {
      "type": "Feature",
      "geometry": {
        "type": "Point",
        "coordinates": [
          5.255644438,
          43.439274976
        ]
      },
      "properties": {
        "name": "Boulevard Denis Padovani N113 / Avenue des Salyens",
        "context": "Vitrolles, Bouches-du-Rhône",
        "citycode": "13117",
        "depcode": "13"
      }
    },
    {
      "type": "Feature",
      "geometry": {
        "type": "Point",
        "coordinates": [
          5.255636277,
          43.439260921
        ]
      },
      "properties": {
        "name": "Boulevard Denis Padovani N113 / Avenue Jean Étienne Constant",
        "context": "Vitrolles, Bouches-du-Rhône",
        "citycode": "13117",
        "depcode": "13"
      }
    },
    {
      "type": "Feature",
      "geometry": {
        "type": "Point",
        "coordinates": [
          5.255623694,
          43.439245976
        ]
      },
      "properties": {
        "name": "Boulevard Denis Padovani N113 / Boulevard Paul Guigou",
        "context": "Vitrolles, Bouches-du-Rhône",
        "citycode": "13117",
        "depcode": "13"
      }
    },
    {
      "type": "Feature",
      "geometry": {
        "type": "Point",
        "coordinates": [
          5.256078161,
          43.438682594
        ]
      },
      "properties": {
        "name": "Boulevard Denis Padovani N113 / Place Henri Dunand",
        "context": "Vitrolles, Bouches-du-Rhône",
        "citycode": "13117",
        "depcode": "13"
      }
    },
    {
      "type": "Feature",
      "geometry": {
        "type": "Point",
        "coordinates": [
          5.266372769,
          43.431064702
        ]
      },
      "properties": {
        "name": "Boulevard Denis Padovani N113 / Route nationale de Marseille à Bordeaux N113",
        "context": "Vitrolles, Bouches-du-Rhône",
        "citycode": "13117",
        "depcode": "13"
      }
    },
    {
      "type": "Feature",
      "geometry": {
        "type": "Point",
        "coordinates": [
          5.255931107,
          43.438649001
        ]
      },
      "properties": {
        "name": "Boulevard Denis Padovani N113 / Rue Antoine Biancardini",
        "context": "Vitrolles, Bouches-du-Rhône",
        "citycode": "13117",
        "depcode": "13"
      }
    },
    {
      "type": "Feature",
      "geometry": {
        "type": "Point",
        "coordinates": [
          5.256374125,
          43.437895403
        ]
      },
      "properties": {
        "name": "Boulevard Denis Padovani N113 / Rue Ferdinand Benoït",
        "context": "Vitrolles, Bouches-du-Rhône",
        "citycode": "13117",
        "depcode": "13"
      }
    },
    {
      "type": "Feature",
      "geometry": {
        "type": "Point",
        "coordinates": [
          5.258116763,
          43.436257175
        ]
      },
      "properties": {
        "name": "Boulevard Denis Padovani N113 / Rue Pierre et Marie Curie",
        "context": "Vitrolles, Bouches-du-Rhône",
        "citycode": "13117",
        "depcode": "13"
      }
    },
    {
      "type": "Feature",
      "geometry": {
        "type": "Point",
        "coordinates": [
          5.231999915,
          43.450469297
        ]
      },
      "properties": {
        "name": "Boulevard des Tamaris / Allée Charloun Rieu",
        "context": "Vitrolles, Bouches-du-Rhône",
        "citycode": "13117",
        "depcode": "13"
      }
    },
    {
      "type": "Feature",
      "geometry": {
        "type": "Point",
        "coordinates": [
          5.234669778,
          43.45079899
        ]
      },
      "properties": {
        "name": "Boulevard des Tamaris / Allée des Roseaux",
        "context": "Vitrolles, Bouches-du-Rhône",
        "citycode": "13117",
        "depcode": "13"
      }
    },
    {
      "type": "Feature",
      "geometry": {
        "type": "Point",
        "coordinates": [
          5.235573679,
          43.450339025
        ]
      },
      "properties": {
        "name": "Boulevard des Tamaris / Allée du Lubéron",
        "context": "Vitrolles, Bouches-du-Rhône",
        "citycode": "13117",
        "depcode": "13"
      }
    },
    {
      "type": "Feature",
      "geometry": {
        "type": "Point",
        "coordinates": [
          5.245163964,
          43.450954631
        ]
      },
      "properties": {
        "name": "Boulevard Marcel Hochet / Allée Chantecler",
        "context": "Vitrolles, Bouches-du-Rhône",
        "citycode": "13117",
        "depcode": "13"
      }
    },
    {
      "type": "Feature",
      "geometry": {
        "type": "Point",
        "coordinates": [
          5.247367073,
          43.456691334
        ]
      },
      "properties": {
        "name": "Boulevard Marcel Hochet / Avenue Jean Moulin",
        "context": "Vitrolles, Bouches-du-Rhône",
        "citycode": "13117",
        "depcode": "13"
      }
    },
    {
      "type": "Feature",
      "geometry": {
        "type": "Point",
        "coordinates": [
          5.24520467,
          43.451011033
        ]
      },
      "properties": {
        "name": "Boulevard Marcel Hochet / Avenue Mère Teresa",
        "context": "Vitrolles, Bouches-du-Rhône",
        "citycode": "13117",
        "depcode": "13"
      }
    },
    {
      "type": "Feature",
      "geometry": {
        "type": "Point",
        "coordinates": [
          5.245213647,
          43.45094836
        ]
      },
      "properties": {
        "name": "Boulevard Marcel Hochet / Avenue Salvador Allende",
        "context": "Vitrolles, Bouches-du-Rhône",
        "citycode": "13117",
        "depcode": "13"
      }
    },
    {
      "type": "Feature",
      "geometry": {
        "type": "Point",
        "coordinates": [
          5.247297356,
          43.455684434
        ]
      },
      "properties": {
        "name": "Boulevard Marcel Hochet / Impasse Marcel Hochet",
        "context": "Vitrolles, Bouches-du-Rhône",
        "citycode": "13117",
        "depcode": "13"
      }
    },
    {
      "type": "Feature",
      "geometry": {
        "type": "Point",
        "coordinates": [
          5.288966329,
          43.424368095
        ]
      },
      "properties": {
        "name": "Boulevard Marcel Pagnol / Allée des Cailles",
        "context": "Vitrolles, Bouches-du-Rhône",
        "citycode": "13117",
        "depcode": "13"
      }
    },
    {
      "type": "Feature",
      "geometry": {
        "type": "Point",
        "coordinates": [
          5.287114259,
          43.423052851
        ]
      },
      "properties": {
        "name": "Boulevard Marcel Pagnol / Allée des Rastoubles",
        "context": "Vitrolles, Bouches-du-Rhône",
        "citycode": "13117",
        "depcode": "13"
      }
    },
    {
      "type": "Feature",
      "geometry": {
        "type": "Point",
        "coordinates": [
          5.284789058,
          43.430239702
        ]
      },
      "properties": {
        "name": "Boulevard Marcel Pagnol / Allée du Campas",
        "context": "Vitrolles, Bouches-du-Rhône",
        "citycode": "13117",
        "depcode": "13"
      }
    },
    {
      "type": "Feature",
      "geometry": {
        "type": "Point",
        "coordinates": [
          5.291838969,
          43.425014459
        ]
      },
      "properties": {
        "name": "Boulevard Marcel Pagnol / Allée du Garlaban",
        "context": "Vitrolles, Bouches-du-Rhône",
        "citycode": "13117",
        "depcode": "13"
      }
    },
    {
      "type": "Feature",
      "geometry": {
        "type": "Point",
        "coordinates": [
          5.284183405,
          43.431169591
        ]
      },
      "properties": {
        "name": "Boulevard Marcel Pagnol / Allée Manon",
        "context": "Vitrolles, Bouches-du-Rhône",
        "citycode": "13117",
        "depcode": "13"
      }
    },
    {
      "type": "Feature",
      "geometry": {
        "type": "Point",
        "coordinates": [
          5.290322648,
          43.424587867
        ]
      },
      "properties": {
        "name": "Boulevard Marcel Pagnol / Avenue de la Ferme de Croze",
        "context": "Vitrolles, Bouches-du-Rhône",
        "citycode": "13117",
        "depcode": "13"
      }
    },
    {
      "type": "Feature",
      "geometry": {
        "type": "Point",
        "coordinates": [
          5.286607997,
          43.422140176
        ]
      },
      "properties": {
        "name": "Boulevard Marcel Pagnol / Avenue Jean Monnet",
        "context": "Vitrolles, Bouches-du-Rhône",
        "citycode": "13117",
        "depcode": "13"
      }
    },
    {
      "type": "Feature",
      "geometry": {
        "type": "Point",
        "coordinates": [
          5.292651586,
          43.425895508
        ]
      },
      "properties": {
        "name": "Boulevard Marcel Pagnol / Chemin des Pinchinades CR36",
        "context": "Vitrolles, Bouches-du-Rhône",
        "citycode": "13117",
        "depcode": "13"
      }
    },
    {
      "type": "Feature",
      "geometry": {
        "type": "Point",
        "coordinates": [
          5.285333916,
          43.43564384
        ]
      },
      "properties": {
        "name": "Boulevard Marcel Pagnol / Chemin di Oustaous",
        "context": "Vitrolles, Bouches-du-Rhône",
        "citycode": "13117",
        "depcode": "13"
      }
    },
    {
      "type": "Feature",
      "geometry": {
        "type": "Point",
        "coordinates": [
          5.290309082,
          43.424612569
        ]
      },
      "properties": {
        "name": "Boulevard Marcel Pagnol / Impasse des Ecureuils",
        "context": "Vitrolles, Bouches-du-Rhône",
        "citycode": "13117",
        "depcode": "13"
      }
    },
    {
      "type": "Feature",
      "geometry": {
        "type": "Point",
        "coordinates": [
          5.284385021,
          43.430618715
        ]
      },
      "properties": {
        "name": "Boulevard Marcel Pagnol / Rampe Cognecoeur",
        "context": "Vitrolles, Bouches-du-Rhône",
        "citycode": "13117",
        "depcode": "13"
      }
    },
    {
      "type": "Feature",
      "geometry": {
        "type": "Point",
        "coordinates": [
          5.292040823,
          43.425107815
        ]
      },
      "properties": {
        "name": "Boulevard Marcel Pagnol / Rue Honoré Daumier",
        "context": "Vitrolles, Bouches-du-Rhône",
        "citycode": "13117",
        "depcode": "13"
      }
    },
    {
      "type": "Feature",
      "geometry": {
        "type": "Point",
        "coordinates": [
          5.29066917,
          43.424717358
        ]
      },
      "properties": {
        "name": "Boulevard Marcel Pagnol / Traverse du Passe-Temps",
        "context": "Vitrolles, Bouches-du-Rhône",
        "citycode": "13117",
        "depcode": "13"
      }
    },
    {
      "type": "Feature",
      "geometry": {
        "type": "Point",
        "coordinates": [
          5.255631892,
          43.439275039
        ]
      },
      "properties": {
        "name": "Boulevard Paul Guigou / Avenue des Salyens",
        "context": "Vitrolles, Bouches-du-Rhône",
        "citycode": "13117",
        "depcode": "13"
      }
    },
    {
      "type": "Feature",
      "geometry": {
        "type": "Point",
        "coordinates": [
          5.233172498,
          43.443979036
        ]
      },
      "properties": {
        "name": "Boulevard Pythagore / Avenue Blaise Pascal",
        "context": "Vitrolles, Bouches-du-Rhône",
        "citycode": "13117",
        "depcode": "13"
      }
    },
    {
      "type": "Feature",
      "geometry": {
        "type": "Point",
        "coordinates": [
          5.23409769,
          43.447009865
        ]
      },
      "properties": {
        "name": "Boulevard Pythagore / Draille des Tribales",
        "context": "Vitrolles, Bouches-du-Rhône",
        "citycode": "13117",
        "depcode": "13"
      }
    },
    {
      "type": "Feature",
      "geometry": {
        "type": "Point",
        "coordinates": [
          5.234062731,
          43.44681968
        ]
      },
      "properties": {
        "name": "Boulevard Pythagore / La Couperigne",
        "context": "Vitrolles, Bouches-du-Rhône",
        "citycode": "13117",
        "depcode": "13"
      }
    },
    {
      "type": "Feature",
      "geometry": {
        "type": "Point",
        "coordinates": [
          5.239035027,
          43.450328159
        ]
      },
      "properties": {
        "name": "Chemin de l'Escaillon / Autoroute du Soleil A7",
        "context": "Vitrolles, Bouches-du-Rhône",
        "citycode": "13117",
        "depcode": "13"
      }
    },
    {
      "type": "Feature",
      "geometry": {
        "type": "Point",
        "coordinates": [
          5.231909203,
          43.449171668
        ]
      },
      "properties": {
        "name": "Chemin de l'Étang / Allée des Salines",
        "context": "Vitrolles, Bouches-du-Rhône",
        "citycode": "13117",
        "depcode": "13"
      }
    },
    {
      "type": "Feature",
      "geometry": {
        "type": "Point",
        "coordinates": [
          5.231654455,
          43.450409686
        ]
      },
      "properties": {
        "name": "Chemin de l'Étang / Boulevard des Tamaris",
        "context": "Vitrolles, Bouches-du-Rhône",
        "citycode": "13117",
        "depcode": "13"
      }
    },
    {
      "type": "Feature",
      "geometry": {
        "type": "Point",
        "coordinates": [
          5.27743382,
          43.427169928
        ]
      },
      "properties": {
        "name": "Chemin de la Frescoule / Avenue Jean Monnet",
        "context": "Vitrolles, Bouches-du-Rhône",
        "citycode": "13117",
        "depcode": "13"
      }
    },
    {
      "type": "Feature",
      "geometry": {
        "type": "Point",
        "coordinates": [
          5.268733357,
          43.423772307
        ]
      },
      "properties": {
        "name": "Chemin de la Source / Chemin de la Tuilière",
        "context": "Vitrolles, Bouches-du-Rhône",
        "citycode": "13117",
        "depcode": "13"
      }
    },
    {
      "type": "Feature",
      "geometry": {
        "type": "Point",
        "coordinates": [
          5.267319214,
          43.426131599
        ]
      },
      "properties": {
        "name": "Chemin de la Source / Impasse Bel Air",
        "context": "Vitrolles, Bouches-du-Rhône",
        "citycode": "13117",
        "depcode": "13"
      }
    },
    {
      "type": "Feature",
      "geometry": {
        "type": "Point",
        "coordinates": [
          5.268960466,
          43.425312795
        ]
      },
      "properties": {
        "name": "Chemin de la Tuilière / Impasse Pierre Fresnay",
        "context": "Vitrolles, Bouches-du-Rhône",
        "citycode": "13117",
        "depcode": "13"
      }
    },
    {
      "type": "Feature",
      "geometry": {
        "type": "Point",
        "coordinates": [
          5.254506536,
          43.458839584
        ]
      },
      "properties": {
        "name": "Chemin de Montvallon / Chemin de Vitrolles au Griffon CR40-DFCI-AR-110",
        "context": "Vitrolles, Bouches-du-Rhône",
        "citycode": "13117",
        "depcode": "13"
      }
    },
    {
      "type": "Feature",
      "geometry": {
        "type": "Point",
        "coordinates": [
          5.25299501,
          43.459373096
        ]
      },
      "properties": {
        "name": "Chemin de Montvallon / Rue Joseph Auguste Gelibert",
        "context": "Vitrolles, Bouches-du-Rhône",
        "citycode": "13117",
        "depcode": "13"
      }
    },
    {
      "type": "Feature",
      "geometry": {
        "type": "Point",
        "coordinates": [
          5.250255567,
          43.452892831
        ]
      },
      "properties": {
        "name": "Chemin de Pauron / Allée du Fenouillet",
        "context": "Vitrolles, Bouches-du-Rhône",
        "citycode": "13117",
        "depcode": "13"
      }
    },
    {
      "type": "Feature",
      "geometry": {
        "type": "Point",
        "coordinates": [
          5.248645628,
          43.450246689
        ]
      },
      "properties": {
        "name": "Chemin de Pauron / Avenue de Font Ségugne",
        "context": "Vitrolles, Bouches-du-Rhône",
        "citycode": "13117",
        "depcode": "13"
      }
    },
    {
      "type": "Feature",
      "geometry": {
        "type": "Point",
        "coordinates": [
          5.23194329,
          43.458324423
        ]
      },
      "properties": {
        "name": "Chemin de Saint-Bourdon / Allée des Engano",
        "context": "Vitrolles, Bouches-du-Rhône",
        "citycode": "13117",
        "depcode": "13"
      }
    },
    {
      "type": "Feature",
      "geometry": {
        "type": "Point",
        "coordinates": [
          5.227825039,
          43.462806636
        ]
      },
      "properties": {
        "name": "Chemin de Saint-Bourdon / Plage des Marettes",
        "context": "Vitrolles, Bouches-du-Rhône",
        "citycode": "13117",
        "depcode": "13"
      }
    },
    {
      "type": "Feature",
      "geometry": {
        "type": "Point",
        "coordinates": [
          5.252580642,
          43.452159445
        ]
      },
      "properties": {
        "name": "Chemin de Sainte-Catherine / Rue Salen",
        "context": "Vitrolles, Bouches-du-Rhône",
        "citycode": "13117",
        "depcode": "13"
      }
    },
    {
      "type": "Feature",
      "geometry": {
        "type": "Point",
        "coordinates": [
          5.251090893,
          43.460739434
        ]
      },
      "properties": {
        "name": "Chemin de Salvarenque / Avenue Victor Martin",
        "context": "Vitrolles, Bouches-du-Rhône",
        "citycode": "13117",
        "depcode": "13"
      }
    },
    {
      "type": "Feature",
      "geometry": {
        "type": "Point",
        "coordinates": [
          5.252482124,
          43.46104292
        ]
      },
      "properties": {
        "name": "Chemin de Salvarenque / Rue Joseph Auguste Gelibert",
        "context": "Vitrolles, Bouches-du-Rhône",
        "citycode": "13117",
        "depcode": "13"
      }
    },
    {
      "type": "Feature",
      "geometry": {
        "type": "Point",
        "coordinates": [
          5.263455866,
          43.446575549
        ]
      },
      "properties": {
        "name": "Chemin de Vitrolles au Griffon CR40 / Chemin de Vitrolles au Griffon CR40-DFCI-AR-110",
        "context": "Vitrolles, Bouches-du-Rhône",
        "citycode": "13117",
        "depcode": "13"
      }
    },
    {
      "type": "Feature",
      "geometry": {
        "type": "Point",
        "coordinates": [
          5.247283567,
          43.470159115
        ]
      },
      "properties": {
        "name": "Chemin de Vitrolles au Griffon CR40 / Chemin du Val d'Ambla DFCI-AR-102",
        "context": "Vitrolles, Bouches-du-Rhône",
        "citycode": "13117",
        "depcode": "13"
      }
    },
    {
      "type": "Feature",
      "geometry": {
        "type": "Point",
        "coordinates": [
          5.253595116,
          43.461113063
        ]
      },
      "properties": {
        "name": "Chemin de Vitrolles au Griffon CR40 / DFCI-AR-110",
        "context": "Vitrolles, Bouches-du-Rhône",
        "citycode": "13117",
        "depcode": "13"
      }
    },
    {
      "type": "Feature",
      "geometry": {
        "type": "Point",
        "coordinates": [
          5.290685722,
          43.42726205
        ]
      },
      "properties": {
        "name": "Chemin des Bellons / Boulevard Marcel Pagnol",
        "context": "Vitrolles, Bouches-du-Rhône",
        "citycode": "13117",
        "depcode": "13"
      }
    },
    {
      "type": "Feature",
      "geometry": {
        "type": "Point",
        "coordinates": [
          5.244875304,
          43.453950198
        ]
      },
      "properties": {
        "name": "Chemin des Bignonias / Chemin des Ifs",
        "context": "Vitrolles, Bouches-du-Rhône",
        "citycode": "13117",
        "depcode": "13"
      }
    },
    {
      "type": "Feature",
      "geometry": {
        "type": "Point",
        "coordinates": [
          5.253379516,
          43.455974393
        ]
      },
      "properties": {
        "name": "Chemin des Costes / Promenade des Oliviers",
        "context": "Vitrolles, Bouches-du-Rhône",
        "citycode": "13117",
        "depcode": "13"
      }
    },
    {
      "type": "Feature",
      "geometry": {
        "type": "Point",
        "coordinates": [
          5.280480558,
          43.430406031
        ]
      },
      "properties": {
        "name": "Chemin des Gorges de Cabriès / Allée des Carriers",
        "context": "Vitrolles, Bouches-du-Rhône",
        "citycode": "13117",
        "depcode": "13"
      }
    },
    {
      "type": "Feature",
      "geometry": {
        "type": "Point",
        "coordinates": [
          5.279989599,
          43.430506237
        ]
      },
      "properties": {
        "name": "Chemin des Gorges de Cabriès / Allée des Restanques",
        "context": "Vitrolles, Bouches-du-Rhône",
        "citycode": "13117",
        "depcode": "13"
      }
    },
    {
      "type": "Feature",
      "geometry": {
        "type": "Point",
        "coordinates": [
          5.278874359,
          43.432094149
        ]
      },
      "properties": {
        "name": "Chemin des Gorges de Cabriès / Allée du Château de Montvallon",
        "context": "Vitrolles, Bouches-du-Rhône",
        "citycode": "13117",
        "depcode": "13"
      }
    },
    {
      "type": "Feature",
      "geometry": {
        "type": "Point",
        "coordinates": [
          5.283242336,
          43.429219359
        ]
      },
      "properties": {
        "name": "Chemin des Gorges de Cabriès / Allée Stanil Clastrier",
        "context": "Vitrolles, Bouches-du-Rhône",
        "citycode": "13117",
        "depcode": "13"
      }
    },
    {
      "type": "Feature",
      "geometry": {
        "type": "Point",
        "coordinates": [
          5.282588369,
          43.429036166
        ]
      },
      "properties": {
        "name": "Chemin des Gorges de Cabriès / Impasse André Verdilhan",
        "context": "Vitrolles, Bouches-du-Rhône",
        "citycode": "13117",
        "depcode": "13"
      }
    },
    {
      "type": "Feature",
      "geometry": {
        "type": "Point",
        "coordinates": [
          5.251666445,
          43.451355352
        ]
      },
      "properties": {
        "name": "Chemin des Hermes / Avenue de Marseille D55f",
        "context": "Vitrolles, Bouches-du-Rhône",
        "citycode": "13117",
        "depcode": "13"
      }
    },
    {
      "type": "Feature",
      "geometry": {
        "type": "Point",
        "coordinates": [
          5.244136237,
          43.453400523
        ]
      },
      "properties": {
        "name": "Chemin des Ifs / Chemin des Bignonias",
        "context": "Vitrolles, Bouches-du-Rhône",
        "citycode": "13117",
        "depcode": "13"
      }
    },
    {
      "type": "Feature",
      "geometry": {
        "type": "Point",
        "coordinates": [
          5.243822522,
          43.453794667
        ]
      },
      "properties": {
        "name": "Chemin des Ifs / Chemin des Lauriers Roses",
        "context": "Vitrolles, Bouches-du-Rhône",
        "citycode": "13117",
        "depcode": "13"
      }
    },
    {
      "type": "Feature",
      "geometry": {
        "type": "Point",
        "coordinates": [
          5.244421096,
          43.454276503
        ]
      },
      "properties": {
        "name": "Chemin des Lauriers Roses / Chemin des Ifs",
        "context": "Vitrolles, Bouches-du-Rhône",
        "citycode": "13117",
        "depcode": "13"
      }
    },
    {
      "type": "Feature",
      "geometry": {
        "type": "Point",
        "coordinates": [
          5.25262582,
          43.450286514
        ]
      },
      "properties": {
        "name": "Chemin des Monts de Provence / Avenue de Marseille D55f",
        "context": "Vitrolles, Bouches-du-Rhône",
        "citycode": "13117",
        "depcode": "13"
      }
    },
    {
      "type": "Feature",
      "geometry": {
        "type": "Point",
        "coordinates": [
          5.25198433,
          43.449831805
        ]
      },
      "properties": {
        "name": "Chemin des Monts de Provence / Rue de la Chaînaie",
        "context": "Vitrolles, Bouches-du-Rhône",
        "citycode": "13117",
        "depcode": "13"
      }
    },
    {
      "type": "Feature",
      "geometry": {
        "type": "Point",
        "coordinates": [
          5.251653822,
          43.449677638
        ]
      },
      "properties": {
        "name": "Chemin des Monts de Provence / Rue du Pilon du Roy",
        "context": "Vitrolles, Bouches-du-Rhône",
        "citycode": "13117",
        "depcode": "13"
      }
    },
    {
      "type": "Feature",
      "geometry": {
        "type": "Point",
        "coordinates": [
          5.228337348,
          43.458821296
        ]
      },
      "properties": {
        "name": "Chemin des Oiseaux / Avenue de la Petite Mer",
        "context": "Vitrolles, Bouches-du-Rhône",
        "citycode": "13117",
        "depcode": "13"
      }
    },
    {
      "type": "Feature",
      "geometry": {
        "type": "Point",
        "coordinates": [
          5.22978728,
          43.459428941
        ]
      },
      "properties": {
        "name": "Chemin des Oiseaux / Chemin de Saint-Bourdon",
        "context": "Vitrolles, Bouches-du-Rhône",
        "citycode": "13117",
        "depcode": "13"
      }
    },
    {
      "type": "Feature",
      "geometry": {
        "type": "Point",
        "coordinates": [
          5.227141393,
          43.4558684
        ]
      },
      "properties": {
        "name": "Chemin des Oiseaux / Digue des Salines du Lion",
        "context": "Vitrolles, Bouches-du-Rhône",
        "citycode": "13117",
        "depcode": "13"
      }
    },
    {
      "type": "Feature",
      "geometry": {
        "type": "Point",
        "coordinates": [
          5.22963989,
          43.459293314
        ]
      },
      "properties": {
        "name": "Chemin des Oiseaux / Impasse Les Cabassols",
        "context": "Vitrolles, Bouches-du-Rhône",
        "citycode": "13117",
        "depcode": "13"
      }
    },
    {
      "type": "Feature",
      "geometry": {
        "type": "Point",
        "coordinates": [
          5.229808702,
          43.459439264
        ]
      },
      "properties": {
        "name": "Chemin des Oiseaux / Rue Robert Âne",
        "context": "Vitrolles, Bouches-du-Rhône",
        "citycode": "13117",
        "depcode": "13"
      }
    },
    {
      "type": "Feature",
      "geometry": {
        "type": "Point",
        "coordinates": [
          5.279436151,
          43.426908333
        ]
      },
      "properties": {
        "name": "Chemin des Pignes / Allée de l'Aubépine",
        "context": "Vitrolles, Bouches-du-Rhône",
        "citycode": "13117",
        "depcode": "13"
      }
    },
    {
      "type": "Feature",
      "geometry": {
        "type": "Point",
        "coordinates": [
          5.279993639,
          43.427209179
        ]
      },
      "properties": {
        "name": "Chemin des Pignes / Allée de la Pinède",
        "context": "Vitrolles, Bouches-du-Rhône",
        "citycode": "13117",
        "depcode": "13"
      }
    },
    {
      "type": "Feature",
      "geometry": {
        "type": "Point",
        "coordinates": [
          5.280183944,
          43.427344718
        ]
      },
      "properties": {
        "name": "Chemin des Pignes / Allée des Roures",
        "context": "Vitrolles, Bouches-du-Rhône",
        "citycode": "13117",
        "depcode": "13"
      }
    },
    {
      "type": "Feature",
      "geometry": {
        "type": "Point",
        "coordinates": [
          5.279172345,
          43.426836981
        ]
      },
      "properties": {
        "name": "Chemin des Pignes / Allée du Château de Montvallon",
        "context": "Vitrolles, Bouches-du-Rhône",
        "citycode": "13117",
        "depcode": "13"
      }
    },
    {
      "type": "Feature",
      "geometry": {
        "type": "Point",
        "coordinates": [
          5.279176971,
          43.426812275
        ]
      },
      "properties": {
        "name": "Chemin des Pignes / Allée Philippe de Brocard",
        "context": "Vitrolles, Bouches-du-Rhône",
        "citycode": "13117",
        "depcode": "13"
      }
    },
    {
      "type": "Feature",
      "geometry": {
        "type": "Point",
        "coordinates": [
          5.2782124,
          43.426888508
        ]
      },
      "properties": {
        "name": "Chemin des Pignes / Avenue Jean Monnet",
        "context": "Vitrolles, Bouches-du-Rhône",
        "citycode": "13117",
        "depcode": "13"
      }
    },
    {
      "type": "Feature",
      "geometry": {
        "type": "Point",
        "coordinates": [
          5.294276254,
          43.425683364
        ]
      },
      "properties": {
        "name": "Chemin des Pinchinades CR36 / Allée de la Cadière",
        "context": "Vitrolles, Bouches-du-Rhône",
        "citycode": "13117",
        "depcode": "13"
      }
    },
    {
      "type": "Feature",
      "geometry": {
        "type": "Point",
        "coordinates": [
          5.292658135,
          43.425906096
        ]
      },
      "properties": {
        "name": "Chemin des Pinchinades CR36 / Boulevard Marcel Pagnol",
        "context": "Vitrolles, Bouches-du-Rhône",
        "citycode": "13117",
        "depcode": "13"
      }
    },
    {
      "type": "Feature",
      "geometry": {
        "type": "Point",
        "coordinates": [
          5.294837074,
          43.425578874
        ]
      },
      "properties": {
        "name": "Chemin des Pinchinades CR36 / Chemin des Pinchinades VC10",
        "context": "Vitrolles, Bouches-du-Rhône",
        "citycode": "13117",
        "depcode": "13"
      }
    },
    {
      "type": "Feature",
      "geometry": {
        "type": "Point",
        "coordinates": [
          5.294729232,
          43.425628094
        ]
      },
      "properties": {
        "name": "Chemin des Pinchinades CR36 / Chemin des Sources de l'Infernet",
        "context": "Vitrolles, Bouches-du-Rhône",
        "citycode": "13117",
        "depcode": "13"
      }
    },
    {
      "type": "Feature",
      "geometry": {
        "type": "Point",
        "coordinates": [
          5.294860149,
          43.425561151
        ]
      },
      "properties": {
        "name": "Chemin des Pinchinades CR36 / Dérivation de la Cadière",
        "context": "Vitrolles, Bouches-du-Rhône",
        "citycode": "13117",
        "depcode": "13"
      }
    },
    {
      "type": "Feature",
      "geometry": {
        "type": "Point",
        "coordinates": [
          5.29488971,
          43.425579875
        ]
      },
      "properties": {
        "name": "Chemin des Pinchinades CR36 / La Cadière",
        "context": "Vitrolles, Bouches-du-Rhône",
        "citycode": "13117",
        "depcode": "13"
      }
    },
    {
      "type": "Feature",
      "geometry": {
        "type": "Point",
        "coordinates": [
          5.247767419,
          43.450230641
        ]
      },
      "properties": {
        "name": "Chemin des Vignes / Avenue de Font Ségugne",
        "context": "Vitrolles, Bouches-du-Rhône",
        "citycode": "13117",
        "depcode": "13"
      }
    },
    {
      "type": "Feature",
      "geometry": {
        "type": "Point",
        "coordinates": [
          5.250653801,
          43.455487138
        ]
      },
      "properties": {
        "name": "Chemin des Vignes / Chemin des Costes",
        "context": "Vitrolles, Bouches-du-Rhône",
        "citycode": "13117",
        "depcode": "13"
      }
    },
    {
      "type": "Feature",
      "geometry": {
        "type": "Point",
        "coordinates": [
          5.283741062,
          43.435408208
        ]
      },
      "properties": {
        "name": "Chemin di Oustaous / Allée de la Sardanne",
        "context": "Vitrolles, Bouches-du-Rhône",
        "citycode": "13117",
        "depcode": "13"
      }
    },
    {
      "type": "Feature",
      "geometry": {
        "type": "Point",
        "coordinates": [
          5.283905786,
          43.436017896
        ]
      },
      "properties": {
        "name": "Chemin di Oustaous / Allée Lou Lingoubaou",
        "context": "Vitrolles, Bouches-du-Rhône",
        "citycode": "13117",
        "depcode": "13"
      }
    },
    {
      "type": "Feature",
      "geometry": {
        "type": "Point",
        "coordinates": [
          5.284595403,
          43.434950656
        ]
      },
      "properties": {
        "name": "Chemin di Oustaous / Boulevard Marcel Pagnol",
        "context": "Vitrolles, Bouches-du-Rhône",
        "citycode": "13117",
        "depcode": "13"
      }
    },
    {
      "type": "Feature",
      "geometry": {
        "type": "Point",
        "coordinates": [
          5.284121061,
          43.433690237
        ]
      },
      "properties": {
        "name": "Chemin du Brusquié / Boulevard Marcel Pagnol",
        "context": "Vitrolles, Bouches-du-Rhône",
        "citycode": "13117",
        "depcode": "13"
      }
    },
    {
      "type": "Feature",
      "geometry": {
        "type": "Point",
        "coordinates": [
          5.283823082,
          43.433714588
        ]
      },
      "properties": {
        "name": "Chemin du Brusquié / Passage de l'Espère",
        "context": "Vitrolles, Bouches-du-Rhône",
        "citycode": "13117",
        "depcode": "13"
      }
    },
    {
      "type": "Feature",
      "geometry": {
        "type": "Point",
        "coordinates": [
          5.28170299,
          43.433318027
        ]
      },
      "properties": {
        "name": "Chemin du Brusquié / Rue du Septentrion",
        "context": "Vitrolles, Bouches-du-Rhône",
        "citycode": "13117",
        "depcode": "13"
      }
    },
    {
      "type": "Feature",
      "geometry": {
        "type": "Point",
        "coordinates": [
          5.235359055,
          43.453376072
        ]
      },
      "properties": {
        "name": "Chemin du Lion / Route du Chemin de fer",
        "context": "Vitrolles, Bouches-du-Rhône",
        "citycode": "13117",
        "depcode": "13"
      }
    },
    {
      "type": "Feature",
      "geometry": {
        "type": "Point",
        "coordinates": [
          5.246521601,
          43.459740206
        ]
      },
      "properties": {
        "name": "Chemin du Pré Bataille / Allée de la Farandole",
        "context": "Vitrolles, Bouches-du-Rhône",
        "citycode": "13117",
        "depcode": "13"
      }
    },
    {
      "type": "Feature",
      "geometry": {
        "type": "Point",
        "coordinates": [
          5.246427263,
          43.459722364
        ]
      },
      "properties": {
        "name": "Chemin du Pré Bataille / Avenue de la Rangue",
        "context": "Vitrolles, Bouches-du-Rhône",
        "citycode": "13117",
        "depcode": "13"
      }
    },
    {
      "type": "Feature",
      "geometry": {
        "type": "Point",
        "coordinates": [
          5.246452061,
          43.459725245
        ]
      },
      "properties": {
        "name": "Chemin du Pré Bataille / Rue de l'Anglais",
        "context": "Vitrolles, Bouches-du-Rhône",
        "citycode": "13117",
        "depcode": "13"
      }
    },
    {
      "type": "Feature",
      "geometry": {
        "type": "Point",
        "coordinates": [
          5.245211902,
          43.461324601
        ]
      },
      "properties": {
        "name": "Chemin du Pré Bataille / Rue François de Baux",
        "context": "Vitrolles, Bouches-du-Rhône",
        "citycode": "13117",
        "depcode": "13"
      }
    },
    {
      "type": "Feature",
      "geometry": {
        "type": "Point",
        "coordinates": [
          5.248188716,
          43.462526116
        ]
      },
      "properties": {
        "name": "Chemin du Trou du Loup / Rue du Trou du Loup",
        "context": "Vitrolles, Bouches-du-Rhône",
        "citycode": "13117",
        "depcode": "13"
      }
    },
    {
      "type": "Feature",
      "geometry": {
        "type": "Point",
        "coordinates": [
          5.250261648,
          43.462280015
        ]
      },
      "properties": {
        "name": "Chemin du Val d'Ambla / Allée Louis Brauquier",
        "context": "Vitrolles, Bouches-du-Rhône",
        "citycode": "13117",
        "depcode": "13"
      }
    },
    {
      "type": "Feature",
      "geometry": {
        "type": "Point",
        "coordinates": [
          5.24920434,
          43.461565747
        ]
      },
      "properties": {
        "name": "Chemin du Val d'Ambla / Montée du Rocher",
        "context": "Vitrolles, Bouches-du-Rhône",
        "citycode": "13117",
        "depcode": "13"
      }
    },
    {
      "type": "Feature",
      "geometry": {
        "type": "Point",
        "coordinates": [
          5.249249692,
          43.461591232
        ]
      },
      "properties": {
        "name": "Chemin du Val d'Ambla / Rue de la Paix",
        "context": "Vitrolles, Bouches-du-Rhône",
        "citycode": "13117",
        "depcode": "13"
      }
    },
    {
      "type": "Feature",
      "geometry": {
        "type": "Point",
        "coordinates": [
          5.249249849,
          43.461612419
        ]
      },
      "properties": {
        "name": "Chemin du Val d'Ambla / Rue de la Paix Prolongée",
        "context": "Vitrolles, Bouches-du-Rhône",
        "citycode": "13117",
        "depcode": "13"
      }
    },
    {
      "type": "Feature",
      "geometry": {
        "type": "Point",
        "coordinates": [
          5.249242606,
          43.461600556
        ]
      },
      "properties": {
        "name": "Chemin du Val d'Ambla / Rue du Trou du Loup",
        "context": "Vitrolles, Bouches-du-Rhône",
        "citycode": "13117",
        "depcode": "13"
      }
    },
    {
      "type": "Feature",
      "geometry": {
        "type": "Point",
        "coordinates": [
          5.264739483,
          43.43054281
        ]
      },
      "properties": {
        "name": "Chemin Justin Bayle / Chemin de la Bastide Blanche",
        "context": "Vitrolles, Bouches-du-Rhône",
        "citycode": "13117",
        "depcode": "13"
      }
    },
    {
      "type": "Feature",
      "geometry": {
        "type": "Point",
        "coordinates": [
          5.243854039,
          43.466723602
        ]
      },
      "properties": {
        "name": "Chemin Rural de Vitrolles à Rognac CR32 / Chemin du Trou du Loup CR32",
        "context": "Vitrolles, Bouches-du-Rhône",
        "citycode": "13117",
        "depcode": "13"
      }
    },
    {
      "type": "Feature",
      "geometry": {
        "type": "Point",
        "coordinates": [
          5.232929033,
          43.457685378
        ]
      },
      "properties": {
        "name": "Chemin Théodore Chasseriau / Chemin de Saint-Bourdon",
        "context": "Vitrolles, Bouches-du-Rhône",
        "citycode": "13117",
        "depcode": "13"
      }
    },
    {
      "type": "Feature",
      "geometry": {
        "type": "Point",
        "coordinates": [
          5.281140025,
          43.424472249
        ]
      },
      "properties": {
        "name": "Clos de la Butte / Allée des Blés",
        "context": "Vitrolles, Bouches-du-Rhône",
        "citycode": "13117",
        "depcode": "13"
      }
    },
    {
      "type": "Feature",
      "geometry": {
        "type": "Point",
        "coordinates": [
          5.239889737,
          43.423319977
        ]
      },
      "properties": {
        "name": "D20 D20E / D9",
        "context": "Vitrolles, Bouches-du-Rhône",
        "citycode": "13117",
        "depcode": "13"
      }
    },
    {
      "type": "Feature",
      "geometry": {
        "type": "Point",
        "coordinates": [
          5.234370898,
          43.434011167
        ]
      },
      "properties": {
        "name": "Dépose Minute / Halte Routière SNCF - Airbus Helicopters",
        "context": "Vitrolles, Bouches-du-Rhône",
        "citycode": "13117",
        "depcode": "13"
      }
    },
    {
      "type": "Feature",
      "geometry": {
        "type": "Point",
        "coordinates": [
          5.29491524,
          43.425526575
        ]
      },
      "properties": {
        "name": "Dérivation de la Cadière / Chemin des Pinchinades VC10",
        "context": "Vitrolles, Bouches-du-Rhône",
        "citycode": "13117",
        "depcode": "13"
      }
    },
    {
      "type": "Feature",
      "geometry": {
        "type": "Point",
        "coordinates": [
          5.294758443,
          43.425215335
        ]
      },
      "properties": {
        "name": "Dérivation de la Cadière / La Cadière",
        "context": "Vitrolles, Bouches-du-Rhône",
        "citycode": "13117",
        "depcode": "13"
      }
    },
    {
      "type": "Feature",
      "geometry": {
        "type": "Point",
        "coordinates": [
          5.234174149,
          43.434199174
        ]
      },
      "properties": {
        "name": "Halte Routière SNCF - Airbus Helicopters / Dépose Minute",
        "context": "Vitrolles, Bouches-du-Rhône",
        "citycode": "13117",
        "depcode": "13"
      }
    },
    {
      "type": "Feature",
      "geometry": {
        "type": "Point",
        "coordinates": [
          5.234224199,
          43.4341803
        ]
      },
      "properties": {
        "name": "Halte Routière SNCF - Airbus Helicopters / Livraison Poids Lourds",
        "context": "Vitrolles, Bouches-du-Rhône",
        "citycode": "13117",
        "depcode": "13"
      }
    },
    {
      "type": "Feature",
      "geometry": {
        "type": "Point",
        "coordinates": [
          5.282310803,
          43.428712602
        ]
      },
      "properties": {
        "name": "Impasse André Verdilhan / Allée André Verdilhan",
        "context": "Vitrolles, Bouches-du-Rhône",
        "citycode": "13117",
        "depcode": "13"
      }
    },
    {
      "type": "Feature",
      "geometry": {
        "type": "Point",
        "coordinates": [
          5.277140574,
          43.42515577
        ]
      },
      "properties": {
        "name": "Impasse Carcasse Faugeron / Rue Pierre Brossolette",
        "context": "Vitrolles, Bouches-du-Rhône",
        "citycode": "13117",
        "depcode": "13"
      }
    },
    {
      "type": "Feature",
      "geometry": {
        "type": "Point",
        "coordinates": [
          5.26437371,
          43.418510708
        ]
      },
      "properties": {
        "name": "Impasse de Belgique / Voie d'Espagne",
        "context": "Vitrolles, Bouches-du-Rhône",
        "citycode": "13117",
        "depcode": "13"
      }
    },
    {
      "type": "Feature",
      "geometry": {
        "type": "Point",
        "coordinates": [
          5.249864461,
          43.459248343
        ]
      },
      "properties": {
        "name": "Impasse de l'Aire / Place de l'Aire",
        "context": "Vitrolles, Bouches-du-Rhône",
        "citycode": "13117",
        "depcode": "13"
      }
    },
    {
      "type": "Feature",
      "geometry": {
        "type": "Point",
        "coordinates": [
          5.246530255,
          43.450404995
        ]
      },
      "properties": {
        "name": "Impasse de l'Escouni / Avenue de Font Ségugne",
        "context": "Vitrolles, Bouches-du-Rhône",
        "citycode": "13117",
        "depcode": "13"
      }
    },
    {
      "type": "Feature",
      "geometry": {
        "type": "Point",
        "coordinates": [
          5.255802798,
          43.443186863
        ]
      },
      "properties": {
        "name": "Impasse de la Cairette / Impasse du Muscat",
        "context": "Vitrolles, Bouches-du-Rhône",
        "citycode": "13117",
        "depcode": "13"
      }
    },
    {
      "type": "Feature",
      "geometry": {
        "type": "Point",
        "coordinates": [
          5.256901237,
          43.442892678
        ]
      },
      "properties": {
        "name": "Impasse de la Cairette / Placette des Vignerons",
        "context": "Vitrolles, Bouches-du-Rhône",
        "citycode": "13117",
        "depcode": "13"
      }
    },
    {
      "type": "Feature",
      "geometry": {
        "type": "Point",
        "coordinates": [
          5.24898287,
          43.459570048
        ]
      },
      "properties": {
        "name": "Impasse de la Roquette / Rue Jean Jaurès",
        "context": "Vitrolles, Bouches-du-Rhône",
        "citycode": "13117",
        "depcode": "13"
      }
    },
    {
      "type": "Feature",
      "geometry": {
        "type": "Point",
        "coordinates": [
          5.245008332,
          43.462116731
        ]
      },
      "properties": {
        "name": "Impasse des Apiculteurs / Allée Jeanne de Laval",
        "context": "Vitrolles, Bouches-du-Rhône",
        "citycode": "13117",
        "depcode": "13"
      }
    },
    {
      "type": "Feature",
      "geometry": {
        "type": "Point",
        "coordinates": [
          5.290383981,
          43.424637483
        ]
      },
      "properties": {
        "name": "Impasse des Ecureuils / Traverse du Passe-Temps",
        "context": "Vitrolles, Bouches-du-Rhône",
        "citycode": "13117",
        "depcode": "13"
      }
    },
    {
      "type": "Feature",
      "geometry": {
        "type": "Point",
        "coordinates": [
          5.244011848,
          43.464666229
        ]
      },
      "properties": {
        "name": "Impasse des Lavandes / Chemin du Trou du Loup CR32",
        "context": "Vitrolles, Bouches-du-Rhône",
        "citycode": "13117",
        "depcode": "13"
      }
    },
    {
      "type": "Feature",
      "geometry": {
        "type": "Point",
        "coordinates": [
          5.242553647,
          43.464085453
        ]
      },
      "properties": {
        "name": "Impasse des Lavandes / Rue Félix Gras",
        "context": "Vitrolles, Bouches-du-Rhône",
        "citycode": "13117",
        "depcode": "13"
      }
    },
    {
      "type": "Feature",
      "geometry": {
        "type": "Point",
        "coordinates": [
          5.276451975,
          43.424244609
        ]
      },
      "properties": {
        "name": "Impasse du Caporal Chef Lopez / Impasse Olga Bancic",
        "context": "Vitrolles, Bouches-du-Rhône",
        "citycode": "13117",
        "depcode": "13"
      }
    },
    {
      "type": "Feature",
      "geometry": {
        "type": "Point",
        "coordinates": [
          5.254377974,
          43.448625267
        ]
      },
      "properties": {
        "name": "Impasse du Goupil / Avenue de Marseille D55f",
        "context": "Vitrolles, Bouches-du-Rhône",
        "citycode": "13117",
        "depcode": "13"
      }
    },
    {
      "type": "Feature",
      "geometry": {
        "type": "Point",
        "coordinates": [
          5.250221471,
          43.458231697
        ]
      },
      "properties": {
        "name": "Impasse du Gourg / Lotissement Les Jardins du Valada",
        "context": "Vitrolles, Bouches-du-Rhône",
        "citycode": "13117",
        "depcode": "13"
      }
    },
    {
      "type": "Feature",
      "geometry": {
        "type": "Point",
        "coordinates": [
          5.277704968,
          43.423372797
        ]
      },
      "properties": {
        "name": "Impasse du Maréchal Juin / Rue du Maréchal Juin",
        "context": "Vitrolles, Bouches-du-Rhône",
        "citycode": "13117",
        "depcode": "13"
      }
    },
    {
      "type": "Feature",
      "geometry": {
        "type": "Point",
        "coordinates": [
          5.236908799,
          43.4639244
        ]
      },
      "properties": {
        "name": "Impasse du Marin Blanc / Rue de la Bise",
        "context": "Vitrolles, Bouches-du-Rhône",
        "citycode": "13117",
        "depcode": "13"
      }
    },
    {
      "type": "Feature",
      "geometry": {
        "type": "Point",
        "coordinates": [
          5.237668484,
          43.463847644
        ]
      },
      "properties": {
        "name": "Impasse du Marin Blanc / Traverse de l'Embat",
        "context": "Vitrolles, Bouches-du-Rhône",
        "citycode": "13117",
        "depcode": "13"
      }
    },
    {
      "type": "Feature",
      "geometry": {
        "type": "Point",
        "coordinates": [
          5.282522293,
          43.422812569
        ]
      },
      "properties": {
        "name": "Impasse François Vidal / Rue de Fontblanche",
        "context": "Vitrolles, Bouches-du-Rhône",
        "citycode": "13117",
        "depcode": "13"
      }
    },
    {
      "type": "Feature",
      "geometry": {
        "type": "Point",
        "coordinates": [
          5.273758268,
          43.428132597
        ]
      },
      "properties": {
        "name": "Impasse Jean Vezien / Avenue Jean Monnet",
        "context": "Vitrolles, Bouches-du-Rhône",
        "citycode": "13117",
        "depcode": "13"
      }
    },
    {
      "type": "Feature",
      "geometry": {
        "type": "Point",
        "coordinates": [
          5.269016221,
          43.425532971
        ]
      },
      "properties": {
        "name": "Impasse l'Eau Vive / Chemin de la Tuilière",
        "context": "Vitrolles, Bouches-du-Rhône",
        "citycode": "13117",
        "depcode": "13"
      }
    },
    {
      "type": "Feature",
      "geometry": {
        "type": "Point",
        "coordinates": [
          5.250671667,
          43.456515124
        ]
      },
      "properties": {
        "name": "Impasse La Fontaine / Avenue des Roches Rouges",
        "context": "Vitrolles, Bouches-du-Rhône",
        "citycode": "13117",
        "depcode": "13"
      }
    },
    {
      "type": "Feature",
      "geometry": {
        "type": "Point",
        "coordinates": [
          5.259544507,
          43.437898007
        ]
      },
      "properties": {
        "name": "Impasse Marie Jacquard / Rue Mayer de Montricher",
        "context": "Vitrolles, Bouches-du-Rhône",
        "citycode": "13117",
        "depcode": "13"
      }
    },
    {
      "type": "Feature",
      "geometry": {
        "type": "Point",
        "coordinates": [
          5.259735278,
          43.436838741
        ]
      },
      "properties": {
        "name": "Impasse Philippe de Girard / Rue Mayer de Montricher",
        "context": "Vitrolles, Bouches-du-Rhône",
        "citycode": "13117",
        "depcode": "13"
      }
    },
    {
      "type": "Feature",
      "geometry": {
        "type": "Point",
        "coordinates": [
          5.268009568,
          43.425480124
        ]
      },
      "properties": {
        "name": "Impasse Pierre Fresnay / Impasse l'Eau Vive",
        "context": "Vitrolles, Bouches-du-Rhône",
        "citycode": "13117",
        "depcode": "13"
      }
    },
    {
      "type": "Feature",
      "geometry": {
        "type": "Point",
        "coordinates": [
          5.233167081,
          43.443966528
        ]
      },
      "properties": {
        "name": "Impasse Pythagore / Avenue Blaise Pascal",
        "context": "Vitrolles, Bouches-du-Rhône",
        "citycode": "13117",
        "depcode": "13"
      }
    },
    {
      "type": "Feature",
      "geometry": {
        "type": "Point",
        "coordinates": [
          5.233160892,
          43.443973402
        ]
      },
      "properties": {
        "name": "Impasse Pythagore / Boulevard Pythagore",
        "context": "Vitrolles, Bouches-du-Rhône",
        "citycode": "13117",
        "depcode": "13"
      }
    },
    {
      "type": "Feature",
      "geometry": {
        "type": "Point",
        "coordinates": [
          5.273486637,
          43.418011405
        ]
      },
      "properties": {
        "name": "La Cadière / Autoroute du Soleil A7",
        "context": "Vitrolles, Bouches-du-Rhône",
        "citycode": "13117",
        "depcode": "13"
      }
    },
    {
      "type": "Feature",
      "geometry": {
        "type": "Point",
        "coordinates": [
          5.289832612,
          43.419867307
        ]
      },
      "properties": {
        "name": "La Cadière / Avenue Jean Monnet",
        "context": "Vitrolles, Bouches-du-Rhône",
        "citycode": "13117",
        "depcode": "13"
      }
    },
    {
      "type": "Feature",
      "geometry": {
        "type": "Point",
        "coordinates": [
          5.287508399,
          43.420526376
        ]
      },
      "properties": {
        "name": "La Cadière / Avenue Maréchal de Lattre de Tassigny",
        "context": "Vitrolles, Bouches-du-Rhône",
        "citycode": "13117",
        "depcode": "13"
      }
    },
    {
      "type": "Feature",
      "geometry": {
        "type": "Point",
        "coordinates": [
          5.29502738,
          43.425433509
        ]
      },
      "properties": {
        "name": "La Cadière / Chemin des Pinchinades VC10",
        "context": "Vitrolles, Bouches-du-Rhône",
        "citycode": "13117",
        "depcode": "13"
      }
    },
    {
      "type": "Feature",
      "geometry": {
        "type": "Point",
        "coordinates": [
          5.23272111,
          43.447514944
        ]
      },
      "properties": {
        "name": "La Couperigne / Draille des Tribales",
        "context": "Vitrolles, Bouches-du-Rhône",
        "citycode": "13117",
        "depcode": "13"
      }
    },
    {
      "type": "Feature",
      "geometry": {
        "type": "Point",
        "coordinates": [
          5.242565538,
          43.448820201
        ]
      },
      "properties": {
        "name": "La Cour d'Amour / Passage",
        "context": "Vitrolles, Bouches-du-Rhône",
        "citycode": "13117",
        "depcode": "13"
      }
    },
    {
      "type": "Feature",
      "geometry": {
        "type": "Point",
        "coordinates": [
          5.243234,
          43.448783099
        ]
      },
      "properties": {
        "name": "La Cour d'Amour / Place du Roy René",
        "context": "Vitrolles, Bouches-du-Rhône",
        "citycode": "13117",
        "depcode": "13"
      }
    },
    {
      "type": "Feature",
      "geometry": {
        "type": "Point",
        "coordinates": [
          5.275132353,
          43.432224101
        ]
      },
      "properties": {
        "name": "Le Bondon / Allée Claris de Florian",
        "context": "Vitrolles, Bouches-du-Rhône",
        "citycode": "13117",
        "depcode": "13"
      }
    },
    {
      "type": "Feature",
      "geometry": {
        "type": "Point",
        "coordinates": [
          5.27405145,
          43.423405583
        ]
      },
      "properties": {
        "name": "Le Bondon / Avenue du 8 Mai 1945",
        "context": "Vitrolles, Bouches-du-Rhône",
        "citycode": "13117",
        "depcode": "13"
      }
    },
    {
      "type": "Feature",
      "geometry": {
        "type": "Point",
        "coordinates": [
          5.275139804,
          43.427858211
        ]
      },
      "properties": {
        "name": "Le Bondon / Avenue Jean Monnet",
        "context": "Vitrolles, Bouches-du-Rhône",
        "citycode": "13117",
        "depcode": "13"
      }
    },
    {
      "type": "Feature",
      "geometry": {
        "type": "Point",
        "coordinates": [
          5.273853513,
          43.418574914
        ]
      },
      "properties": {
        "name": "Le Bondon / La Cadière",
        "context": "Vitrolles, Bouches-du-Rhône",
        "citycode": "13117",
        "depcode": "13"
      }
    },
    {
      "type": "Feature",
      "geometry": {
        "type": "Point",
        "coordinates": [
          5.275196105,
          43.431645748
        ]
      },
      "properties": {
        "name": "Le Bondon / Route de la Seds",
        "context": "Vitrolles, Bouches-du-Rhône",
        "citycode": "13117",
        "depcode": "13"
      }
    },
    {
      "type": "Feature",
      "geometry": {
        "type": "Point",
        "coordinates": [
          5.274050225,
          43.421783773
        ]
      },
      "properties": {
        "name": "Le Bondon / Rue du Kaolin",
        "context": "Vitrolles, Bouches-du-Rhône",
        "citycode": "13117",
        "depcode": "13"
      }
    },
    {
      "type": "Feature",
      "geometry": {
        "type": "Point",
        "coordinates": [
          5.241926082,
          43.461698103
        ]
      },
      "properties": {
        "name": "Le Clos Saint-Laurent / Corniche du Roucas D55F",
        "context": "Vitrolles, Bouches-du-Rhône",
        "citycode": "13117",
        "depcode": "13"
      }
    },
    {
      "type": "Feature",
      "geometry": {
        "type": "Point",
        "coordinates": [
          5.25098516,
          43.456639531
        ]
      },
      "properties": {
        "name": "Les Roches Rouges / Avenue des Roches Rouges",
        "context": "Vitrolles, Bouches-du-Rhône",
        "citycode": "13117",
        "depcode": "13"
      }
    },
    {
      "type": "Feature",
      "geometry": {
        "type": "Point",
        "coordinates": [
          5.234253062,
          43.434250888
        ]
      },
      "properties": {
        "name": "Livraison Poids Lourds / Dépose Minute",
        "context": "Vitrolles, Bouches-du-Rhône",
        "citycode": "13117",
        "depcode": "13"
      }
    },
    {
      "type": "Feature",
      "geometry": {
        "type": "Point",
        "coordinates": [
          5.234394603,
          43.434019454
        ]
      },
      "properties": {
        "name": "Livraison Poids Lourds / Halte Routière SNCF - Airbus Helicopters",
        "context": "Vitrolles, Bouches-du-Rhône",
        "citycode": "13117",
        "depcode": "13"
      }
    },
    {
      "type": "Feature",
      "geometry": {
        "type": "Point",
        "coordinates": [
          5.255002507,
          43.447839323
        ]
      },
      "properties": {
        "name": "Montée de la Fontaine du Renard / Avenue de Marseille D55f",
        "context": "Vitrolles, Bouches-du-Rhône",
        "citycode": "13117",
        "depcode": "13"
      }
    },
    {
      "type": "Feature",
      "geometry": {
        "type": "Point",
        "coordinates": [
          5.25941674,
          43.441587331
        ]
      },
      "properties": {
        "name": "Montée des Ravines / Avenue de Marseille",
        "context": "Vitrolles, Bouches-du-Rhône",
        "citycode": "13117",
        "depcode": "13"
      }
    },
    {
      "type": "Feature",
      "geometry": {
        "type": "Point",
        "coordinates": [
          5.248772891,
          43.460514742
        ]
      },
      "properties": {
        "name": "Montée du Four Banal / Rue de Roquevaire",
        "context": "Vitrolles, Bouches-du-Rhône",
        "citycode": "13117",
        "depcode": "13"
      }
    },
    {
      "type": "Feature",
      "geometry": {
        "type": "Point",
        "coordinates": [
          5.248682488,
          43.460393983
        ]
      },
      "properties": {
        "name": "Montée du Four Banal / Rue du Portalet",
        "context": "Vitrolles, Bouches-du-Rhône",
        "citycode": "13117",
        "depcode": "13"
      }
    },
    {
      "type": "Feature",
      "geometry": {
        "type": "Point",
        "coordinates": [
          5.248336661,
          43.460305071
        ]
      },
      "properties": {
        "name": "Montée du Four Banal / Rue du Soleil",
        "context": "Vitrolles, Bouches-du-Rhône",
        "citycode": "13117",
        "depcode": "13"
      }
    },
    {
      "type": "Feature",
      "geometry": {
        "type": "Point",
        "coordinates": [
          5.254124144,
          43.448870296
        ]
      },
      "properties": {
        "name": "Montée du Renard / Avenue de Marseille D55f",
        "context": "Vitrolles, Bouches-du-Rhône",
        "citycode": "13117",
        "depcode": "13"
      }
    },
    {
      "type": "Feature",
      "geometry": {
        "type": "Point",
        "coordinates": [
          5.24949811,
          43.46128461
        ]
      },
      "properties": {
        "name": "Montée du Rocher / Avenue Victor Martin",
        "context": "Vitrolles, Bouches-du-Rhône",
        "citycode": "13117",
        "depcode": "13"
      }
    },
    {
      "type": "Feature",
      "geometry": {
        "type": "Point",
        "coordinates": [
          5.249367454,
          43.461392374
        ]
      },
      "properties": {
        "name": "Montée du Rocher / Rue de la Paix",
        "context": "Vitrolles, Bouches-du-Rhône",
        "citycode": "13117",
        "depcode": "13"
      }
    },
    {
      "type": "Feature",
      "geometry": {
        "type": "Point",
        "coordinates": [
          5.249170603,
          43.461596161
        ]
      },
      "properties": {
        "name": "Montée du Rocher / Rue de la Paix Prolongée",
        "context": "Vitrolles, Bouches-du-Rhône",
        "citycode": "13117",
        "depcode": "13"
      }
    },
    {
      "type": "Feature",
      "geometry": {
        "type": "Point",
        "coordinates": [
          5.24910261,
          43.461629949
        ]
      },
      "properties": {
        "name": "Montée du Rocher / Rue du Trou du Loup",
        "context": "Vitrolles, Bouches-du-Rhône",
        "citycode": "13117",
        "depcode": "13"
      }
    },
    {
      "type": "Feature",
      "geometry": {
        "type": "Point",
        "coordinates": [
          5.276652365,
          43.427487707
        ]
      },
      "properties": {
        "name": "Passage Aimé Constant / Avenue Jean Monnet",
        "context": "Vitrolles, Bouches-du-Rhône",
        "citycode": "13117",
        "depcode": "13"
      }
    },
    {
      "type": "Feature",
      "geometry": {
        "type": "Point",
        "coordinates": [
          5.275214323,
          43.428064014
        ]
      },
      "properties": {
        "name": "Passage Aimé Constant / Le Bondon",
        "context": "Vitrolles, Bouches-du-Rhône",
        "citycode": "13117",
        "depcode": "13"
      }
    },
    {
      "type": "Feature",
      "geometry": {
        "type": "Point",
        "coordinates": [
          5.272494714,
          43.429757381
        ]
      },
      "properties": {
        "name": "Passage Aimé Constant / Route de la Seds",
        "context": "Vitrolles, Bouches-du-Rhône",
        "citycode": "13117",
        "depcode": "13"
      }
    },
    {
      "type": "Feature",
      "geometry": {
        "type": "Point",
        "coordinates": [
          5.282660507,
          43.432774238
        ]
      },
      "properties": {
        "name": "Place de l'Agachon / Rue des Sophoras",
        "context": "Vitrolles, Bouches-du-Rhône",
        "citycode": "13117",
        "depcode": "13"
      }
    },
    {
      "type": "Feature",
      "geometry": {
        "type": "Point",
        "coordinates": [
          5.250740583,
          43.459472491
        ]
      },
      "properties": {
        "name": "Place de l'Aire / Avenue du Maréchal Joffre",
        "context": "Vitrolles, Bouches-du-Rhône",
        "citycode": "13117",
        "depcode": "13"
      }
    },
    {
      "type": "Feature",
      "geometry": {
        "type": "Point",
        "coordinates": [
          5.249802681,
          43.459251344
        ]
      },
      "properties": {
        "name": "Place de l'Aire / Impasse de l'Aire",
        "context": "Vitrolles, Bouches-du-Rhône",
        "citycode": "13117",
        "depcode": "13"
      }
    },
    {
      "type": "Feature",
      "geometry": {
        "type": "Point",
        "coordinates": [
          5.281840857,
          43.432065205
        ]
      },
      "properties": {
        "name": "Place de l'Arlésienne / Rue de la Bonne Plaine",
        "context": "Vitrolles, Bouches-du-Rhône",
        "citycode": "13117",
        "depcode": "13"
      }
    },
    {
      "type": "Feature",
      "geometry": {
        "type": "Point",
        "coordinates": [
          5.281948171,
          43.431922781
        ]
      },
      "properties": {
        "name": "Place de l'Arlésienne / Rue du Midi",
        "context": "Vitrolles, Bouches-du-Rhône",
        "citycode": "13117",
        "depcode": "13"
      }
    },
    {
      "type": "Feature",
      "geometry": {
        "type": "Point",
        "coordinates": [
          5.25238795,
          43.442746024
        ]
      },
      "properties": {
        "name": "Place de la Liberté / Avenue des Salyens",
        "context": "Vitrolles, Bouches-du-Rhône",
        "citycode": "13117",
        "depcode": "13"
      }
    },
    {
      "type": "Feature",
      "geometry": {
        "type": "Point",
        "coordinates": [
          5.2491655,
          43.460105316
        ]
      },
      "properties": {
        "name": "Place de la République / Rue de l'Église",
        "context": "Vitrolles, Bouches-du-Rhône",
        "citycode": "13117",
        "depcode": "13"
      }
    },
    {
      "type": "Feature",
      "geometry": {
        "type": "Point",
        "coordinates": [
          5.277473711,
          43.424012439
        ]
      },
      "properties": {
        "name": "Place de Libertat / Rue de Fontblanche",
        "context": "Vitrolles, Bouches-du-Rhône",
        "citycode": "13117",
        "depcode": "13"
      }
    },
    {
      "type": "Feature",
      "geometry": {
        "type": "Point",
        "coordinates": [
          5.277064888,
          43.423168204
        ]
      },
      "properties": {
        "name": "Place de Libertat / Rue du Maréchal Juin",
        "context": "Vitrolles, Bouches-du-Rhône",
        "citycode": "13117",
        "depcode": "13"
      }
    },
    {
      "type": "Feature",
      "geometry": {
        "type": "Point",
        "coordinates": [
          5.248570464,
          43.447741127
        ]
      },
      "properties": {
        "name": "Place de Provence / Arcades Colonel de Courson",
        "context": "Vitrolles, Bouches-du-Rhône",
        "citycode": "13117",
        "depcode": "13"
      }
    },
    {
      "type": "Feature",
      "geometry": {
        "type": "Point",
        "coordinates": [
          5.240815054,
          43.449885398
        ]
      },
      "properties": {
        "name": "Place du Bachaga / Allée du Caucadis",
        "context": "Vitrolles, Bouches-du-Rhône",
        "citycode": "13117",
        "depcode": "13"
      }
    },
    {
      "type": "Feature",
      "geometry": {
        "type": "Point",
        "coordinates": [
          5.240953804,
          43.44978411
        ]
      },
      "properties": {
        "name": "Place du Bachaga / Avenue de Font Ségugne",
        "context": "Vitrolles, Bouches-du-Rhône",
        "citycode": "13117",
        "depcode": "13"
      }
    },
    {
      "type": "Feature",
      "geometry": {
        "type": "Point",
        "coordinates": [
          5.240572744,
          43.44980504
        ]
      },
      "properties": {
        "name": "Place du Bachaga / Avenue de France",
        "context": "Vitrolles, Bouches-du-Rhône",
        "citycode": "13117",
        "depcode": "13"
      }
    },
    {
      "type": "Feature",
      "geometry": {
        "type": "Point",
        "coordinates": [
          5.240876117,
          43.449608714
        ]
      },
      "properties": {
        "name": "Place du Bachaga / Boulevard Alfred Casile",
        "context": "Vitrolles, Bouches-du-Rhône",
        "citycode": "13117",
        "depcode": "13"
      }
    },
    {
      "type": "Feature",
      "geometry": {
        "type": "Point",
        "coordinates": [
          5.253914413,
          43.447353373
        ]
      },
      "properties": {
        "name": "Place du Cengle / Rue du Sergent Chef Lelièvre",
        "context": "Vitrolles, Bouches-du-Rhône",
        "citycode": "13117",
        "depcode": "13"
      }
    },
    {
      "type": "Feature",
      "geometry": {
        "type": "Point",
        "coordinates": [
          5.24361251,
          43.448783247
        ]
      },
      "properties": {
        "name": "Place du Roy René / Rue du Jujubier",
        "context": "Vitrolles, Bouches-du-Rhône",
        "citycode": "13117",
        "depcode": "13"
      }
    },
    {
      "type": "Feature",
      "geometry": {
        "type": "Point",
        "coordinates": [
          5.251542484,
          43.459276035
        ]
      },
      "properties": {
        "name": "Promenade des Oliviers / Allée Olivier de Serres",
        "context": "Vitrolles, Bouches-du-Rhône",
        "citycode": "13117",
        "depcode": "13"
      }
    },
    {
      "type": "Feature",
      "geometry": {
        "type": "Point",
        "coordinates": [
          5.25185171,
          43.458819624
        ]
      },
      "properties": {
        "name": "Promenade des Oliviers / Chemin de Montvallon",
        "context": "Vitrolles, Bouches-du-Rhône",
        "citycode": "13117",
        "depcode": "13"
      }
    },
    {
      "type": "Feature",
      "geometry": {
        "type": "Point",
        "coordinates": [
          5.284062427,
          43.430537723
        ]
      },
      "properties": {
        "name": "Rampe Cognecoeur / Allée du Campas",
        "context": "Vitrolles, Bouches-du-Rhône",
        "citycode": "13117",
        "depcode": "13"
      }
    },
    {
      "type": "Feature",
      "geometry": {
        "type": "Point",
        "coordinates": [
          5.247833768,
          43.450115946
        ]
      },
      "properties": {
        "name": "Résidence Les Ormaux / Avenue de Font Ségugne",
        "context": "Vitrolles, Bouches-du-Rhône",
        "citycode": "13117",
        "depcode": "13"
      }
    },
    {
      "type": "Feature",
      "geometry": {
        "type": "Point",
        "coordinates": [
          5.271526522,
          43.423886381
        ]
      },
      "properties": {
        "name": "Rond-Point Abbé Pierre / Avenue du 8 Mai 1945",
        "context": "Vitrolles, Bouches-du-Rhône",
        "citycode": "13117",
        "depcode": "13"
      }
    },
    {
      "type": "Feature",
      "geometry": {
        "type": "Point",
        "coordinates": [
          5.271391352,
          43.423893875
        ]
      },
      "properties": {
        "name": "Rond-Point Abbé Pierre / Avenue Rhin-Danube",
        "context": "Vitrolles, Bouches-du-Rhône",
        "citycode": "13117",
        "depcode": "13"
      }
    },
    {
      "type": "Feature",
      "geometry": {
        "type": "Point",
        "coordinates": [
          5.248700317,
          43.446186443
        ]
      },
      "properties": {
        "name": "Rond-Point de la Pierre Plantée / Avenue des Salyens",
        "context": "Vitrolles, Bouches-du-Rhône",
        "citycode": "13117",
        "depcode": "13"
      }
    },
    {
      "type": "Feature",
      "geometry": {
        "type": "Point",
        "coordinates": [
          5.248067187,
          43.446236679
        ]
      },
      "properties": {
        "name": "Rond-Point de la Pierre Plantée / Avenue Victor Gélu",
        "context": "Vitrolles, Bouches-du-Rhône",
        "citycode": "13117",
        "depcode": "13"
      }
    },
    {
      "type": "Feature",
      "geometry": {
        "type": "Point",
        "coordinates": [
          5.248057961,
          43.446518606
        ]
      },
      "properties": {
        "name": "Rond-Point de la Pierre Plantée / Avenue Ytzhak Rabin",
        "context": "Vitrolles, Bouches-du-Rhône",
        "citycode": "13117",
        "depcode": "13"
      }
    },
    {
      "type": "Feature",
      "geometry": {
        "type": "Point",
        "coordinates": [
          5.246006493,
          43.444245026
        ]
      },
      "properties": {
        "name": "Rond-point des Anciens Combattants d'Indochine / Avenue Victor Gélu",
        "context": "Vitrolles, Bouches-du-Rhône",
        "citycode": "13117",
        "depcode": "13"
      }
    },
    {
      "type": "Feature",
      "geometry": {
        "type": "Point",
        "coordinates": [
          5.239379603,
          43.45139763
        ]
      },
      "properties": {
        "name": "Rond-Point du 19 Mars 1962 / Avenue de France",
        "context": "Vitrolles, Bouches-du-Rhône",
        "citycode": "13117",
        "depcode": "13"
      }
    },
    {
      "type": "Feature",
      "geometry": {
        "type": "Point",
        "coordinates": [
          5.239616342,
          43.451431032
        ]
      },
      "properties": {
        "name": "Rond-Point du 19 Mars 1962 / Avenue Jean Moulin",
        "context": "Vitrolles, Bouches-du-Rhône",
        "citycode": "13117",
        "depcode": "13"
      }
    },
    {
      "type": "Feature",
      "geometry": {
        "type": "Point",
        "coordinates": [
          5.239370258,
          43.45124977
        ]
      },
      "properties": {
        "name": "Rond-Point du 19 Mars 1962 / Boulevard Alfred Casile",
        "context": "Vitrolles, Bouches-du-Rhône",
        "citycode": "13117",
        "depcode": "13"
      }
    },
    {
      "type": "Feature",
      "geometry": {
        "type": "Point",
        "coordinates": [
          5.271690425,
          43.427126848
        ]
      },
      "properties": {
        "name": "Rond-Point du XV Corps / Avenue Rhin-Danube",
        "context": "Vitrolles, Bouches-du-Rhône",
        "citycode": "13117",
        "depcode": "13"
      }
    },
    {
      "type": "Feature",
      "geometry": {
        "type": "Point",
        "coordinates": [
          5.269838512,
          43.425833406
        ]
      },
      "properties": {
        "name": "Rond-Point Lazare Ponticelli / Allée des Jardins de Bel Air",
        "context": "Vitrolles, Bouches-du-Rhône",
        "citycode": "13117",
        "depcode": "13"
      }
    },
    {
      "type": "Feature",
      "geometry": {
        "type": "Point",
        "coordinates": [
          5.269751141,
          43.425735423
        ]
      },
      "properties": {
        "name": "Rond-Point Lazare Ponticelli / Rue Bel Air",
        "context": "Vitrolles, Bouches-du-Rhône",
        "citycode": "13117",
        "depcode": "13"
      }
    },
    {
      "type": "Feature",
      "geometry": {
        "type": "Point",
        "coordinates": [
          5.269705954,
          43.425675878
        ]
      },
      "properties": {
        "name": "Rond-Point Lazare Ponticelli / Rue du Bachelier Léopold Béranger",
        "context": "Vitrolles, Bouches-du-Rhône",
        "citycode": "13117",
        "depcode": "13"
      }
    },
    {
      "type": "Feature",
      "geometry": {
        "type": "Point",
        "coordinates": [
          5.272470665,
          43.429763422
        ]
      },
      "properties": {
        "name": "Route de la Seds / Passage Aimé Constant",
        "context": "Vitrolles, Bouches-du-Rhône",
        "citycode": "13117",
        "depcode": "13"
      }
    },
    {
      "type": "Feature",
      "geometry": {
        "type": "Point",
        "coordinates": [
          5.268380909,
          43.430231647
        ]
      },
      "properties": {
        "name": "Route de la Seds / Route nationale de Marseille à Bordeaux N113",
        "context": "Vitrolles, Bouches-du-Rhône",
        "citycode": "13117",
        "depcode": "13"
      }
    },
    {
      "type": "Feature",
      "geometry": {
        "type": "Point",
        "coordinates": [
          5.232974046,
          43.457763975
        ]
      },
      "properties": {
        "name": "Route du Chemin de fer / Chemin de Saint-Bourdon",
        "context": "Vitrolles, Bouches-du-Rhône",
        "citycode": "13117",
        "depcode": "13"
      }
    },
    {
      "type": "Feature",
      "geometry": {
        "type": "Point",
        "coordinates": [
          5.232979702,
          43.457738789
        ]
      },
      "properties": {
        "name": "Route du Chemin de fer / Chemin Théodore Chasseriau",
        "context": "Vitrolles, Bouches-du-Rhône",
        "citycode": "13117",
        "depcode": "13"
      }
    },
    {
      "type": "Feature",
      "geometry": {
        "type": "Point",
        "coordinates": [
          5.266388488,
          43.431175839
        ]
      },
      "properties": {
        "name": "Route nationale de Marseille à Bordeaux N113 / Route de la Seds",
        "context": "Vitrolles, Bouches-du-Rhône",
        "citycode": "13117",
        "depcode": "13"
      }
    },
    {
      "type": "Feature",
      "geometry": {
        "type": "Point",
        "coordinates": [
          5.260859203,
          43.43847741
        ]
      },
      "properties": {
        "name": "Rue Adam de Crapone / Allée Olivier de Serres",
        "context": "Vitrolles, Bouches-du-Rhône",
        "citycode": "13117",
        "depcode": "13"
      }
    },
    {
      "type": "Feature",
      "geometry": {
        "type": "Point",
        "coordinates": [
          5.260703021,
          43.438335859
        ]
      },
      "properties": {
        "name": "Rue Adam de Crapone / Rue Mayer de Montricher",
        "context": "Vitrolles, Bouches-du-Rhône",
        "citycode": "13117",
        "depcode": "13"
      }
    },
    {
      "type": "Feature",
      "geometry": {
        "type": "Point",
        "coordinates": [
          5.251746565,
          43.444089035
        ]
      },
      "properties": {
        "name": "Rue Adolphe Monticelli / Avenue des Salyens",
        "context": "Vitrolles, Bouches-du-Rhône",
        "citycode": "13117",
        "depcode": "13"
      }
    },
    {
      "type": "Feature",
      "geometry": {
        "type": "Point",
        "coordinates": [
          5.239365397,
          43.457801634
        ]
      },
      "properties": {
        "name": "Rue André Campra / Rue Charles Gounod",
        "context": "Vitrolles, Bouches-du-Rhône",
        "citycode": "13117",
        "depcode": "13"
      }
    },
    {
      "type": "Feature",
      "geometry": {
        "type": "Point",
        "coordinates": [
          5.240884491,
          43.458416162
        ]
      },
      "properties": {
        "name": "Rue André Campra / Rue Georges Bizet",
        "context": "Vitrolles, Bouches-du-Rhône",
        "citycode": "13117",
        "depcode": "13"
      }
    },
    {
      "type": "Feature",
      "geometry": {
        "type": "Point",
        "coordinates": [
          5.255924276,
          43.438636375
        ]
      },
      "properties": {
        "name": "Rue Antoine Biancardini / Boulevard Denis Padovani N113",
        "context": "Vitrolles, Bouches-du-Rhône",
        "citycode": "13117",
        "depcode": "13"
      }
    },
    {
      "type": "Feature",
      "geometry": {
        "type": "Point",
        "coordinates": [
          5.254981383,
          43.438371306
        ]
      },
      "properties": {
        "name": "Rue Antoine Biancardini / Rue Gérard Toulon",
        "context": "Vitrolles, Bouches-du-Rhône",
        "citycode": "13117",
        "depcode": "13"
      }
    },
    {
      "type": "Feature",
      "geometry": {
        "type": "Point",
        "coordinates": [
          5.241550266,
          43.465661271
        ]
      },
      "properties": {
        "name": "Rue Antoine Blaise Crousillat / Impasse Antoine Blaise Croustillat",
        "context": "Vitrolles, Bouches-du-Rhône",
        "citycode": "13117",
        "depcode": "13"
      }
    },
    {
      "type": "Feature",
      "geometry": {
        "type": "Point",
        "coordinates": [
          5.273386602,
          43.427500073
        ]
      },
      "properties": {
        "name": "Rue Antoine Bourdelle / Impasse Jean Vezien",
        "context": "Vitrolles, Bouches-du-Rhône",
        "citycode": "13117",
        "depcode": "13"
      }
    },
    {
      "type": "Feature",
      "geometry": {
        "type": "Point",
        "coordinates": [
          5.269898223,
          43.425854855
        ]
      },
      "properties": {
        "name": "Rue Bel Air / Allée des Jardins de Bel Air",
        "context": "Vitrolles, Bouches-du-Rhône",
        "citycode": "13117",
        "depcode": "13"
      }
    },
    {
      "type": "Feature",
      "geometry": {
        "type": "Point",
        "coordinates": [
          5.272216576,
          43.426282501
        ]
      },
      "properties": {
        "name": "Rue Bel Air / Avenue Rhin-Danube",
        "context": "Vitrolles, Bouches-du-Rhône",
        "citycode": "13117",
        "depcode": "13"
      }
    },
    {
      "type": "Feature",
      "geometry": {
        "type": "Point",
        "coordinates": [
          5.267327588,
          43.42612283
        ]
      },
      "properties": {
        "name": "Rue Bel Air / Chemin de la Source",
        "context": "Vitrolles, Bouches-du-Rhône",
        "citycode": "13117",
        "depcode": "13"
      }
    },
    {
      "type": "Feature",
      "geometry": {
        "type": "Point",
        "coordinates": [
          5.269112758,
          43.425815054
        ]
      },
      "properties": {
        "name": "Rue Bel Air / Chemin de la Tuilière",
        "context": "Vitrolles, Bouches-du-Rhône",
        "citycode": "13117",
        "depcode": "13"
      }
    },
    {
      "type": "Feature",
      "geometry": {
        "type": "Point",
        "coordinates": [
          5.267322642,
          43.426133904
        ]
      },
      "properties": {
        "name": "Rue Bel Air / Impasse Bel Air",
        "context": "Vitrolles, Bouches-du-Rhône",
        "citycode": "13117",
        "depcode": "13"
      }
    },
    {
      "type": "Feature",
      "geometry": {
        "type": "Point",
        "coordinates": [
          5.269903931,
          43.425798421
        ]
      },
      "properties": {
        "name": "Rue Bel Air / Rond-Point Lazare Ponticelli",
        "context": "Vitrolles, Bouches-du-Rhône",
        "citycode": "13117",
        "depcode": "13"
      }
    },
    {
      "type": "Feature",
      "geometry": {
        "type": "Point",
        "coordinates": [
          5.272233598,
          43.426289205
        ]
      },
      "properties": {
        "name": "Rue Bel Air / Rue des Frères Carli",
        "context": "Vitrolles, Bouches-du-Rhône",
        "citycode": "13117",
        "depcode": "13"
      }
    },
    {
      "type": "Feature",
      "geometry": {
        "type": "Point",
        "coordinates": [
          5.269512521,
          43.425743057
        ]
      },
      "properties": {
        "name": "Rue Bel Air / Rue du Bachelier Léopold Béranger",
        "context": "Vitrolles, Bouches-du-Rhône",
        "citycode": "13117",
        "depcode": "13"
      }
    },
    {
      "type": "Feature",
      "geometry": {
        "type": "Point",
        "coordinates": [
          5.28337072,
          43.422218612
        ]
      },
      "properties": {
        "name": "Rue Boris Vian / Impasse Ernest Reyer",
        "context": "Vitrolles, Bouches-du-Rhône",
        "citycode": "13117",
        "depcode": "13"
      }
    },
    {
      "type": "Feature",
      "geometry": {
        "type": "Point",
        "coordinates": [
          5.282570948,
          43.421942808
        ]
      },
      "properties": {
        "name": "Rue Boris Vian / Impasse Fernand Sardou",
        "context": "Vitrolles, Bouches-du-Rhône",
        "citycode": "13117",
        "depcode": "13"
      }
    },
    {
      "type": "Feature",
      "geometry": {
        "type": "Point",
        "coordinates": [
          5.282804281,
          43.422168099
        ]
      },
      "properties": {
        "name": "Rue Boris Vian / Impasse François Vidal",
        "context": "Vitrolles, Bouches-du-Rhône",
        "citycode": "13117",
        "depcode": "13"
      }
    },
    {
      "type": "Feature",
      "geometry": {
        "type": "Point",
        "coordinates": [
          5.238973448,
          43.458316389
        ]
      },
      "properties": {
        "name": "Rue Charles Gounod / Rue Nicolas Saboly",
        "context": "Vitrolles, Bouches-du-Rhône",
        "citycode": "13117",
        "depcode": "13"
      }
    },
    {
      "type": "Feature",
      "geometry": {
        "type": "Point",
        "coordinates": [
          5.276517591,
          43.423912299
        ]
      },
      "properties": {
        "name": "Rue Christian Huygens / Impasse du Caporal Chef Lopez",
        "context": "Vitrolles, Bouches-du-Rhône",
        "citycode": "13117",
        "depcode": "13"
      }
    },
    {
      "type": "Feature",
      "geometry": {
        "type": "Point",
        "coordinates": [
          5.27703634,
          43.423166336
        ]
      },
      "properties": {
        "name": "Rue Christian Huygens / Place de Libertat",
        "context": "Vitrolles, Bouches-du-Rhône",
        "citycode": "13117",
        "depcode": "13"
      }
    },
    {
      "type": "Feature",
      "geometry": {
        "type": "Point",
        "coordinates": [
          5.277041996,
          43.423157794
        ]
      },
      "properties": {
        "name": "Rue Christian Huygens / Rue du Maréchal Juin",
        "context": "Vitrolles, Bouches-du-Rhône",
        "citycode": "13117",
        "depcode": "13"
      }
    },
    {
      "type": "Feature",
      "geometry": {
        "type": "Point",
        "coordinates": [
          5.240718203,
          43.465622129
        ]
      },
      "properties": {
        "name": "Rue Clovis Hugues / Impasse Antoine Blaise Croustillat",
        "context": "Vitrolles, Bouches-du-Rhône",
        "citycode": "13117",
        "depcode": "13"
      }
    },
    {
      "type": "Feature",
      "geometry": {
        "type": "Point",
        "coordinates": [
          5.241895099,
          43.466151597
        ]
      },
      "properties": {
        "name": "Rue Clovis Hugues / Impasse de Ménerbes",
        "context": "Vitrolles, Bouches-du-Rhône",
        "citycode": "13117",
        "depcode": "13"
      }
    },
    {
      "type": "Feature",
      "geometry": {
        "type": "Point",
        "coordinates": [
          5.240351473,
          43.440668139
        ]
      },
      "properties": {
        "name": "Rue d'Athènes / Avenue de Rome",
        "context": "Vitrolles, Bouches-du-Rhône",
        "citycode": "13117",
        "depcode": "13"
      }
    },
    {
      "type": "Feature",
      "geometry": {
        "type": "Point",
        "coordinates": [
          5.239897149,
          43.433997828
        ]
      },
      "properties": {
        "name": "Rue d'Athènes / Rue de Stockholm",
        "context": "Vitrolles, Bouches-du-Rhône",
        "citycode": "13117",
        "depcode": "13"
      }
    },
    {
      "type": "Feature",
      "geometry": {
        "type": "Point",
        "coordinates": [
          5.24522333,
          43.44807743
        ]
      },
      "properties": {
        "name": "Rue d'Entremont / Rue du Pommier",
        "context": "Vitrolles, Bouches-du-Rhône",
        "citycode": "13117",
        "depcode": "13"
      }
    },
    {
      "type": "Feature",
      "geometry": {
        "type": "Point",
        "coordinates": [
          5.242371146,
          43.460838941
        ]
      },
      "properties": {
        "name": "Rue Darius Mihaud / Avenue Morfelden-Waldorf",
        "context": "Vitrolles, Bouches-du-Rhône",
        "citycode": "13117",
        "depcode": "13"
      }
    },
    {
      "type": "Feature",
      "geometry": {
        "type": "Point",
        "coordinates": [
          5.234098724,
          43.453630804
        ]
      },
      "properties": {
        "name": "Rue de Beaulieu / Chemin du Lion",
        "context": "Vitrolles, Bouches-du-Rhône",
        "citycode": "13117",
        "depcode": "13"
      }
    },
    {
      "type": "Feature",
      "geometry": {
        "type": "Point",
        "coordinates": [
          5.25567438,
          43.424931259
        ]
      },
      "properties": {
        "name": "Rue de Dublin / Rue de Berlin",
        "context": "Vitrolles, Bouches-du-Rhône",
        "citycode": "13117",
        "depcode": "13"
      }
    },
    {
      "type": "Feature",
      "geometry": {
        "type": "Point",
        "coordinates": [
          5.281457166,
          43.42260622
        ]
      },
      "properties": {
        "name": "Rue de Fontblanche / Allée des Seigles",
        "context": "Vitrolles, Bouches-du-Rhône",
        "citycode": "13117",
        "depcode": "13"
      }
    },
    {
      "type": "Feature",
      "geometry": {
        "type": "Point",
        "coordinates": [
          5.284159446,
          43.42365348
        ]
      },
      "properties": {
        "name": "Rue de Fontblanche / Avenue Jean Monnet",
        "context": "Vitrolles, Bouches-du-Rhône",
        "citycode": "13117",
        "depcode": "13"
      }
    },
    {
      "type": "Feature",
      "geometry": {
        "type": "Point",
        "coordinates": [
          5.278017471,
          43.423568906
        ]
      },
      "properties": {
        "name": "Rue de Fontblanche / Rue de l'Escadrille Normandie-Niemen",
        "context": "Vitrolles, Bouches-du-Rhône",
        "citycode": "13117",
        "depcode": "13"
      }
    },
    {
      "type": "Feature",
      "geometry": {
        "type": "Point",
        "coordinates": [
          5.258273499,
          43.438112959
        ]
      },
      "properties": {
        "name": "Rue de l'Amélie / Rue Georges Buffon",
        "context": "Vitrolles, Bouches-du-Rhône",
        "citycode": "13117",
        "depcode": "13"
      }
    },
    {
      "type": "Feature",
      "geometry": {
        "type": "Point",
        "coordinates": [
          5.25806441,
          43.438679003
        ]
      },
      "properties": {
        "name": "Rue de l'Amélie / Rue Jean Althen",
        "context": "Vitrolles, Bouches-du-Rhône",
        "citycode": "13117",
        "depcode": "13"
      }
    },
    {
      "type": "Feature",
      "geometry": {
        "type": "Point",
        "coordinates": [
          5.246610523,
          43.45975788
        ]
      },
      "properties": {
        "name": "Rue de l'Anglais / Allée de la Farandole",
        "context": "Vitrolles, Bouches-du-Rhône",
        "citycode": "13117",
        "depcode": "13"
      }
    },
    {
      "type": "Feature",
      "geometry": {
        "type": "Point",
        "coordinates": [
          5.248484045,
          43.460143255
        ]
      },
      "properties": {
        "name": "Rue de l'Anglais / Rue de l'Église",
        "context": "Vitrolles, Bouches-du-Rhône",
        "citycode": "13117",
        "depcode": "13"
      }
    },
    {
      "type": "Feature",
      "geometry": {
        "type": "Point",
        "coordinates": [
          5.248450301,
          43.460156967
        ]
      },
      "properties": {
        "name": "Rue de l'Anglais / Rue du Soleil",
        "context": "Vitrolles, Bouches-du-Rhône",
        "citycode": "13117",
        "depcode": "13"
      }
    },
    {
      "type": "Feature",
      "geometry": {
        "type": "Point",
        "coordinates": [
          5.239585664,
          43.463480286
        ]
      },
      "properties": {
        "name": "Rue de l'Aquilon / Allée du Fouis",
        "context": "Vitrolles, Bouches-du-Rhône",
        "citycode": "13117",
        "depcode": "13"
      }
    },
    {
      "type": "Feature",
      "geometry": {
        "type": "Point",
        "coordinates": [
          5.239180493,
          43.463602589
        ]
      },
      "properties": {
        "name": "Rue de l'Aquilon / Rue du Cers",
        "context": "Vitrolles, Bouches-du-Rhône",
        "citycode": "13117",
        "depcode": "13"
      }
    },
    {
      "type": "Feature",
      "geometry": {
        "type": "Point",
        "coordinates": [
          5.239191266,
          43.464105082
        ]
      },
      "properties": {
        "name": "Rue de l'Aquilon / Rue du Vent Blanc",
        "context": "Vitrolles, Bouches-du-Rhône",
        "citycode": "13117",
        "depcode": "13"
      }
    },
    {
      "type": "Feature",
      "geometry": {
        "type": "Point",
        "coordinates": [
          5.272495822,
          43.422300657
        ]
      },
      "properties": {
        "name": "Rue de l'Argile / Rue du Kaolin",
        "context": "Vitrolles, Bouches-du-Rhône",
        "citycode": "13117",
        "depcode": "13"
      }
    },
    {
      "type": "Feature",
      "geometry": {
        "type": "Point",
        "coordinates": [
          5.248901299,
          43.459644367
        ]
      },
      "properties": {
        "name": "Rue de l'Armistice / Impasse de la Roquette",
        "context": "Vitrolles, Bouches-du-Rhône",
        "citycode": "13117",
        "depcode": "13"
      }
    },
    {
      "type": "Feature",
      "geometry": {
        "type": "Point",
        "coordinates": [
          5.248447801,
          43.460095492
        ]
      },
      "properties": {
        "name": "Rue de l'Armistice / Rue de l'Anglais",
        "context": "Vitrolles, Bouches-du-Rhône",
        "citycode": "13117",
        "depcode": "13"
      }
    },
    {
      "type": "Feature",
      "geometry": {
        "type": "Point",
        "coordinates": [
          5.24849558,
          43.460189866
        ]
      },
      "properties": {
        "name": "Rue de l'Armistice / Rue de l'Église",
        "context": "Vitrolles, Bouches-du-Rhône",
        "citycode": "13117",
        "depcode": "13"
      }
    },
    {
      "type": "Feature",
      "geometry": {
        "type": "Point",
        "coordinates": [
          5.248479979,
          43.4602032
        ]
      },
      "properties": {
        "name": "Rue de l'Armistice / Rue du Soleil",
        "context": "Vitrolles, Bouches-du-Rhône",
        "citycode": "13117",
        "depcode": "13"
      }
    },
    {
      "type": "Feature",
      "geometry": {
        "type": "Point",
        "coordinates": [
          5.249038613,
          43.45964537
        ]
      },
      "properties": {
        "name": "Rue de l'Armistice / Rue Jean Jaurès",
        "context": "Vitrolles, Bouches-du-Rhône",
        "citycode": "13117",
        "depcode": "13"
      }
    },
    {
      "type": "Feature",
      "geometry": {
        "type": "Point",
        "coordinates": [
          5.248483572,
          43.460204296
        ]
      },
      "properties": {
        "name": "Rue de l'Église / Rue du Soleil",
        "context": "Vitrolles, Bouches-du-Rhône",
        "citycode": "13117",
        "depcode": "13"
      }
    },
    {
      "type": "Feature",
      "geometry": {
        "type": "Point",
        "coordinates": [
          5.280748443,
          43.42521965
        ]
      },
      "properties": {
        "name": "Rue de l'Escadrille Normandie-Niemen / Allée des Poilus",
        "context": "Vitrolles, Bouches-du-Rhône",
        "citycode": "13117",
        "depcode": "13"
      }
    },
    {
      "type": "Feature",
      "geometry": {
        "type": "Point",
        "coordinates": [
          5.279482599,
          43.425491016
        ]
      },
      "properties": {
        "name": "Rue de l'Escadrille Normandie-Niemen / Allée Philippe de Brocard",
        "context": "Vitrolles, Bouches-du-Rhône",
        "citycode": "13117",
        "depcode": "13"
      }
    },
    {
      "type": "Feature",
      "geometry": {
        "type": "Point",
        "coordinates": [
          5.237299067,
          43.463006567
        ]
      },
      "properties": {
        "name": "Rue de la Bise / Allée du Cisampe",
        "context": "Vitrolles, Bouches-du-Rhône",
        "citycode": "13117",
        "depcode": "13"
      }
    },
    {
      "type": "Feature",
      "geometry": {
        "type": "Point",
        "coordinates": [
          5.236906508,
          43.463938571
        ]
      },
      "properties": {
        "name": "Rue de la Bise / Impasse du Marin Blanc",
        "context": "Vitrolles, Bouches-du-Rhône",
        "citycode": "13117",
        "depcode": "13"
      }
    },
    {
      "type": "Feature",
      "geometry": {
        "type": "Point",
        "coordinates": [
          5.238402786,
          43.464997872
        ]
      },
      "properties": {
        "name": "Rue de la Bise / Rue des Santonniers",
        "context": "Vitrolles, Bouches-du-Rhône",
        "citycode": "13117",
        "depcode": "13"
      }
    },
    {
      "type": "Feature",
      "geometry": {
        "type": "Point",
        "coordinates": [
          5.238397822,
          43.465008093
        ]
      },
      "properties": {
        "name": "Rue de la Bise / Rue des Tambourinières",
        "context": "Vitrolles, Bouches-du-Rhône",
        "citycode": "13117",
        "depcode": "13"
      }
    },
    {
      "type": "Feature",
      "geometry": {
        "type": "Point",
        "coordinates": [
          5.236941923,
          43.464413379
        ]
      },
      "properties": {
        "name": "Rue de la Bise / Rue du Vent Blanc",
        "context": "Vitrolles, Bouches-du-Rhône",
        "citycode": "13117",
        "depcode": "13"
      }
    },
    {
      "type": "Feature",
      "geometry": {
        "type": "Point",
        "coordinates": [
          5.281492366,
          43.432481203
        ]
      },
      "properties": {
        "name": "Rue de la Bonne Plaine / Place Cantoperdrix",
        "context": "Vitrolles, Bouches-du-Rhône",
        "citycode": "13117",
        "depcode": "13"
      }
    },
    {
      "type": "Feature",
      "geometry": {
        "type": "Point",
        "coordinates": [
          5.281685713,
          43.431833309
        ]
      },
      "properties": {
        "name": "Rue de la Bonne Plaine / Place de l'Arlésienne",
        "context": "Vitrolles, Bouches-du-Rhône",
        "citycode": "13117",
        "depcode": "13"
      }
    },
    {
      "type": "Feature",
      "geometry": {
        "type": "Point",
        "coordinates": [
          5.281703489,
          43.432257656
        ]
      },
      "properties": {
        "name": "Rue de la Bonne Plaine / Rue du Couchant",
        "context": "Vitrolles, Bouches-du-Rhône",
        "citycode": "13117",
        "depcode": "13"
      }
    },
    {
      "type": "Feature",
      "geometry": {
        "type": "Point",
        "coordinates": [
          5.272295533,
          43.422943753
        ]
      },
      "properties": {
        "name": "Rue de la Briquetterie / Rue de l'Argile",
        "context": "Vitrolles, Bouches-du-Rhône",
        "citycode": "13117",
        "depcode": "13"
      }
    },
    {
      "type": "Feature",
      "geometry": {
        "type": "Point",
        "coordinates": [
          5.280770179,
          43.425219024
        ]
      },
      "properties": {
        "name": "Rue de la Fenaison / Allée des Poilus",
        "context": "Vitrolles, Bouches-du-Rhône",
        "citycode": "13117",
        "depcode": "13"
      }
    },
    {
      "type": "Feature",
      "geometry": {
        "type": "Point",
        "coordinates": [
          5.281212127,
          43.42560739
        ]
      },
      "properties": {
        "name": "Rue de la Fenaison / Avenue Jean Monnet",
        "context": "Vitrolles, Bouches-du-Rhône",
        "citycode": "13117",
        "depcode": "13"
      }
    },
    {
      "type": "Feature",
      "geometry": {
        "type": "Point",
        "coordinates": [
          5.280788518,
          43.425219198
        ]
      },
      "properties": {
        "name": "Rue de la Fenaison / Avenue Maréchal de Lattre de Tassigny",
        "context": "Vitrolles, Bouches-du-Rhône",
        "citycode": "13117",
        "depcode": "13"
      }
    },
    {
      "type": "Feature",
      "geometry": {
        "type": "Point",
        "coordinates": [
          5.280770017,
          43.425225401
        ]
      },
      "properties": {
        "name": "Rue de la Fenaison / Rue de l'Escadrille Normandie-Niemen",
        "context": "Vitrolles, Bouches-du-Rhône",
        "citycode": "13117",
        "depcode": "13"
      }
    },
    {
      "type": "Feature",
      "geometry": {
        "type": "Point",
        "coordinates": [
          5.282577145,
          43.431279804
        ]
      },
      "properties": {
        "name": "Rue de la Fille du Puisatier / Allée de la Panaou",
        "context": "Vitrolles, Bouches-du-Rhône",
        "citycode": "13117",
        "depcode": "13"
      }
    },
    {
      "type": "Feature",
      "geometry": {
        "type": "Point",
        "coordinates": [
          5.284133942,
          43.432158733
        ]
      },
      "properties": {
        "name": "Rue de la Fille du Puisatier / Boulevard Marcel Pagnol",
        "context": "Vitrolles, Bouches-du-Rhône",
        "citycode": "13117",
        "depcode": "13"
      }
    },
    {
      "type": "Feature",
      "geometry": {
        "type": "Point",
        "coordinates": [
          5.282413319,
          43.431186284
        ]
      },
      "properties": {
        "name": "Rue de la Fille du Puisatier / Rue de la Bonne Plaine",
        "context": "Vitrolles, Bouches-du-Rhône",
        "citycode": "13117",
        "depcode": "13"
      }
    },
    {
      "type": "Feature",
      "geometry": {
        "type": "Point",
        "coordinates": [
          5.283219594,
          43.43190238
        ]
      },
      "properties": {
        "name": "Rue de la Fille du Puisatier / Rue des Sophoras",
        "context": "Vitrolles, Bouches-du-Rhône",
        "citycode": "13117",
        "depcode": "13"
      }
    },
    {
      "type": "Feature",
      "geometry": {
        "type": "Point",
        "coordinates": [
          5.282790756,
          43.431503712
        ]
      },
      "properties": {
        "name": "Rue de la Fille du Puisatier / Rue du Midi",
        "context": "Vitrolles, Bouches-du-Rhône",
        "citycode": "13117",
        "depcode": "13"
      }
    },
    {
      "type": "Feature",
      "geometry": {
        "type": "Point",
        "coordinates": [
          5.282971045,
          43.431669892
        ]
      },
      "properties": {
        "name": "Rue de la Fille du Puisatier / Traverse de l'Esquirou",
        "context": "Vitrolles, Bouches-du-Rhône",
        "citycode": "13117",
        "depcode": "13"
      }
    },
    {
      "type": "Feature",
      "geometry": {
        "type": "Point",
        "coordinates": [
          5.290448392,
          43.422507303
        ]
      },
      "properties": {
        "name": "Rue de la Magnanerie / Rue des Oulières",
        "context": "Vitrolles, Bouches-du-Rhône",
        "citycode": "13117",
        "depcode": "13"
      }
    },
    {
      "type": "Feature",
      "geometry": {
        "type": "Point",
        "coordinates": [
          5.290043032,
          43.423219111
        ]
      },
      "properties": {
        "name": "Rue de la Magnanerie / Rue du Jas",
        "context": "Vitrolles, Bouches-du-Rhône",
        "citycode": "13117",
        "depcode": "13"
      }
    },
    {
      "type": "Feature",
      "geometry": {
        "type": "Point",
        "coordinates": [
          5.249376359,
          43.46013564
        ]
      },
      "properties": {
        "name": "Rue de la Paix / Place de la République",
        "context": "Vitrolles, Bouches-du-Rhône",
        "citycode": "13117",
        "depcode": "13"
      }
    },
    {
      "type": "Feature",
      "geometry": {
        "type": "Point",
        "coordinates": [
          5.249241841,
          43.461592413
        ]
      },
      "properties": {
        "name": "Rue de la Paix Prolongée / Rue de la Paix",
        "context": "Vitrolles, Bouches-du-Rhône",
        "citycode": "13117",
        "depcode": "13"
      }
    },
    {
      "type": "Feature",
      "geometry": {
        "type": "Point",
        "coordinates": [
          5.249425759,
          43.458597426
        ]
      },
      "properties": {
        "name": "Rue de la Poste / Avenue Camille Pelletan",
        "context": "Vitrolles, Bouches-du-Rhône",
        "citycode": "13117",
        "depcode": "13"
      }
    },
    {
      "type": "Feature",
      "geometry": {
        "type": "Point",
        "coordinates": [
          5.248769932,
          43.458621148
        ]
      },
      "properties": {
        "name": "Rue de la Poste / Rue Jean Jaurès",
        "context": "Vitrolles, Bouches-du-Rhône",
        "citycode": "13117",
        "depcode": "13"
      }
    },
    {
      "type": "Feature",
      "geometry": {
        "type": "Point",
        "coordinates": [
          5.245275934,
          43.461294378
        ]
      },
      "properties": {
        "name": "Rue de la Reine Jeanne / Chemin du Pré Bataille",
        "context": "Vitrolles, Bouches-du-Rhône",
        "citycode": "13117",
        "depcode": "13"
      }
    },
    {
      "type": "Feature",
      "geometry": {
        "type": "Point",
        "coordinates": [
          5.243946515,
          43.461426145
        ]
      },
      "properties": {
        "name": "Rue de la Reine Jeanne / Résidence du Rocher",
        "context": "Vitrolles, Bouches-du-Rhône",
        "citycode": "13117",
        "depcode": "13"
      }
    },
    {
      "type": "Feature",
      "geometry": {
        "type": "Point",
        "coordinates": [
          5.247679669,
          43.461151401
        ]
      },
      "properties": {
        "name": "Rue de la Reine Jeanne / Rue du Soleil",
        "context": "Vitrolles, Bouches-du-Rhône",
        "citycode": "13117",
        "depcode": "13"
      }
    },
    {
      "type": "Feature",
      "geometry": {
        "type": "Point",
        "coordinates": [
          5.245189416,
          43.461367189
        ]
      },
      "properties": {
        "name": "Rue de la Reine Jeanne / Rue François de Baux",
        "context": "Vitrolles, Bouches-du-Rhône",
        "citycode": "13117",
        "depcode": "13"
      }
    },
    {
      "type": "Feature",
      "geometry": {
        "type": "Point",
        "coordinates": [
          5.249341385,
          43.460657381
        ]
      },
      "properties": {
        "name": "Rue de la Tour / Rue de Roquevaire",
        "context": "Vitrolles, Bouches-du-Rhône",
        "citycode": "13117",
        "depcode": "13"
      }
    },
    {
      "type": "Feature",
      "geometry": {
        "type": "Point",
        "coordinates": [
          5.289600622,
          43.422797309
        ]
      },
      "properties": {
        "name": "Rue de la Transhumance / Rue du Jas",
        "context": "Vitrolles, Bouches-du-Rhône",
        "citycode": "13117",
        "depcode": "13"
      }
    },
    {
      "type": "Feature",
      "geometry": {
        "type": "Point",
        "coordinates": [
          5.246786459,
          43.427330703
        ]
      },
      "properties": {
        "name": "Rue de Lisbonne / Avenue de Bruxelles",
        "context": "Vitrolles, Bouches-du-Rhône",
        "citycode": "13117",
        "depcode": "13"
      }
    },
    {
      "type": "Feature",
      "geometry": {
        "type": "Point",
        "coordinates": [
          5.250561319,
          43.42497429
        ]
      },
      "properties": {
        "name": "Rue de Madrid / Boulevard de l'Europe",
        "context": "Vitrolles, Bouches-du-Rhône",
        "citycode": "13117",
        "depcode": "13"
      }
    },
    {
      "type": "Feature",
      "geometry": {
        "type": "Point",
        "coordinates": [
          5.2549676,
          43.426171948
        ]
      },
      "properties": {
        "name": "Rue de Madrid / Rue de Dublin",
        "context": "Vitrolles, Bouches-du-Rhône",
        "citycode": "13117",
        "depcode": "13"
      }
    },
    {
      "type": "Feature",
      "geometry": {
        "type": "Point",
        "coordinates": [
          5.248361815,
          43.460911445
        ]
      },
      "properties": {
        "name": "Rue de Roquevaire / Montée du Rocher",
        "context": "Vitrolles, Bouches-du-Rhône",
        "citycode": "13117",
        "depcode": "13"
      }
    },
    {
      "type": "Feature",
      "geometry": {
        "type": "Point",
        "coordinates": [
          5.248066428,
          43.460800258
        ]
      },
      "properties": {
        "name": "Rue de Roquevaire / Rue du Portalet",
        "context": "Vitrolles, Bouches-du-Rhône",
        "citycode": "13117",
        "depcode": "13"
      }
    },
    {
      "type": "Feature",
      "geometry": {
        "type": "Point",
        "coordinates": [
          5.242403267,
          43.43436111
        ]
      },
      "properties": {
        "name": "Rue de Stockholm / Boulevard de l'Europe",
        "context": "Vitrolles, Bouches-du-Rhône",
        "citycode": "13117",
        "depcode": "13"
      }
    },
    {
      "type": "Feature",
      "geometry": {
        "type": "Point",
        "coordinates": [
          5.243594349,
          43.451016075
        ]
      },
      "properties": {
        "name": "Rue des Caucaires / Allée Chantecler",
        "context": "Vitrolles, Bouches-du-Rhône",
        "citycode": "13117",
        "depcode": "13"
      }
    },
    {
      "type": "Feature",
      "geometry": {
        "type": "Point",
        "coordinates": [
          5.243534009,
          43.450909192
        ]
      },
      "properties": {
        "name": "Rue des Caucaires / Allées de la Noria",
        "context": "Vitrolles, Bouches-du-Rhône",
        "citycode": "13117",
        "depcode": "13"
      }
    },
    {
      "type": "Feature",
      "geometry": {
        "type": "Point",
        "coordinates": [
          5.243236943,
          43.449895833
        ]
      },
      "properties": {
        "name": "Rue des Caucaires / Avenue de Font Ségugne",
        "context": "Vitrolles, Bouches-du-Rhône",
        "citycode": "13117",
        "depcode": "13"
      }
    },
    {
      "type": "Feature",
      "geometry": {
        "type": "Point",
        "coordinates": [
          5.243147581,
          43.450097506
        ]
      },
      "properties": {
        "name": "Rue des Caucaires / Rue du Clair Soleil",
        "context": "Vitrolles, Bouches-du-Rhône",
        "citycode": "13117",
        "depcode": "13"
      }
    },
    {
      "type": "Feature",
      "geometry": {
        "type": "Point",
        "coordinates": [
          5.24325245,
          43.449847351
        ]
      },
      "properties": {
        "name": "Rue des Caucaires / Rue du Roy René",
        "context": "Vitrolles, Bouches-du-Rhône",
        "citycode": "13117",
        "depcode": "13"
      }
    },
    {
      "type": "Feature",
      "geometry": {
        "type": "Point",
        "coordinates": [
          5.289672987,
          43.423112312
        ]
      },
      "properties": {
        "name": "Rue des Clarines / Rue du Jas",
        "context": "Vitrolles, Bouches-du-Rhône",
        "citycode": "13117",
        "depcode": "13"
      }
    },
    {
      "type": "Feature",
      "geometry": {
        "type": "Point",
        "coordinates": [
          5.247615248,
          43.458169183
        ]
      },
      "properties": {
        "name": "Rue des Écoles / Rue du Félibrige",
        "context": "Vitrolles, Bouches-du-Rhône",
        "citycode": "13117",
        "depcode": "13"
      }
    },
    {
      "type": "Feature",
      "geometry": {
        "type": "Point",
        "coordinates": [
          5.273280853,
          43.426762206
        ]
      },
      "properties": {
        "name": "Rue des Frères Carli / Allée François Rude",
        "context": "Vitrolles, Bouches-du-Rhône",
        "citycode": "13117",
        "depcode": "13"
      }
    },
    {
      "type": "Feature",
      "geometry": {
        "type": "Point",
        "coordinates": [
          5.273399442,
          43.426947013
        ]
      },
      "properties": {
        "name": "Rue des Frères Carli / Allée Jean Antoine Houdon",
        "context": "Vitrolles, Bouches-du-Rhône",
        "citycode": "13117",
        "depcode": "13"
      }
    },
    {
      "type": "Feature",
      "geometry": {
        "type": "Point",
        "coordinates": [
          5.272247658,
          43.426295512
        ]
      },
      "properties": {
        "name": "Rue des Frères Carli / Avenue Rhin-Danube",
        "context": "Vitrolles, Bouches-du-Rhône",
        "citycode": "13117",
        "depcode": "13"
      }
    },
    {
      "type": "Feature",
      "geometry": {
        "type": "Point",
        "coordinates": [
          5.273538394,
          43.427133315
        ]
      },
      "properties": {
        "name": "Rue des Frères Carli / Rue Antoine Bourdelle",
        "context": "Vitrolles, Bouches-du-Rhône",
        "citycode": "13117",
        "depcode": "13"
      }
    },
    {
      "type": "Feature",
      "geometry": {
        "type": "Point",
        "coordinates": [
          5.272845107,
          43.426479957
        ]
      },
      "properties": {
        "name": "Rue des Frères Carli / Rue Jean Goujon",
        "context": "Vitrolles, Bouches-du-Rhône",
        "citycode": "13117",
        "depcode": "13"
      }
    },
    {
      "type": "Feature",
      "geometry": {
        "type": "Point",
        "coordinates": [
          5.24357991,
          43.451822628
        ]
      },
      "properties": {
        "name": "Rue des Gerbiers / Allée des Musardises",
        "context": "Vitrolles, Bouches-du-Rhône",
        "citycode": "13117",
        "depcode": "13"
      }
    },
    {
      "type": "Feature",
      "geometry": {
        "type": "Point",
        "coordinates": [
          5.241542029,
          43.45283785
        ]
      },
      "properties": {
        "name": "Rue des Gerbiers / Avenue Jean Moulin",
        "context": "Vitrolles, Bouches-du-Rhône",
        "citycode": "13117",
        "depcode": "13"
      }
    },
    {
      "type": "Feature",
      "geometry": {
        "type": "Point",
        "coordinates": [
          5.242413894,
          43.452413288
        ]
      },
      "properties": {
        "name": "Rue des Gerbiers / Impasse de la Tarare",
        "context": "Vitrolles, Bouches-du-Rhône",
        "citycode": "13117",
        "depcode": "13"
      }
    },
    {
      "type": "Feature",
      "geometry": {
        "type": "Point",
        "coordinates": [
          5.292016979,
          43.421264374
        ]
      },
      "properties": {
        "name": "Rue des Iscles / Allée du Moulin à Eau",
        "context": "Vitrolles, Bouches-du-Rhône",
        "citycode": "13117",
        "depcode": "13"
      }
    },
    {
      "type": "Feature",
      "geometry": {
        "type": "Point",
        "coordinates": [
          5.292041934,
          43.421272723
        ]
      },
      "properties": {
        "name": "Rue des Iscles / Chemin des Iscles",
        "context": "Vitrolles, Bouches-du-Rhône",
        "citycode": "13117",
        "depcode": "13"
      }
    },
    {
      "type": "Feature",
      "geometry": {
        "type": "Point",
        "coordinates": [
          5.285686613,
          43.427233222
        ]
      },
      "properties": {
        "name": "Rue des Jardiniers Terrain / Allée de la Felouque",
        "context": "Vitrolles, Bouches-du-Rhône",
        "citycode": "13117",
        "depcode": "13"
      }
    },
    {
      "type": "Feature",
      "geometry": {
        "type": "Point",
        "coordinates": [
          5.291026056,
          43.426689434
        ]
      },
      "properties": {
        "name": "Rue des Jardiniers Terrain / Allée de la Serpette",
        "context": "Vitrolles, Bouches-du-Rhône",
        "citycode": "13117",
        "depcode": "13"
      }
    },
    {
      "type": "Feature",
      "geometry": {
        "type": "Point",
        "coordinates": [
          5.286290633,
          43.42794112
        ]
      },
      "properties": {
        "name": "Rue des Jardiniers Terrain / Allée de la Tarentelle",
        "context": "Vitrolles, Bouches-du-Rhône",
        "citycode": "13117",
        "depcode": "13"
      }
    },
    {
      "type": "Feature",
      "geometry": {
        "type": "Point",
        "coordinates": [
          5.288665365,
          43.426363214
        ]
      },
      "properties": {
        "name": "Rue des Jardiniers Terrain / Allée des Granges",
        "context": "Vitrolles, Bouches-du-Rhône",
        "citycode": "13117",
        "depcode": "13"
      }
    },
    {
      "type": "Feature",
      "geometry": {
        "type": "Point",
        "coordinates": [
          5.287987347,
          43.426566635
        ]
      },
      "properties": {
        "name": "Rue des Jardiniers Terrain / Allée des Maraîchers",
        "context": "Vitrolles, Bouches-du-Rhône",
        "citycode": "13117",
        "depcode": "13"
      }
    },
    {
      "type": "Feature",
      "geometry": {
        "type": "Point",
        "coordinates": [
          5.29099332,
          43.426707783
        ]
      },
      "properties": {
        "name": "Rue des Jardiniers Terrain / Allée des Semeurs",
        "context": "Vitrolles, Bouches-du-Rhône",
        "citycode": "13117",
        "depcode": "13"
      }
    },
    {
      "type": "Feature",
      "geometry": {
        "type": "Point",
        "coordinates": [
          5.288631749,
          43.426346321
        ]
      },
      "properties": {
        "name": "Rue des Jardiniers Terrain / Allée des Semis",
        "context": "Vitrolles, Bouches-du-Rhône",
        "citycode": "13117",
        "depcode": "13"
      }
    },
    {
      "type": "Feature",
      "geometry": {
        "type": "Point",
        "coordinates": [
          5.287971585,
          43.426543971
        ]
      },
      "properties": {
        "name": "Rue des Jardiniers Terrain / Allée des Sillons",
        "context": "Vitrolles, Bouches-du-Rhône",
        "citycode": "13117",
        "depcode": "13"
      }
    },
    {
      "type": "Feature",
      "geometry": {
        "type": "Point",
        "coordinates": [
          5.287167913,
          43.426477814
        ]
      },
      "properties": {
        "name": "Rue des Jardiniers Terrain / Allée du Liseron",
        "context": "Vitrolles, Bouches-du-Rhône",
        "citycode": "13117",
        "depcode": "13"
      }
    },
    {
      "type": "Feature",
      "geometry": {
        "type": "Point",
        "coordinates": [
          5.286648789,
          43.426234594
        ]
      },
      "properties": {
        "name": "Rue des Jardiniers Terrain / Allée du Puisard",
        "context": "Vitrolles, Bouches-du-Rhône",
        "citycode": "13117",
        "depcode": "13"
      }
    },
    {
      "type": "Feature",
      "geometry": {
        "type": "Point",
        "coordinates": [
          5.28901417,
          43.427868941
        ]
      },
      "properties": {
        "name": "Rue des Jardiniers Terrain / Boulevard Marcel Pagnol",
        "context": "Vitrolles, Bouches-du-Rhône",
        "citycode": "13117",
        "depcode": "13"
      }
    },
    {
      "type": "Feature",
      "geometry": {
        "type": "Point",
        "coordinates": [
          5.285972058,
          43.426456547
        ]
      },
      "properties": {
        "name": "Rue des Jardiniers Terrain / Impasse de l'Esseiro",
        "context": "Vitrolles, Bouches-du-Rhône",
        "citycode": "13117",
        "depcode": "13"
      }
    },
    {
      "type": "Feature",
      "geometry": {
        "type": "Point",
        "coordinates": [
          5.285974503,
          43.427462415
        ]
      },
      "properties": {
        "name": "Rue des Jardiniers Terrain / Impasse de la Tramontane",
        "context": "Vitrolles, Bouches-du-Rhône",
        "citycode": "13117",
        "depcode": "13"
      }
    },
    {
      "type": "Feature",
      "geometry": {
        "type": "Point",
        "coordinates": [
          5.286320727,
          43.426336807
        ]
      },
      "properties": {
        "name": "Rue des Jardiniers Terrain / Impasse des Zéphyrs",
        "context": "Vitrolles, Bouches-du-Rhône",
        "citycode": "13117",
        "depcode": "13"
      }
    },
    {
      "type": "Feature",
      "geometry": {
        "type": "Point",
        "coordinates": [
          5.287406635,
          43.42664102
        ]
      },
      "properties": {
        "name": "Rue des Jardiniers Terrain / Rue des Sourciers",
        "context": "Vitrolles, Bouches-du-Rhône",
        "citycode": "13117",
        "depcode": "13"
      }
    },
    {
      "type": "Feature",
      "geometry": {
        "type": "Point",
        "coordinates": [
          5.271709681,
          43.423502943
        ]
      },
      "properties": {
        "name": "Rue des Malons / Allée des Potiers",
        "context": "Vitrolles, Bouches-du-Rhône",
        "citycode": "13117",
        "depcode": "13"
      }
    },
    {
      "type": "Feature",
      "geometry": {
        "type": "Point",
        "coordinates": [
          5.272780784,
          43.423062943
        ]
      },
      "properties": {
        "name": "Rue des Malons / Rue de la Briquetterie",
        "context": "Vitrolles, Bouches-du-Rhône",
        "citycode": "13117",
        "depcode": "13"
      }
    },
    {
      "type": "Feature",
      "geometry": {
        "type": "Point",
        "coordinates": [
          5.234897217,
          43.455089507
        ]
      },
      "properties": {
        "name": "Rue des Marais Salant / Route du Chemin de fer",
        "context": "Vitrolles, Bouches-du-Rhône",
        "citycode": "13117",
        "depcode": "13"
      }
    },
    {
      "type": "Feature",
      "geometry": {
        "type": "Point",
        "coordinates": [
          5.233501135,
          43.455454398
        ]
      },
      "properties": {
        "name": "Rue des Marais Salant / Rue de la Gabelle",
        "context": "Vitrolles, Bouches-du-Rhône",
        "citycode": "13117",
        "depcode": "13"
      }
    },
    {
      "type": "Feature",
      "geometry": {
        "type": "Point",
        "coordinates": [
          5.289871726,
          43.422572615
        ]
      },
      "properties": {
        "name": "Rue des Oulières / Rue du Jas",
        "context": "Vitrolles, Bouches-du-Rhône",
        "citycode": "13117",
        "depcode": "13"
      }
    },
    {
      "type": "Feature",
      "geometry": {
        "type": "Point",
        "coordinates": [
          5.241888585,
          43.449219579
        ]
      },
      "properties": {
        "name": "Rue des Quatre Reines / Allée des Joutes",
        "context": "Vitrolles, Bouches-du-Rhône",
        "citycode": "13117",
        "depcode": "13"
      }
    },
    {
      "type": "Feature",
      "geometry": {
        "type": "Point",
        "coordinates": [
          5.242556589,
          43.449204805
        ]
      },
      "properties": {
        "name": "Rue des Quatre Reines / Passage",
        "context": "Vitrolles, Bouches-du-Rhône",
        "citycode": "13117",
        "depcode": "13"
      }
    },
    {
      "type": "Feature",
      "geometry": {
        "type": "Point",
        "coordinates": [
          5.243249503,
          43.44921575
        ]
      },
      "properties": {
        "name": "Rue des Quatre Reines / Place du Roy René",
        "context": "Vitrolles, Bouches-du-Rhône",
        "citycode": "13117",
        "depcode": "13"
      }
    },
    {
      "type": "Feature",
      "geometry": {
        "type": "Point",
        "coordinates": [
          5.242461877,
          43.449232793
        ]
      },
      "properties": {
        "name": "Rue des Quatre Reines / Rue du Tournoi",
        "context": "Vitrolles, Bouches-du-Rhône",
        "citycode": "13117",
        "depcode": "13"
      }
    },
    {
      "type": "Feature",
      "geometry": {
        "type": "Point",
        "coordinates": [
          5.240643292,
          43.46402479
        ]
      },
      "properties": {
        "name": "Rue des Santonniers / Place d'Éole",
        "context": "Vitrolles, Bouches-du-Rhône",
        "citycode": "13117",
        "depcode": "13"
      }
    },
    {
      "type": "Feature",
      "geometry": {
        "type": "Point",
        "coordinates": [
          5.23841101,
          43.465011022
        ]
      },
      "properties": {
        "name": "Rue des Santonniers / Rue des Tambourinières",
        "context": "Vitrolles, Bouches-du-Rhône",
        "citycode": "13117",
        "depcode": "13"
      }
    },
    {
      "type": "Feature",
      "geometry": {
        "type": "Point",
        "coordinates": [
          5.240716901,
          43.463998274
        ]
      },
      "properties": {
        "name": "Rue des Santonniers / Rue Édouard Peisson",
        "context": "Vitrolles, Bouches-du-Rhône",
        "citycode": "13117",
        "depcode": "13"
      }
    },
    {
      "type": "Feature",
      "geometry": {
        "type": "Point",
        "coordinates": [
          5.282939938,
          43.432090311
        ]
      },
      "properties": {
        "name": "Rue des Sophoras / Square des Albizias",
        "context": "Vitrolles, Bouches-du-Rhône",
        "citycode": "13117",
        "depcode": "13"
      }
    },
    {
      "type": "Feature",
      "geometry": {
        "type": "Point",
        "coordinates": [
          5.269841377,
          43.425733606
        ]
      },
      "properties": {
        "name": "Rue du Bachelier Léopold Béranger / Allée des Jardins de Bel Air",
        "context": "Vitrolles, Bouches-du-Rhône",
        "citycode": "13117",
        "depcode": "13"
      }
    },
    {
      "type": "Feature",
      "geometry": {
        "type": "Point",
        "coordinates": [
          5.271275393,
          43.423923551
        ]
      },
      "properties": {
        "name": "Rue du Bachelier Léopold Béranger / Avenue Rhin-Danube",
        "context": "Vitrolles, Bouches-du-Rhône",
        "citycode": "13117",
        "depcode": "13"
      }
    },
    {
      "type": "Feature",
      "geometry": {
        "type": "Point",
        "coordinates": [
          5.2712603,
          43.423957719
        ]
      },
      "properties": {
        "name": "Rue du Bachelier Léopold Béranger / Rond-Point Abbé Pierre",
        "context": "Vitrolles, Bouches-du-Rhône",
        "citycode": "13117",
        "depcode": "13"
      }
    },
    {
      "type": "Feature",
      "geometry": {
        "type": "Point",
        "coordinates": [
          5.26960878,
          43.425733173
        ]
      },
      "properties": {
        "name": "Rue du Bachelier Léopold Béranger / Rue Bel Air",
        "context": "Vitrolles, Bouches-du-Rhône",
        "citycode": "13117",
        "depcode": "13"
      }
    },
    {
      "type": "Feature",
      "geometry": {
        "type": "Point",
        "coordinates": [
          5.257479105,
          43.442719795
        ]
      },
      "properties": {
        "name": "Rue du Bonheur / Allée des Chais",
        "context": "Vitrolles, Bouches-du-Rhône",
        "citycode": "13117",
        "depcode": "13"
      }
    },
    {
      "type": "Feature",
      "geometry": {
        "type": "Point",
        "coordinates": [
          5.257324842,
          43.442621889
        ]
      },
      "properties": {
        "name": "Rue du Bonheur / Allée des Poètes",
        "context": "Vitrolles, Bouches-du-Rhône",
        "citycode": "13117",
        "depcode": "13"
      }
    },
    {
      "type": "Feature",
      "geometry": {
        "type": "Point",
        "coordinates": [
          5.258912939,
          43.442215758
        ]
      },
      "properties": {
        "name": "Rue du Bonheur / Avenue de Marseille",
        "context": "Vitrolles, Bouches-du-Rhône",
        "citycode": "13117",
        "depcode": "13"
      }
    },
    {
      "type": "Feature",
      "geometry": {
        "type": "Point",
        "coordinates": [
          5.257117754,
          43.442551745
        ]
      },
      "properties": {
        "name": "Rue du Bonheur / Placette des Vignerons",
        "context": "Vitrolles, Bouches-du-Rhône",
        "citycode": "13117",
        "depcode": "13"
      }
    },
    {
      "type": "Feature",
      "geometry": {
        "type": "Point",
        "coordinates": [
          5.256708606,
          43.441760499
        ]
      },
      "properties": {
        "name": "Rue du Bonheur / Rue du Bonheur Prolongé",
        "context": "Vitrolles, Bouches-du-Rhône",
        "citycode": "13117",
        "depcode": "13"
      }
    },
    {
      "type": "Feature",
      "geometry": {
        "type": "Point",
        "coordinates": [
          5.238639653,
          43.463760202
        ]
      },
      "properties": {
        "name": "Rue du Cers / Rue du Mango Fango",
        "context": "Vitrolles, Bouches-du-Rhône",
        "citycode": "13117",
        "depcode": "13"
      }
    },
    {
      "type": "Feature",
      "geometry": {
        "type": "Point",
        "coordinates": [
          5.240784908,
          43.463878635
        ]
      },
      "properties": {
        "name": "Rue du Chevalier Paul / Place d'Éole",
        "context": "Vitrolles, Bouches-du-Rhône",
        "citycode": "13117",
        "depcode": "13"
      }
    },
    {
      "type": "Feature",
      "geometry": {
        "type": "Point",
        "coordinates": [
          5.240774537,
          43.463942661
        ]
      },
      "properties": {
        "name": "Rue du Chevalier Paul / Rue Édouard Peisson",
        "context": "Vitrolles, Bouches-du-Rhône",
        "citycode": "13117",
        "depcode": "13"
      }
    },
    {
      "type": "Feature",
      "geometry": {
        "type": "Point",
        "coordinates": [
          5.241206157,
          43.463276955
        ]
      },
      "properties": {
        "name": "Rue du Chevalier Paul / Rue Félix Gras",
        "context": "Vitrolles, Bouches-du-Rhône",
        "citycode": "13117",
        "depcode": "13"
      }
    },
    {
      "type": "Feature",
      "geometry": {
        "type": "Point",
        "coordinates": [
          5.289033287,
          43.427838526
        ]
      },
      "properties": {
        "name": "Rue du Comte Mirabeau / Boulevard Marcel Pagnol",
        "context": "Vitrolles, Bouches-du-Rhône",
        "citycode": "13117",
        "depcode": "13"
      }
    },
    {
      "type": "Feature",
      "geometry": {
        "type": "Point",
        "coordinates": [
          5.281735832,
          43.432272138
        ]
      },
      "properties": {
        "name": "Rue du Couchant / Rue de la Bonne Plaine",
        "context": "Vitrolles, Bouches-du-Rhône",
        "citycode": "13117",
        "depcode": "13"
      }
    },
    {
      "type": "Feature",
      "geometry": {
        "type": "Point",
        "coordinates": [
          5.28208105,
          43.432586636
        ]
      },
      "properties": {
        "name": "Rue du Couchant / Rue du Septentrion",
        "context": "Vitrolles, Bouches-du-Rhône",
        "citycode": "13117",
        "depcode": "13"
      }
    },
    {
      "type": "Feature",
      "geometry": {
        "type": "Point",
        "coordinates": [
          5.247108801,
          43.457885665
        ]
      },
      "properties": {
        "name": "Rue du Félibrige / Allée de Cavet",
        "context": "Vitrolles, Bouches-du-Rhône",
        "citycode": "13117",
        "depcode": "13"
      }
    },
    {
      "type": "Feature",
      "geometry": {
        "type": "Point",
        "coordinates": [
          5.246203201,
          43.4573272
        ]
      },
      "properties": {
        "name": "Rue du Félibrige / Rue Frédéric Mistral",
        "context": "Vitrolles, Bouches-du-Rhône",
        "citycode": "13117",
        "depcode": "13"
      }
    },
    {
      "type": "Feature",
      "geometry": {
        "type": "Point",
        "coordinates": [
          5.263307983,
          43.438897751
        ]
      },
      "properties": {
        "name": "Rue du Général Delestraint / Impasse du Colonel Fabien",
        "context": "Vitrolles, Bouches-du-Rhône",
        "citycode": "13117",
        "depcode": "13"
      }
    },
    {
      "type": "Feature",
      "geometry": {
        "type": "Point",
        "coordinates": [
          5.278773607,
          43.424983025
        ]
      },
      "properties": {
        "name": "Rue du Général Leclerc / Rue de l'Escadrille Normandie-Niemen",
        "context": "Vitrolles, Bouches-du-Rhône",
        "citycode": "13117",
        "depcode": "13"
      }
    },
    {
      "type": "Feature",
      "geometry": {
        "type": "Point",
        "coordinates": [
          5.277288548,
          43.425372012
        ]
      },
      "properties": {
        "name": "Rue du Général Leclerc / Rue Pierre Brossolette",
        "context": "Vitrolles, Bouches-du-Rhône",
        "citycode": "13117",
        "depcode": "13"
      }
    },
    {
      "type": "Feature",
      "geometry": {
        "type": "Point",
        "coordinates": [
          5.290172751,
          43.423681167
        ]
      },
      "properties": {
        "name": "Rue du Jas / Allée de la Vanade",
        "context": "Vitrolles, Bouches-du-Rhône",
        "citycode": "13117",
        "depcode": "13"
      }
    },
    {
      "type": "Feature",
      "geometry": {
        "type": "Point",
        "coordinates": [
          5.244604568,
          43.455623279
        ]
      },
      "properties": {
        "name": "Rue du Jasmin / Rue Roumanille",
        "context": "Vitrolles, Bouches-du-Rhône",
        "citycode": "13117",
        "depcode": "13"
      }
    },
    {
      "type": "Feature",
      "geometry": {
        "type": "Point",
        "coordinates": [
          5.273184575,
          43.421890148
        ]
      },
      "properties": {
        "name": "Rue du Kaolin / Allée de la Martelière",
        "context": "Vitrolles, Bouches-du-Rhône",
        "citycode": "13117",
        "depcode": "13"
      }
    },
    {
      "type": "Feature",
      "geometry": {
        "type": "Point",
        "coordinates": [
          5.273978191,
          43.421887561
        ]
      },
      "properties": {
        "name": "Rue du Kaolin / Le Bondon",
        "context": "Vitrolles, Bouches-du-Rhône",
        "citycode": "13117",
        "depcode": "13"
      }
    },
    {
      "type": "Feature",
      "geometry": {
        "type": "Point",
        "coordinates": [
          5.272584469,
          43.422266708
        ]
      },
      "properties": {
        "name": "Rue du Kaolin / Rue de l'Argile",
        "context": "Vitrolles, Bouches-du-Rhône",
        "citycode": "13117",
        "depcode": "13"
      }
    },
    {
      "type": "Feature",
      "geometry": {
        "type": "Point",
        "coordinates": [
          5.272707773,
          43.422248381
        ]
      },
      "properties": {
        "name": "Rue du Kaolin / Rue Joseph Béranger",
        "context": "Vitrolles, Bouches-du-Rhône",
        "citycode": "13117",
        "depcode": "13"
      }
    },
    {
      "type": "Feature",
      "geometry": {
        "type": "Point",
        "coordinates": [
          5.282656344,
          43.432555465
        ]
      },
      "properties": {
        "name": "Rue du Levant / Rue des Sophoras",
        "context": "Vitrolles, Bouches-du-Rhône",
        "citycode": "13117",
        "depcode": "13"
      }
    },
    {
      "type": "Feature",
      "geometry": {
        "type": "Point",
        "coordinates": [
          5.282085804,
          43.432584167
        ]
      },
      "properties": {
        "name": "Rue du Levant / Rue du Couchant",
        "context": "Vitrolles, Bouches-du-Rhône",
        "citycode": "13117",
        "depcode": "13"
      }
    },
    {
      "type": "Feature",
      "geometry": {
        "type": "Point",
        "coordinates": [
          5.28208638,
          43.432588415
        ]
      },
      "properties": {
        "name": "Rue du Levant / Rue du Septentrion",
        "context": "Vitrolles, Bouches-du-Rhône",
        "citycode": "13117",
        "depcode": "13"
      }
    },
    {
      "type": "Feature",
      "geometry": {
        "type": "Point",
        "coordinates": [
          5.238842767,
          43.462691868
        ]
      },
      "properties": {
        "name": "Rue du Mango Fango / Rue de la Bise",
        "context": "Vitrolles, Bouches-du-Rhône",
        "citycode": "13117",
        "depcode": "13"
      }
    },
    {
      "type": "Feature",
      "geometry": {
        "type": "Point",
        "coordinates": [
          5.2387513,
          43.464117282
        ]
      },
      "properties": {
        "name": "Rue du Mango Fango / Rue du Vent Blanc",
        "context": "Vitrolles, Bouches-du-Rhône",
        "citycode": "13117",
        "depcode": "13"
      }
    },
    {
      "type": "Feature",
      "geometry": {
        "type": "Point",
        "coordinates": [
          5.277036385,
          43.422854211
        ]
      },
      "properties": {
        "name": "Rue du Maréchal Juin / Allée Galilée",
        "context": "Vitrolles, Bouches-du-Rhône",
        "citycode": "13117",
        "depcode": "13"
      }
    },
    {
      "type": "Feature",
      "geometry": {
        "type": "Point",
        "coordinates": [
          5.277991391,
          43.423552067
        ]
      },
      "properties": {
        "name": "Rue du Maréchal Juin / Rue de Fontblanche",
        "context": "Vitrolles, Bouches-du-Rhône",
        "citycode": "13117",
        "depcode": "13"
      }
    },
    {
      "type": "Feature",
      "geometry": {
        "type": "Point",
        "coordinates": [
          5.278006206,
          43.423562195
        ]
      },
      "properties": {
        "name": "Rue du Maréchal Juin / Rue de l'Escadrille Normandie-Niemen",
        "context": "Vitrolles, Bouches-du-Rhône",
        "citycode": "13117",
        "depcode": "13"
      }
    },
    {
      "type": "Feature",
      "geometry": {
        "type": "Point",
        "coordinates": [
          5.29228389,
          43.421904502
        ]
      },
      "properties": {
        "name": "Rue du Meunier / Chemin des Iscles",
        "context": "Vitrolles, Bouches-du-Rhône",
        "citycode": "13117",
        "depcode": "13"
      }
    },
    {
      "type": "Feature",
      "geometry": {
        "type": "Point",
        "coordinates": [
          5.281970579,
          43.431894999
        ]
      },
      "properties": {
        "name": "Rue du Midi / Place de l'Arlésienne",
        "context": "Vitrolles, Bouches-du-Rhône",
        "citycode": "13117",
        "depcode": "13"
      }
    },
    {
      "type": "Feature",
      "geometry": {
        "type": "Point",
        "coordinates": [
          5.272703144,
          43.423597324
        ]
      },
      "properties": {
        "name": "Rue du Nouveau Monde / Avenue du 8 Mai 1945",
        "context": "Vitrolles, Bouches-du-Rhône",
        "citycode": "13117",
        "depcode": "13"
      }
    },
    {
      "type": "Feature",
      "geometry": {
        "type": "Point",
        "coordinates": [
          5.272394417,
          43.424197646
        ]
      },
      "properties": {
        "name": "Rue du Nouveau Monde / Place Rigoberta Menchu",
        "context": "Vitrolles, Bouches-du-Rhône",
        "citycode": "13117",
        "depcode": "13"
      }
    },
    {
      "type": "Feature",
      "geometry": {
        "type": "Point",
        "coordinates": [
          5.253317577,
          43.447808419
        ]
      },
      "properties": {
        "name": "Rue du Pilon du Roy / Place du Cengle",
        "context": "Vitrolles, Bouches-du-Rhône",
        "citycode": "13117",
        "depcode": "13"
      }
    },
    {
      "type": "Feature",
      "geometry": {
        "type": "Point",
        "coordinates": [
          5.254142519,
          43.447357262
        ]
      },
      "properties": {
        "name": "Rue du Pilon du Roy / Rue du Sergent Chef Lelièvre",
        "context": "Vitrolles, Bouches-du-Rhône",
        "citycode": "13117",
        "depcode": "13"
      }
    },
    {
      "type": "Feature",
      "geometry": {
        "type": "Point",
        "coordinates": [
          5.245252572,
          43.44872668
        ]
      },
      "properties": {
        "name": "Rue du Pommier / Rue du Jujubier",
        "context": "Vitrolles, Bouches-du-Rhône",
        "citycode": "13117",
        "depcode": "13"
      }
    },
    {
      "type": "Feature",
      "geometry": {
        "type": "Point",
        "coordinates": [
          5.248475219,
          43.460420016
        ]
      },
      "properties": {
        "name": "Rue du Portalet / Montée du Four Banal",
        "context": "Vitrolles, Bouches-du-Rhône",
        "citycode": "13117",
        "depcode": "13"
      }
    },
    {
      "type": "Feature",
      "geometry": {
        "type": "Point",
        "coordinates": [
          5.249185014,
          43.460176521
        ]
      },
      "properties": {
        "name": "Rue du Portalet / Place de la République",
        "context": "Vitrolles, Bouches-du-Rhône",
        "citycode": "13117",
        "depcode": "13"
      }
    },
    {
      "type": "Feature",
      "geometry": {
        "type": "Point",
        "coordinates": [
          5.248894579,
          43.46020699
        ]
      },
      "properties": {
        "name": "Rue du Portalet / Rue de l'Église",
        "context": "Vitrolles, Bouches-du-Rhône",
        "citycode": "13117",
        "depcode": "13"
      }
    },
    {
      "type": "Feature",
      "geometry": {
        "type": "Point",
        "coordinates": [
          5.249227037,
          43.460400859
        ]
      },
      "properties": {
        "name": "Rue du Portalet / Rue de la Tour",
        "context": "Vitrolles, Bouches-du-Rhône",
        "citycode": "13117",
        "depcode": "13"
      }
    },
    {
      "type": "Feature",
      "geometry": {
        "type": "Point",
        "coordinates": [
          5.248378602,
          43.460627576
        ]
      },
      "properties": {
        "name": "Rue du Portalet / Rue de Roquevaire",
        "context": "Vitrolles, Bouches-du-Rhône",
        "citycode": "13117",
        "depcode": "13"
      }
    },
    {
      "type": "Feature",
      "geometry": {
        "type": "Point",
        "coordinates": [
          5.247821743,
          43.460757365
        ]
      },
      "properties": {
        "name": "Rue du Portalet / Rue du Soleil",
        "context": "Vitrolles, Bouches-du-Rhône",
        "citycode": "13117",
        "depcode": "13"
      }
    },
    {
      "type": "Feature",
      "geometry": {
        "type": "Point",
        "coordinates": [
          5.242832273,
          43.448357165
        ]
      },
      "properties": {
        "name": "Rue du Roy René / Allée de la Cavalcade",
        "context": "Vitrolles, Bouches-du-Rhône",
        "citycode": "13117",
        "depcode": "13"
      }
    },
    {
      "type": "Feature",
      "geometry": {
        "type": "Point",
        "coordinates": [
          5.243266101,
          43.449801281
        ]
      },
      "properties": {
        "name": "Rue du Roy René / Avenue de Font Ségugne",
        "context": "Vitrolles, Bouches-du-Rhône",
        "citycode": "13117",
        "depcode": "13"
      }
    },
    {
      "type": "Feature",
      "geometry": {
        "type": "Point",
        "coordinates": [
          5.242328807,
          43.448154378
        ]
      },
      "properties": {
        "name": "Rue du Roy René / Boulevard Alfred Casile",
        "context": "Vitrolles, Bouches-du-Rhône",
        "citycode": "13117",
        "depcode": "13"
      }
    },
    {
      "type": "Feature",
      "geometry": {
        "type": "Point",
        "coordinates": [
          5.243216464,
          43.448782951
        ]
      },
      "properties": {
        "name": "Rue du Roy René / La Cour d'Amour",
        "context": "Vitrolles, Bouches-du-Rhône",
        "citycode": "13117",
        "depcode": "13"
      }
    },
    {
      "type": "Feature",
      "geometry": {
        "type": "Point",
        "coordinates": [
          5.243259324,
          43.449005679
        ]
      },
      "properties": {
        "name": "Rue du Roy René / Place du Roy René",
        "context": "Vitrolles, Bouches-du-Rhône",
        "citycode": "13117",
        "depcode": "13"
      }
    },
    {
      "type": "Feature",
      "geometry": {
        "type": "Point",
        "coordinates": [
          5.243231602,
          43.449203313
        ]
      },
      "properties": {
        "name": "Rue du Roy René / Rue des Quatre Reines",
        "context": "Vitrolles, Bouches-du-Rhône",
        "citycode": "13117",
        "depcode": "13"
      }
    },
    {
      "type": "Feature",
      "geometry": {
        "type": "Point",
        "coordinates": [
          5.279522001,
          43.424300286
        ]
      },
      "properties": {
        "name": "Rue du Rucher / Place Georges Brassens",
        "context": "Vitrolles, Bouches-du-Rhône",
        "citycode": "13117",
        "depcode": "13"
      }
    },
    {
      "type": "Feature",
      "geometry": {
        "type": "Point",
        "coordinates": [
          5.27854915,
          43.424170647
        ]
      },
      "properties": {
        "name": "Rue du Rucher / Rue de l'Escadrille Normandie-Niemen",
        "context": "Vitrolles, Bouches-du-Rhône",
        "citycode": "13117",
        "depcode": "13"
      }
    },
    {
      "type": "Feature",
      "geometry": {
        "type": "Point",
        "coordinates": [
          5.255165306,
          43.447435844
        ]
      },
      "properties": {
        "name": "Rue du Sergent Chef Lelièvre / Avenue de Marseille D55f",
        "context": "Vitrolles, Bouches-du-Rhône",
        "citycode": "13117",
        "depcode": "13"
      }
    },
    {
      "type": "Feature",
      "geometry": {
        "type": "Point",
        "coordinates": [
          5.248186026,
          43.462525575
        ]
      },
      "properties": {
        "name": "Rue du Soleil / Chemin du Trou du Loup",
        "context": "Vitrolles, Bouches-du-Rhône",
        "citycode": "13117",
        "depcode": "13"
      }
    },
    {
      "type": "Feature",
      "geometry": {
        "type": "Point",
        "coordinates": [
          5.248188696,
          43.462511454
        ]
      },
      "properties": {
        "name": "Rue du Soleil / Rue du Trou du Loup",
        "context": "Vitrolles, Bouches-du-Rhône",
        "citycode": "13117",
        "depcode": "13"
      }
    },
    {
      "type": "Feature",
      "geometry": {
        "type": "Point",
        "coordinates": [
          5.242456849,
          43.44959248
        ]
      },
      "properties": {
        "name": "Rue du Tournoi / Allée du Tournoi",
        "context": "Vitrolles, Bouches-du-Rhône",
        "citycode": "13117",
        "depcode": "13"
      }
    },
    {
      "type": "Feature",
      "geometry": {
        "type": "Point",
        "coordinates": [
          5.24250926,
          43.449218725
        ]
      },
      "properties": {
        "name": "Rue du Tournoi / Passage",
        "context": "Vitrolles, Bouches-du-Rhône",
        "citycode": "13117",
        "depcode": "13"
      }
    },
    {
      "type": "Feature",
      "geometry": {
        "type": "Point",
        "coordinates": [
          5.249241712,
          43.461592355
        ]
      },
      "properties": {
        "name": "Rue du Trou du Loup / Rue de la Paix",
        "context": "Vitrolles, Bouches-du-Rhône",
        "citycode": "13117",
        "depcode": "13"
      }
    },
    {
      "type": "Feature",
      "geometry": {
        "type": "Point",
        "coordinates": [
          5.248987995,
          43.461885921
        ]
      },
      "properties": {
        "name": "Rue du Trou du Loup / Rue de la Paix Prolongée",
        "context": "Vitrolles, Bouches-du-Rhône",
        "citycode": "13117",
        "depcode": "13"
      }
    },
    {
      "type": "Feature",
      "geometry": {
        "type": "Point",
        "coordinates": [
          5.2493646,
          43.4601302
        ]
      },
      "properties": {
        "name": "Rue du Valon des Roses / Place de la République",
        "context": "Vitrolles, Bouches-du-Rhône",
        "citycode": "13117",
        "depcode": "13"
      }
    },
    {
      "type": "Feature",
      "geometry": {
        "type": "Point",
        "coordinates": [
          5.250428852,
          43.460155557
        ]
      },
      "properties": {
        "name": "Rue du Valon des Roses / Place Jules Ferry",
        "context": "Vitrolles, Bouches-du-Rhône",
        "citycode": "13117",
        "depcode": "13"
      }
    },
    {
      "type": "Feature",
      "geometry": {
        "type": "Point",
        "coordinates": [
          5.249414639,
          43.460151293
        ]
      },
      "properties": {
        "name": "Rue du Valon des Roses / Rue de la Paix",
        "context": "Vitrolles, Bouches-du-Rhône",
        "citycode": "13117",
        "depcode": "13"
      }
    },
    {
      "type": "Feature",
      "geometry": {
        "type": "Point",
        "coordinates": [
          5.237804116,
          43.464313795
        ]
      },
      "properties": {
        "name": "Rue du Vent Blanc / Place du Vent Blanc",
        "context": "Vitrolles, Bouches-du-Rhône",
        "citycode": "13117",
        "depcode": "13"
      }
    },
    {
      "type": "Feature",
      "geometry": {
        "type": "Point",
        "coordinates": [
          5.237927693,
          43.464238381
        ]
      },
      "properties": {
        "name": "Rue du Vent Blanc / Traverse de l'Embat",
        "context": "Vitrolles, Bouches-du-Rhône",
        "citycode": "13117",
        "depcode": "13"
      }
    },
    {
      "type": "Feature",
      "geometry": {
        "type": "Point",
        "coordinates": [
          5.240799109,
          43.4640002
        ]
      },
      "properties": {
        "name": "Rue Édouard Peisson / Place d'Éole",
        "context": "Vitrolles, Bouches-du-Rhône",
        "citycode": "13117",
        "depcode": "13"
      }
    },
    {
      "type": "Feature",
      "geometry": {
        "type": "Point",
        "coordinates": [
          5.292325548,
          43.424912106
        ]
      },
      "properties": {
        "name": "Rue Emile Loubon / Rue Honoré Daumier",
        "context": "Vitrolles, Bouches-du-Rhône",
        "citycode": "13117",
        "depcode": "13"
      }
    },
    {
      "type": "Feature",
      "geometry": {
        "type": "Point",
        "coordinates": [
          5.263611772,
          43.438314023
        ]
      },
      "properties": {
        "name": "Rue Estienne d'Orves / Rue du Général Delestraint",
        "context": "Vitrolles, Bouches-du-Rhône",
        "citycode": "13117",
        "depcode": "13"
      }
    },
    {
      "type": "Feature",
      "geometry": {
        "type": "Point",
        "coordinates": [
          5.256335825,
          43.437885848
        ]
      },
      "properties": {
        "name": "Rue Ferdinand Benoït / Boulevard Denis Padovani N113",
        "context": "Vitrolles, Bouches-du-Rhône",
        "citycode": "13117",
        "depcode": "13"
      }
    },
    {
      "type": "Feature",
      "geometry": {
        "type": "Point",
        "coordinates": [
          5.256850663,
          43.437992221
        ]
      },
      "properties": {
        "name": "Rue Ferdinand Benoït / Rue Valère Bernard",
        "context": "Vitrolles, Bouches-du-Rhône",
        "citycode": "13117",
        "depcode": "13"
      }
    },
    {
      "type": "Feature",
      "geometry": {
        "type": "Point",
        "coordinates": [
          5.244976331,
          43.462161432
        ]
      },
      "properties": {
        "name": "Rue François de Baux / Allée Jeanne de Laval",
        "context": "Vitrolles, Bouches-du-Rhône",
        "citycode": "13117",
        "depcode": "13"
      }
    },
    {
      "type": "Feature",
      "geometry": {
        "type": "Point",
        "coordinates": [
          5.245037329,
          43.462059974
        ]
      },
      "properties": {
        "name": "Rue François de Baux / Impasse des Apiculteurs",
        "context": "Vitrolles, Bouches-du-Rhône",
        "citycode": "13117",
        "depcode": "13"
      }
    },
    {
      "type": "Feature",
      "geometry": {
        "type": "Point",
        "coordinates": [
          5.245173527,
          43.461584967
        ]
      },
      "properties": {
        "name": "Rue François de Baux / Impasse des Troubadours",
        "context": "Vitrolles, Bouches-du-Rhône",
        "citycode": "13117",
        "depcode": "13"
      }
    },
    {
      "type": "Feature",
      "geometry": {
        "type": "Point",
        "coordinates": [
          5.291781997,
          43.423990039
        ]
      },
      "properties": {
        "name": "Rue François Marius Granet / Allée Françoise Duparc",
        "context": "Vitrolles, Bouches-du-Rhône",
        "citycode": "13117",
        "depcode": "13"
      }
    },
    {
      "type": "Feature",
      "geometry": {
        "type": "Point",
        "coordinates": [
          5.243409917,
          43.455655076
        ]
      },
      "properties": {
        "name": "Rue Frédéric Mistral / Rue Joseph d'Arbaud",
        "context": "Vitrolles, Bouches-du-Rhône",
        "citycode": "13117",
        "depcode": "13"
      }
    },
    {
      "type": "Feature",
      "geometry": {
        "type": "Point",
        "coordinates": [
          5.244081327,
          43.45605564
        ]
      },
      "properties": {
        "name": "Rue Frédéric Mistral / Rue Roumanille",
        "context": "Vitrolles, Bouches-du-Rhône",
        "citycode": "13117",
        "depcode": "13"
      }
    },
    {
      "type": "Feature",
      "geometry": {
        "type": "Point",
        "coordinates": [
          5.259498395,
          43.438328323
        ]
      },
      "properties": {
        "name": "Rue Gaston de Saporta / Allée Jean Althen",
        "context": "Vitrolles, Bouches-du-Rhône",
        "citycode": "13117",
        "depcode": "13"
      }
    },
    {
      "type": "Feature",
      "geometry": {
        "type": "Point",
        "coordinates": [
          5.259544908,
          43.437882244
        ]
      },
      "properties": {
        "name": "Rue Gaston de Saporta / Impasse Marie Jacquard",
        "context": "Vitrolles, Bouches-du-Rhône",
        "citycode": "13117",
        "depcode": "13"
      }
    },
    {
      "type": "Feature",
      "geometry": {
        "type": "Point",
        "coordinates": [
          5.258473515,
          43.437592485
        ]
      },
      "properties": {
        "name": "Rue Gaston de Saporta / Rue Louis Pasteur",
        "context": "Vitrolles, Bouches-du-Rhône",
        "citycode": "13117",
        "depcode": "13"
      }
    },
    {
      "type": "Feature",
      "geometry": {
        "type": "Point",
        "coordinates": [
          5.259960701,
          43.437623111
        ]
      },
      "properties": {
        "name": "Rue Gaston de Saporta / Rue Mayer de Montricher",
        "context": "Vitrolles, Bouches-du-Rhône",
        "citycode": "13117",
        "depcode": "13"
      }
    },
    {
      "type": "Feature",
      "geometry": {
        "type": "Point",
        "coordinates": [
          5.240628245,
          43.458664157
        ]
      },
      "properties": {
        "name": "Rue Georges Bizet / Rue Nicolas Saboly",
        "context": "Vitrolles, Bouches-du-Rhône",
        "citycode": "13117",
        "depcode": "13"
      }
    },
    {
      "type": "Feature",
      "geometry": {
        "type": "Point",
        "coordinates": [
          5.257836627,
          43.438522426
        ]
      },
      "properties": {
        "name": "Rue Georges Buffon / Rue Jean Althen",
        "context": "Vitrolles, Bouches-du-Rhône",
        "citycode": "13117",
        "depcode": "13"
      }
    },
    {
      "type": "Feature",
      "geometry": {
        "type": "Point",
        "coordinates": [
          5.254498336,
          43.438935224
        ]
      },
      "properties": {
        "name": "Rue Gérard Toulon / Boulevard Paul Guigou",
        "context": "Vitrolles, Bouches-du-Rhône",
        "citycode": "13117",
        "depcode": "13"
      }
    },
    {
      "type": "Feature",
      "geometry": {
        "type": "Point",
        "coordinates": [
          5.250599739,
          43.460340667
        ]
      },
      "properties": {
        "name": "Rue Goiran / Avenue Victor Martin",
        "context": "Vitrolles, Bouches-du-Rhône",
        "citycode": "13117",
        "depcode": "13"
      }
    },
    {
      "type": "Feature",
      "geometry": {
        "type": "Point",
        "coordinates": [
          5.250575896,
          43.460306473
        ]
      },
      "properties": {
        "name": "Rue Goiran / Place Jules Ferry",
        "context": "Vitrolles, Bouches-du-Rhône",
        "citycode": "13117",
        "depcode": "13"
      }
    },
    {
      "type": "Feature",
      "geometry": {
        "type": "Point",
        "coordinates": [
          5.249620075,
          43.460456039
        ]
      },
      "properties": {
        "name": "Rue Goiran / Rue de la Paix",
        "context": "Vitrolles, Bouches-du-Rhône",
        "citycode": "13117",
        "depcode": "13"
      }
    },
    {
      "type": "Feature",
      "geometry": {
        "type": "Point",
        "coordinates": [
          5.247963712,
          43.448973914
        ]
      },
      "properties": {
        "name": "Rue Henri Bosco / Arcades des Abbayes",
        "context": "Vitrolles, Bouches-du-Rhône",
        "citycode": "13117",
        "depcode": "13"
      }
    },
    {
      "type": "Feature",
      "geometry": {
        "type": "Point",
        "coordinates": [
          5.246610874,
          43.448547326
        ]
      },
      "properties": {
        "name": "Rue Henri Bosco / Avenue Ytzhak Rabin",
        "context": "Vitrolles, Bouches-du-Rhône",
        "citycode": "13117",
        "depcode": "13"
      }
    },
    {
      "type": "Feature",
      "geometry": {
        "type": "Point",
        "coordinates": [
          5.249923708,
          43.446147461
        ]
      },
      "properties": {
        "name": "Rue Hilaire Touche / Rue Paul Valéry",
        "context": "Vitrolles, Bouches-du-Rhône",
        "citycode": "13117",
        "depcode": "13"
      }
    },
    {
      "type": "Feature",
      "geometry": {
        "type": "Point",
        "coordinates": [
          5.292615366,
          43.424470177
        ]
      },
      "properties": {
        "name": "Rue Honoré Daumier / Dérivation de la Cadière",
        "context": "Vitrolles, Bouches-du-Rhône",
        "citycode": "13117",
        "depcode": "13"
      }
    },
    {
      "type": "Feature",
      "geometry": {
        "type": "Point",
        "coordinates": [
          5.25867731,
          43.439060168
        ]
      },
      "properties": {
        "name": "Rue Jean Althen / Allée Jean Althen",
        "context": "Vitrolles, Bouches-du-Rhône",
        "citycode": "13117",
        "depcode": "13"
      }
    },
    {
      "type": "Feature",
      "geometry": {
        "type": "Point",
        "coordinates": [
          5.25807667,
          43.438688594
        ]
      },
      "properties": {
        "name": "Rue Jean Althen / Rue de l'Amélie",
        "context": "Vitrolles, Bouches-du-Rhône",
        "citycode": "13117",
        "depcode": "13"
      }
    },
    {
      "type": "Feature",
      "geometry": {
        "type": "Point",
        "coordinates": [
          5.248747914,
          43.458610295
        ]
      },
      "properties": {
        "name": "Rue Jean Jaurès / Allée de la Gara",
        "context": "Vitrolles, Bouches-du-Rhône",
        "citycode": "13117",
        "depcode": "13"
      }
    },
    {
      "type": "Feature",
      "geometry": {
        "type": "Point",
        "coordinates": [
          5.248760534,
          43.458609372
        ]
      },
      "properties": {
        "name": "Rue Jean Jaurès / Rue de la Poste",
        "context": "Vitrolles, Bouches-du-Rhône",
        "citycode": "13117",
        "depcode": "13"
      }
    },
    {
      "type": "Feature",
      "geometry": {
        "type": "Point",
        "coordinates": [
          5.248423418,
          43.457920336
        ]
      },
      "properties": {
        "name": "Rue Jean Jaurès / Rue des Écoles",
        "context": "Vitrolles, Bouches-du-Rhône",
        "citycode": "13117",
        "depcode": "13"
      }
    },
    {
      "type": "Feature",
      "geometry": {
        "type": "Point",
        "coordinates": [
          5.273473317,
          43.423350898
        ]
      },
      "properties": {
        "name": "Rue Joseph Béranger / Avenue du 8 Mai 1945",
        "context": "Vitrolles, Bouches-du-Rhône",
        "citycode": "13117",
        "depcode": "13"
      }
    },
    {
      "type": "Feature",
      "geometry": {
        "type": "Point",
        "coordinates": [
          5.272589942,
          43.422291556
        ]
      },
      "properties": {
        "name": "Rue Joseph Béranger / Rue de l'Argile",
        "context": "Vitrolles, Bouches-du-Rhône",
        "citycode": "13117",
        "depcode": "13"
      }
    },
    {
      "type": "Feature",
      "geometry": {
        "type": "Point",
        "coordinates": [
          5.272559549,
          43.422266961
        ]
      },
      "properties": {
        "name": "Rue Joseph Béranger / Rue du Kaolin",
        "context": "Vitrolles, Bouches-du-Rhône",
        "citycode": "13117",
        "depcode": "13"
      }
    },
    {
      "type": "Feature",
      "geometry": {
        "type": "Point",
        "coordinates": [
          5.243517064,
          43.455520365
        ]
      },
      "properties": {
        "name": "Rue Joseph d'Arbaud / Rue Paul Arène",
        "context": "Vitrolles, Bouches-du-Rhône",
        "citycode": "13117",
        "depcode": "13"
      }
    },
    {
      "type": "Feature",
      "geometry": {
        "type": "Point",
        "coordinates": [
          5.276609704,
          43.422093576
        ]
      },
      "properties": {
        "name": "Rue Jupiter / Allée Galilée",
        "context": "Vitrolles, Bouches-du-Rhône",
        "citycode": "13117",
        "depcode": "13"
      }
    },
    {
      "type": "Feature",
      "geometry": {
        "type": "Point",
        "coordinates": [
          5.230656663,
          43.461539167
        ]
      },
      "properties": {
        "name": "Rue Lieut de Vaisseau le Bris / Rue Didier Daurat",
        "context": "Vitrolles, Bouches-du-Rhône",
        "citycode": "13117",
        "depcode": "13"
      }
    },
    {
      "type": "Feature",
      "geometry": {
        "type": "Point",
        "coordinates": [
          5.231928001,
          43.463124774
        ]
      },
      "properties": {
        "name": "Rue Louis Blériot / Allée des Chevilles",
        "context": "Vitrolles, Bouches-du-Rhône",
        "citycode": "13117",
        "depcode": "13"
      }
    },
    {
      "type": "Feature",
      "geometry": {
        "type": "Point",
        "coordinates": [
          5.231357104,
          43.463182525
        ]
      },
      "properties": {
        "name": "Rue Louis Blériot / Rue Duchêne",
        "context": "Vitrolles, Bouches-du-Rhône",
        "citycode": "13117",
        "depcode": "13"
      }
    },
    {
      "type": "Feature",
      "geometry": {
        "type": "Point",
        "coordinates": [
          5.274937726,
          43.427902484
        ]
      },
      "properties": {
        "name": "Rue Louis Botinelly / Avenue Jean Monnet",
        "context": "Vitrolles, Bouches-du-Rhône",
        "citycode": "13117",
        "depcode": "13"
      }
    },
    {
      "type": "Feature",
      "geometry": {
        "type": "Point",
        "coordinates": [
          5.273910301,
          43.4273096
        ]
      },
      "properties": {
        "name": "Rue Louis Botinelly / Rue Antoine Bourdelle",
        "context": "Vitrolles, Bouches-du-Rhône",
        "citycode": "13117",
        "depcode": "13"
      }
    },
    {
      "type": "Feature",
      "geometry": {
        "type": "Point",
        "coordinates": [
          5.257457944,
          43.43887097
        ]
      },
      "properties": {
        "name": "Rue Louis Pasteur / Impasse Mège Mouries",
        "context": "Vitrolles, Bouches-du-Rhône",
        "citycode": "13117",
        "depcode": "13"
      }
    },
    {
      "type": "Feature",
      "geometry": {
        "type": "Point",
        "coordinates": [
          5.257399019,
          43.439553158
        ]
      },
      "properties": {
        "name": "Rue Louis Pasteur / Place Alexandre Flemming",
        "context": "Vitrolles, Bouches-du-Rhône",
        "citycode": "13117",
        "depcode": "13"
      }
    },
    {
      "type": "Feature",
      "geometry": {
        "type": "Point",
        "coordinates": [
          5.257605619,
          43.438219656
        ]
      },
      "properties": {
        "name": "Rue Louis Pasteur / Rue Ferdinand Benoït",
        "context": "Vitrolles, Bouches-du-Rhône",
        "citycode": "13117",
        "depcode": "13"
      }
    },
    {
      "type": "Feature",
      "geometry": {
        "type": "Point",
        "coordinates": [
          5.257540476,
          43.438456574
        ]
      },
      "properties": {
        "name": "Rue Louis Pasteur / Rue Jean Althen",
        "context": "Vitrolles, Bouches-du-Rhône",
        "citycode": "13117",
        "depcode": "13"
      }
    },
    {
      "type": "Feature",
      "geometry": {
        "type": "Point",
        "coordinates": [
          5.259008187,
          43.436992556
        ]
      },
      "properties": {
        "name": "Rue Louis Pasteur / Rue Pierre et Marie Curie",
        "context": "Vitrolles, Bouches-du-Rhône",
        "citycode": "13117",
        "depcode": "13"
      }
    },
    {
      "type": "Feature",
      "geometry": {
        "type": "Point",
        "coordinates": [
          5.242719251,
          43.455829186
        ]
      },
      "properties": {
        "name": "Rue Marcel Provence / Avenue Alphonse Daudet",
        "context": "Vitrolles, Bouches-du-Rhône",
        "citycode": "13117",
        "depcode": "13"
      }
    },
    {
      "type": "Feature",
      "geometry": {
        "type": "Point",
        "coordinates": [
          5.285410195,
          43.422144407
        ]
      },
      "properties": {
        "name": "Rue Maurice Ravel / Avenue Maréchal de Lattre de Tassigny",
        "context": "Vitrolles, Bouches-du-Rhône",
        "citycode": "13117",
        "depcode": "13"
      }
    },
    {
      "type": "Feature",
      "geometry": {
        "type": "Point",
        "coordinates": [
          5.26006577,
          43.438332999
        ]
      },
      "properties": {
        "name": "Rue Mayer de Montricher / Allée Jean Althen",
        "context": "Vitrolles, Bouches-du-Rhône",
        "citycode": "13117",
        "depcode": "13"
      }
    },
    {
      "type": "Feature",
      "geometry": {
        "type": "Point",
        "coordinates": [
          5.26004959,
          43.437136871
        ]
      },
      "properties": {
        "name": "Rue Mayer de Montricher / Impasse des Frères Mongolfiers",
        "context": "Vitrolles, Bouches-du-Rhône",
        "citycode": "13117",
        "depcode": "13"
      }
    },
    {
      "type": "Feature",
      "geometry": {
        "type": "Point",
        "coordinates": [
          5.275779205,
          43.423820979
        ]
      },
      "properties": {
        "name": "Rue Nicolas Copernic / Place des Bastides",
        "context": "Vitrolles, Bouches-du-Rhône",
        "citycode": "13117",
        "depcode": "13"
      }
    },
    {
      "type": "Feature",
      "geometry": {
        "type": "Point",
        "coordinates": [
          5.275151048,
          43.421518608
        ]
      },
      "properties": {
        "name": "Rue Nicolas Copernic / Rue du Kaolin",
        "context": "Vitrolles, Bouches-du-Rhône",
        "citycode": "13117",
        "depcode": "13"
      }
    },
    {
      "type": "Feature",
      "geometry": {
        "type": "Point",
        "coordinates": [
          5.275571795,
          43.422344561
        ]
      },
      "properties": {
        "name": "Rue Nicolas Copernic / Rue Jupiter",
        "context": "Vitrolles, Bouches-du-Rhône",
        "citycode": "13117",
        "depcode": "13"
      }
    },
    {
      "type": "Feature",
      "geometry": {
        "type": "Point",
        "coordinates": [
          5.242866139,
          43.455063625
        ]
      },
      "properties": {
        "name": "Rue Paul Arène / Avenue Alphonse Daudet",
        "context": "Vitrolles, Bouches-du-Rhône",
        "citycode": "13117",
        "depcode": "13"
      }
    },
    {
      "type": "Feature",
      "geometry": {
        "type": "Point",
        "coordinates": [
          5.241690135,
          43.454367515
        ]
      },
      "properties": {
        "name": "Rue Paul Cézanne / Rue Marcel Provence",
        "context": "Vitrolles, Bouches-du-Rhône",
        "citycode": "13117",
        "depcode": "13"
      }
    },
    {
      "type": "Feature",
      "geometry": {
        "type": "Point",
        "coordinates": [
          5.250686143,
          43.446953442
        ]
      },
      "properties": {
        "name": "Rue Paul Valéry / Arcades de Citeaux",
        "context": "Vitrolles, Bouches-du-Rhône",
        "citycode": "13117",
        "depcode": "13"
      }
    },
    {
      "type": "Feature",
      "geometry": {
        "type": "Point",
        "coordinates": [
          5.249723351,
          43.44589988
        ]
      },
      "properties": {
        "name": "Rue Paul Valéry / Avenue des Salyens",
        "context": "Vitrolles, Bouches-du-Rhône",
        "citycode": "13117",
        "depcode": "13"
      }
    },
    {
      "type": "Feature",
      "geometry": {
        "type": "Point",
        "coordinates": [
          5.249934151,
          43.446171063
        ]
      },
      "properties": {
        "name": "Rue Paul Valéry / Rue Hilaire Touche",
        "context": "Vitrolles, Bouches-du-Rhône",
        "citycode": "13117",
        "depcode": "13"
      }
    },
    {
      "type": "Feature",
      "geometry": {
        "type": "Point",
        "coordinates": [
          5.2602829,
          43.43496754
        ]
      },
      "properties": {
        "name": "Rue Pierre Blancard / Boulevard Denis Padovani",
        "context": "Vitrolles, Bouches-du-Rhône",
        "citycode": "13117",
        "depcode": "13"
      }
    },
    {
      "type": "Feature",
      "geometry": {
        "type": "Point",
        "coordinates": [
          5.260190043,
          43.436349462
        ]
      },
      "properties": {
        "name": "Rue Pierre Blancard / Impasse Joseph Ambot-Miroval",
        "context": "Vitrolles, Bouches-du-Rhône",
        "citycode": "13117",
        "depcode": "13"
      }
    },
    {
      "type": "Feature",
      "geometry": {
        "type": "Point",
        "coordinates": [
          5.259853163,
          43.43646245
        ]
      },
      "properties": {
        "name": "Rue Pierre Blancard / Impasse Philippe de Girard",
        "context": "Vitrolles, Bouches-du-Rhône",
        "citycode": "13117",
        "depcode": "13"
      }
    },
    {
      "type": "Feature",
      "geometry": {
        "type": "Point",
        "coordinates": [
          5.258796252,
          43.436787832
        ]
      },
      "properties": {
        "name": "Rue Pierre Blancard / Rue Pierre et Marie Curie",
        "context": "Vitrolles, Bouches-du-Rhône",
        "citycode": "13117",
        "depcode": "13"
      }
    },
    {
      "type": "Feature",
      "geometry": {
        "type": "Point",
        "coordinates": [
          5.25809291,
          43.436236926
        ]
      },
      "properties": {
        "name": "Rue Pierre et Marie Curie / Boulevard Denis Padovani N113",
        "context": "Vitrolles, Bouches-du-Rhône",
        "citycode": "13117",
        "depcode": "13"
      }
    },
    {
      "type": "Feature",
      "geometry": {
        "type": "Point",
        "coordinates": [
          5.291699022,
          43.42442752
        ]
      },
      "properties": {
        "name": "Rue Pierre Puget / Dérivation de la Cadière",
        "context": "Vitrolles, Bouches-du-Rhône",
        "citycode": "13117",
        "depcode": "13"
      }
    },
    {
      "type": "Feature",
      "geometry": {
        "type": "Point",
        "coordinates": [
          5.246566252,
          43.448532413
        ]
      },
      "properties": {
        "name": "Rue René Cassin / Avenue Ytzhak Rabin",
        "context": "Vitrolles, Bouches-du-Rhône",
        "citycode": "13117",
        "depcode": "13"
      }
    },
    {
      "type": "Feature",
      "geometry": {
        "type": "Point",
        "coordinates": [
          5.245912088,
          43.448298974
        ]
      },
      "properties": {
        "name": "Rue René Cassin / Rue de la Roquepertuse",
        "context": "Vitrolles, Bouches-du-Rhône",
        "citycode": "13117",
        "depcode": "13"
      }
    },
    {
      "type": "Feature",
      "geometry": {
        "type": "Point",
        "coordinates": [
          5.245386083,
          43.448144803
        ]
      },
      "properties": {
        "name": "Rue René Cassin / Rue du Pommier",
        "context": "Vitrolles, Bouches-du-Rhône",
        "citycode": "13117",
        "depcode": "13"
      }
    },
    {
      "type": "Feature",
      "geometry": {
        "type": "Point",
        "coordinates": [
          5.246555706,
          43.448529691
        ]
      },
      "properties": {
        "name": "Rue René Cassin / Rue Henri Bosco",
        "context": "Vitrolles, Bouches-du-Rhône",
        "citycode": "13117",
        "depcode": "13"
      }
    },
    {
      "type": "Feature",
      "geometry": {
        "type": "Point",
        "coordinates": [
          5.257751386,
          43.441088495
        ]
      },
      "properties": {
        "name": "Rue René Seyssaud / Allée de la Larguade",
        "context": "Vitrolles, Bouches-du-Rhône",
        "citycode": "13117",
        "depcode": "13"
      }
    },
    {
      "type": "Feature",
      "geometry": {
        "type": "Point",
        "coordinates": [
          5.256060915,
          43.44275653
        ]
      },
      "properties": {
        "name": "Rue René Seyssaud / Allée du Chasselas",
        "context": "Vitrolles, Bouches-du-Rhône",
        "citycode": "13117",
        "depcode": "13"
      }
    },
    {
      "type": "Feature",
      "geometry": {
        "type": "Point",
        "coordinates": [
          5.255185748,
          43.444181331
        ]
      },
      "properties": {
        "name": "Rue René Seyssaud / Allée Marie Gasquet",
        "context": "Vitrolles, Bouches-du-Rhône",
        "citycode": "13117",
        "depcode": "13"
      }
    },
    {
      "type": "Feature",
      "geometry": {
        "type": "Point",
        "coordinates": [
          5.255750168,
          43.443241087
        ]
      },
      "properties": {
        "name": "Rue René Seyssaud / Impasse de la Cairette",
        "context": "Vitrolles, Bouches-du-Rhône",
        "citycode": "13117",
        "depcode": "13"
      }
    },
    {
      "type": "Feature",
      "geometry": {
        "type": "Point",
        "coordinates": [
          5.255845577,
          43.443104091
        ]
      },
      "properties": {
        "name": "Rue René Seyssaud / Impasse du Muscat",
        "context": "Vitrolles, Bouches-du-Rhône",
        "citycode": "13117",
        "depcode": "13"
      }
    },
    {
      "type": "Feature",
      "geometry": {
        "type": "Point",
        "coordinates": [
          5.25470708,
          43.444873251
        ]
      },
      "properties": {
        "name": "Rue René Seyssaud / Rue Adolphe Monticelli",
        "context": "Vitrolles, Bouches-du-Rhône",
        "citycode": "13117",
        "depcode": "13"
      }
    },
    {
      "type": "Feature",
      "geometry": {
        "type": "Point",
        "coordinates": [
          5.256702825,
          43.441798997
        ]
      },
      "properties": {
        "name": "Rue René Seyssaud / Rue du Bonheur",
        "context": "Vitrolles, Bouches-du-Rhône",
        "citycode": "13117",
        "depcode": "13"
      }
    },
    {
      "type": "Feature",
      "geometry": {
        "type": "Point",
        "coordinates": [
          5.256719607,
          43.441719695
        ]
      },
      "properties": {
        "name": "Rue René Seyssaud / Rue du Bonheur Prolongé",
        "context": "Vitrolles, Bouches-du-Rhône",
        "citycode": "13117",
        "depcode": "13"
      }
    },
    {
      "type": "Feature",
      "geometry": {
        "type": "Point",
        "coordinates": [
          5.255258559,
          43.443992353
        ]
      },
      "properties": {
        "name": "Rue René Seyssaud / Rue Rosa Parks",
        "context": "Vitrolles, Bouches-du-Rhône",
        "citycode": "13117",
        "depcode": "13"
      }
    },
    {
      "type": "Feature",
      "geometry": {
        "type": "Point",
        "coordinates": [
          5.229806881,
          43.459443158
        ]
      },
      "properties": {
        "name": "Rue Robert Âne / Chemin de Saint-Bourdon",
        "context": "Vitrolles, Bouches-du-Rhône",
        "citycode": "13117",
        "depcode": "13"
      }
    },
    {
      "type": "Feature",
      "geometry": {
        "type": "Point",
        "coordinates": [
          5.230695961,
          43.461604735
        ]
      },
      "properties": {
        "name": "Rue Robert Âne / Rue Didier Daurat",
        "context": "Vitrolles, Bouches-du-Rhône",
        "citycode": "13117",
        "depcode": "13"
      }
    },
    {
      "type": "Feature",
      "geometry": {
        "type": "Point",
        "coordinates": [
          5.23052171,
          43.4632301
        ]
      },
      "properties": {
        "name": "Rue Robert Âne / Rue Duchêne",
        "context": "Vitrolles, Bouches-du-Rhône",
        "citycode": "13117",
        "depcode": "13"
      }
    },
    {
      "type": "Feature",
      "geometry": {
        "type": "Point",
        "coordinates": [
          5.230593403,
          43.461087177
        ]
      },
      "properties": {
        "name": "Rue Robert Âne / Rue Endermon",
        "context": "Vitrolles, Bouches-du-Rhône",
        "citycode": "13117",
        "depcode": "13"
      }
    },
    {
      "type": "Feature",
      "geometry": {
        "type": "Point",
        "coordinates": [
          5.230652738,
          43.461539793
        ]
      },
      "properties": {
        "name": "Rue Robert Âne / Rue Lieut de Vaisseau le Bris",
        "context": "Vitrolles, Bouches-du-Rhône",
        "citycode": "13117",
        "depcode": "13"
      }
    },
    {
      "type": "Feature",
      "geometry": {
        "type": "Point",
        "coordinates": [
          5.230512438,
          43.463056663
        ]
      },
      "properties": {
        "name": "Rue Robert Âne / Rue Louis Blériot",
        "context": "Vitrolles, Bouches-du-Rhône",
        "citycode": "13117",
        "depcode": "13"
      }
    },
    {
      "type": "Feature",
      "geometry": {
        "type": "Point",
        "coordinates": [
          5.254467954,
          43.443745326
        ]
      },
      "properties": {
        "name": "Rue Rosa Parks / Allée des Gycines",
        "context": "Vitrolles, Bouches-du-Rhône",
        "citycode": "13117",
        "depcode": "13"
      }
    },
    {
      "type": "Feature",
      "geometry": {
        "type": "Point",
        "coordinates": [
          5.253395992,
          43.443327548
        ]
      },
      "properties": {
        "name": "Rue Rosa Parks / Place de la Liberté",
        "context": "Vitrolles, Bouches-du-Rhône",
        "citycode": "13117",
        "depcode": "13"
      }
    },
    {
      "type": "Feature",
      "geometry": {
        "type": "Point",
        "coordinates": [
          5.24216734,
          43.457126539
        ]
      },
      "properties": {
        "name": "Rue Roumanille / Avenue Alphonse Daudet",
        "context": "Vitrolles, Bouches-du-Rhône",
        "citycode": "13117",
        "depcode": "13"
      }
    },
    {
      "type": "Feature",
      "geometry": {
        "type": "Point",
        "coordinates": [
          5.281460588,
          43.422592099
        ]
      },
      "properties": {
        "name": "Rue Sydney Bechet / Allée des Seigles",
        "context": "Vitrolles, Bouches-du-Rhône",
        "citycode": "13117",
        "depcode": "13"
      }
    },
    {
      "type": "Feature",
      "geometry": {
        "type": "Point",
        "coordinates": [
          5.281502157,
          43.422438243
        ]
      },
      "properties": {
        "name": "Rue Sydney Bechet / Impasse Daniel Balavoine",
        "context": "Vitrolles, Bouches-du-Rhône",
        "citycode": "13117",
        "depcode": "13"
      }
    },
    {
      "type": "Feature",
      "geometry": {
        "type": "Point",
        "coordinates": [
          5.281755001,
          43.421757797
        ]
      },
      "properties": {
        "name": "Rue Sydney Bechet / Rue Boris Vian",
        "context": "Vitrolles, Bouches-du-Rhône",
        "citycode": "13117",
        "depcode": "13"
      }
    },
    {
      "type": "Feature",
      "geometry": {
        "type": "Point",
        "coordinates": [
          5.281461429,
          43.422581089
        ]
      },
      "properties": {
        "name": "Rue Sydney Bechet / Rue de Fontblanche",
        "context": "Vitrolles, Bouches-du-Rhône",
        "citycode": "13117",
        "depcode": "13"
      }
    },
    {
      "type": "Feature",
      "geometry": {
        "type": "Point",
        "coordinates": [
          5.244862669,
          43.458948798
        ]
      },
      "properties": {
        "name": "Rue Théodore Aubanel / Avenue de la Rangue",
        "context": "Vitrolles, Bouches-du-Rhône",
        "citycode": "13117",
        "depcode": "13"
      }
    },
    {
      "type": "Feature",
      "geometry": {
        "type": "Point",
        "coordinates": [
          5.246945503,
          43.456670765
        ]
      },
      "properties": {
        "name": "Rue Théodore Aubanel / Avenue Jean Moulin",
        "context": "Vitrolles, Bouches-du-Rhône",
        "citycode": "13117",
        "depcode": "13"
      }
    },
    {
      "type": "Feature",
      "geometry": {
        "type": "Point",
        "coordinates": [
          5.246216583,
          43.457335714
        ]
      },
      "properties": {
        "name": "Rue Théodore Aubanel / Rue du Félibrige",
        "context": "Vitrolles, Bouches-du-Rhône",
        "citycode": "13117",
        "depcode": "13"
      }
    },
    {
      "type": "Feature",
      "geometry": {
        "type": "Point",
        "coordinates": [
          5.246723004,
          43.456871367
        ]
      },
      "properties": {
        "name": "Rue Théodore Aubanel / Rue du Jasmin",
        "context": "Vitrolles, Bouches-du-Rhône",
        "citycode": "13117",
        "depcode": "13"
      }
    },
    {
      "type": "Feature",
      "geometry": {
        "type": "Point",
        "coordinates": [
          5.246190857,
          43.457319138
        ]
      },
      "properties": {
        "name": "Rue Théodore Aubanel / Rue Frédéric Mistral",
        "context": "Vitrolles, Bouches-du-Rhône",
        "citycode": "13117",
        "depcode": "13"
      }
    },
    {
      "type": "Feature",
      "geometry": {
        "type": "Point",
        "coordinates": [
          5.258241607,
          43.437744644
        ]
      },
      "properties": {
        "name": "Rue Valère Bernard / Rue Louis Pasteur",
        "context": "Vitrolles, Bouches-du-Rhône",
        "citycode": "13117",
        "depcode": "13"
      }
    },
    {
      "type": "Feature",
      "geometry": {
        "type": "Point",
        "coordinates": [
          5.2776897,
          43.422622768
        ]
      },
      "properties": {
        "name": "Rue Vénus / Allée de la Bargelade",
        "context": "Vitrolles, Bouches-du-Rhône",
        "citycode": "13117",
        "depcode": "13"
      }
    },
    {
      "type": "Feature",
      "geometry": {
        "type": "Point",
        "coordinates": [
          5.27676666,
          43.421505269
        ]
      },
      "properties": {
        "name": "Rue Vénus / Impasse Tycho Braé",
        "context": "Vitrolles, Bouches-du-Rhône",
        "citycode": "13117",
        "depcode": "13"
      }
    },
    {
      "type": "Feature",
      "geometry": {
        "type": "Point",
        "coordinates": [
          5.276940981,
          43.42199551
        ]
      },
      "properties": {
        "name": "Rue Vénus / Rue Jupiter",
        "context": "Vitrolles, Bouches-du-Rhône",
        "citycode": "13117",
        "depcode": "13"
      }
    },
    {
      "type": "Feature",
      "geometry": {
        "type": "Point",
        "coordinates": [
          5.282530329,
          43.432071788
        ]
      },
      "properties": {
        "name": "Square des Albizias / Traverse de l'Esquirou",
        "context": "Vitrolles, Bouches-du-Rhône",
        "citycode": "13117",
        "depcode": "13"
      }
    },
    {
      "type": "Feature",
      "geometry": {
        "type": "Point",
        "coordinates": [
          5.273395002,
          43.426909702
        ]
      },
      "properties": {
        "name": "Traverse Christophe Veyrier / Allée Jean Antoine Houdon",
        "context": "Vitrolles, Bouches-du-Rhône",
        "citycode": "13117",
        "depcode": "13"
      }
    },
    {
      "type": "Feature",
      "geometry": {
        "type": "Point",
        "coordinates": [
          5.273769841,
          43.427076728
        ]
      },
      "properties": {
        "name": "Traverse Christophe Veyrier / Rue Antoine Bourdelle",
        "context": "Vitrolles, Bouches-du-Rhône",
        "citycode": "13117",
        "depcode": "13"
      }
    },
    {
      "type": "Feature",
      "geometry": {
        "type": "Point",
        "coordinates": [
          5.273439342,
          43.426915419
        ]
      },
      "properties": {
        "name": "Traverse Christophe Veyrier / Rue des Frères Carli",
        "context": "Vitrolles, Bouches-du-Rhône",
        "citycode": "13117",
        "depcode": "13"
      }
    },
    {
      "type": "Feature",
      "geometry": {
        "type": "Point",
        "coordinates": [
          5.237875138,
          43.464277033
        ]
      },
      "properties": {
        "name": "Traverse de l'Embat / Place du Vent Blanc",
        "context": "Vitrolles, Bouches-du-Rhône",
        "citycode": "13117",
        "depcode": "13"
      }
    },
    {
      "type": "Feature",
      "geometry": {
        "type": "Point",
        "coordinates": [
          5.23761157,
          43.463294652
        ]
      },
      "properties": {
        "name": "Traverse de l'Embat / Rue de la Bise",
        "context": "Vitrolles, Bouches-du-Rhône",
        "citycode": "13117",
        "depcode": "13"
      }
    },
    {
      "type": "Feature",
      "geometry": {
        "type": "Point",
        "coordinates": [
          5.282605424,
          43.43200903
        ]
      },
      "properties": {
        "name": "Traverse de l'Esquirou / Square des Albizias",
        "context": "Vitrolles, Bouches-du-Rhône",
        "citycode": "13117",
        "depcode": "13"
      }
    },
    {
      "type": "Feature",
      "geometry": {
        "type": "Point",
        "coordinates": [
          5.24941605,
          43.447703598
        ]
      },
      "properties": {
        "name": "Traverse de l'Hôtel de Ville / Place de Provence",
        "context": "Vitrolles, Bouches-du-Rhône",
        "citycode": "13117",
        "depcode": "13"
      }
    },
    {
      "type": "Feature",
      "geometry": {
        "type": "Point",
        "coordinates": [
          5.248301925,
          43.449090949
        ]
      },
      "properties": {
        "name": "Traverse de l'Hôtel de Ville / Rue Henri Bosco",
        "context": "Vitrolles, Bouches-du-Rhône",
        "citycode": "13117",
        "depcode": "13"
      }
    },
    {
      "type": "Feature",
      "geometry": {
        "type": "Point",
        "coordinates": [
          5.249730258,
          43.44776865
        ]
      },
      "properties": {
        "name": "Traverse de l'Hôtel de Ville / Rue Paul Valéry",
        "context": "Vitrolles, Bouches-du-Rhône",
        "citycode": "13117",
        "depcode": "13"
      }
    },
    {
      "type": "Feature",
      "geometry": {
        "type": "Point",
        "coordinates": [
          5.259356139,
          43.42432313
        ]
      },
      "properties": {
        "name": "Voie d'Angleterre / Rue de Berlin",
        "context": "Vitrolles, Bouches-du-Rhône",
        "citycode": "13117",
        "depcode": "13"
      }
    },
    {
      "type": "Feature",
      "geometry": {
        "type": "Point",
        "coordinates": [
          5.260159791,
          43.425282509
        ]
      },
      "properties": {
        "name": "Voie d'Angleterre / Voie de l'Irlande",
        "context": "Vitrolles, Bouches-du-Rhône",
        "citycode": "13117",
        "depcode": "13"
      }
    },
    {
      "type": "Feature",
      "geometry": {
        "type": "Point",
        "coordinates": [
          5.265614338,
          43.419254136
        ]
      },
      "properties": {
        "name": "Voie d'Espagne / Voie d'Autriche",
        "context": "Vitrolles, Bouches-du-Rhône",
        "citycode": "13117",
        "depcode": "13"
      }
    },
    {
      "type": "Feature",
      "geometry": {
        "type": "Point",
        "coordinates": [
          5.271015546,
          43.418078612
        ]
      },
      "properties": {
        "name": "Voie d'Italie / Impasse de la Grèce",
        "context": "Vitrolles, Bouches-du-Rhône",
        "citycode": "13117",
        "depcode": "13"
      }
    },
    {
      "type": "Feature",
      "geometry": {
        "type": "Point",
        "coordinates": [
          5.270025132,
          43.418847463
        ]
      },
      "properties": {
        "name": "Voie d'Italie / Voie du Portugal",
        "context": "Vitrolles, Bouches-du-Rhône",
        "citycode": "13117",
        "depcode": "13"
      }
    },
    {
      "type": "Feature",
      "geometry": {
        "type": "Point",
        "coordinates": [
          5.254849082,
          43.424636538
        ]
      },
      "properties": {
        "name": "Voie de Finlande / Rue de Berlin",
        "context": "Vitrolles, Bouches-du-Rhône",
        "citycode": "13117",
        "depcode": "13"
      }
    },
    {
      "type": "Feature",
      "geometry": {
        "type": "Point",
        "coordinates": [
          5.266277011,
          43.419605651
        ]
      },
      "properties": {
        "name": "Voie du Portugal / Voie d'Espagne",
        "context": "Vitrolles, Bouches-du-Rhône",
        "citycode": "13117",
        "depcode": "13"
      }
    },
    {
      "type": "Feature",
      "geometry": {
        "type": "Point",
        "coordinates": [
          5.261833123,
          43.428023296
        ]
      },
      "properties": {
        "name": "N113 / Autoroute du Soleil A7",
        "context": "Vitrolles, Bouches-du-Rhône",
        "citycode": "13117",
        "depcode": "13"
      }
    },
    {
      "type": "Feature",
      "geometry": {
        "type": "Point",
        "coordinates": [
          5.253828517,
          43.460705768
        ]
      },
      "properties": {
        "name": "DFCI-AR-112 / Chemin de Vitrolles au Griffon CR40-DFCI-AR-110",
        "context": "Vitrolles, Bouches-du-Rhône",
        "citycode": "13117",
        "depcode": "13"
      }
    },
    {
      "type": "Feature",
      "geometry": {
        "type": "Point",
        "coordinates": [
          5.246056041,
          43.43140052
        ]
      },
      "properties": {
        "name": "DFCI-AR-114 / DFCI-AR-113",
        "context": "Vitrolles, Bouches-du-Rhône",
        "citycode": "13117",
        "depcode": "13"
      }
    }
  ]
}