{
  "type": "FeatureCollection",
  "features": [
    {
      "type": "Feature",
      "geometry": {
        "type": "Point",
        "coordinates": [
          2.281033776,
          49.940223359
        ]
      },
      "properties": {
        "name": "Allée Alain Ducamp / Avenue Roger Dumoulin D933",
        "context": "Amiens, Somme",
        "citycode": "80021",
        "depcode": "80"
      }
    },
    {
      "type": "Feature",
      "geometry": {
        "type": "Point",
        "coordinates": [
          2.314492437,
          49.873798007
        ]
      },
      "properties": {
        "name": "Allée Beausoleil / Allée des Rencontres",
        "context": "Amiens, Somme",
        "citycode": "80021",
        "depcode": "80"
      }
    },
    {
      "type": "Feature",
      "geometry": {
        "type": "Point",
        "coordinates": [
          2.317549297,
          49.874367649
        ]
      },
      "properties": {
        "name": "Allée Beausoleil / Rue Pierre Rollin",
        "context": "Amiens, Somme",
        "citycode": "80021",
        "depcode": "80"
      }
    },
    {
      "type": "Feature",
      "geometry": {
        "type": "Point",
        "coordinates": [
          2.314447305,
          49.875403831
        ]
      },
      "properties": {
        "name": "Allée de Beaulieu / Rue du 8 Mai 1945",
        "context": "Amiens, Somme",
        "citycode": "80021",
        "depcode": "80"
      }
    },
    {
      "type": "Feature",
      "geometry": {
        "type": "Point",
        "coordinates": [
          2.314527585,
          49.875373791
        ]
      },
      "properties": {
        "name": "Allée de Beaulieu / Rue Pierre Rollin",
        "context": "Amiens, Somme",
        "citycode": "80021",
        "depcode": "80"
      }
    },
    {
      "type": "Feature",
      "geometry": {
        "type": "Point",
        "coordinates": [
          2.280698642,
          49.881195533
        ]
      },
      "properties": {
        "name": "Allée de Conty / Résidence Robert Blanchard",
        "context": "Amiens, Somme",
        "citycode": "80021",
        "depcode": "80"
      }
    },
    {
      "type": "Feature",
      "geometry": {
        "type": "Point",
        "coordinates": [
          2.288890614,
          49.8723771
        ]
      },
      "properties": {
        "name": "Allée de Finlande / Avenue du Royaume-Uni",
        "context": "Amiens, Somme",
        "citycode": "80021",
        "depcode": "80"
      }
    },
    {
      "type": "Feature",
      "geometry": {
        "type": "Point",
        "coordinates": [
          2.289774175,
          49.872638843
        ]
      },
      "properties": {
        "name": "Allée de Finlande / Rue d'Autriche",
        "context": "Amiens, Somme",
        "citycode": "80021",
        "depcode": "80"
      }
    },
    {
      "type": "Feature",
      "geometry": {
        "type": "Point",
        "coordinates": [
          2.278968996,
          49.875934393
        ]
      },
      "properties": {
        "name": "Allée de l'Échauguette / Allée de l'Echaugette",
        "context": "Amiens, Somme",
        "citycode": "80021",
        "depcode": "80"
      }
    },
    {
      "type": "Feature",
      "geometry": {
        "type": "Point",
        "coordinates": [
          2.279212624,
          49.876550178
        ]
      },
      "properties": {
        "name": "Allée de l'Échauguette / Allée du Château de Brangues",
        "context": "Amiens, Somme",
        "citycode": "80021",
        "depcode": "80"
      }
    },
    {
      "type": "Feature",
      "geometry": {
        "type": "Point",
        "coordinates": [
          2.301613212,
          49.914676365
        ]
      },
      "properties": {
        "name": "Allée de l'Été 14 / Allée de la Belle Saison",
        "context": "Amiens, Somme",
        "citycode": "80021",
        "depcode": "80"
      }
    },
    {
      "type": "Feature",
      "geometry": {
        "type": "Point",
        "coordinates": [
          2.302254929,
          49.914684482
        ]
      },
      "properties": {
        "name": "Allée de l'Été 14 / Allée de la Sorellina",
        "context": "Amiens, Somme",
        "citycode": "80021",
        "depcode": "80"
      }
    },
    {
      "type": "Feature",
      "geometry": {
        "type": "Point",
        "coordinates": [
          2.301375613,
          49.914801898
        ]
      },
      "properties": {
        "name": "Allée de l'Été 14 / Allée du Cahier Gris",
        "context": "Amiens, Somme",
        "citycode": "80021",
        "depcode": "80"
      }
    },
    {
      "type": "Feature",
      "geometry": {
        "type": "Point",
        "coordinates": [
          2.301134955,
          49.91497599
        ]
      },
      "properties": {
        "name": "Allée de l'Été 14 / Rue Roger Martin du Gard",
        "context": "Amiens, Somme",
        "citycode": "80021",
        "depcode": "80"
      }
    },
    {
      "type": "Feature",
      "geometry": {
        "type": "Point",
        "coordinates": [
          2.274488402,
          49.877685378
        ]
      },
      "properties": {
        "name": "Allée de l'Éventail / Avenue de la Sagesse",
        "context": "Amiens, Somme",
        "citycode": "80021",
        "depcode": "80"
      }
    },
    {
      "type": "Feature",
      "geometry": {
        "type": "Point",
        "coordinates": [
          2.272270387,
          49.87643686
        ]
      },
      "properties": {
        "name": "Allée de l'Éventail / Rue de l'Endormie",
        "context": "Amiens, Somme",
        "citycode": "80021",
        "depcode": "80"
      }
    },
    {
      "type": "Feature",
      "geometry": {
        "type": "Point",
        "coordinates": [
          2.245736183,
          49.912882003
        ]
      },
      "properties": {
        "name": "Allée de l'Île de France / Rue de l'Île de France",
        "context": "Amiens, Somme",
        "citycode": "80021",
        "depcode": "80"
      }
    },
    {
      "type": "Feature",
      "geometry": {
        "type": "Point",
        "coordinates": [
          2.277079589,
          49.878929785
        ]
      },
      "properties": {
        "name": "Allée de l'Oeil Écoute / Rue des Visages Radieux",
        "context": "Amiens, Somme",
        "citycode": "80021",
        "depcode": "80"
      }
    },
    {
      "type": "Feature",
      "geometry": {
        "type": "Point",
        "coordinates": [
          2.316433824,
          49.874893456
        ]
      },
      "properties": {
        "name": "Allée de l'Ormaie / Rue Pierre Rollin",
        "context": "Amiens, Somme",
        "citycode": "80021",
        "depcode": "80"
      }
    },
    {
      "type": "Feature",
      "geometry": {
        "type": "Point",
        "coordinates": [
          2.256641667,
          49.916945097
        ]
      },
      "properties": {
        "name": "Allée de la Côte d'Azur / Place du Béarn",
        "context": "Amiens, Somme",
        "citycode": "80021",
        "depcode": "80"
      }
    },
    {
      "type": "Feature",
      "geometry": {
        "type": "Point",
        "coordinates": [
          2.256041384,
          49.914471628
        ]
      },
      "properties": {
        "name": "Allée de la Côte d'Azur / Rue de Savoie",
        "context": "Amiens, Somme",
        "citycode": "80021",
        "depcode": "80"
      }
    },
    {
      "type": "Feature",
      "geometry": {
        "type": "Point",
        "coordinates": [
          2.277783423,
          49.896784559
        ]
      },
      "properties": {
        "name": "Allée de la Cressonnière / La Basse Selle",
        "context": "Amiens, Somme",
        "citycode": "80021",
        "depcode": "80"
      }
    },
    {
      "type": "Feature",
      "geometry": {
        "type": "Point",
        "coordinates": [
          2.277499644,
          49.896163528
        ]
      },
      "properties": {
        "name": "Allée de la Cressonnière / Rue de l'Abbaye",
        "context": "Amiens, Somme",
        "citycode": "80021",
        "depcode": "80"
      }
    },
    {
      "type": "Feature",
      "geometry": {
        "type": "Point",
        "coordinates": [
          2.277466731,
          49.896155553
        ]
      },
      "properties": {
        "name": "Allée de la Cressonnière / Rue du Bâtonnier Mahiu",
        "context": "Amiens, Somme",
        "citycode": "80021",
        "depcode": "80"
      }
    },
    {
      "type": "Feature",
      "geometry": {
        "type": "Point",
        "coordinates": [
          2.307705213,
          49.869063129
        ]
      },
      "properties": {
        "name": "Allée de la Croix Rompue / Rue Saint-Fuscien D7",
        "context": "Amiens, Somme",
        "citycode": "80021",
        "depcode": "80"
      }
    },
    {
      "type": "Feature",
      "geometry": {
        "type": "Point",
        "coordinates": [
          2.281524071,
          49.898293521
        ]
      },
      "properties": {
        "name": "Allée de la Hotoie / Allée du 51e RI",
        "context": "Amiens, Somme",
        "citycode": "80021",
        "depcode": "80"
      }
    },
    {
      "type": "Feature",
      "geometry": {
        "type": "Point",
        "coordinates": [
          2.283051608,
          49.898119333
        ]
      },
      "properties": {
        "name": "Allée de la Hotoie / Avenue Salvador Allende",
        "context": "Amiens, Somme",
        "citycode": "80021",
        "depcode": "80"
      }
    },
    {
      "type": "Feature",
      "geometry": {
        "type": "Point",
        "coordinates": [
          2.282287902,
          49.898206253
        ]
      },
      "properties": {
        "name": "Allée de la Hotoie / Promenade de la Hotoie",
        "context": "Amiens, Somme",
        "citycode": "80021",
        "depcode": "80"
      }
    },
    {
      "type": "Feature",
      "geometry": {
        "type": "Point",
        "coordinates": [
          2.267083122,
          49.90601605
        ]
      },
      "properties": {
        "name": "Allée de la Joie de Vivre / Allée de la Sixième Heure",
        "context": "Amiens, Somme",
        "citycode": "80021",
        "depcode": "80"
      }
    },
    {
      "type": "Feature",
      "geometry": {
        "type": "Point",
        "coordinates": [
          2.267663831,
          49.90580627
        ]
      },
      "properties": {
        "name": "Allée de la Joie de Vivre / Allée des Nymphéas",
        "context": "Amiens, Somme",
        "citycode": "80021",
        "depcode": "80"
      }
    },
    {
      "type": "Feature",
      "geometry": {
        "type": "Point",
        "coordinates": [
          2.30414513,
          49.911190586
        ]
      },
      "properties": {
        "name": "Allée de la Paix / Rue des Francs Juges",
        "context": "Amiens, Somme",
        "citycode": "80021",
        "depcode": "80"
      }
    },
    {
      "type": "Feature",
      "geometry": {
        "type": "Point",
        "coordinates": [
          2.306999054,
          49.911189808
        ]
      },
      "properties": {
        "name": "Allée de la Paix / Rue Winston Churchill",
        "context": "Amiens, Somme",
        "citycode": "80021",
        "depcode": "80"
      }
    },
    {
      "type": "Feature",
      "geometry": {
        "type": "Point",
        "coordinates": [
          2.303797796,
          49.892785098
        ]
      },
      "properties": {
        "name": "Allée de la Pléiade / Rue de l'Amiral Courbet",
        "context": "Amiens, Somme",
        "citycode": "80021",
        "depcode": "80"
      }
    },
    {
      "type": "Feature",
      "geometry": {
        "type": "Point",
        "coordinates": [
          2.283332364,
          49.886885737
        ]
      },
      "properties": {
        "name": "Allée de la Quintinie / Rue Du Bellay",
        "context": "Amiens, Somme",
        "citycode": "80021",
        "depcode": "80"
      }
    },
    {
      "type": "Feature",
      "geometry": {
        "type": "Point",
        "coordinates": [
          2.267160136,
          49.905448635
        ]
      },
      "properties": {
        "name": "Allée de la Sixième Heure / Allée des Nymphéas",
        "context": "Amiens, Somme",
        "citycode": "80021",
        "depcode": "80"
      }
    },
    {
      "type": "Feature",
      "geometry": {
        "type": "Point",
        "coordinates": [
          2.267319951,
          49.90533105
        ]
      },
      "properties": {
        "name": "Allée de la Sixième Heure / Cité Bourgeois",
        "context": "Amiens, Somme",
        "citycode": "80021",
        "depcode": "80"
      }
    },
    {
      "type": "Feature",
      "geometry": {
        "type": "Point",
        "coordinates": [
          2.301635736,
          49.914115597
        ]
      },
      "properties": {
        "name": "Allée de la Sorellina / Allée de la Belle Saison",
        "context": "Amiens, Somme",
        "citycode": "80021",
        "depcode": "80"
      }
    },
    {
      "type": "Feature",
      "geometry": {
        "type": "Point",
        "coordinates": [
          2.275598655,
          49.877166453
        ]
      },
      "properties": {
        "name": "Allée de la Tête d'Or / Avenue de la Sagesse",
        "context": "Amiens, Somme",
        "citycode": "80021",
        "depcode": "80"
      }
    },
    {
      "type": "Feature",
      "geometry": {
        "type": "Point",
        "coordinates": [
          2.273088885,
          49.875817593
        ]
      },
      "properties": {
        "name": "Allée de la Tête d'Or / Rue de l'Endormie",
        "context": "Amiens, Somme",
        "citycode": "80021",
        "depcode": "80"
      }
    },
    {
      "type": "Feature",
      "geometry": {
        "type": "Point",
        "coordinates": [
          2.289683022,
          49.870057169
        ]
      },
      "properties": {
        "name": "Allée de Malte / Rue de Norvège",
        "context": "Amiens, Somme",
        "citycode": "80021",
        "depcode": "80"
      }
    },
    {
      "type": "Feature",
      "geometry": {
        "type": "Point",
        "coordinates": [
          2.291960843,
          49.869866285
        ]
      },
      "properties": {
        "name": "Allée de Monaco / Rue de Norvège",
        "context": "Amiens, Somme",
        "citycode": "80021",
        "depcode": "80"
      }
    },
    {
      "type": "Feature",
      "geometry": {
        "type": "Point",
        "coordinates": [
          2.291739217,
          49.87121241
        ]
      },
      "properties": {
        "name": "Allée de Suède / Avenue de Belgique",
        "context": "Amiens, Somme",
        "citycode": "80021",
        "depcode": "80"
      }
    },
    {
      "type": "Feature",
      "geometry": {
        "type": "Point",
        "coordinates": [
          2.28117072,
          49.897194851
        ]
      },
      "properties": {
        "name": "Allée de Tivoli / Allée du 51e RI",
        "context": "Amiens, Somme",
        "citycode": "80021",
        "depcode": "80"
      }
    },
    {
      "type": "Feature",
      "geometry": {
        "type": "Point",
        "coordinates": [
          2.282756759,
          49.896930701
        ]
      },
      "properties": {
        "name": "Allée de Tivoli / Allée du Bicêtre",
        "context": "Amiens, Somme",
        "citycode": "80021",
        "depcode": "80"
      }
    },
    {
      "type": "Feature",
      "geometry": {
        "type": "Point",
        "coordinates": [
          2.282735454,
          49.896971801
        ]
      },
      "properties": {
        "name": "Allée de Tivoli / Avenue Salvador Allende",
        "context": "Amiens, Somme",
        "citycode": "80021",
        "depcode": "80"
      }
    },
    {
      "type": "Feature",
      "geometry": {
        "type": "Point",
        "coordinates": [
          2.282732084,
          49.896916871
        ]
      },
      "properties": {
        "name": "Allée de Tivoli / Boulevard des Fédérés",
        "context": "Amiens, Somme",
        "citycode": "80021",
        "depcode": "80"
      }
    },
    {
      "type": "Feature",
      "geometry": {
        "type": "Point",
        "coordinates": [
          2.315083551,
          49.873266877
        ]
      },
      "properties": {
        "name": "Allée de Vallauris / Allée des Rencontres",
        "context": "Amiens, Somme",
        "citycode": "80021",
        "depcode": "80"
      }
    },
    {
      "type": "Feature",
      "geometry": {
        "type": "Point",
        "coordinates": [
          2.313407479,
          49.87407171
        ]
      },
      "properties": {
        "name": "Allée de Vallauris / Allée Le Chevalier",
        "context": "Amiens, Somme",
        "citycode": "80021",
        "depcode": "80"
      }
    },
    {
      "type": "Feature",
      "geometry": {
        "type": "Point",
        "coordinates": [
          2.312633967,
          49.874578874
        ]
      },
      "properties": {
        "name": "Allée de Vallauris / Rue d'Assas",
        "context": "Amiens, Somme",
        "citycode": "80021",
        "depcode": "80"
      }
    },
    {
      "type": "Feature",
      "geometry": {
        "type": "Point",
        "coordinates": [
          2.28341119,
          49.911433194
        ]
      },
      "properties": {
        "name": "Allée des Acacias / Rue Saint-Maurice",
        "context": "Amiens, Somme",
        "citycode": "80021",
        "depcode": "80"
      }
    },
    {
      "type": "Feature",
      "geometry": {
        "type": "Point",
        "coordinates": [
          2.278271594,
          49.878426938
        ]
      },
      "properties": {
        "name": "Allée des Accompagnements / Rue des Visages Radieux",
        "context": "Amiens, Somme",
        "citycode": "80021",
        "depcode": "80"
      }
    },
    {
      "type": "Feature",
      "geometry": {
        "type": "Point",
        "coordinates": [
          2.252193188,
          49.891870847
        ]
      },
      "properties": {
        "name": "Allée des Anémones / Allée des Capucines",
        "context": "Amiens, Somme",
        "citycode": "80021",
        "depcode": "80"
      }
    },
    {
      "type": "Feature",
      "geometry": {
        "type": "Point",
        "coordinates": [
          2.252900749,
          49.891445274
        ]
      },
      "properties": {
        "name": "Allée des Anémones / Allée des Fuchsias",
        "context": "Amiens, Somme",
        "citycode": "80021",
        "depcode": "80"
      }
    },
    {
      "type": "Feature",
      "geometry": {
        "type": "Point",
        "coordinates": [
          2.312600226,
          49.87392671
        ]
      },
      "properties": {
        "name": "Allée des Bouleaux / Rue d'Assas",
        "context": "Amiens, Somme",
        "citycode": "80021",
        "depcode": "80"
      }
    },
    {
      "type": "Feature",
      "geometry": {
        "type": "Point",
        "coordinates": [
          2.308295109,
          49.866812977
        ]
      },
      "properties": {
        "name": "Allée des C / Rue Saint-Fuscien D7",
        "context": "Amiens, Somme",
        "citycode": "80021",
        "depcode": "80"
      }
    },
    {
      "type": "Feature",
      "geometry": {
        "type": "Point",
        "coordinates": [
          2.310648694,
          49.877149197
        ]
      },
      "properties": {
        "name": "Allée des Cèdres / Allée des Rencontres",
        "context": "Amiens, Somme",
        "citycode": "80021",
        "depcode": "80"
      }
    },
    {
      "type": "Feature",
      "geometry": {
        "type": "Point",
        "coordinates": [
          2.310199603,
          49.877662441
        ]
      },
      "properties": {
        "name": "Allée des Cèdres / Rue du Bouquet de Bohème",
        "context": "Amiens, Somme",
        "citycode": "80021",
        "depcode": "80"
      }
    },
    {
      "type": "Feature",
      "geometry": {
        "type": "Point",
        "coordinates": [
          2.288571709,
          49.877855959
        ]
      },
      "properties": {
        "name": "Allée des Chèvrefeuilles / Rue André Chénier",
        "context": "Amiens, Somme",
        "citycode": "80021",
        "depcode": "80"
      }
    },
    {
      "type": "Feature",
      "geometry": {
        "type": "Point",
        "coordinates": [
          2.259373528,
          49.897468596
        ]
      },
      "properties": {
        "name": "Allée des Epis de Blé / Rue Simone Renant",
        "context": "Amiens, Somme",
        "citycode": "80021",
        "depcode": "80"
      }
    },
    {
      "type": "Feature",
      "geometry": {
        "type": "Point",
        "coordinates": [
          2.28102899,
          49.877957946
        ]
      },
      "properties": {
        "name": "Allée des Feuilles de Saints / Rue des Visages Radieux",
        "context": "Amiens, Somme",
        "citycode": "80021",
        "depcode": "80"
      }
    },
    {
      "type": "Feature",
      "geometry": {
        "type": "Point",
        "coordinates": [
          2.253889343,
          49.892001457
        ]
      },
      "properties": {
        "name": "Allée des Fuchsias / Allée des Capucines",
        "context": "Amiens, Somme",
        "citycode": "80021",
        "depcode": "80"
      }
    },
    {
      "type": "Feature",
      "geometry": {
        "type": "Point",
        "coordinates": [
          2.288639909,
          49.899326963
        ]
      },
      "properties": {
        "name": "Allée des Henson / Place Louis Sellier",
        "context": "Amiens, Somme",
        "citycode": "80021",
        "depcode": "80"
      }
    },
    {
      "type": "Feature",
      "geometry": {
        "type": "Point",
        "coordinates": [
          2.25410312,
          49.893276579
        ]
      },
      "properties": {
        "name": "Allée des Jonquilles / Allée des Coquelicots",
        "context": "Amiens, Somme",
        "citycode": "80021",
        "depcode": "80"
      }
    },
    {
      "type": "Feature",
      "geometry": {
        "type": "Point",
        "coordinates": [
          2.268595093,
          49.906510716
        ]
      },
      "properties": {
        "name": "Allée des Nymphéas / Rue d'Abbeville D1235",
        "context": "Amiens, Somme",
        "citycode": "80021",
        "depcode": "80"
      }
    },
    {
      "type": "Feature",
      "geometry": {
        "type": "Point",
        "coordinates": [
          2.294885538,
          49.87024736
        ]
      },
      "properties": {
        "name": "Allée des Pays Bas / Avenue d'Irlande",
        "context": "Amiens, Somme",
        "citycode": "80021",
        "depcode": "80"
      }
    },
    {
      "type": "Feature",
      "geometry": {
        "type": "Point",
        "coordinates": [
          2.277051173,
          49.876948772
        ]
      },
      "properties": {
        "name": "Allée des Quatre Souffles / Allée Violaine",
        "context": "Amiens, Somme",
        "citycode": "80021",
        "depcode": "80"
      }
    },
    {
      "type": "Feature",
      "geometry": {
        "type": "Point",
        "coordinates": [
          2.278087186,
          49.878472094
        ]
      },
      "properties": {
        "name": "Allée des Quatre Souffles / Rue des Visages Radieux",
        "context": "Amiens, Somme",
        "citycode": "80021",
        "depcode": "80"
      }
    },
    {
      "type": "Feature",
      "geometry": {
        "type": "Point",
        "coordinates": [
          2.277744108,
          49.877859982
        ]
      },
      "properties": {
        "name": "Allée des Quatre Souffles / Rue du Soleil Levant",
        "context": "Amiens, Somme",
        "citycode": "80021",
        "depcode": "80"
      }
    },
    {
      "type": "Feature",
      "geometry": {
        "type": "Point",
        "coordinates": [
          2.314734676,
          49.873536442
        ]
      },
      "properties": {
        "name": "Allée des Rencontres / Allée Le Chevalier",
        "context": "Amiens, Somme",
        "citycode": "80021",
        "depcode": "80"
      }
    },
    {
      "type": "Feature",
      "geometry": {
        "type": "Point",
        "coordinates": [
          2.332990935,
          49.864884504
        ]
      },
      "properties": {
        "name": "Allée des Riez / Rue des Riez",
        "context": "Amiens, Somme",
        "citycode": "80021",
        "depcode": "80"
      }
    },
    {
      "type": "Feature",
      "geometry": {
        "type": "Point",
        "coordinates": [
          2.259574401,
          49.897458619
        ]
      },
      "properties": {
        "name": "Allée des Semailles / Rue Simone Renant",
        "context": "Amiens, Somme",
        "citycode": "80021",
        "depcode": "80"
      }
    },
    {
      "type": "Feature",
      "geometry": {
        "type": "Point",
        "coordinates": [
          2.286145196,
          49.881431287
        ]
      },
      "properties": {
        "name": "Allée des Tennis / Boulevard de Dury",
        "context": "Amiens, Somme",
        "citycode": "80021",
        "depcode": "80"
      }
    },
    {
      "type": "Feature",
      "geometry": {
        "type": "Point",
        "coordinates": [
          2.288650204,
          49.880903168
        ]
      },
      "properties": {
        "name": "Allée des Tennis / Chemin de la Fosse au Lait",
        "context": "Amiens, Somme",
        "citycode": "80021",
        "depcode": "80"
      }
    },
    {
      "type": "Feature",
      "geometry": {
        "type": "Point",
        "coordinates": [
          2.291013829,
          49.880539524
        ]
      },
      "properties": {
        "name": "Allée des Tennis / Rue Gaulthier de Rumilly",
        "context": "Amiens, Somme",
        "citycode": "80021",
        "depcode": "80"
      }
    },
    {
      "type": "Feature",
      "geometry": {
        "type": "Point",
        "coordinates": [
          2.2811392,
          49.897201519
        ]
      },
      "properties": {
        "name": "Allée du 51e RI / Allée de Tivoli",
        "context": "Amiens, Somme",
        "citycode": "80021",
        "depcode": "80"
      }
    },
    {
      "type": "Feature",
      "geometry": {
        "type": "Point",
        "coordinates": [
          2.281490038,
          49.898296597
        ]
      },
      "properties": {
        "name": "Allée du 51e RI / Promenade de la Hotoie",
        "context": "Amiens, Somme",
        "citycode": "80021",
        "depcode": "80"
      }
    },
    {
      "type": "Feature",
      "geometry": {
        "type": "Point",
        "coordinates": [
          2.286423336,
          49.897737352
        ]
      },
      "properties": {
        "name": "Allée du Bicêtre / Allée du Franc Marché",
        "context": "Amiens, Somme",
        "citycode": "80021",
        "depcode": "80"
      }
    },
    {
      "type": "Feature",
      "geometry": {
        "type": "Point",
        "coordinates": [
          2.282772739,
          49.89693711
        ]
      },
      "properties": {
        "name": "Allée du Bicêtre / Avenue Salvador Allende",
        "context": "Amiens, Somme",
        "citycode": "80021",
        "depcode": "80"
      }
    },
    {
      "type": "Feature",
      "geometry": {
        "type": "Point",
        "coordinates": [
          2.282750498,
          49.896871491
        ]
      },
      "properties": {
        "name": "Allée du Bicêtre / Boulevard des Fédérés",
        "context": "Amiens, Somme",
        "citycode": "80021",
        "depcode": "80"
      }
    },
    {
      "type": "Feature",
      "geometry": {
        "type": "Point",
        "coordinates": [
          2.286331019,
          49.897731917
        ]
      },
      "properties": {
        "name": "Allée du Bicêtre / Promenade de la Hotoie",
        "context": "Amiens, Somme",
        "citycode": "80021",
        "depcode": "80"
      }
    },
    {
      "type": "Feature",
      "geometry": {
        "type": "Point",
        "coordinates": [
          2.28657423,
          49.897751919
        ]
      },
      "properties": {
        "name": "Allée du Bicêtre / Rue Jean Jaurès",
        "context": "Amiens, Somme",
        "citycode": "80021",
        "depcode": "80"
      }
    },
    {
      "type": "Feature",
      "geometry": {
        "type": "Point",
        "coordinates": [
          2.282212126,
          49.900644132
        ]
      },
      "properties": {
        "name": "Allée du Château Milan / Rue du Faubourg de Hem",
        "context": "Amiens, Somme",
        "citycode": "80021",
        "depcode": "80"
      }
    },
    {
      "type": "Feature",
      "geometry": {
        "type": "Point",
        "coordinates": [
          2.28750512,
          49.880764122
        ]
      },
      "properties": {
        "name": "Allée du Coteau / Boulevard de Dury",
        "context": "Amiens, Somme",
        "citycode": "80021",
        "depcode": "80"
      }
    },
    {
      "type": "Feature",
      "geometry": {
        "type": "Point",
        "coordinates": [
          2.284874098,
          49.880778355
        ]
      },
      "properties": {
        "name": "Allée du Coteau / Rue Georges Beauvais",
        "context": "Amiens, Somme",
        "citycode": "80021",
        "depcode": "80"
      }
    },
    {
      "type": "Feature",
      "geometry": {
        "type": "Point",
        "coordinates": [
          2.253587802,
          49.916412446
        ]
      },
      "properties": {
        "name": "Allée du Finistère / Allée de Vendée",
        "context": "Amiens, Somme",
        "citycode": "80021",
        "depcode": "80"
      }
    },
    {
      "type": "Feature",
      "geometry": {
        "type": "Point",
        "coordinates": [
          2.251785465,
          49.917404672
        ]
      },
      "properties": {
        "name": "Allée du Finistère / Avenue du Languedoc",
        "context": "Amiens, Somme",
        "citycode": "80021",
        "depcode": "80"
      }
    },
    {
      "type": "Feature",
      "geometry": {
        "type": "Point",
        "coordinates": [
          2.25356718,
          49.916406421
        ]
      },
      "properties": {
        "name": "Allée du Finistère / Place de Bretagne",
        "context": "Amiens, Somme",
        "citycode": "80021",
        "depcode": "80"
      }
    },
    {
      "type": "Feature",
      "geometry": {
        "type": "Point",
        "coordinates": [
          2.286382384,
          49.897741619
        ]
      },
      "properties": {
        "name": "Allée du Franc Marché / Allée du Bicêtre",
        "context": "Amiens, Somme",
        "citycode": "80021",
        "depcode": "80"
      }
    },
    {
      "type": "Feature",
      "geometry": {
        "type": "Point",
        "coordinates": [
          2.28343868,
          49.899353298
        ]
      },
      "properties": {
        "name": "Allée du Franc Marché / Avenue Salvador Allende",
        "context": "Amiens, Somme",
        "citycode": "80021",
        "depcode": "80"
      }
    },
    {
      "type": "Feature",
      "geometry": {
        "type": "Point",
        "coordinates": [
          2.286289834,
          49.897777114
        ]
      },
      "properties": {
        "name": "Allée du Franc Marché / Promenade de la Hotoie",
        "context": "Amiens, Somme",
        "citycode": "80021",
        "depcode": "80"
      }
    },
    {
      "type": "Feature",
      "geometry": {
        "type": "Point",
        "coordinates": [
          2.286501176,
          49.897754221
        ]
      },
      "properties": {
        "name": "Allée du Franc Marché / Rue Jean Jaurès",
        "context": "Amiens, Somme",
        "citycode": "80021",
        "depcode": "80"
      }
    },
    {
      "type": "Feature",
      "geometry": {
        "type": "Point",
        "coordinates": [
          2.308502451,
          49.865376305
        ]
      },
      "properties": {
        "name": "Allée du Montjoie / Rue de Saint-Fuscien D7",
        "context": "Amiens, Somme",
        "citycode": "80021",
        "depcode": "80"
      }
    },
    {
      "type": "Feature",
      "geometry": {
        "type": "Point",
        "coordinates": [
          2.322066756,
          49.872201704
        ]
      },
      "properties": {
        "name": "Allée du Parc / Rue Edmond Rostand",
        "context": "Amiens, Somme",
        "citycode": "80021",
        "depcode": "80"
      }
    },
    {
      "type": "Feature",
      "geometry": {
        "type": "Point",
        "coordinates": [
          2.27539645,
          49.877283091
        ]
      },
      "properties": {
        "name": "Allée du Partage de Midi / Avenue de la Sagesse",
        "context": "Amiens, Somme",
        "citycode": "80021",
        "depcode": "80"
      }
    },
    {
      "type": "Feature",
      "geometry": {
        "type": "Point",
        "coordinates": [
          2.276483592,
          49.878541542
        ]
      },
      "properties": {
        "name": "Allée du Partage de Midi / Rue de l'Échange",
        "context": "Amiens, Somme",
        "citycode": "80021",
        "depcode": "80"
      }
    },
    {
      "type": "Feature",
      "geometry": {
        "type": "Point",
        "coordinates": [
          2.276883297,
          49.878980932
        ]
      },
      "properties": {
        "name": "Allée du Partage de Midi / Rue des Visages Radieux",
        "context": "Amiens, Somme",
        "citycode": "80021",
        "depcode": "80"
      }
    },
    {
      "type": "Feature",
      "geometry": {
        "type": "Point",
        "coordinates": [
          2.277970504,
          49.896946652
        ]
      },
      "properties": {
        "name": "Allée du Pastel / La Basse Selle",
        "context": "Amiens, Somme",
        "citycode": "80021",
        "depcode": "80"
      }
    },
    {
      "type": "Feature",
      "geometry": {
        "type": "Point",
        "coordinates": [
          2.316996457,
          49.883508987
        ]
      },
      "properties": {
        "name": "Allée du Régent / Rue de la Croix Saint-Firmin",
        "context": "Amiens, Somme",
        "citycode": "80021",
        "depcode": "80"
      }
    },
    {
      "type": "Feature",
      "geometry": {
        "type": "Point",
        "coordinates": [
          2.281811692,
          49.899361036
        ]
      },
      "properties": {
        "name": "Allée du Zoo / Allée du 51e RI",
        "context": "Amiens, Somme",
        "citycode": "80021",
        "depcode": "80"
      }
    },
    {
      "type": "Feature",
      "geometry": {
        "type": "Point",
        "coordinates": [
          2.283423402,
          49.899401956
        ]
      },
      "properties": {
        "name": "Allée du Zoo / Allée du Franc Marché",
        "context": "Amiens, Somme",
        "citycode": "80021",
        "depcode": "80"
      }
    },
    {
      "type": "Feature",
      "geometry": {
        "type": "Point",
        "coordinates": [
          2.283395329,
          49.899383208
        ]
      },
      "properties": {
        "name": "Allée du Zoo / Avenue Salvador Allende",
        "context": "Amiens, Somme",
        "citycode": "80021",
        "depcode": "80"
      }
    },
    {
      "type": "Feature",
      "geometry": {
        "type": "Point",
        "coordinates": [
          2.277201714,
          49.899702055
        ]
      },
      "properties": {
        "name": "Allée du Zoo / La Basse Selle",
        "context": "Amiens, Somme",
        "citycode": "80021",
        "depcode": "80"
      }
    },
    {
      "type": "Feature",
      "geometry": {
        "type": "Point",
        "coordinates": [
          2.296730952,
          49.912866639
        ]
      },
      "properties": {
        "name": "Allée Édouard Manet / Rue Édouard Manet",
        "context": "Amiens, Somme",
        "citycode": "80021",
        "depcode": "80"
      }
    },
    {
      "type": "Feature",
      "geometry": {
        "type": "Point",
        "coordinates": [
          2.300760586,
          49.903988011
        ]
      },
      "properties": {
        "name": "Allée Jean Errard / Avenue du Général de Gaulle",
        "context": "Amiens, Somme",
        "citycode": "80021",
        "depcode": "80"
      }
    },
    {
      "type": "Feature",
      "geometry": {
        "type": "Point",
        "coordinates": [
          2.299622474,
          49.904162074
        ]
      },
      "properties": {
        "name": "Allée Jean Errard / Rue des Français Libres",
        "context": "Amiens, Somme",
        "citycode": "80021",
        "depcode": "80"
      }
    },
    {
      "type": "Feature",
      "geometry": {
        "type": "Point",
        "coordinates": [
          2.314748987,
          49.873531433
        ]
      },
      "properties": {
        "name": "Allée Le Chevalier / Allée des Rencontres",
        "context": "Amiens, Somme",
        "citycode": "80021",
        "depcode": "80"
      }
    },
    {
      "type": "Feature",
      "geometry": {
        "type": "Point",
        "coordinates": [
          2.302698526,
          49.924256548
        ]
      },
      "properties": {
        "name": "Allée le Greco / Rue Le Gréco",
        "context": "Amiens, Somme",
        "citycode": "80021",
        "depcode": "80"
      }
    },
    {
      "type": "Feature",
      "geometry": {
        "type": "Point",
        "coordinates": [
          2.274687351,
          49.902778502
        ]
      },
      "properties": {
        "name": "Allée Léon Burckel / Cour Pigeon",
        "context": "Amiens, Somme",
        "citycode": "80021",
        "depcode": "80"
      }
    },
    {
      "type": "Feature",
      "geometry": {
        "type": "Point",
        "coordinates": [
          2.301124444,
          49.904779022
        ]
      },
      "properties": {
        "name": "Allée Lieutenant Perry / Avenue du Général de Gaulle",
        "context": "Amiens, Somme",
        "citycode": "80021",
        "depcode": "80"
      }
    },
    {
      "type": "Feature",
      "geometry": {
        "type": "Point",
        "coordinates": [
          2.299689622,
          49.904811562
        ]
      },
      "properties": {
        "name": "Allée Lieutenant Perry / Rue des Français Libres",
        "context": "Amiens, Somme",
        "citycode": "80021",
        "depcode": "80"
      }
    },
    {
      "type": "Feature",
      "geometry": {
        "type": "Point",
        "coordinates": [
          2.292439696,
          49.885516396
        ]
      },
      "properties": {
        "name": "Allée Olympe de Gouges / Rue Gaulthier de Rumilly",
        "context": "Amiens, Somme",
        "citycode": "80021",
        "depcode": "80"
      }
    },
    {
      "type": "Feature",
      "geometry": {
        "type": "Point",
        "coordinates": [
          2.262398293,
          49.895775239
        ]
      },
      "properties": {
        "name": "Allée Petit Jean / La Selle",
        "context": "Amiens, Somme",
        "citycode": "80021",
        "depcode": "80"
      }
    },
    {
      "type": "Feature",
      "geometry": {
        "type": "Point",
        "coordinates": [
          2.261376906,
          49.896475122
        ]
      },
      "properties": {
        "name": "Allée Petit Jean / Rue Basse des Champs",
        "context": "Amiens, Somme",
        "citycode": "80021",
        "depcode": "80"
      }
    },
    {
      "type": "Feature",
      "geometry": {
        "type": "Point",
        "coordinates": [
          2.262347656,
          49.89580955
        ]
      },
      "properties": {
        "name": "Allée Petit Jean / Rue Émile Francfort",
        "context": "Amiens, Somme",
        "citycode": "80021",
        "depcode": "80"
      }
    },
    {
      "type": "Feature",
      "geometry": {
        "type": "Point",
        "coordinates": [
          2.310839096,
          49.876620394
        ]
      },
      "properties": {
        "name": "Allée Pierre Rollin / Allée des Rencontres",
        "context": "Amiens, Somme",
        "citycode": "80021",
        "depcode": "80"
      }
    },
    {
      "type": "Feature",
      "geometry": {
        "type": "Point",
        "coordinates": [
          2.313453444,
          49.876241473
        ]
      },
      "properties": {
        "name": "Allée Pierre Rollin / Rue Pierre Rollin",
        "context": "Amiens, Somme",
        "citycode": "80021",
        "depcode": "80"
      }
    },
    {
      "type": "Feature",
      "geometry": {
        "type": "Point",
        "coordinates": [
          2.274986718,
          49.900539076
        ]
      },
      "properties": {
        "name": "Allée Pourchelle / La Selle",
        "context": "Amiens, Somme",
        "citycode": "80021",
        "depcode": "80"
      }
    },
    {
      "type": "Feature",
      "geometry": {
        "type": "Point",
        "coordinates": [
          2.325465651,
          49.871835249
        ]
      },
      "properties": {
        "name": "Au Gré du Vent / Cité des Castors",
        "context": "Amiens, Somme",
        "citycode": "80021",
        "depcode": "80"
      }
    },
    {
      "type": "Feature",
      "geometry": {
        "type": "Point",
        "coordinates": [
          2.323351032,
          49.872673524
        ]
      },
      "properties": {
        "name": "Au Gré du Vent / Rue Edmond Rostand",
        "context": "Amiens, Somme",
        "citycode": "80021",
        "depcode": "80"
      }
    },
    {
      "type": "Feature",
      "geometry": {
        "type": "Point",
        "coordinates": [
          2.260113781,
          49.876768795
        ]
      },
      "properties": {
        "name": "Avenue Bernard Risbourg / Rue de la Sablonnière",
        "context": "Amiens, Somme",
        "citycode": "80021",
        "depcode": "80"
      }
    },
    {
      "type": "Feature",
      "geometry": {
        "type": "Point",
        "coordinates": [
          2.260116403,
          49.876767899
        ]
      },
      "properties": {
        "name": "Avenue Bernard Risbourg / Rue du Professeur Christian Cabrol",
        "context": "Amiens, Somme",
        "citycode": "80021",
        "depcode": "80"
      }
    },
    {
      "type": "Feature",
      "geometry": {
        "type": "Point",
        "coordinates": [
          2.284515318,
          49.871506061
        ]
      },
      "properties": {
        "name": "Avenue d'Allemagne / Avenue d'Italie",
        "context": "Amiens, Somme",
        "citycode": "80021",
        "depcode": "80"
      }
    },
    {
      "type": "Feature",
      "geometry": {
        "type": "Point",
        "coordinates": [
          2.284108311,
          49.870527989
        ]
      },
      "properties": {
        "name": "Avenue d'Allemagne / Rond-Point de l'Europe",
        "context": "Amiens, Somme",
        "citycode": "80021",
        "depcode": "80"
      }
    },
    {
      "type": "Feature",
      "geometry": {
        "type": "Point",
        "coordinates": [
          2.3248471,
          49.884405927
        ]
      },
      "properties": {
        "name": "Avenue d'Edimbourg / Avenue de Dublin",
        "context": "Amiens, Somme",
        "citycode": "80021",
        "depcode": "80"
      }
    },
    {
      "type": "Feature",
      "geometry": {
        "type": "Point",
        "coordinates": [
          2.324077142,
          49.884692297
        ]
      },
      "properties": {
        "name": "Avenue d'Edimbourg / Avenue de Londres",
        "context": "Amiens, Somme",
        "citycode": "80021",
        "depcode": "80"
      }
    },
    {
      "type": "Feature",
      "geometry": {
        "type": "Point",
        "coordinates": [
          2.32610748,
          49.883981779
        ]
      },
      "properties": {
        "name": "Avenue d'Edimbourg / Rue Henri Giffard",
        "context": "Amiens, Somme",
        "citycode": "80021",
        "depcode": "80"
      }
    },
    {
      "type": "Feature",
      "geometry": {
        "type": "Point",
        "coordinates": [
          2.326045137,
          49.883985267
        ]
      },
      "properties": {
        "name": "Avenue d'Edimbourg / Rue Saint-Acheul",
        "context": "Amiens, Somme",
        "citycode": "80021",
        "depcode": "80"
      }
    },
    {
      "type": "Feature",
      "geometry": {
        "type": "Point",
        "coordinates": [
          2.284535514,
          49.871508359
        ]
      },
      "properties": {
        "name": "Avenue d'Espagne / Avenue d'Allemagne",
        "context": "Amiens, Somme",
        "citycode": "80021",
        "depcode": "80"
      }
    },
    {
      "type": "Feature",
      "geometry": {
        "type": "Point",
        "coordinates": [
          2.2845258,
          49.87151
        ]
      },
      "properties": {
        "name": "Avenue d'Espagne / Avenue d'Italie",
        "context": "Amiens, Somme",
        "citycode": "80021",
        "depcode": "80"
      }
    },
    {
      "type": "Feature",
      "geometry": {
        "type": "Point",
        "coordinates": [
          2.287936689,
          49.874281977
        ]
      },
      "properties": {
        "name": "Avenue d'Espagne / Rue Alexandre Dumas",
        "context": "Amiens, Somme",
        "citycode": "80021",
        "depcode": "80"
      }
    },
    {
      "type": "Feature",
      "geometry": {
        "type": "Point",
        "coordinates": [
          2.286562047,
          49.871810256
        ]
      },
      "properties": {
        "name": "Avenue d'Espagne / Rue de Pologne",
        "context": "Amiens, Somme",
        "citycode": "80021",
        "depcode": "80"
      }
    },
    {
      "type": "Feature",
      "geometry": {
        "type": "Point",
        "coordinates": [
          2.294872571,
          49.870235867
        ]
      },
      "properties": {
        "name": "Avenue d'Irlande / Allée des Pays Bas",
        "context": "Amiens, Somme",
        "citycode": "80021",
        "depcode": "80"
      }
    },
    {
      "type": "Feature",
      "geometry": {
        "type": "Point",
        "coordinates": [
          2.295827159,
          49.872006734
        ]
      },
      "properties": {
        "name": "Avenue d'Irlande / Rue Alexandre Dumas",
        "context": "Amiens, Somme",
        "citycode": "80021",
        "depcode": "80"
      }
    },
    {
      "type": "Feature",
      "geometry": {
        "type": "Point",
        "coordinates": [
          2.284520115,
          49.871516787
        ]
      },
      "properties": {
        "name": "Avenue d'Italie / Avenue d'Allemagne",
        "context": "Amiens, Somme",
        "citycode": "80021",
        "depcode": "80"
      }
    },
    {
      "type": "Feature",
      "geometry": {
        "type": "Point",
        "coordinates": [
          2.292154087,
          49.87131278
        ]
      },
      "properties": {
        "name": "Avenue de Belgique / Allée de Finlande",
        "context": "Amiens, Somme",
        "citycode": "80021",
        "depcode": "80"
      }
    },
    {
      "type": "Feature",
      "geometry": {
        "type": "Point",
        "coordinates": [
          2.295197217,
          49.870871123
        ]
      },
      "properties": {
        "name": "Avenue de Belgique / Avenue d'Irlande",
        "context": "Amiens, Somme",
        "citycode": "80021",
        "depcode": "80"
      }
    },
    {
      "type": "Feature",
      "geometry": {
        "type": "Point",
        "coordinates": [
          2.290436183,
          49.870124062
        ]
      },
      "properties": {
        "name": "Avenue de Belgique / Avenue du Royaume-Uni",
        "context": "Amiens, Somme",
        "citycode": "80021",
        "depcode": "80"
      }
    },
    {
      "type": "Feature",
      "geometry": {
        "type": "Point",
        "coordinates": [
          2.292151429,
          49.871169167
        ]
      },
      "properties": {
        "name": "Avenue de Belgique / Rue de Norvège",
        "context": "Amiens, Somme",
        "citycode": "80021",
        "depcode": "80"
      }
    },
    {
      "type": "Feature",
      "geometry": {
        "type": "Point",
        "coordinates": [
          2.254966571,
          49.914385963
        ]
      },
      "properties": {
        "name": "Avenue de Bourgogne / Avenue de la Commune de Paris",
        "context": "Amiens, Somme",
        "citycode": "80021",
        "depcode": "80"
      }
    },
    {
      "type": "Feature",
      "geometry": {
        "type": "Point",
        "coordinates": [
          2.252538264,
          49.914397894
        ]
      },
      "properties": {
        "name": "Avenue de Bourgogne / Avenue du Périgord",
        "context": "Amiens, Somme",
        "citycode": "80021",
        "depcode": "80"
      }
    },
    {
      "type": "Feature",
      "geometry": {
        "type": "Point",
        "coordinates": [
          2.252533777,
          49.914369937
        ]
      },
      "properties": {
        "name": "Avenue de Bourgogne / Place du Pays d'Auge",
        "context": "Amiens, Somme",
        "citycode": "80021",
        "depcode": "80"
      }
    },
    {
      "type": "Feature",
      "geometry": {
        "type": "Point",
        "coordinates": [
          2.25331831,
          49.914628422
        ]
      },
      "properties": {
        "name": "Avenue de Bourgogne / Rue de Bourgogne",
        "context": "Amiens, Somme",
        "citycode": "80021",
        "depcode": "80"
      }
    },
    {
      "type": "Feature",
      "geometry": {
        "type": "Point",
        "coordinates": [
          2.25191398,
          49.915375092
        ]
      },
      "properties": {
        "name": "Avenue de Bourgogne / Square Émile Thuillez",
        "context": "Amiens, Somme",
        "citycode": "80021",
        "depcode": "80"
      }
    },
    {
      "type": "Feature",
      "geometry": {
        "type": "Point",
        "coordinates": [
          2.324203638,
          49.883733623
        ]
      },
      "properties": {
        "name": "Avenue de Dublin / Chaussée Jules Ferry",
        "context": "Amiens, Somme",
        "citycode": "80021",
        "depcode": "80"
      }
    },
    {
      "type": "Feature",
      "geometry": {
        "type": "Point",
        "coordinates": [
          2.278894438,
          49.868000593
        ]
      },
      "properties": {
        "name": "Avenue de Grèce / Route d'Amiens D1001",
        "context": "Amiens, Somme",
        "citycode": "80021",
        "depcode": "80"
      }
    },
    {
      "type": "Feature",
      "geometry": {
        "type": "Point",
        "coordinates": [
          2.30262298,
          49.911647131
        ]
      },
      "properties": {
        "name": "Avenue de l'Europe / Avenue de la Paix",
        "context": "Amiens, Somme",
        "citycode": "80021",
        "depcode": "80"
      }
    },
    {
      "type": "Feature",
      "geometry": {
        "type": "Point",
        "coordinates": [
          2.301988492,
          49.907479115
        ]
      },
      "properties": {
        "name": "Avenue de l'Europe / Avenue du Général de Gaulle",
        "context": "Amiens, Somme",
        "citycode": "80021",
        "depcode": "80"
      }
    },
    {
      "type": "Feature",
      "geometry": {
        "type": "Point",
        "coordinates": [
          2.301948337,
          49.907500044
        ]
      },
      "properties": {
        "name": "Avenue de l'Europe / Rue Franklin Roosevelt D933",
        "context": "Amiens, Somme",
        "citycode": "80021",
        "depcode": "80"
      }
    },
    {
      "type": "Feature",
      "geometry": {
        "type": "Point",
        "coordinates": [
          2.302038785,
          49.907487456
        ]
      },
      "properties": {
        "name": "Avenue de l'Europe / Rue Robert Schumann",
        "context": "Amiens, Somme",
        "citycode": "80021",
        "depcode": "80"
      }
    },
    {
      "type": "Feature",
      "geometry": {
        "type": "Point",
        "coordinates": [
          2.30266324,
          49.915350176
        ]
      },
      "properties": {
        "name": "Avenue de l'Europe / Rue Roger Martin du Gard",
        "context": "Amiens, Somme",
        "citycode": "80021",
        "depcode": "80"
      }
    },
    {
      "type": "Feature",
      "geometry": {
        "type": "Point",
        "coordinates": [
          2.271273605,
          49.897120961
        ]
      },
      "properties": {
        "name": "Avenue de l'Hippodrome / Allée des Soupirs",
        "context": "Amiens, Somme",
        "citycode": "80021",
        "depcode": "80"
      }
    },
    {
      "type": "Feature",
      "geometry": {
        "type": "Point",
        "coordinates": [
          2.270405212,
          49.897388699
        ]
      },
      "properties": {
        "name": "Avenue de l'Hippodrome / Rue Édouard Lucas",
        "context": "Amiens, Somme",
        "citycode": "80021",
        "depcode": "80"
      }
    },
    {
      "type": "Feature",
      "geometry": {
        "type": "Point",
        "coordinates": [
          2.254888787,
          49.914370404
        ]
      },
      "properties": {
        "name": "Avenue de la Commune de Paris / Avenue de Bourgogne",
        "context": "Amiens, Somme",
        "citycode": "80021",
        "depcode": "80"
      }
    },
    {
      "type": "Feature",
      "geometry": {
        "type": "Point",
        "coordinates": [
          2.254785008,
          49.913022821
        ]
      },
      "properties": {
        "name": "Avenue de la Commune de Paris / Avenue du Pays d'Auge",
        "context": "Amiens, Somme",
        "citycode": "80021",
        "depcode": "80"
      }
    },
    {
      "type": "Feature",
      "geometry": {
        "type": "Point",
        "coordinates": [
          2.254093051,
          49.911590904
        ]
      },
      "properties": {
        "name": "Avenue de la Commune de Paris / Rue d'Abbeville D1235",
        "context": "Amiens, Somme",
        "citycode": "80021",
        "depcode": "80"
      }
    },
    {
      "type": "Feature",
      "geometry": {
        "type": "Point",
        "coordinates": [
          2.326674453,
          49.909128268
        ]
      },
      "properties": {
        "name": "Avenue de la Défense Passive D929 / Avenue du Petit Fort",
        "context": "Amiens, Somme",
        "citycode": "80021",
        "depcode": "80"
      }
    },
    {
      "type": "Feature",
      "geometry": {
        "type": "Point",
        "coordinates": [
          2.318326586,
          49.90690329
        ]
      },
      "properties": {
        "name": "Avenue de la Défense Passive D929 / Boulevard de Roubaix D1",
        "context": "Amiens, Somme",
        "citycode": "80021",
        "depcode": "80"
      }
    },
    {
      "type": "Feature",
      "geometry": {
        "type": "Point",
        "coordinates": [
          2.264422215,
          49.908055642
        ]
      },
      "properties": {
        "name": "Avenue de la Gare / Rue d'Abbeville D1235",
        "context": "Amiens, Somme",
        "citycode": "80021",
        "depcode": "80"
      }
    },
    {
      "type": "Feature",
      "geometry": {
        "type": "Point",
        "coordinates": [
          2.264380877,
          49.900374105
        ]
      },
      "properties": {
        "name": "Avenue de la Licorne / Rond-Point de Grâce",
        "context": "Amiens, Somme",
        "citycode": "80021",
        "depcode": "80"
      }
    },
    {
      "type": "Feature",
      "geometry": {
        "type": "Point",
        "coordinates": [
          2.266000782,
          49.898693681
        ]
      },
      "properties": {
        "name": "Avenue de la Licorne / Rue Robert le Coq",
        "context": "Amiens, Somme",
        "citycode": "80021",
        "depcode": "80"
      }
    },
    {
      "type": "Feature",
      "geometry": {
        "type": "Point",
        "coordinates": [
          2.302588525,
          49.911647235
        ]
      },
      "properties": {
        "name": "Avenue de la Paix / Avenue de l'Europe",
        "context": "Amiens, Somme",
        "citycode": "80021",
        "depcode": "80"
      }
    },
    {
      "type": "Feature",
      "geometry": {
        "type": "Point",
        "coordinates": [
          2.309813301,
          49.911655944
        ]
      },
      "properties": {
        "name": "Avenue de la Paix / Rue César Franck",
        "context": "Amiens, Somme",
        "citycode": "80021",
        "depcode": "80"
      }
    },
    {
      "type": "Feature",
      "geometry": {
        "type": "Point",
        "coordinates": [
          2.30626156,
          49.911656639
        ]
      },
      "properties": {
        "name": "Avenue de la Paix / Rue Couperin",
        "context": "Amiens, Somme",
        "citycode": "80021",
        "depcode": "80"
      }
    },
    {
      "type": "Feature",
      "geometry": {
        "type": "Point",
        "coordinates": [
          2.299007128,
          49.911652525
        ]
      },
      "properties": {
        "name": "Avenue de la Paix / Rue de la Rivière de Cassis",
        "context": "Amiens, Somme",
        "citycode": "80021",
        "depcode": "80"
      }
    },
    {
      "type": "Feature",
      "geometry": {
        "type": "Point",
        "coordinates": [
          2.297716694,
          49.911644754
        ]
      },
      "properties": {
        "name": "Avenue de la Paix / Rue Eugène Delacroix",
        "context": "Amiens, Somme",
        "citycode": "80021",
        "depcode": "80"
      }
    },
    {
      "type": "Feature",
      "geometry": {
        "type": "Point",
        "coordinates": [
          2.300629822,
          49.911640616
        ]
      },
      "properties": {
        "name": "Avenue de la Paix / Rue Georges Guynemer",
        "context": "Amiens, Somme",
        "citycode": "80021",
        "depcode": "80"
      }
    },
    {
      "type": "Feature",
      "geometry": {
        "type": "Point",
        "coordinates": [
          2.301704828,
          49.911638381
        ]
      },
      "properties": {
        "name": "Avenue de la Paix / Rue Henri Farman",
        "context": "Amiens, Somme",
        "citycode": "80021",
        "depcode": "80"
      }
    },
    {
      "type": "Feature",
      "geometry": {
        "type": "Point",
        "coordinates": [
          2.300955879,
          49.911660422
        ]
      },
      "properties": {
        "name": "Avenue de la Paix / Rue Ingres",
        "context": "Amiens, Somme",
        "citycode": "80021",
        "depcode": "80"
      }
    },
    {
      "type": "Feature",
      "geometry": {
        "type": "Point",
        "coordinates": [
          2.307905233,
          49.911660867
        ]
      },
      "properties": {
        "name": "Avenue de la Paix / Rue Messager",
        "context": "Amiens, Somme",
        "citycode": "80021",
        "depcode": "80"
      }
    },
    {
      "type": "Feature",
      "geometry": {
        "type": "Point",
        "coordinates": [
          2.307016993,
          49.911636068
        ]
      },
      "properties": {
        "name": "Avenue de la Paix / Rue Winston Churchill",
        "context": "Amiens, Somme",
        "citycode": "80021",
        "depcode": "80"
      }
    },
    {
      "type": "Feature",
      "geometry": {
        "type": "Point",
        "coordinates": [
          2.276729252,
          49.876708398
        ]
      },
      "properties": {
        "name": "Avenue de la Sagesse / Allée des Quatre Souffles",
        "context": "Amiens, Somme",
        "citycode": "80021",
        "depcode": "80"
      }
    },
    {
      "type": "Feature",
      "geometry": {
        "type": "Point",
        "coordinates": [
          2.276496858,
          49.876782907
        ]
      },
      "properties": {
        "name": "Avenue de la Sagesse / Allée du Delphinium",
        "context": "Amiens, Somme",
        "citycode": "80021",
        "depcode": "80"
      }
    },
    {
      "type": "Feature",
      "geometry": {
        "type": "Point",
        "coordinates": [
          2.324065795,
          49.884682615
        ]
      },
      "properties": {
        "name": "Avenue de Londres / Avenue d'Edimbourg",
        "context": "Amiens, Somme",
        "citycode": "80021",
        "depcode": "80"
      }
    },
    {
      "type": "Feature",
      "geometry": {
        "type": "Point",
        "coordinates": [
          2.323424961,
          49.884019146
        ]
      },
      "properties": {
        "name": "Avenue de Londres / Chaussée Jules Ferry",
        "context": "Amiens, Somme",
        "citycode": "80021",
        "depcode": "80"
      }
    },
    {
      "type": "Feature",
      "geometry": {
        "type": "Point",
        "coordinates": [
          2.326743165,
          49.886543208
        ]
      },
      "properties": {
        "name": "Avenue de Londres / Rue de la Délivrance",
        "context": "Amiens, Somme",
        "citycode": "80021",
        "depcode": "80"
      }
    },
    {
      "type": "Feature",
      "geometry": {
        "type": "Point",
        "coordinates": [
          2.324866168,
          49.88553237
        ]
      },
      "properties": {
        "name": "Avenue de Londres / Rue de Madrid",
        "context": "Amiens, Somme",
        "citycode": "80021",
        "depcode": "80"
      }
    },
    {
      "type": "Feature",
      "geometry": {
        "type": "Point",
        "coordinates": [
          2.326138632,
          49.886409891
        ]
      },
      "properties": {
        "name": "Avenue de Londres / Rue de Suffren",
        "context": "Amiens, Somme",
        "citycode": "80021",
        "depcode": "80"
      }
    },
    {
      "type": "Feature",
      "geometry": {
        "type": "Point",
        "coordinates": [
          2.32593833,
          49.886403313
        ]
      },
      "properties": {
        "name": "Avenue de Londres / Rue des Alliés",
        "context": "Amiens, Somme",
        "citycode": "80021",
        "depcode": "80"
      }
    },
    {
      "type": "Feature",
      "geometry": {
        "type": "Point",
        "coordinates": [
          2.324836315,
          49.885543277
        ]
      },
      "properties": {
        "name": "Avenue de Londres / Rue Vion",
        "context": "Amiens, Somme",
        "citycode": "80021",
        "depcode": "80"
      }
    },
    {
      "type": "Feature",
      "geometry": {
        "type": "Point",
        "coordinates": [
          2.248996817,
          49.914313013
        ]
      },
      "properties": {
        "name": "Avenue de Picardie / Place des Provinces Françaises",
        "context": "Amiens, Somme",
        "citycode": "80021",
        "depcode": "80"
      }
    },
    {
      "type": "Feature",
      "geometry": {
        "type": "Point",
        "coordinates": [
          2.246324269,
          49.9144157
        ]
      },
      "properties": {
        "name": "Avenue de Picardie / Rue de l'Île de France",
        "context": "Amiens, Somme",
        "citycode": "80021",
        "depcode": "80"
      }
    },
    {
      "type": "Feature",
      "geometry": {
        "type": "Point",
        "coordinates": [
          2.249356628,
          49.91430238
        ]
      },
      "properties": {
        "name": "Avenue de Picardie / Rue de Touraine",
        "context": "Amiens, Somme",
        "citycode": "80021",
        "depcode": "80"
      }
    },
    {
      "type": "Feature",
      "geometry": {
        "type": "Point",
        "coordinates": [
          2.246325129,
          49.914427435
        ]
      },
      "properties": {
        "name": "Avenue de Picardie / Rue Louise Michel",
        "context": "Amiens, Somme",
        "citycode": "80021",
        "depcode": "80"
      }
    },
    {
      "type": "Feature",
      "geometry": {
        "type": "Point",
        "coordinates": [
          2.25756154,
          49.918597089
        ]
      },
      "properties": {
        "name": "Avenue des Cygnes / Chemin de la Marine",
        "context": "Amiens, Somme",
        "citycode": "80021",
        "depcode": "80"
      }
    },
    {
      "type": "Feature",
      "geometry": {
        "type": "Point",
        "coordinates": [
          2.26092885,
          49.9215246
        ]
      },
      "properties": {
        "name": "Avenue des Cygnes / Rue du Grand Marais",
        "context": "Amiens, Somme",
        "citycode": "80021",
        "depcode": "80"
      }
    },
    {
      "type": "Feature",
      "geometry": {
        "type": "Point",
        "coordinates": [
          2.260703381,
          49.921597788
        ]
      },
      "properties": {
        "name": "Avenue des Cygnes / Rue Saint-Léger",
        "context": "Amiens, Somme",
        "citycode": "80021",
        "depcode": "80"
      }
    },
    {
      "type": "Feature",
      "geometry": {
        "type": "Point",
        "coordinates": [
          2.266091094,
          49.874600704
        ]
      },
      "properties": {
        "name": "Avenue des Facultés D8 / Avenue Paul Claudel",
        "context": "Amiens, Somme",
        "citycode": "80021",
        "depcode": "80"
      }
    },
    {
      "type": "Feature",
      "geometry": {
        "type": "Point",
        "coordinates": [
          2.281454478,
          49.87417697
        ]
      },
      "properties": {
        "name": "Avenue du 14 Juillet 1789 D1001 / Avenue d'Italie",
        "context": "Amiens, Somme",
        "citycode": "80021",
        "depcode": "80"
      }
    },
    {
      "type": "Feature",
      "geometry": {
        "type": "Point",
        "coordinates": [
          2.284959235,
          49.881642724
        ]
      },
      "properties": {
        "name": "Avenue du 14 Juillet 1789 D1001 / Boulevard Chateaudun",
        "context": "Amiens, Somme",
        "citycode": "80021",
        "depcode": "80"
      }
    },
    {
      "type": "Feature",
      "geometry": {
        "type": "Point",
        "coordinates": [
          2.284968628,
          49.881637589
        ]
      },
      "properties": {
        "name": "Avenue du 14 Juillet 1789 D1001 / Boulevard de Dury",
        "context": "Amiens, Somme",
        "citycode": "80021",
        "depcode": "80"
      }
    },
    {
      "type": "Feature",
      "geometry": {
        "type": "Point",
        "coordinates": [
          2.282029922,
          49.875308332
        ]
      },
      "properties": {
        "name": "Avenue du 14 Juillet 1789 D1001 / Rue Alexandre Dumas",
        "context": "Amiens, Somme",
        "citycode": "80021",
        "depcode": "80"
      }
    },
    {
      "type": "Feature",
      "geometry": {
        "type": "Point",
        "coordinates": [
          2.282772037,
          49.877369103
        ]
      },
      "properties": {
        "name": "Avenue du 14 Juillet 1789 D1001 / Rue André Chénier",
        "context": "Amiens, Somme",
        "citycode": "80021",
        "depcode": "80"
      }
    },
    {
      "type": "Feature",
      "geometry": {
        "type": "Point",
        "coordinates": [
          2.281271772,
          49.873980277
        ]
      },
      "properties": {
        "name": "Avenue du 14 Juillet 1789 D1001 / Rue de Paris",
        "context": "Amiens, Somme",
        "citycode": "80021",
        "depcode": "80"
      }
    },
    {
      "type": "Feature",
      "geometry": {
        "type": "Point",
        "coordinates": [
          2.282365518,
          49.876681786
        ]
      },
      "properties": {
        "name": "Avenue du 14 Juillet 1789 D1001 / Rue du Soleil Levant",
        "context": "Amiens, Somme",
        "citycode": "80021",
        "depcode": "80"
      }
    },
    {
      "type": "Feature",
      "geometry": {
        "type": "Point",
        "coordinates": [
          2.283179356,
          49.868502726
        ]
      },
      "properties": {
        "name": "Avenue du Danemark / Avenue de Grèce",
        "context": "Amiens, Somme",
        "citycode": "80021",
        "depcode": "80"
      }
    },
    {
      "type": "Feature",
      "geometry": {
        "type": "Point",
        "coordinates": [
          2.283979315,
          49.870102645
        ]
      },
      "properties": {
        "name": "Avenue du Danemark / Rond-Point de l'Europe",
        "context": "Amiens, Somme",
        "citycode": "80021",
        "depcode": "80"
      }
    },
    {
      "type": "Feature",
      "geometry": {
        "type": "Point",
        "coordinates": [
          2.301191733,
          49.904772166
        ]
      },
      "properties": {
        "name": "Avenue du Général de Gaulle / Allée Lieutenant Perry",
        "context": "Amiens, Somme",
        "citycode": "80021",
        "depcode": "80"
      }
    },
    {
      "type": "Feature",
      "geometry": {
        "type": "Point",
        "coordinates": [
          2.301981362,
          49.907483947
        ]
      },
      "properties": {
        "name": "Avenue du Général de Gaulle / Avenue de l'Europe",
        "context": "Amiens, Somme",
        "citycode": "80021",
        "depcode": "80"
      }
    },
    {
      "type": "Feature",
      "geometry": {
        "type": "Point",
        "coordinates": [
          2.299913629,
          49.902058582
        ]
      },
      "properties": {
        "name": "Avenue du Général de Gaulle / Chaussée Saint-Pierre D929",
        "context": "Amiens, Somme",
        "citycode": "80021",
        "depcode": "80"
      }
    },
    {
      "type": "Feature",
      "geometry": {
        "type": "Point",
        "coordinates": [
          2.299853388,
          49.902153753
        ]
      },
      "properties": {
        "name": "Avenue du Général de Gaulle / Rue des Déportés",
        "context": "Amiens, Somme",
        "citycode": "80021",
        "depcode": "80"
      }
    },
    {
      "type": "Feature",
      "geometry": {
        "type": "Point",
        "coordinates": [
          2.2832879,
          49.891297443
        ]
      },
      "properties": {
        "name": "Avenue du Général Foy / Impasse Thomas",
        "context": "Amiens, Somme",
        "citycode": "80021",
        "depcode": "80"
      }
    },
    {
      "type": "Feature",
      "geometry": {
        "type": "Point",
        "coordinates": [
          2.280902701,
          49.888821756
        ]
      },
      "properties": {
        "name": "Avenue du Général Foy / Promenade du Souvenir",
        "context": "Amiens, Somme",
        "citycode": "80021",
        "depcode": "80"
      }
    },
    {
      "type": "Feature",
      "geometry": {
        "type": "Point",
        "coordinates": [
          2.284582541,
          49.892698602
        ]
      },
      "properties": {
        "name": "Avenue du Général Foy / Rue Bruno d'Agay",
        "context": "Amiens, Somme",
        "citycode": "80021",
        "depcode": "80"
      }
    },
    {
      "type": "Feature",
      "geometry": {
        "type": "Point",
        "coordinates": [
          2.279914227,
          49.887802053
        ]
      },
      "properties": {
        "name": "Avenue du Général Foy / Rue du Général Domon",
        "context": "Amiens, Somme",
        "citycode": "80021",
        "depcode": "80"
      }
    },
    {
      "type": "Feature",
      "geometry": {
        "type": "Point",
        "coordinates": [
          2.28248754,
          49.890461152
        ]
      },
      "properties": {
        "name": "Avenue du Général Foy / Rue Gaston Moutardier",
        "context": "Amiens, Somme",
        "citycode": "80021",
        "depcode": "80"
      }
    },
    {
      "type": "Feature",
      "geometry": {
        "type": "Point",
        "coordinates": [
          2.284437249,
          49.892453084
        ]
      },
      "properties": {
        "name": "Avenue du Général Foy / Rue Lannoy",
        "context": "Amiens, Somme",
        "citycode": "80021",
        "depcode": "80"
      }
    },
    {
      "type": "Feature",
      "geometry": {
        "type": "Point",
        "coordinates": [
          2.282921909,
          49.890916002
        ]
      },
      "properties": {
        "name": "Avenue du Général Foy / Rue Macquet Vion",
        "context": "Amiens, Somme",
        "citycode": "80021",
        "depcode": "80"
      }
    },
    {
      "type": "Feature",
      "geometry": {
        "type": "Point",
        "coordinates": [
          2.279536375,
          49.887403745
        ]
      },
      "properties": {
        "name": "Avenue du Général Foy / Rue Ringois",
        "context": "Amiens, Somme",
        "citycode": "80021",
        "depcode": "80"
      }
    },
    {
      "type": "Feature",
      "geometry": {
        "type": "Point",
        "coordinates": [
          2.256602795,
          49.917039255
        ]
      },
      "properties": {
        "name": "Avenue du Languedoc / Allée de la Côte d'Azur",
        "context": "Amiens, Somme",
        "citycode": "80021",
        "depcode": "80"
      }
    },
    {
      "type": "Feature",
      "geometry": {
        "type": "Point",
        "coordinates": [
          2.255985364,
          49.91699455
        ]
      },
      "properties": {
        "name": "Avenue du Languedoc / Avenue de la Commune de Paris",
        "context": "Amiens, Somme",
        "citycode": "80021",
        "depcode": "80"
      }
    },
    {
      "type": "Feature",
      "geometry": {
        "type": "Point",
        "coordinates": [
          2.250705854,
          49.916388546
        ]
      },
      "properties": {
        "name": "Avenue du Languedoc / Avenue Jules Valès",
        "context": "Amiens, Somme",
        "citycode": "80021",
        "depcode": "80"
      }
    },
    {
      "type": "Feature",
      "geometry": {
        "type": "Point",
        "coordinates": [
          2.25673447,
          49.917017709
        ]
      },
      "properties": {
        "name": "Avenue du Languedoc / Place du Béarn",
        "context": "Amiens, Somme",
        "citycode": "80021",
        "depcode": "80"
      }
    },
    {
      "type": "Feature",
      "geometry": {
        "type": "Point",
        "coordinates": [
          2.251071965,
          49.91666749
        ]
      },
      "properties": {
        "name": "Avenue du Languedoc / Rue Auguste Blanqui",
        "context": "Amiens, Somme",
        "citycode": "80021",
        "depcode": "80"
      }
    },
    {
      "type": "Feature",
      "geometry": {
        "type": "Point",
        "coordinates": [
          2.250909577,
          49.916474538
        ]
      },
      "properties": {
        "name": "Avenue du Languedoc / Rue d'Anjou",
        "context": "Amiens, Somme",
        "citycode": "80021",
        "depcode": "80"
      }
    },
    {
      "type": "Feature",
      "geometry": {
        "type": "Point",
        "coordinates": [
          2.257174151,
          49.917086819
        ]
      },
      "properties": {
        "name": "Avenue du Languedoc / Rue Georges Quarante",
        "context": "Amiens, Somme",
        "citycode": "80021",
        "depcode": "80"
      }
    },
    {
      "type": "Feature",
      "geometry": {
        "type": "Point",
        "coordinates": [
          2.283684414,
          49.87032364
        ]
      },
      "properties": {
        "name": "Avenue du Luxembourg / Rond-Point de l'Europe",
        "context": "Amiens, Somme",
        "citycode": "80021",
        "depcode": "80"
      }
    },
    {
      "type": "Feature",
      "geometry": {
        "type": "Point",
        "coordinates": [
          2.254870959,
          49.913012973
        ]
      },
      "properties": {
        "name": "Avenue du Pays d'Auge / Avenue de la Commune de Paris",
        "context": "Amiens, Somme",
        "citycode": "80021",
        "depcode": "80"
      }
    },
    {
      "type": "Feature",
      "geometry": {
        "type": "Point",
        "coordinates": [
          2.25174252,
          49.912793193
        ]
      },
      "properties": {
        "name": "Avenue du Pays d'Auge / Avenue du Périgord",
        "context": "Amiens, Somme",
        "citycode": "80021",
        "depcode": "80"
      }
    },
    {
      "type": "Feature",
      "geometry": {
        "type": "Point",
        "coordinates": [
          2.253341939,
          49.91291183
        ]
      },
      "properties": {
        "name": "Avenue du Pays d'Auge / Place du Pays d'Auge",
        "context": "Amiens, Somme",
        "citycode": "80021",
        "depcode": "80"
      }
    },
    {
      "type": "Feature",
      "geometry": {
        "type": "Point",
        "coordinates": [
          2.252220152,
          49.914221555
        ]
      },
      "properties": {
        "name": "Avenue du Périgord / Avenue de Picardie",
        "context": "Amiens, Somme",
        "citycode": "80021",
        "depcode": "80"
      }
    },
    {
      "type": "Feature",
      "geometry": {
        "type": "Point",
        "coordinates": [
          2.252476922,
          49.914334743
        ]
      },
      "properties": {
        "name": "Avenue du Périgord / Place du Pays d'Auge",
        "context": "Amiens, Somme",
        "citycode": "80021",
        "depcode": "80"
      }
    },
    {
      "type": "Feature",
      "geometry": {
        "type": "Point",
        "coordinates": [
          2.288824351,
          49.872374966
        ]
      },
      "properties": {
        "name": "Avenue du Royaume-Uni / Allée de Finlande",
        "context": "Amiens, Somme",
        "citycode": "80021",
        "depcode": "80"
      }
    },
    {
      "type": "Feature",
      "geometry": {
        "type": "Point",
        "coordinates": [
          2.28919792,
          49.871805654
        ]
      },
      "properties": {
        "name": "Avenue du Royaume-Uni / Allée de Suède",
        "context": "Amiens, Somme",
        "citycode": "80021",
        "depcode": "80"
      }
    },
    {
      "type": "Feature",
      "geometry": {
        "type": "Point",
        "coordinates": [
          2.287185254,
          49.872935856
        ]
      },
      "properties": {
        "name": "Avenue du Royaume-Uni / Avenue d'Espagne",
        "context": "Amiens, Somme",
        "citycode": "80021",
        "depcode": "80"
      }
    },
    {
      "type": "Feature",
      "geometry": {
        "type": "Point",
        "coordinates": [
          2.278057466,
          49.879794171
        ]
      },
      "properties": {
        "name": "Avenue du Soulier de Satin / Allée de l'Art Poétique",
        "context": "Amiens, Somme",
        "citycode": "80021",
        "depcode": "80"
      }
    },
    {
      "type": "Feature",
      "geometry": {
        "type": "Point",
        "coordinates": [
          2.278202441,
          49.87967081
        ]
      },
      "properties": {
        "name": "Avenue du Soulier de Satin / Allée de l'Oeil Écoute",
        "context": "Amiens, Somme",
        "citycode": "80021",
        "depcode": "80"
      }
    },
    {
      "type": "Feature",
      "geometry": {
        "type": "Point",
        "coordinates": [
          2.279002605,
          49.879203128
        ]
      },
      "properties": {
        "name": "Avenue du Soulier de Satin / Allée de la Cantate à Trois Voix",
        "context": "Amiens, Somme",
        "citycode": "80021",
        "depcode": "80"
      }
    },
    {
      "type": "Feature",
      "geometry": {
        "type": "Point",
        "coordinates": [
          2.281091025,
          49.877926969
        ]
      },
      "properties": {
        "name": "Avenue du Soulier de Satin / Allée des Feuilles de Saints",
        "context": "Amiens, Somme",
        "citycode": "80021",
        "depcode": "80"
      }
    },
    {
      "type": "Feature",
      "geometry": {
        "type": "Point",
        "coordinates": [
          2.279711074,
          49.878776201
        ]
      },
      "properties": {
        "name": "Avenue du Soulier de Satin / Allée du Pan",
        "context": "Amiens, Somme",
        "citycode": "80021",
        "depcode": "80"
      }
    },
    {
      "type": "Feature",
      "geometry": {
        "type": "Point",
        "coordinates": [
          2.280399131,
          49.87835754
        ]
      },
      "properties": {
        "name": "Avenue du Soulier de Satin / Allée du Syrinx",
        "context": "Amiens, Somme",
        "citycode": "80021",
        "depcode": "80"
      }
    },
    {
      "type": "Feature",
      "geometry": {
        "type": "Point",
        "coordinates": [
          2.280960424,
          49.877981369
        ]
      },
      "properties": {
        "name": "Avenue du Soulier de Satin / Rue des Visages Radieux",
        "context": "Amiens, Somme",
        "citycode": "80021",
        "depcode": "80"
      }
    },
    {
      "type": "Feature",
      "geometry": {
        "type": "Point",
        "coordinates": [
          2.260149856,
          49.900626598
        ]
      },
      "properties": {
        "name": "Avenue François Mitterand / Rue de la Vénus de Renancourt",
        "context": "Amiens, Somme",
        "citycode": "80021",
        "depcode": "80"
      }
    },
    {
      "type": "Feature",
      "geometry": {
        "type": "Point",
        "coordinates": [
          2.284179632,
          49.901568921
        ]
      },
      "properties": {
        "name": "Avenue Georges Pompidou D1235 / Avenue Pierre Mendès France D1235",
        "context": "Amiens, Somme",
        "citycode": "80021",
        "depcode": "80"
      }
    },
    {
      "type": "Feature",
      "geometry": {
        "type": "Point",
        "coordinates": [
          2.278001147,
          49.902912578
        ]
      },
      "properties": {
        "name": "Avenue Georges Pompidou D1235 / La Selle",
        "context": "Amiens, Somme",
        "citycode": "80021",
        "depcode": "80"
      }
    },
    {
      "type": "Feature",
      "geometry": {
        "type": "Point",
        "coordinates": [
          2.280834925,
          49.902786523
        ]
      },
      "properties": {
        "name": "Avenue Georges Pompidou D1235 / Rue Alfred Catel",
        "context": "Amiens, Somme",
        "citycode": "80021",
        "depcode": "80"
      }
    },
    {
      "type": "Feature",
      "geometry": {
        "type": "Point",
        "coordinates": [
          2.277281505,
          49.903088309
        ]
      },
      "properties": {
        "name": "Avenue Georges Pompidou D1235 / Rue d'Australie D1235",
        "context": "Amiens, Somme",
        "citycode": "80021",
        "depcode": "80"
      }
    },
    {
      "type": "Feature",
      "geometry": {
        "type": "Point",
        "coordinates": [
          2.284173403,
          49.90156677
        ]
      },
      "properties": {
        "name": "Avenue Georges Pompidou D1235 / Rue des Prés Forêts",
        "context": "Amiens, Somme",
        "citycode": "80021",
        "depcode": "80"
      }
    },
    {
      "type": "Feature",
      "geometry": {
        "type": "Point",
        "coordinates": [
          2.284174548,
          49.901583521
        ]
      },
      "properties": {
        "name": "Avenue Georges Pompidou D1235 / Rue du Château Milan",
        "context": "Amiens, Somme",
        "citycode": "80021",
        "depcode": "80"
      }
    },
    {
      "type": "Feature",
      "geometry": {
        "type": "Point",
        "coordinates": [
          2.247255809,
          49.915680406
        ]
      },
      "properties": {
        "name": "Avenue Jules Valès / Allée de la Réunion",
        "context": "Amiens, Somme",
        "citycode": "80021",
        "depcode": "80"
      }
    },
    {
      "type": "Feature",
      "geometry": {
        "type": "Point",
        "coordinates": [
          2.250812538,
          49.916396565
        ]
      },
      "properties": {
        "name": "Avenue Jules Valès / Avenue du Languedoc",
        "context": "Amiens, Somme",
        "citycode": "80021",
        "depcode": "80"
      }
    },
    {
      "type": "Feature",
      "geometry": {
        "type": "Point",
        "coordinates": [
          2.250872254,
          49.916418987
        ]
      },
      "properties": {
        "name": "Avenue Jules Valès / Rue d'Anjou",
        "context": "Amiens, Somme",
        "citycode": "80021",
        "depcode": "80"
      }
    },
    {
      "type": "Feature",
      "geometry": {
        "type": "Point",
        "coordinates": [
          2.246191646,
          49.915488482
        ]
      },
      "properties": {
        "name": "Avenue Jules Valès / Rue Louise Michel",
        "context": "Amiens, Somme",
        "citycode": "80021",
        "depcode": "80"
      }
    },
    {
      "type": "Feature",
      "geometry": {
        "type": "Point",
        "coordinates": [
          2.24619289,
          49.9155004
        ]
      },
      "properties": {
        "name": "Avenue Jules Valès / Rue Victor Camélinat",
        "context": "Amiens, Somme",
        "citycode": "80021",
        "depcode": "80"
      }
    },
    {
      "type": "Feature",
      "geometry": {
        "type": "Point",
        "coordinates": [
          2.274147694,
          49.898454818
        ]
      },
      "properties": {
        "name": "Avenue Louis Blanc / Allée de Tivoli",
        "context": "Amiens, Somme",
        "citycode": "80021",
        "depcode": "80"
      }
    },
    {
      "type": "Feature",
      "geometry": {
        "type": "Point",
        "coordinates": [
          2.27396585,
          49.899831461
        ]
      },
      "properties": {
        "name": "Avenue Louis Blanc / Allée du Zoo",
        "context": "Amiens, Somme",
        "citycode": "80021",
        "depcode": "80"
      }
    },
    {
      "type": "Feature",
      "geometry": {
        "type": "Point",
        "coordinates": [
          2.273833573,
          49.900038843
        ]
      },
      "properties": {
        "name": "Avenue Louis Blanc / Allée Pourchelle",
        "context": "Amiens, Somme",
        "citycode": "80021",
        "depcode": "80"
      }
    },
    {
      "type": "Feature",
      "geometry": {
        "type": "Point",
        "coordinates": [
          2.274133386,
          49.899452351
        ]
      },
      "properties": {
        "name": "Avenue Louis Blanc / La Basse Selle",
        "context": "Amiens, Somme",
        "citycode": "80021",
        "depcode": "80"
      }
    },
    {
      "type": "Feature",
      "geometry": {
        "type": "Point",
        "coordinates": [
          2.273857578,
          49.899970296
        ]
      },
      "properties": {
        "name": "Avenue Louis Blanc / La Selle",
        "context": "Amiens, Somme",
        "citycode": "80021",
        "depcode": "80"
      }
    },
    {
      "type": "Feature",
      "geometry": {
        "type": "Point",
        "coordinates": [
          2.27433597,
          49.899133872
        ]
      },
      "properties": {
        "name": "Avenue Louis Blanc / Promenade de la Hotoie",
        "context": "Amiens, Somme",
        "citycode": "80021",
        "depcode": "80"
      }
    },
    {
      "type": "Feature",
      "geometry": {
        "type": "Point",
        "coordinates": [
          2.273731884,
          49.900202126
        ]
      },
      "properties": {
        "name": "Avenue Louis Blanc / Résidence du Thil",
        "context": "Amiens, Somme",
        "citycode": "80021",
        "depcode": "80"
      }
    },
    {
      "type": "Feature",
      "geometry": {
        "type": "Point",
        "coordinates": [
          2.272456346,
          49.902220679
        ]
      },
      "properties": {
        "name": "Avenue Louis Blanc / Rue Robert le Coq",
        "context": "Amiens, Somme",
        "citycode": "80021",
        "depcode": "80"
      }
    },
    {
      "type": "Feature",
      "geometry": {
        "type": "Point",
        "coordinates": [
          2.272892634,
          49.901561061
        ]
      },
      "properties": {
        "name": "Avenue Louis Blanc / Rue Verrier Lebel",
        "context": "Amiens, Somme",
        "citycode": "80021",
        "depcode": "80"
      }
    },
    {
      "type": "Feature",
      "geometry": {
        "type": "Point",
        "coordinates": [
          2.279096364,
          49.875330838
        ]
      },
      "properties": {
        "name": "Avenue Paul Claudel / Allée de l'Echaugette",
        "context": "Amiens, Somme",
        "citycode": "80021",
        "depcode": "80"
      }
    },
    {
      "type": "Feature",
      "geometry": {
        "type": "Point",
        "coordinates": [
          2.266082317,
          49.874658478
        ]
      },
      "properties": {
        "name": "Avenue Paul Claudel D8 / Avenue des Facultés D8",
        "context": "Amiens, Somme",
        "citycode": "80021",
        "depcode": "80"
      }
    },
    {
      "type": "Feature",
      "geometry": {
        "type": "Point",
        "coordinates": [
          2.281771346,
          49.875591413
        ]
      },
      "properties": {
        "name": "Avenue Paul Claudel / Avenue du 14 Juillet 1789 D1001",
        "context": "Amiens, Somme",
        "citycode": "80021",
        "depcode": "80"
      }
    },
    {
      "type": "Feature",
      "geometry": {
        "type": "Point",
        "coordinates": [
          2.271811796,
          49.874800806
        ]
      },
      "properties": {
        "name": "Avenue Paul Claudel / Boulevard Ambroise Paré",
        "context": "Amiens, Somme",
        "citycode": "80021",
        "depcode": "80"
      }
    },
    {
      "type": "Feature",
      "geometry": {
        "type": "Point",
        "coordinates": [
          2.266119365,
          49.87467966
        ]
      },
      "properties": {
        "name": "Avenue Paul Claudel D8 / Rue Jean Moulin D8",
        "context": "Amiens, Somme",
        "citycode": "80021",
        "depcode": "80"
      }
    },
    {
      "type": "Feature",
      "geometry": {
        "type": "Point",
        "coordinates": [
          2.284850262,
          49.901342166
        ]
      },
      "properties": {
        "name": "Avenue Pierre Mendès France D1235 / La Basse Selle",
        "context": "Amiens, Somme",
        "citycode": "80021",
        "depcode": "80"
      }
    },
    {
      "type": "Feature",
      "geometry": {
        "type": "Point",
        "coordinates": [
          2.28419162,
          49.901544233
        ]
      },
      "properties": {
        "name": "Avenue Pierre Mendès France D1235 / Rue des Prés Forêts",
        "context": "Amiens, Somme",
        "citycode": "80021",
        "depcode": "80"
      }
    },
    {
      "type": "Feature",
      "geometry": {
        "type": "Point",
        "coordinates": [
          2.287473134,
          49.925929725
        ]
      },
      "properties": {
        "name": "Avenue Roger Dumoulin D933 / Rue Frankin Roosvelt",
        "context": "Amiens, Somme",
        "citycode": "80021",
        "depcode": "80"
      }
    },
    {
      "type": "Feature",
      "geometry": {
        "type": "Point",
        "coordinates": [
          2.282737385,
          49.896960607
        ]
      },
      "properties": {
        "name": "Avenue Salvador Allende / Allée de Tivoli",
        "context": "Amiens, Somme",
        "citycode": "80021",
        "depcode": "80"
      }
    },
    {
      "type": "Feature",
      "geometry": {
        "type": "Point",
        "coordinates": [
          2.282754815,
          49.896888633
        ]
      },
      "properties": {
        "name": "Avenue Salvador Allende / Allée du Bicêtre",
        "context": "Amiens, Somme",
        "citycode": "80021",
        "depcode": "80"
      }
    },
    {
      "type": "Feature",
      "geometry": {
        "type": "Point",
        "coordinates": [
          2.28274043,
          49.89689014
        ]
      },
      "properties": {
        "name": "Avenue Salvador Allende / Boulevard des Fédérés",
        "context": "Amiens, Somme",
        "citycode": "80021",
        "depcode": "80"
      }
    },
    {
      "type": "Feature",
      "geometry": {
        "type": "Point",
        "coordinates": [
          2.283524412,
          49.899721798
        ]
      },
      "properties": {
        "name": "Avenue Salvador Allende / Rue des Prés Forêts",
        "context": "Amiens, Somme",
        "citycode": "80021",
        "depcode": "80"
      }
    },
    {
      "type": "Feature",
      "geometry": {
        "type": "Point",
        "coordinates": [
          2.283530385,
          49.899707701
        ]
      },
      "properties": {
        "name": "Avenue Salvador Allende / Rue Jean Jaurès",
        "context": "Amiens, Somme",
        "citycode": "80021",
        "depcode": "80"
      }
    },
    {
      "type": "Feature",
      "geometry": {
        "type": "Point",
        "coordinates": [
          2.267397737,
          49.879410821
        ]
      },
      "properties": {
        "name": "Avenue Valéry Giscard d'Estaing / Boulevard Ambroise Paré",
        "context": "Amiens, Somme",
        "citycode": "80021",
        "depcode": "80"
      }
    },
    {
      "type": "Feature",
      "geometry": {
        "type": "Point",
        "coordinates": [
          2.266421769,
          49.880592571
        ]
      },
      "properties": {
        "name": "Avenue Valéry Giscard d'Estaing / Chemin des Plantes",
        "context": "Amiens, Somme",
        "citycode": "80021",
        "depcode": "80"
      }
    },
    {
      "type": "Feature",
      "geometry": {
        "type": "Point",
        "coordinates": [
          2.265222078,
          49.883225733
        ]
      },
      "properties": {
        "name": "Avenue Valéry Giscard d'Estaing / Rue de la Sablonnière",
        "context": "Amiens, Somme",
        "citycode": "80021",
        "depcode": "80"
      }
    },
    {
      "type": "Feature",
      "geometry": {
        "type": "Point",
        "coordinates": [
          2.307832528,
          49.892579684
        ]
      },
      "properties": {
        "name": "Boulevard Alsace-Lorraine / Boulevard d'Alsace-Lorraine",
        "context": "Amiens, Somme",
        "citycode": "80021",
        "depcode": "80"
      }
    },
    {
      "type": "Feature",
      "geometry": {
        "type": "Point",
        "coordinates": [
          2.266946425,
          49.879477083
        ]
      },
      "properties": {
        "name": "Boulevard Ambroise Paré / Avenue Valéry Giscard d'Estaing",
        "context": "Amiens, Somme",
        "citycode": "80021",
        "depcode": "80"
      }
    },
    {
      "type": "Feature",
      "geometry": {
        "type": "Point",
        "coordinates": [
          2.2704585,
          49.877343603
        ]
      },
      "properties": {
        "name": "Boulevard Ambroise Paré / Rue Jean Moulin D8",
        "context": "Amiens, Somme",
        "citycode": "80021",
        "depcode": "80"
      }
    },
    {
      "type": "Feature",
      "geometry": {
        "type": "Point",
        "coordinates": [
          2.302782458,
          49.901649358
        ]
      },
      "properties": {
        "name": "Boulevard Baraban / Boulevard des Célestins",
        "context": "Amiens, Somme",
        "citycode": "80021",
        "depcode": "80"
      }
    },
    {
      "type": "Feature",
      "geometry": {
        "type": "Point",
        "coordinates": [
          2.303598406,
          49.900423198
        ]
      },
      "properties": {
        "name": "Boulevard Baraban / Passage Sandrine",
        "context": "Amiens, Somme",
        "citycode": "80021",
        "depcode": "80"
      }
    },
    {
      "type": "Feature",
      "geometry": {
        "type": "Point",
        "coordinates": [
          2.302789892,
          49.901645798
        ]
      },
      "properties": {
        "name": "Boulevard Baraban / Rue Éloi Morel",
        "context": "Amiens, Somme",
        "citycode": "80021",
        "depcode": "80"
      }
    },
    {
      "type": "Feature",
      "geometry": {
        "type": "Point",
        "coordinates": [
          2.286212088,
          49.893315748
        ]
      },
      "properties": {
        "name": "Boulevard Carnot / Boulevard Faidherbe",
        "context": "Amiens, Somme",
        "citycode": "80021",
        "depcode": "80"
      }
    },
    {
      "type": "Feature",
      "geometry": {
        "type": "Point",
        "coordinates": [
          2.290901965,
          49.890272127
        ]
      },
      "properties": {
        "name": "Boulevard Carnot / Boulevard Maignan-Larivière",
        "context": "Amiens, Somme",
        "citycode": "80021",
        "depcode": "80"
      }
    },
    {
      "type": "Feature",
      "geometry": {
        "type": "Point",
        "coordinates": [
          2.290842251,
          49.890310379
        ]
      },
      "properties": {
        "name": "Boulevard Carnot / Parvis Nicole Fontaine",
        "context": "Amiens, Somme",
        "citycode": "80021",
        "depcode": "80"
      }
    },
    {
      "type": "Feature",
      "geometry": {
        "type": "Point",
        "coordinates": [
          2.286211259,
          49.893301076
        ]
      },
      "properties": {
        "name": "Boulevard Carnot / Rue Frédéric Petit",
        "context": "Amiens, Somme",
        "citycode": "80021",
        "depcode": "80"
      }
    },
    {
      "type": "Feature",
      "geometry": {
        "type": "Point",
        "coordinates": [
          2.285085119,
          49.881794595
        ]
      },
      "properties": {
        "name": "Boulevard Chateaudun / Boulevard de Dury",
        "context": "Amiens, Somme",
        "citycode": "80021",
        "depcode": "80"
      }
    },
    {
      "type": "Feature",
      "geometry": {
        "type": "Point",
        "coordinates": [
          2.278761209,
          49.886565879
        ]
      },
      "properties": {
        "name": "Boulevard Chateaudun / Boulevard de Strasbourg",
        "context": "Amiens, Somme",
        "citycode": "80021",
        "depcode": "80"
      }
    },
    {
      "type": "Feature",
      "geometry": {
        "type": "Point",
        "coordinates": [
          2.282573128,
          49.883351106
        ]
      },
      "properties": {
        "name": "Boulevard Chateaudun / Chemin des Hayettes",
        "context": "Amiens, Somme",
        "citycode": "80021",
        "depcode": "80"
      }
    },
    {
      "type": "Feature",
      "geometry": {
        "type": "Point",
        "coordinates": [
          2.278709341,
          49.886549472
        ]
      },
      "properties": {
        "name": "Boulevard Chateaudun / Route de Rouen D1029",
        "context": "Amiens, Somme",
        "citycode": "80021",
        "depcode": "80"
      }
    },
    {
      "type": "Feature",
      "geometry": {
        "type": "Point",
        "coordinates": [
          2.280550713,
          49.885296068
        ]
      },
      "properties": {
        "name": "Boulevard Chateaudun / Rue Alfred Lemaire",
        "context": "Amiens, Somme",
        "citycode": "80021",
        "depcode": "80"
      }
    },
    {
      "type": "Feature",
      "geometry": {
        "type": "Point",
        "coordinates": [
          2.284736261,
          49.88209006
        ]
      },
      "properties": {
        "name": "Boulevard Chateaudun / Rue du Moulin",
        "context": "Amiens, Somme",
        "citycode": "80021",
        "depcode": "80"
      }
    },
    {
      "type": "Feature",
      "geometry": {
        "type": "Point",
        "coordinates": [
          2.282404481,
          49.883836957
        ]
      },
      "properties": {
        "name": "Boulevard Chateaudun / Rue Saint-Honoré",
        "context": "Amiens, Somme",
        "citycode": "80021",
        "depcode": "80"
      }
    },
    {
      "type": "Feature",
      "geometry": {
        "type": "Point",
        "coordinates": [
          2.307911092,
          49.892513917
        ]
      },
      "properties": {
        "name": "Boulevard d'Alsace-Lorraine / Boulevard Alsace-Lorraine",
        "context": "Amiens, Somme",
        "citycode": "80021",
        "depcode": "80"
      }
    },
    {
      "type": "Feature",
      "geometry": {
        "type": "Point",
        "coordinates": [
          2.309168909,
          49.894566197
        ]
      },
      "properties": {
        "name": "Boulevard d'Alsace-Lorraine / Boulevard de Beauvillé",
        "context": "Amiens, Somme",
        "citycode": "80021",
        "depcode": "80"
      }
    },
    {
      "type": "Feature",
      "geometry": {
        "type": "Point",
        "coordinates": [
          2.306373677,
          49.890604973
        ]
      },
      "properties": {
        "name": "Boulevard d'Alsace-Lorraine / Boulevard de Belfort",
        "context": "Amiens, Somme",
        "citycode": "80021",
        "depcode": "80"
      }
    },
    {
      "type": "Feature",
      "geometry": {
        "type": "Point",
        "coordinates": [
          2.306471441,
          49.891038164
        ]
      },
      "properties": {
        "name": "Boulevard d'Alsace-Lorraine / Passage Auguste Perret",
        "context": "Amiens, Somme",
        "citycode": "80021",
        "depcode": "80"
      }
    },
    {
      "type": "Feature",
      "geometry": {
        "type": "Point",
        "coordinates": [
          2.309178332,
          49.894577247
        ]
      },
      "properties": {
        "name": "Boulevard d'Alsace-Lorraine / Port d'Amont",
        "context": "Amiens, Somme",
        "citycode": "80021",
        "depcode": "80"
      }
    },
    {
      "type": "Feature",
      "geometry": {
        "type": "Point",
        "coordinates": [
          2.308708889,
          49.894268093
        ]
      },
      "properties": {
        "name": "Boulevard d'Alsace-Lorraine / Rue de la Barette",
        "context": "Amiens, Somme",
        "citycode": "80021",
        "depcode": "80"
      }
    },
    {
      "type": "Feature",
      "geometry": {
        "type": "Point",
        "coordinates": [
          2.308909331,
          49.893660612
        ]
      },
      "properties": {
        "name": "Boulevard d'Alsace-Lorraine / Rue de la Morlière",
        "context": "Amiens, Somme",
        "citycode": "80021",
        "depcode": "80"
      }
    },
    {
      "type": "Feature",
      "geometry": {
        "type": "Point",
        "coordinates": [
          2.307689141,
          49.892334215
        ]
      },
      "properties": {
        "name": "Boulevard d'Alsace-Lorraine / Rue de la Vallée",
        "context": "Amiens, Somme",
        "citycode": "80021",
        "depcode": "80"
      }
    },
    {
      "type": "Feature",
      "geometry": {
        "type": "Point",
        "coordinates": [
          2.306304414,
          49.89079377
        ]
      },
      "properties": {
        "name": "Boulevard d'Alsace-Lorraine / Rue de Noyon",
        "context": "Amiens, Somme",
        "citycode": "80021",
        "depcode": "80"
      }
    },
    {
      "type": "Feature",
      "geometry": {
        "type": "Point",
        "coordinates": [
          2.309227609,
          49.894514155
        ]
      },
      "properties": {
        "name": "Boulevard d'Alsace-Lorraine / Rue de Verdun",
        "context": "Amiens, Somme",
        "citycode": "80021",
        "depcode": "80"
      }
    },
    {
      "type": "Feature",
      "geometry": {
        "type": "Point",
        "coordinates": [
          2.307493995,
          49.892416638
        ]
      },
      "properties": {
        "name": "Boulevard d'Alsace-Lorraine / Rue Gloriette",
        "context": "Amiens, Somme",
        "citycode": "80021",
        "depcode": "80"
      }
    },
    {
      "type": "Feature",
      "geometry": {
        "type": "Point",
        "coordinates": [
          2.306391476,
          49.890573053
        ]
      },
      "properties": {
        "name": "Boulevard d'Alsace-Lorraine / Rue Jules Barni",
        "context": "Amiens, Somme",
        "citycode": "80021",
        "depcode": "80"
      }
    },
    {
      "type": "Feature",
      "geometry": {
        "type": "Point",
        "coordinates": [
          2.318735584,
          49.882485643
        ]
      },
      "properties": {
        "name": "Boulevard de Bapaume / Boulevard de Pont-Noyelles",
        "context": "Amiens, Somme",
        "citycode": "80021",
        "depcode": "80"
      }
    },
    {
      "type": "Feature",
      "geometry": {
        "type": "Point",
        "coordinates": [
          2.305233681,
          49.878874404
        ]
      },
      "properties": {
        "name": "Boulevard de Bapaume / Boulevard de Saint-Quentin",
        "context": "Amiens, Somme",
        "citycode": "80021",
        "depcode": "80"
      }
    },
    {
      "type": "Feature",
      "geometry": {
        "type": "Point",
        "coordinates": [
          2.310166894,
          49.87998153
        ]
      },
      "properties": {
        "name": "Boulevard de Bapaume / Résidence Fleurie",
        "context": "Amiens, Somme",
        "citycode": "80021",
        "depcode": "80"
      }
    },
    {
      "type": "Feature",
      "geometry": {
        "type": "Point",
        "coordinates": [
          2.318718138,
          49.88248165
        ]
      },
      "properties": {
        "name": "Boulevard de Bapaume / Rue de Cagny",
        "context": "Amiens, Somme",
        "citycode": "80021",
        "depcode": "80"
      }
    },
    {
      "type": "Feature",
      "geometry": {
        "type": "Point",
        "coordinates": [
          2.31317391,
          49.881059471
        ]
      },
      "properties": {
        "name": "Boulevard de Bapaume / Rue de Cottenchy",
        "context": "Amiens, Somme",
        "citycode": "80021",
        "depcode": "80"
      }
    },
    {
      "type": "Feature",
      "geometry": {
        "type": "Point",
        "coordinates": [
          2.311216251,
          49.880239127
        ]
      },
      "properties": {
        "name": "Boulevard de Bapaume / Rue Pierre Rollin",
        "context": "Amiens, Somme",
        "citycode": "80021",
        "depcode": "80"
      }
    },
    {
      "type": "Feature",
      "geometry": {
        "type": "Point",
        "coordinates": [
          2.305242343,
          49.878897967
        ]
      },
      "properties": {
        "name": "Boulevard de Bapaume / Rue Saint-Fuscien D7",
        "context": "Amiens, Somme",
        "citycode": "80021",
        "depcode": "80"
      }
    },
    {
      "type": "Feature",
      "geometry": {
        "type": "Point",
        "coordinates": [
          2.315675801,
          49.881714249
        ]
      },
      "properties": {
        "name": "Boulevard de Bapaume / Rue Victor Commont",
        "context": "Amiens, Somme",
        "citycode": "80021",
        "depcode": "80"
      }
    },
    {
      "type": "Feature",
      "geometry": {
        "type": "Point",
        "coordinates": [
          2.318437627,
          49.906737327
        ]
      },
      "properties": {
        "name": "Boulevard de Beauvillé / Avenue de la Défense Passive D929",
        "context": "Amiens, Somme",
        "citycode": "80021",
        "depcode": "80"
      }
    },
    {
      "type": "Feature",
      "geometry": {
        "type": "Point",
        "coordinates": [
          2.309275437,
          49.894539944
        ]
      },
      "properties": {
        "name": "Boulevard de Beauvillé / Boulevard d'Alsace-Lorraine",
        "context": "Amiens, Somme",
        "citycode": "80021",
        "depcode": "80"
      }
    },
    {
      "type": "Feature",
      "geometry": {
        "type": "Point",
        "coordinates": [
          2.310006384,
          49.895255355
        ]
      },
      "properties": {
        "name": "Boulevard de Beauvillé / Chemin de Halage",
        "context": "Amiens, Somme",
        "citycode": "80021",
        "depcode": "80"
      }
    },
    {
      "type": "Feature",
      "geometry": {
        "type": "Point",
        "coordinates": [
          2.309263007,
          49.894619781
        ]
      },
      "properties": {
        "name": "Boulevard de Beauvillé / Port d'Amont",
        "context": "Amiens, Somme",
        "citycode": "80021",
        "depcode": "80"
      }
    },
    {
      "type": "Feature",
      "geometry": {
        "type": "Point",
        "coordinates": [
          2.314570046,
          49.902193652
        ]
      },
      "properties": {
        "name": "Boulevard de Beauvillé / Rue Charles Labbé",
        "context": "Amiens, Somme",
        "citycode": "80021",
        "depcode": "80"
      }
    },
    {
      "type": "Feature",
      "geometry": {
        "type": "Point",
        "coordinates": [
          2.30933625,
          49.894580195
        ]
      },
      "properties": {
        "name": "Boulevard de Beauvillé / Rue de Verdun",
        "context": "Amiens, Somme",
        "citycode": "80021",
        "depcode": "80"
      }
    },
    {
      "type": "Feature",
      "geometry": {
        "type": "Point",
        "coordinates": [
          2.313441121,
          49.899875038
        ]
      },
      "properties": {
        "name": "Boulevard de Beauvillé / Rue François Genin",
        "context": "Amiens, Somme",
        "citycode": "80021",
        "depcode": "80"
      }
    },
    {
      "type": "Feature",
      "geometry": {
        "type": "Point",
        "coordinates": [
          2.318031915,
          49.906692295
        ]
      },
      "properties": {
        "name": "Boulevard de Beauvillé D1 / Rue Léon Dupontreué D929",
        "context": "Amiens, Somme",
        "citycode": "80021",
        "depcode": "80"
      }
    },
    {
      "type": "Feature",
      "geometry": {
        "type": "Point",
        "coordinates": [
          2.312392622,
          49.898477424
        ]
      },
      "properties": {
        "name": "Boulevard de Beauvillé / Rue Massey",
        "context": "Amiens, Somme",
        "citycode": "80021",
        "depcode": "80"
      }
    },
    {
      "type": "Feature",
      "geometry": {
        "type": "Point",
        "coordinates": [
          2.316216633,
          49.904446081
        ]
      },
      "properties": {
        "name": "Boulevard de Beauvillé / Rue Milton",
        "context": "Amiens, Somme",
        "citycode": "80021",
        "depcode": "80"
      }
    },
    {
      "type": "Feature",
      "geometry": {
        "type": "Point",
        "coordinates": [
          2.315866985,
          49.90316993
        ]
      },
      "properties": {
        "name": "Boulevard de Beauvillé D1 / Rue Roger Onfray D1",
        "context": "Amiens, Somme",
        "citycode": "80021",
        "depcode": "80"
      }
    },
    {
      "type": "Feature",
      "geometry": {
        "type": "Point",
        "coordinates": [
          2.315438564,
          49.903203223
        ]
      },
      "properties": {
        "name": "Boulevard de Beauvillé D1 / Rue Valentin Hauÿ",
        "context": "Amiens, Somme",
        "citycode": "80021",
        "depcode": "80"
      }
    },
    {
      "type": "Feature",
      "geometry": {
        "type": "Point",
        "coordinates": [
          2.313596013,
          49.900880757
        ]
      },
      "properties": {
        "name": "Boulevard de Beauvillé / Rue Vulfran Mollet",
        "context": "Amiens, Somme",
        "citycode": "80021",
        "depcode": "80"
      }
    },
    {
      "type": "Feature",
      "geometry": {
        "type": "Point",
        "coordinates": [
          2.306337264,
          49.890663217
        ]
      },
      "properties": {
        "name": "Boulevard de Belfort / Boulevard d'Alsace-Lorraine",
        "context": "Amiens, Somme",
        "citycode": "80021",
        "depcode": "80"
      }
    },
    {
      "type": "Feature",
      "geometry": {
        "type": "Point",
        "coordinates": [
          2.303081582,
          49.888607562
        ]
      },
      "properties": {
        "name": "Boulevard de Belfort / Mail Albert 1er",
        "context": "Amiens, Somme",
        "citycode": "80021",
        "depcode": "80"
      }
    },
    {
      "type": "Feature",
      "geometry": {
        "type": "Point",
        "coordinates": [
          2.303104448,
          49.888527879
        ]
      },
      "properties": {
        "name": "Boulevard de Belfort / Place du Maréchal Joffre D7",
        "context": "Amiens, Somme",
        "citycode": "80021",
        "depcode": "80"
      }
    },
    {
      "type": "Feature",
      "geometry": {
        "type": "Point",
        "coordinates": [
          2.305495128,
          49.889292606
        ]
      },
      "properties": {
        "name": "Boulevard de Belfort / Rue Charles de Foucauld",
        "context": "Amiens, Somme",
        "citycode": "80021",
        "depcode": "80"
      }
    },
    {
      "type": "Feature",
      "geometry": {
        "type": "Point",
        "coordinates": [
          2.306163043,
          49.890580434
        ]
      },
      "properties": {
        "name": "Boulevard de Belfort / Rue de Noyon",
        "context": "Amiens, Somme",
        "citycode": "80021",
        "depcode": "80"
      }
    },
    {
      "type": "Feature",
      "geometry": {
        "type": "Point",
        "coordinates": [
          2.303123153,
          49.888578583
        ]
      },
      "properties": {
        "name": "Boulevard de Belfort / Rue des Otages",
        "context": "Amiens, Somme",
        "citycode": "80021",
        "depcode": "80"
      }
    },
    {
      "type": "Feature",
      "geometry": {
        "type": "Point",
        "coordinates": [
          2.306333827,
          49.890555131
        ]
      },
      "properties": {
        "name": "Boulevard de Belfort / Rue Jules Barni",
        "context": "Amiens, Somme",
        "citycode": "80021",
        "depcode": "80"
      }
    },
    {
      "type": "Feature",
      "geometry": {
        "type": "Point",
        "coordinates": [
          2.286609197,
          49.881333068
        ]
      },
      "properties": {
        "name": "Boulevard de Dury / Allée des Tennis",
        "context": "Amiens, Somme",
        "citycode": "80021",
        "depcode": "80"
      }
    },
    {
      "type": "Feature",
      "geometry": {
        "type": "Point",
        "coordinates": [
          2.284982379,
          49.881623195
        ]
      },
      "properties": {
        "name": "Boulevard de Dury / Avenue du 14 Juillet 1789 D1001",
        "context": "Amiens, Somme",
        "citycode": "80021",
        "depcode": "80"
      }
    },
    {
      "type": "Feature",
      "geometry": {
        "type": "Point",
        "coordinates": [
          2.284967721,
          49.881643217
        ]
      },
      "properties": {
        "name": "Boulevard de Dury / Boulevard Chateaudun",
        "context": "Amiens, Somme",
        "citycode": "80021",
        "depcode": "80"
      }
    },
    {
      "type": "Feature",
      "geometry": {
        "type": "Point",
        "coordinates": [
          2.291166953,
          49.879866816
        ]
      },
      "properties": {
        "name": "Boulevard de Dury / Boulevard de Saint-Quentin",
        "context": "Amiens, Somme",
        "citycode": "80021",
        "depcode": "80"
      }
    },
    {
      "type": "Feature",
      "geometry": {
        "type": "Point",
        "coordinates": [
          2.292050044,
          49.879558062
        ]
      },
      "properties": {
        "name": "Boulevard de Dury / Rue André Chénier",
        "context": "Amiens, Somme",
        "citycode": "80021",
        "depcode": "80"
      }
    },
    {
      "type": "Feature",
      "geometry": {
        "type": "Point",
        "coordinates": [
          2.290883062,
          49.879989546
        ]
      },
      "properties": {
        "name": "Boulevard de Dury / Rue Gaulthier de Rumilly",
        "context": "Amiens, Somme",
        "citycode": "80021",
        "depcode": "80"
      }
    },
    {
      "type": "Feature",
      "geometry": {
        "type": "Point",
        "coordinates": [
          2.318915256,
          49.88231829
        ]
      },
      "properties": {
        "name": "Boulevard de Pont-Noyelles / Boulevard de Bapaume",
        "context": "Amiens, Somme",
        "citycode": "80021",
        "depcode": "80"
      }
    },
    {
      "type": "Feature",
      "geometry": {
        "type": "Point",
        "coordinates": [
          2.321592059,
          49.884741528
        ]
      },
      "properties": {
        "name": "Boulevard de Pont-Noyelles / Chaussée Jules Ferry",
        "context": "Amiens, Somme",
        "citycode": "80021",
        "depcode": "80"
      }
    },
    {
      "type": "Feature",
      "geometry": {
        "type": "Point",
        "coordinates": [
          2.318902601,
          49.882343345
        ]
      },
      "properties": {
        "name": "Boulevard de Pont-Noyelles / Rue de Cagny",
        "context": "Amiens, Somme",
        "citycode": "80021",
        "depcode": "80"
      }
    },
    {
      "type": "Feature",
      "geometry": {
        "type": "Point",
        "coordinates": [
          2.32010341,
          49.883268858
        ]
      },
      "properties": {
        "name": "Boulevard de Pont-Noyelles / Rue de Mons",
        "context": "Amiens, Somme",
        "citycode": "80021",
        "depcode": "80"
      }
    },
    {
      "type": "Feature",
      "geometry": {
        "type": "Point",
        "coordinates": [
          2.321419273,
          49.884795213
        ]
      },
      "properties": {
        "name": "Boulevard de Pont-Noyelles / Rue Jules Barni",
        "context": "Amiens, Somme",
        "citycode": "80021",
        "depcode": "80"
      }
    },
    {
      "type": "Feature",
      "geometry": {
        "type": "Point",
        "coordinates": [
          2.312744565,
          49.913286878
        ]
      },
      "properties": {
        "name": "Boulevard de Roubaix D1 / Rue du Cambrésis",
        "context": "Amiens, Somme",
        "citycode": "80021",
        "depcode": "80"
      }
    },
    {
      "type": "Feature",
      "geometry": {
        "type": "Point",
        "coordinates": [
          2.305214124,
          49.87898175
        ]
      },
      "properties": {
        "name": "Boulevard de Saint-Quentin / Boulevard de Bapaume",
        "context": "Amiens, Somme",
        "citycode": "80021",
        "depcode": "80"
      }
    },
    {
      "type": "Feature",
      "geometry": {
        "type": "Point",
        "coordinates": [
          2.291973609,
          49.879431516
        ]
      },
      "properties": {
        "name": "Boulevard de Saint-Quentin / Boulevard de Dury",
        "context": "Amiens, Somme",
        "citycode": "80021",
        "depcode": "80"
      }
    },
    {
      "type": "Feature",
      "geometry": {
        "type": "Point",
        "coordinates": [
          2.292070685,
          49.879552407
        ]
      },
      "properties": {
        "name": "Boulevard de Saint-Quentin / Rue André Chénier",
        "context": "Amiens, Somme",
        "citycode": "80021",
        "depcode": "80"
      }
    },
    {
      "type": "Feature",
      "geometry": {
        "type": "Point",
        "coordinates": [
          2.302855787,
          49.879142585
        ]
      },
      "properties": {
        "name": "Boulevard de Saint-Quentin / Rue Louis Thuillier",
        "context": "Amiens, Somme",
        "citycode": "80021",
        "depcode": "80"
      }
    },
    {
      "type": "Feature",
      "geometry": {
        "type": "Point",
        "coordinates": [
          2.305216319,
          49.878895128
        ]
      },
      "properties": {
        "name": "Boulevard de Saint-Quentin / Rue Saint-Fuscien D7",
        "context": "Amiens, Somme",
        "citycode": "80021",
        "depcode": "80"
      }
    },
    {
      "type": "Feature",
      "geometry": {
        "type": "Point",
        "coordinates": [
          2.277577061,
          49.88995876
        ]
      },
      "properties": {
        "name": "Boulevard de Strasbourg / Promenade du Souvenir",
        "context": "Amiens, Somme",
        "citycode": "80021",
        "depcode": "80"
      }
    },
    {
      "type": "Feature",
      "geometry": {
        "type": "Point",
        "coordinates": [
          2.276919462,
          49.890749248
        ]
      },
      "properties": {
        "name": "Boulevard de Strasbourg / Rue d'Elbeuf",
        "context": "Amiens, Somme",
        "citycode": "80021",
        "depcode": "80"
      }
    },
    {
      "type": "Feature",
      "geometry": {
        "type": "Point",
        "coordinates": [
          2.278027291,
          49.88877904
        ]
      },
      "properties": {
        "name": "Boulevard de Strasbourg / Rue du Général Domon",
        "context": "Amiens, Somme",
        "citycode": "80021",
        "depcode": "80"
      }
    },
    {
      "type": "Feature",
      "geometry": {
        "type": "Point",
        "coordinates": [
          2.277939218,
          49.889033277
        ]
      },
      "properties": {
        "name": "Boulevard de Strasbourg / Rue Porchez",
        "context": "Amiens, Somme",
        "citycode": "80021",
        "depcode": "80"
      }
    },
    {
      "type": "Feature",
      "geometry": {
        "type": "Point",
        "coordinates": [
          2.278018851,
          49.888768116
        ]
      },
      "properties": {
        "name": "Boulevard de Strasbourg / Rue Ringois",
        "context": "Amiens, Somme",
        "citycode": "80021",
        "depcode": "80"
      }
    },
    {
      "type": "Feature",
      "geometry": {
        "type": "Point",
        "coordinates": [
          2.277705917,
          49.889655337
        ]
      },
      "properties": {
        "name": "Boulevard de Strasbourg / Rue Vast Luce",
        "context": "Amiens, Somme",
        "citycode": "80021",
        "depcode": "80"
      }
    },
    {
      "type": "Feature",
      "geometry": {
        "type": "Point",
        "coordinates": [
          2.301173893,
          49.902267522
        ]
      },
      "properties": {
        "name": "Boulevard des Célestins / Chaussée Saint-Pierre D929",
        "context": "Amiens, Somme",
        "citycode": "80021",
        "depcode": "80"
      }
    },
    {
      "type": "Feature",
      "geometry": {
        "type": "Point",
        "coordinates": [
          2.302785226,
          49.901652201
        ]
      },
      "properties": {
        "name": "Boulevard des Célestins / Rue Éloi Morel",
        "context": "Amiens, Somme",
        "citycode": "80021",
        "depcode": "80"
      }
    },
    {
      "type": "Feature",
      "geometry": {
        "type": "Point",
        "coordinates": [
          2.302245445,
          49.901872619
        ]
      },
      "properties": {
        "name": "Boulevard des Célestins / Rue Michel Carbonnelle",
        "context": "Amiens, Somme",
        "citycode": "80021",
        "depcode": "80"
      }
    },
    {
      "type": "Feature",
      "geometry": {
        "type": "Point",
        "coordinates": [
          2.284230324,
          49.894134984
        ]
      },
      "properties": {
        "name": "Boulevard des Fédérés / Place Maréchal Foch",
        "context": "Amiens, Somme",
        "citycode": "80021",
        "depcode": "80"
      }
    },
    {
      "type": "Feature",
      "geometry": {
        "type": "Point",
        "coordinates": [
          2.283837359,
          49.895087733
        ]
      },
      "properties": {
        "name": "Boulevard des Fédérés / Rue Boullet",
        "context": "Amiens, Somme",
        "citycode": "80021",
        "depcode": "80"
      }
    },
    {
      "type": "Feature",
      "geometry": {
        "type": "Point",
        "coordinates": [
          2.283616868,
          49.894190788
        ]
      },
      "properties": {
        "name": "Boulevard des Fédérés / Rue Lucien Fournier",
        "context": "Amiens, Somme",
        "citycode": "80021",
        "depcode": "80"
      }
    },
    {
      "type": "Feature",
      "geometry": {
        "type": "Point",
        "coordinates": [
          2.283365816,
          49.896103701
        ]
      },
      "properties": {
        "name": "Boulevard des Fédérés / Rue Pinsard",
        "context": "Amiens, Somme",
        "citycode": "80021",
        "depcode": "80"
      }
    },
    {
      "type": "Feature",
      "geometry": {
        "type": "Point",
        "coordinates": [
          2.299512177,
          49.902022831
        ]
      },
      "properties": {
        "name": "Boulevard des Fusillés / Avenue du Général de Gaulle",
        "context": "Amiens, Somme",
        "citycode": "80021",
        "depcode": "80"
      }
    },
    {
      "type": "Feature",
      "geometry": {
        "type": "Point",
        "coordinates": [
          2.296369903,
          49.90216742
        ]
      },
      "properties": {
        "name": "Boulevard des Fusillés / Place Kruger",
        "context": "Amiens, Somme",
        "citycode": "80021",
        "depcode": "80"
      }
    },
    {
      "type": "Feature",
      "geometry": {
        "type": "Point",
        "coordinates": [
          2.298748765,
          49.90198403
        ]
      },
      "properties": {
        "name": "Boulevard des Fusillés / Rue des Français Libres",
        "context": "Amiens, Somme",
        "citycode": "80021",
        "depcode": "80"
      }
    },
    {
      "type": "Feature",
      "geometry": {
        "type": "Point",
        "coordinates": [
          2.305642892,
          49.898403847
        ]
      },
      "properties": {
        "name": "Boulevard du Cange / Boulevard Baraban",
        "context": "Amiens, Somme",
        "citycode": "80021",
        "depcode": "80"
      }
    },
    {
      "type": "Feature",
      "geometry": {
        "type": "Point",
        "coordinates": [
          2.305852602,
          49.895446895
        ]
      },
      "properties": {
        "name": "Boulevard du Cange / Place Parmentier",
        "context": "Amiens, Somme",
        "citycode": "80021",
        "depcode": "80"
      }
    },
    {
      "type": "Feature",
      "geometry": {
        "type": "Point",
        "coordinates": [
          2.306071215,
          49.895988706
        ]
      },
      "properties": {
        "name": "Boulevard du Cange / Quai Bélu",
        "context": "Amiens, Somme",
        "citycode": "80021",
        "depcode": "80"
      }
    },
    {
      "type": "Feature",
      "geometry": {
        "type": "Point",
        "coordinates": [
          2.305651257,
          49.898273995
        ]
      },
      "properties": {
        "name": "Boulevard du Cange / Rue Dame Jeanne",
        "context": "Amiens, Somme",
        "citycode": "80021",
        "depcode": "80"
      }
    },
    {
      "type": "Feature",
      "geometry": {
        "type": "Point",
        "coordinates": [
          2.305856699,
          49.89543817
        ]
      },
      "properties": {
        "name": "Boulevard du Cange / Rue Turpin",
        "context": "Amiens, Somme",
        "citycode": "80021",
        "depcode": "80"
      }
    },
    {
      "type": "Feature",
      "geometry": {
        "type": "Point",
        "coordinates": [
          2.296329816,
          49.901775706
        ]
      },
      "properties": {
        "name": "Boulevard du Jardin des Plantes / Boulevard Saint-Sulpice",
        "context": "Amiens, Somme",
        "citycode": "80021",
        "depcode": "80"
      }
    },
    {
      "type": "Feature",
      "geometry": {
        "type": "Point",
        "coordinates": [
          2.286212367,
          49.893316972
        ]
      },
      "properties": {
        "name": "Boulevard Faidherbe / Boulevard Carnot",
        "context": "Amiens, Somme",
        "citycode": "80021",
        "depcode": "80"
      }
    },
    {
      "type": "Feature",
      "geometry": {
        "type": "Point",
        "coordinates": [
          2.289483758,
          49.897240516
        ]
      },
      "properties": {
        "name": "Boulevard Faidherbe / Boulevard du Port",
        "context": "Amiens, Somme",
        "citycode": "80021",
        "depcode": "80"
      }
    },
    {
      "type": "Feature",
      "geometry": {
        "type": "Point",
        "coordinates": [
          2.288900467,
          49.896539473
        ]
      },
      "properties": {
        "name": "Boulevard Faidherbe / Rue du Commandant Defontaine",
        "context": "Amiens, Somme",
        "citycode": "80021",
        "depcode": "80"
      }
    },
    {
      "type": "Feature",
      "geometry": {
        "type": "Point",
        "coordinates": [
          2.286449209,
          49.893262556
        ]
      },
      "properties": {
        "name": "Boulevard Faidherbe / Rue Frédéric Petit",
        "context": "Amiens, Somme",
        "citycode": "80021",
        "depcode": "80"
      }
    },
    {
      "type": "Feature",
      "geometry": {
        "type": "Point",
        "coordinates": [
          2.289082815,
          49.89640434
        ]
      },
      "properties": {
        "name": "Boulevard Faidherbe / Rue Jean Catelas",
        "context": "Amiens, Somme",
        "citycode": "80021",
        "depcode": "80"
      }
    },
    {
      "type": "Feature",
      "geometry": {
        "type": "Point",
        "coordinates": [
          2.287854548,
          49.89482329
        ]
      },
      "properties": {
        "name": "Boulevard Faidherbe / Rue Maurice Thédié",
        "context": "Amiens, Somme",
        "citycode": "80021",
        "depcode": "80"
      }
    },
    {
      "type": "Feature",
      "geometry": {
        "type": "Point",
        "coordinates": [
          2.286449383,
          49.894486912
        ]
      },
      "properties": {
        "name": "Boulevard Garibaldi / Rue Buffon",
        "context": "Amiens, Somme",
        "citycode": "80021",
        "depcode": "80"
      }
    },
    {
      "type": "Feature",
      "geometry": {
        "type": "Point",
        "coordinates": [
          2.286912345,
          49.895092293
        ]
      },
      "properties": {
        "name": "Boulevard Garibaldi / Rue de la Demi-Lune",
        "context": "Amiens, Somme",
        "citycode": "80021",
        "depcode": "80"
      }
    },
    {
      "type": "Feature",
      "geometry": {
        "type": "Point",
        "coordinates": [
          2.288533609,
          49.896745997
        ]
      },
      "properties": {
        "name": "Boulevard Garibaldi / Rue du Commandant Defontaine",
        "context": "Amiens, Somme",
        "citycode": "80021",
        "depcode": "80"
      }
    },
    {
      "type": "Feature",
      "geometry": {
        "type": "Point",
        "coordinates": [
          2.284621014,
          49.892704393
        ]
      },
      "properties": {
        "name": "Boulevard Guyencourt / Avenue du Général Foy",
        "context": "Amiens, Somme",
        "citycode": "80021",
        "depcode": "80"
      }
    },
    {
      "type": "Feature",
      "geometry": {
        "type": "Point",
        "coordinates": [
          2.290554849,
          49.890036067
        ]
      },
      "properties": {
        "name": "Boulevard Guyencourt / Parvis Nicole Fontaine",
        "context": "Amiens, Somme",
        "citycode": "80021",
        "depcode": "80"
      }
    },
    {
      "type": "Feature",
      "geometry": {
        "type": "Point",
        "coordinates": [
          2.286931525,
          49.891749169
        ]
      },
      "properties": {
        "name": "Boulevard Guyencourt / Rue Béranger",
        "context": "Amiens, Somme",
        "citycode": "80021",
        "depcode": "80"
      }
    },
    {
      "type": "Feature",
      "geometry": {
        "type": "Point",
        "coordinates": [
          2.284600691,
          49.892698585
        ]
      },
      "properties": {
        "name": "Boulevard Guyencourt / Rue Bruno d'Agay",
        "context": "Amiens, Somme",
        "citycode": "80021",
        "depcode": "80"
      }
    },
    {
      "type": "Feature",
      "geometry": {
        "type": "Point",
        "coordinates": [
          2.301970396,
          49.887937047
        ]
      },
      "properties": {
        "name": "Boulevard Jules Verne / Rue Charles Dubois",
        "context": "Amiens, Somme",
        "citycode": "80021",
        "depcode": "80"
      }
    },
    {
      "type": "Feature",
      "geometry": {
        "type": "Point",
        "coordinates": [
          2.300968229,
          49.887943889
        ]
      },
      "properties": {
        "name": "Boulevard Jules Verne / Rue Debray",
        "context": "Amiens, Somme",
        "citycode": "80021",
        "depcode": "80"
      }
    },
    {
      "type": "Feature",
      "geometry": {
        "type": "Point",
        "coordinates": [
          2.298689491,
          49.888036926
        ]
      },
      "properties": {
        "name": "Boulevard Jules Verne / Rue Duminy",
        "context": "Amiens, Somme",
        "citycode": "80021",
        "depcode": "80"
      }
    },
    {
      "type": "Feature",
      "geometry": {
        "type": "Point",
        "coordinates": [
          2.299960282,
          49.887995484
        ]
      },
      "properties": {
        "name": "Boulevard Jules Verne / Rue Lemerchier",
        "context": "Amiens, Somme",
        "citycode": "80021",
        "depcode": "80"
      }
    },
    {
      "type": "Feature",
      "geometry": {
        "type": "Point",
        "coordinates": [
          2.290900436,
          49.890291026
        ]
      },
      "properties": {
        "name": "Boulevard Maignan-Larivière / Boulevard Carnot",
        "context": "Amiens, Somme",
        "citycode": "80021",
        "depcode": "80"
      }
    },
    {
      "type": "Feature",
      "geometry": {
        "type": "Point",
        "coordinates": [
          2.294993239,
          49.88891655
        ]
      },
      "properties": {
        "name": "Boulevard Maignan-Larivière / Mail Albert 1er",
        "context": "Amiens, Somme",
        "citycode": "80021",
        "depcode": "80"
      }
    },
    {
      "type": "Feature",
      "geometry": {
        "type": "Point",
        "coordinates": [
          2.290889283,
          49.890298402
        ]
      },
      "properties": {
        "name": "Boulevard Maignan-Larivière / Parvis Nicole Fontaine",
        "context": "Amiens, Somme",
        "citycode": "80021",
        "depcode": "80"
      }
    },
    {
      "type": "Feature",
      "geometry": {
        "type": "Point",
        "coordinates": [
          2.294887404,
          49.888829602
        ]
      },
      "properties": {
        "name": "Boulevard Maignan-Larivière / Rue Blasset",
        "context": "Amiens, Somme",
        "citycode": "80021",
        "depcode": "80"
      }
    },
    {
      "type": "Feature",
      "geometry": {
        "type": "Point",
        "coordinates": [
          2.291066667,
          49.890418011
        ]
      },
      "properties": {
        "name": "Boulevard Maignan-Larivière / Rue du Maréchal de Lattre de Tassigny",
        "context": "Amiens, Somme",
        "citycode": "80021",
        "depcode": "80"
      }
    },
    {
      "type": "Feature",
      "geometry": {
        "type": "Point",
        "coordinates": [
          2.291224094,
          49.889723288
        ]
      },
      "properties": {
        "name": "Boulevard Pasteur / Esplanade Édouard Branly",
        "context": "Amiens, Somme",
        "citycode": "80021",
        "depcode": "80"
      }
    },
    {
      "type": "Feature",
      "geometry": {
        "type": "Point",
        "coordinates": [
          2.294430941,
          49.888418494
        ]
      },
      "properties": {
        "name": "Boulevard Pasteur / Rue Gaulthier de Rumilly",
        "context": "Amiens, Somme",
        "citycode": "80021",
        "depcode": "80"
      }
    },
    {
      "type": "Feature",
      "geometry": {
        "type": "Point",
        "coordinates": [
          2.29550545,
          49.897930199
        ]
      },
      "properties": {
        "name": "Boulevard Port d'Aval / Place Vogel",
        "context": "Amiens, Somme",
        "citycode": "80021",
        "depcode": "80"
      }
    },
    {
      "type": "Feature",
      "geometry": {
        "type": "Point",
        "coordinates": [
          2.294547874,
          49.898058568
        ]
      },
      "properties": {
        "name": "Boulevard Port d'Aval / Rue de Condé",
        "context": "Amiens, Somme",
        "citycode": "80021",
        "depcode": "80"
      }
    },
    {
      "type": "Feature",
      "geometry": {
        "type": "Point",
        "coordinates": [
          2.295436554,
          49.897946935
        ]
      },
      "properties": {
        "name": "Boulevard Port d'Aval / Rue de la Résistance",
        "context": "Amiens, Somme",
        "citycode": "80021",
        "depcode": "80"
      }
    },
    {
      "type": "Feature",
      "geometry": {
        "type": "Point",
        "coordinates": [
          2.295402912,
          49.89782451
        ]
      },
      "properties": {
        "name": "Boulevard Port d'Aval / Rue du Général Leclerc",
        "context": "Amiens, Somme",
        "citycode": "80021",
        "depcode": "80"
      }
    },
    {
      "type": "Feature",
      "geometry": {
        "type": "Point",
        "coordinates": [
          2.297875057,
          49.901607325
        ]
      },
      "properties": {
        "name": "Boulevard Saint-Sulpice / Square de Darlington",
        "context": "Amiens, Somme",
        "citycode": "80021",
        "depcode": "80"
      }
    },
    {
      "type": "Feature",
      "geometry": {
        "type": "Point",
        "coordinates": [
          2.344095489,
          49.876616793
        ]
      },
      "properties": {
        "name": "Chaussée Jules Ferry / Avre",
        "context": "Amiens, Somme",
        "citycode": "80021",
        "depcode": "80"
      }
    },
    {
      "type": "Feature",
      "geometry": {
        "type": "Point",
        "coordinates": [
          2.331015921,
          49.880966806
        ]
      },
      "properties": {
        "name": "Chaussée Jules Ferry / Rue Danton",
        "context": "Amiens, Somme",
        "citycode": "80021",
        "depcode": "80"
      }
    },
    {
      "type": "Feature",
      "geometry": {
        "type": "Point",
        "coordinates": [
          2.33186379,
          49.880599803
        ]
      },
      "properties": {
        "name": "Chaussée Jules Ferry / Rue de la Boutillerie",
        "context": "Amiens, Somme",
        "citycode": "80021",
        "depcode": "80"
      }
    },
    {
      "type": "Feature",
      "geometry": {
        "type": "Point",
        "coordinates": [
          2.335400844,
          49.879132219
        ]
      },
      "properties": {
        "name": "Chaussée Jules Ferry / Rue Victorine Autier",
        "context": "Amiens, Somme",
        "citycode": "80021",
        "depcode": "80"
      }
    },
    {
      "type": "Feature",
      "geometry": {
        "type": "Point",
        "coordinates": [
          2.30863535,
          49.904081214
        ]
      },
      "properties": {
        "name": "Chaussée Saint-Pierre D929 / Cour Lefebvre",
        "context": "Amiens, Somme",
        "citycode": "80021",
        "depcode": "80"
      }
    },
    {
      "type": "Feature",
      "geometry": {
        "type": "Point",
        "coordinates": [
          2.308505703,
          49.903902853
        ]
      },
      "properties": {
        "name": "Chaussée Saint-Pierre D929 / Cour Vinque",
        "context": "Amiens, Somme",
        "citycode": "80021",
        "depcode": "80"
      }
    },
    {
      "type": "Feature",
      "geometry": {
        "type": "Point",
        "coordinates": [
          2.299877357,
          49.90205351
        ]
      },
      "properties": {
        "name": "Chaussée Saint-Pierre D929 / Rue des Déportés",
        "context": "Amiens, Somme",
        "citycode": "80021",
        "depcode": "80"
      }
    },
    {
      "type": "Feature",
      "geometry": {
        "type": "Point",
        "coordinates": [
          2.3086085,
          49.9040642
        ]
      },
      "properties": {
        "name": "Chaussée Saint-Pierre D929 / Rue Léon Dupontreué D929",
        "context": "Amiens, Somme",
        "citycode": "80021",
        "depcode": "80"
      }
    },
    {
      "type": "Feature",
      "geometry": {
        "type": "Point",
        "coordinates": [
          2.308599199,
          49.903986377
        ]
      },
      "properties": {
        "name": "Chaussée Saint-Pierre D929 / Rue Valentin Haüy",
        "context": "Amiens, Somme",
        "citycode": "80021",
        "depcode": "80"
      }
    },
    {
      "type": "Feature",
      "geometry": {
        "type": "Point",
        "coordinates": [
          2.324067473,
          49.864100208
        ]
      },
      "properties": {
        "name": "Chemin de Banlieue / Chemin de Cottenchy",
        "context": "Amiens, Somme",
        "citycode": "80021",
        "depcode": "80"
      }
    },
    {
      "type": "Feature",
      "geometry": {
        "type": "Point",
        "coordinates": [
          2.324143002,
          49.864000826
        ]
      },
      "properties": {
        "name": "Chemin de Banlieue / Chemin des Vignes",
        "context": "Amiens, Somme",
        "citycode": "80021",
        "depcode": "80"
      }
    },
    {
      "type": "Feature",
      "geometry": {
        "type": "Point",
        "coordinates": [
          2.313708803,
          49.868454903
        ]
      },
      "properties": {
        "name": "Chemin de Banlieue / Rue de Tarascon",
        "context": "Amiens, Somme",
        "citycode": "80021",
        "depcode": "80"
      }
    },
    {
      "type": "Feature",
      "geometry": {
        "type": "Point",
        "coordinates": [
          2.297717414,
          49.910666976
        ]
      },
      "properties": {
        "name": "Chemin de Bertangles / Chemin de la Folie",
        "context": "Amiens, Somme",
        "citycode": "80021",
        "depcode": "80"
      }
    },
    {
      "type": "Feature",
      "geometry": {
        "type": "Point",
        "coordinates": [
          2.297942262,
          49.909868064
        ]
      },
      "properties": {
        "name": "Chemin de Bertangles / Rue Franklin Roosevelt D933",
        "context": "Amiens, Somme",
        "citycode": "80021",
        "depcode": "80"
      }
    },
    {
      "type": "Feature",
      "geometry": {
        "type": "Point",
        "coordinates": [
          2.302761143,
          49.901266405
        ]
      },
      "properties": {
        "name": "Chemin de Contre Halage / Boulevard Baraban",
        "context": "Amiens, Somme",
        "citycode": "80021",
        "depcode": "80"
      }
    },
    {
      "type": "Feature",
      "geometry": {
        "type": "Point",
        "coordinates": [
          2.300027618,
          49.901773039
        ]
      },
      "properties": {
        "name": "Chemin de Contre Halage / Rue des Déportés",
        "context": "Amiens, Somme",
        "citycode": "80021",
        "depcode": "80"
      }
    },
    {
      "type": "Feature",
      "geometry": {
        "type": "Point",
        "coordinates": [
          2.300032664,
          49.901752627
        ]
      },
      "properties": {
        "name": "Chemin de Contre Halage / Rue Saint-Leu",
        "context": "Amiens, Somme",
        "citycode": "80021",
        "depcode": "80"
      }
    },
    {
      "type": "Feature",
      "geometry": {
        "type": "Point",
        "coordinates": [
          2.281105716,
          49.909362187
        ]
      },
      "properties": {
        "name": "Chemin de Contre-Halage / Allée des Acacias",
        "context": "Amiens, Somme",
        "citycode": "80021",
        "depcode": "80"
      }
    },
    {
      "type": "Feature",
      "geometry": {
        "type": "Point",
        "coordinates": [
          2.277658629,
          49.910163254
        ]
      },
      "properties": {
        "name": "Chemin de Contre-Halage / Île Sainte-Aragone",
        "context": "Amiens, Somme",
        "citycode": "80021",
        "depcode": "80"
      }
    },
    {
      "type": "Feature",
      "geometry": {
        "type": "Point",
        "coordinates": [
          2.280977672,
          49.909286765
        ]
      },
      "properties": {
        "name": "Chemin de Contre-Halage / La Somme Canalisée",
        "context": "Amiens, Somme",
        "citycode": "80021",
        "depcode": "80"
      }
    },
    {
      "type": "Feature",
      "geometry": {
        "type": "Point",
        "coordinates": [
          2.324157324,
          49.864004405
        ]
      },
      "properties": {
        "name": "Chemin de Cottenchy / Chemin des Vignes",
        "context": "Amiens, Somme",
        "citycode": "80021",
        "depcode": "80"
      }
    },
    {
      "type": "Feature",
      "geometry": {
        "type": "Point",
        "coordinates": [
          2.321911967,
          49.868498417
        ]
      },
      "properties": {
        "name": "Chemin de Cottenchy / Rue d'Armor",
        "context": "Amiens, Somme",
        "citycode": "80021",
        "depcode": "80"
      }
    },
    {
      "type": "Feature",
      "geometry": {
        "type": "Point",
        "coordinates": [
          2.321789935,
          49.868821357
        ]
      },
      "properties": {
        "name": "Chemin de Cottenchy / Rue Frédéric Mistral",
        "context": "Amiens, Somme",
        "citycode": "80021",
        "depcode": "80"
      }
    },
    {
      "type": "Feature",
      "geometry": {
        "type": "Point",
        "coordinates": [
          2.302799803,
          49.901585917
        ]
      },
      "properties": {
        "name": "Chemin de Halage / Boulevard Baraban",
        "context": "Amiens, Somme",
        "citycode": "80021",
        "depcode": "80"
      }
    },
    {
      "type": "Feature",
      "geometry": {
        "type": "Point",
        "coordinates": [
          2.302790812,
          49.901623773
        ]
      },
      "properties": {
        "name": "Chemin de Halage / Boulevard des Célestins",
        "context": "Amiens, Somme",
        "citycode": "80021",
        "depcode": "80"
      }
    },
    {
      "type": "Feature",
      "geometry": {
        "type": "Point",
        "coordinates": [
          2.314923021,
          49.894379505
        ]
      },
      "properties": {
        "name": "Chemin de Halage / Passerelle L’Hortillonne",
        "context": "Amiens, Somme",
        "citycode": "80021",
        "depcode": "80"
      }
    },
    {
      "type": "Feature",
      "geometry": {
        "type": "Point",
        "coordinates": [
          2.302925614,
          49.901614962
        ]
      },
      "properties": {
        "name": "Chemin de Halage / Rue Éloi Morel",
        "context": "Amiens, Somme",
        "citycode": "80021",
        "depcode": "80"
      }
    },
    {
      "type": "Feature",
      "geometry": {
        "type": "Point",
        "coordinates": [
          2.266606557,
          49.92297011
        ]
      },
      "properties": {
        "name": "Chemin de la Chaussée / Allée du Rideau Ridenne",
        "context": "Amiens, Somme",
        "citycode": "80021",
        "depcode": "80"
      }
    },
    {
      "type": "Feature",
      "geometry": {
        "type": "Point",
        "coordinates": [
          2.267111746,
          49.922794944
        ]
      },
      "properties": {
        "name": "Chemin de la Chaussée / Rue des Aulnes",
        "context": "Amiens, Somme",
        "citycode": "80021",
        "depcode": "80"
      }
    },
    {
      "type": "Feature",
      "geometry": {
        "type": "Point",
        "coordinates": [
          2.2987774,
          49.907591299
        ]
      },
      "properties": {
        "name": "Chemin de la Flaque / Rue René Fonck",
        "context": "Amiens, Somme",
        "citycode": "80021",
        "depcode": "80"
      }
    },
    {
      "type": "Feature",
      "geometry": {
        "type": "Point",
        "coordinates": [
          2.296943263,
          49.91042836
        ]
      },
      "properties": {
        "name": "Chemin de la Folie / Rue Franklin Roosevelt D933",
        "context": "Amiens, Somme",
        "citycode": "80021",
        "depcode": "80"
      }
    },
    {
      "type": "Feature",
      "geometry": {
        "type": "Point",
        "coordinates": [
          2.288608993,
          49.880929979
        ]
      },
      "properties": {
        "name": "Chemin de la Fosse au Lait / Allée des Tennis",
        "context": "Amiens, Somme",
        "citycode": "80021",
        "depcode": "80"
      }
    },
    {
      "type": "Feature",
      "geometry": {
        "type": "Point",
        "coordinates": [
          2.291511931,
          49.908491759
        ]
      },
      "properties": {
        "name": "Chemin de Vauvoix / Rue Terral",
        "context": "Amiens, Somme",
        "citycode": "80021",
        "depcode": "80"
      }
    },
    {
      "type": "Feature",
      "geometry": {
        "type": "Point",
        "coordinates": [
          2.290171145,
          49.90942779
        ]
      },
      "properties": {
        "name": "Chemin de Vauvoix / Rue Terral Cité Nouvelle",
        "context": "Amiens, Somme",
        "citycode": "80021",
        "depcode": "80"
      }
    },
    {
      "type": "Feature",
      "geometry": {
        "type": "Point",
        "coordinates": [
          2.318515551,
          49.913753769
        ]
      },
      "properties": {
        "name": "Chemin des Granges / Rue d'Allonville D919",
        "context": "Amiens, Somme",
        "citycode": "80021",
        "depcode": "80"
      }
    },
    {
      "type": "Feature",
      "geometry": {
        "type": "Point",
        "coordinates": [
          2.317803919,
          49.913989247
        ]
      },
      "properties": {
        "name": "Chemin des Granges / Rue de la Gentiane",
        "context": "Amiens, Somme",
        "citycode": "80021",
        "depcode": "80"
      }
    },
    {
      "type": "Feature",
      "geometry": {
        "type": "Point",
        "coordinates": [
          2.317645189,
          49.915544798
        ]
      },
      "properties": {
        "name": "Chemin des Granges / Rue George Sand",
        "context": "Amiens, Somme",
        "citycode": "80021",
        "depcode": "80"
      }
    },
    {
      "type": "Feature",
      "geometry": {
        "type": "Point",
        "coordinates": [
          2.317283487,
          49.914840729
        ]
      },
      "properties": {
        "name": "Chemin des Granges / Rue Régnard",
        "context": "Amiens, Somme",
        "citycode": "80021",
        "depcode": "80"
      }
    },
    {
      "type": "Feature",
      "geometry": {
        "type": "Point",
        "coordinates": [
          2.280342433,
          49.881349635
        ]
      },
      "properties": {
        "name": "Chemin des Hayettes / Allée de Conty",
        "context": "Amiens, Somme",
        "citycode": "80021",
        "depcode": "80"
      }
    },
    {
      "type": "Feature",
      "geometry": {
        "type": "Point",
        "coordinates": [
          2.266251124,
          49.880543964
        ]
      },
      "properties": {
        "name": "Chemin des Plantes / Avenue Valéry Giscard d'Estaing",
        "context": "Amiens, Somme",
        "citycode": "80021",
        "depcode": "80"
      }
    },
    {
      "type": "Feature",
      "geometry": {
        "type": "Point",
        "coordinates": [
          2.269348003,
          49.881076929
        ]
      },
      "properties": {
        "name": "Chemin des Plantes / Rue de la Sablonnière",
        "context": "Amiens, Somme",
        "citycode": "80021",
        "depcode": "80"
      }
    },
    {
      "type": "Feature",
      "geometry": {
        "type": "Point",
        "coordinates": [
          2.276190113,
          49.88276943
        ]
      },
      "properties": {
        "name": "Chemin des Plantes / Rue des Quatre Lemaire",
        "context": "Amiens, Somme",
        "citycode": "80021",
        "depcode": "80"
      }
    },
    {
      "type": "Feature",
      "geometry": {
        "type": "Point",
        "coordinates": [
          2.27421694,
          49.882760774
        ]
      },
      "properties": {
        "name": "Chemin des Plantes / Rue du Professeur Christian Cabrol",
        "context": "Amiens, Somme",
        "citycode": "80021",
        "depcode": "80"
      }
    },
    {
      "type": "Feature",
      "geometry": {
        "type": "Point",
        "coordinates": [
          2.269072042,
          49.881303345
        ]
      },
      "properties": {
        "name": "Chemin des Plantes / Rue Jean Baptiste Trannoy",
        "context": "Amiens, Somme",
        "citycode": "80021",
        "depcode": "80"
      }
    },
    {
      "type": "Feature",
      "geometry": {
        "type": "Point",
        "coordinates": [
          2.333106069,
          49.865774658
        ]
      },
      "properties": {
        "name": "Chemin des Vignes / Allée des Riez",
        "context": "Amiens, Somme",
        "citycode": "80021",
        "depcode": "80"
      }
    },
    {
      "type": "Feature",
      "geometry": {
        "type": "Point",
        "coordinates": [
          2.336067976,
          49.866240492
        ]
      },
      "properties": {
        "name": "Chemin des Vignes / Rue Jean Racine",
        "context": "Amiens, Somme",
        "citycode": "80021",
        "depcode": "80"
      }
    },
    {
      "type": "Feature",
      "geometry": {
        "type": "Point",
        "coordinates": [
          2.238406424,
          49.912809342
        ]
      },
      "properties": {
        "name": "Chemin du Hameau d'Étouvie / Avenue Louis Pasteur D1235",
        "context": "Amiens, Somme",
        "citycode": "80021",
        "depcode": "80"
      }
    },
    {
      "type": "Feature",
      "geometry": {
        "type": "Point",
        "coordinates": [
          2.238447512,
          49.912803473
        ]
      },
      "properties": {
        "name": "Chemin du Hameau d'Étouvie / Rue d'Abbeville D1235",
        "context": "Amiens, Somme",
        "citycode": "80021",
        "depcode": "80"
      }
    },
    {
      "type": "Feature",
      "geometry": {
        "type": "Point",
        "coordinates": [
          2.270623524,
          49.897304188
        ]
      },
      "properties": {
        "name": "Chemin du Marais de Renancourt / Avenue de l'Hippodrome",
        "context": "Amiens, Somme",
        "citycode": "80021",
        "depcode": "80"
      }
    },
    {
      "type": "Feature",
      "geometry": {
        "type": "Point",
        "coordinates": [
          2.269339454,
          49.897133624
        ]
      },
      "properties": {
        "name": "Chemin du Marais de Renancourt / La Selle",
        "context": "Amiens, Somme",
        "citycode": "80021",
        "depcode": "80"
      }
    },
    {
      "type": "Feature",
      "geometry": {
        "type": "Point",
        "coordinates": [
          2.264494469,
          49.897417681
        ]
      },
      "properties": {
        "name": "Chemin du Marais de Renancourt / Rue Émile Francfort",
        "context": "Amiens, Somme",
        "citycode": "80021",
        "depcode": "80"
      }
    },
    {
      "type": "Feature",
      "geometry": {
        "type": "Point",
        "coordinates": [
          2.302742884,
          49.878844992
        ]
      },
      "properties": {
        "name": "Chemin du Mont Thomas / Boulevard de Saint-Quentin",
        "context": "Amiens, Somme",
        "citycode": "80021",
        "depcode": "80"
      }
    },
    {
      "type": "Feature",
      "geometry": {
        "type": "Point",
        "coordinates": [
          2.30250719,
          49.877726886
        ]
      },
      "properties": {
        "name": "Chemin du Mont Thomas / Rue Antoine de Saint-Éxupéry",
        "context": "Amiens, Somme",
        "citycode": "80021",
        "depcode": "80"
      }
    },
    {
      "type": "Feature",
      "geometry": {
        "type": "Point",
        "coordinates": [
          2.264261279,
          49.87482791
        ]
      },
      "properties": {
        "name": "Chemin du Thil / Allée de l’Espéranto",
        "context": "Amiens, Somme",
        "citycode": "80021",
        "depcode": "80"
      }
    },
    {
      "type": "Feature",
      "geometry": {
        "type": "Point",
        "coordinates": [
          2.269126026,
          49.877104732
        ]
      },
      "properties": {
        "name": "Chemin du Thil / Rue du Campus",
        "context": "Amiens, Somme",
        "citycode": "80021",
        "depcode": "80"
      }
    },
    {
      "type": "Feature",
      "geometry": {
        "type": "Point",
        "coordinates": [
          2.270021065,
          49.877139643
        ]
      },
      "properties": {
        "name": "Chemin du Thil / Rue Jean Moulin D8",
        "context": "Amiens, Somme",
        "citycode": "80021",
        "depcode": "80"
      }
    },
    {
      "type": "Feature",
      "geometry": {
        "type": "Point",
        "coordinates": [
          2.328689963,
          49.881928951
        ]
      },
      "properties": {
        "name": "Chemin Noir / Chaussée Jules Ferry",
        "context": "Amiens, Somme",
        "citycode": "80021",
        "depcode": "80"
      }
    },
    {
      "type": "Feature",
      "geometry": {
        "type": "Point",
        "coordinates": [
          2.325931912,
          49.878647971
        ]
      },
      "properties": {
        "name": "Chemin Noir / Résidence du Prince Noir",
        "context": "Amiens, Somme",
        "citycode": "80021",
        "depcode": "80"
      }
    },
    {
      "type": "Feature",
      "geometry": {
        "type": "Point",
        "coordinates": [
          2.325341472,
          49.877890851
        ]
      },
      "properties": {
        "name": "Chemin Noir / Rue de Cagny",
        "context": "Amiens, Somme",
        "citycode": "80021",
        "depcode": "80"
      }
    },
    {
      "type": "Feature",
      "geometry": {
        "type": "Point",
        "coordinates": [
          2.327162769,
          49.880095597
        ]
      },
      "properties": {
        "name": "Chemin Noir / Rue Gaston Blanchard",
        "context": "Amiens, Somme",
        "citycode": "80021",
        "depcode": "80"
      }
    },
    {
      "type": "Feature",
      "geometry": {
        "type": "Point",
        "coordinates": [
          2.320121457,
          49.886966159
        ]
      },
      "properties": {
        "name": "Cité Croy / Rue de Croy",
        "context": "Amiens, Somme",
        "citycode": "80021",
        "depcode": "80"
      }
    },
    {
      "type": "Feature",
      "geometry": {
        "type": "Point",
        "coordinates": [
          2.325264086,
          49.87343572
        ]
      },
      "properties": {
        "name": "Cité des Castors / Rue Edmond Rostand",
        "context": "Amiens, Somme",
        "citycode": "80021",
        "depcode": "80"
      }
    },
    {
      "type": "Feature",
      "geometry": {
        "type": "Point",
        "coordinates": [
          2.254313229,
          49.881878796
        ]
      },
      "properties": {
        "name": "Cité des Glycines / Cité des Lilas",
        "context": "Amiens, Somme",
        "citycode": "80021",
        "depcode": "80"
      }
    },
    {
      "type": "Feature",
      "geometry": {
        "type": "Point",
        "coordinates": [
          2.254324285,
          49.881880268
        ]
      },
      "properties": {
        "name": "Cité des Glycines / Cité des Lilas / Cité des Glycines",
        "context": "Amiens, Somme",
        "citycode": "80021",
        "depcode": "80"
      }
    },
    {
      "type": "Feature",
      "geometry": {
        "type": "Point",
        "coordinates": [
          2.254455007,
          49.882045697
        ]
      },
      "properties": {
        "name": "Cité des Glycines / Cité des Myosotis",
        "context": "Amiens, Somme",
        "citycode": "80021",
        "depcode": "80"
      }
    },
    {
      "type": "Feature",
      "geometry": {
        "type": "Point",
        "coordinates": [
          2.257040064,
          49.883383645
        ]
      },
      "properties": {
        "name": "Cité des Iris / Cité Les Bleuets / Grande Rue du Petit Saint-Jean",
        "context": "Amiens, Somme",
        "citycode": "80021",
        "depcode": "80"
      }
    },
    {
      "type": "Feature",
      "geometry": {
        "type": "Point",
        "coordinates": [
          2.254316414,
          49.881871617
        ]
      },
      "properties": {
        "name": "Cité des Lilas / Cité des Lilas / Cité des Glycines",
        "context": "Amiens, Somme",
        "citycode": "80021",
        "depcode": "80"
      }
    },
    {
      "type": "Feature",
      "geometry": {
        "type": "Point",
        "coordinates": [
          2.25417848,
          49.881740008
        ]
      },
      "properties": {
        "name": "Cité des Lilas / Cité des Œillets",
        "context": "Amiens, Somme",
        "citycode": "80021",
        "depcode": "80"
      }
    },
    {
      "type": "Feature",
      "geometry": {
        "type": "Point",
        "coordinates": [
          2.255390556,
          49.881853449
        ]
      },
      "properties": {
        "name": "Cité des Myosotis / Grande Rue du Petit Saint-Jean",
        "context": "Amiens, Somme",
        "citycode": "80021",
        "depcode": "80"
      }
    },
    {
      "type": "Feature",
      "geometry": {
        "type": "Point",
        "coordinates": [
          2.25390665,
          49.8816199
        ]
      },
      "properties": {
        "name": "Cité des Œillets / Chemin Blanc",
        "context": "Amiens, Somme",
        "citycode": "80021",
        "depcode": "80"
      }
    },
    {
      "type": "Feature",
      "geometry": {
        "type": "Point",
        "coordinates": [
          2.254880811,
          49.881234305
        ]
      },
      "properties": {
        "name": "Cité des Œillets / Grande Rue du Petit Saint-Jean",
        "context": "Amiens, Somme",
        "citycode": "80021",
        "depcode": "80"
      }
    },
    {
      "type": "Feature",
      "geometry": {
        "type": "Point",
        "coordinates": [
          2.253954591,
          49.881595474
        ]
      },
      "properties": {
        "name": "Cité des Œillets / La Selle",
        "context": "Amiens, Somme",
        "citycode": "80021",
        "depcode": "80"
      }
    },
    {
      "type": "Feature",
      "geometry": {
        "type": "Point",
        "coordinates": [
          2.273002623,
          49.903819369
        ]
      },
      "properties": {
        "name": "Cité Doine / Cité Roger",
        "context": "Amiens, Somme",
        "citycode": "80021",
        "depcode": "80"
      }
    },
    {
      "type": "Feature",
      "geometry": {
        "type": "Point",
        "coordinates": [
          2.273000206,
          49.903827709
        ]
      },
      "properties": {
        "name": "Cité Doine / Cour Lebel",
        "context": "Amiens, Somme",
        "citycode": "80021",
        "depcode": "80"
      }
    },
    {
      "type": "Feature",
      "geometry": {
        "type": "Point",
        "coordinates": [
          2.271518559,
          49.90178304
        ]
      },
      "properties": {
        "name": "Cité Dupetit / Rue Robert le Coq",
        "context": "Amiens, Somme",
        "citycode": "80021",
        "depcode": "80"
      }
    },
    {
      "type": "Feature",
      "geometry": {
        "type": "Point",
        "coordinates": [
          2.268748937,
          49.900248496
        ]
      },
      "properties": {
        "name": "Cité Esnault Pelterie / Rue Robert le Coq",
        "context": "Amiens, Somme",
        "citycode": "80021",
        "depcode": "80"
      }
    },
    {
      "type": "Feature",
      "geometry": {
        "type": "Point",
        "coordinates": [
          2.276867975,
          49.878986895
        ]
      },
      "properties": {
        "name": "Cité Jean Petit / Allée du Partage de Midi",
        "context": "Amiens, Somme",
        "citycode": "80021",
        "depcode": "80"
      }
    },
    {
      "type": "Feature",
      "geometry": {
        "type": "Point",
        "coordinates": [
          2.276879604,
          49.878989004
        ]
      },
      "properties": {
        "name": "Cité Jean Petit / Rue des Visages Radieux",
        "context": "Amiens, Somme",
        "citycode": "80021",
        "depcode": "80"
      }
    },
    {
      "type": "Feature",
      "geometry": {
        "type": "Point",
        "coordinates": [
          2.256588468,
          49.882995343
        ]
      },
      "properties": {
        "name": "Cité Les Roses / Grande Rue du Petit Saint-Jean",
        "context": "Amiens, Somme",
        "citycode": "80021",
        "depcode": "80"
      }
    },
    {
      "type": "Feature",
      "geometry": {
        "type": "Point",
        "coordinates": [
          2.25507422,
          49.883941565
        ]
      },
      "properties": {
        "name": "Cité Les Roses / La Selle",
        "context": "Amiens, Somme",
        "citycode": "80021",
        "depcode": "80"
      }
    },
    {
      "type": "Feature",
      "geometry": {
        "type": "Point",
        "coordinates": [
          2.272988116,
          49.903844316
        ]
      },
      "properties": {
        "name": "Cité Roger / Cour Lebel",
        "context": "Amiens, Somme",
        "citycode": "80021",
        "depcode": "80"
      }
    },
    {
      "type": "Feature",
      "geometry": {
        "type": "Point",
        "coordinates": [
          2.265144142,
          49.898169999
        ]
      },
      "properties": {
        "name": "Cité Vasconi / Rue Robert le Coq",
        "context": "Amiens, Somme",
        "citycode": "80021",
        "depcode": "80"
      }
    },
    {
      "type": "Feature",
      "geometry": {
        "type": "Point",
        "coordinates": [
          2.268778988,
          49.904848587
        ]
      },
      "properties": {
        "name": "Cité Victor / Route de Saveuse D211",
        "context": "Amiens, Somme",
        "citycode": "80021",
        "depcode": "80"
      }
    },
    {
      "type": "Feature",
      "geometry": {
        "type": "Point",
        "coordinates": [
          2.308346504,
          49.866356047
        ]
      },
      "properties": {
        "name": "Clos des Châtaigniers / Rue de Saint-Fuscien D7",
        "context": "Amiens, Somme",
        "citycode": "80021",
        "depcode": "80"
      }
    },
    {
      "type": "Feature",
      "geometry": {
        "type": "Point",
        "coordinates": [
          2.259408878,
          49.885276703
        ]
      },
      "properties": {
        "name": "Clos Saint-Jean / Grande Rue du Petit Saint-Jean",
        "context": "Amiens, Somme",
        "citycode": "80021",
        "depcode": "80"
      }
    },
    {
      "type": "Feature",
      "geometry": {
        "type": "Point",
        "coordinates": [
          2.290133602,
          49.89705686
        ]
      },
      "properties": {
        "name": "Cour Artus / Impasse des Briques",
        "context": "Amiens, Somme",
        "citycode": "80021",
        "depcode": "80"
      }
    },
    {
      "type": "Feature",
      "geometry": {
        "type": "Point",
        "coordinates": [
          2.272242909,
          49.905543596
        ]
      },
      "properties": {
        "name": "Cour Joly / Rue du Faubourg de Hem D1235",
        "context": "Amiens, Somme",
        "citycode": "80021",
        "depcode": "80"
      }
    },
    {
      "type": "Feature",
      "geometry": {
        "type": "Point",
        "coordinates": [
          2.273517242,
          49.903951603
        ]
      },
      "properties": {
        "name": "Cour Lebel / Rue du Faubourg de Hem",
        "context": "Amiens, Somme",
        "citycode": "80021",
        "depcode": "80"
      }
    },
    {
      "type": "Feature",
      "geometry": {
        "type": "Point",
        "coordinates": [
          2.308681936,
          49.904099224
        ]
      },
      "properties": {
        "name": "Cour Lefebvre / Rue Léon Dupontreué D929",
        "context": "Amiens, Somme",
        "citycode": "80021",
        "depcode": "80"
      }
    },
    {
      "type": "Feature",
      "geometry": {
        "type": "Point",
        "coordinates": [
          2.308647038,
          49.904076801
        ]
      },
      "properties": {
        "name": "Cour Lefebvre / Rue Valentin Haüy",
        "context": "Amiens, Somme",
        "citycode": "80021",
        "depcode": "80"
      }
    },
    {
      "type": "Feature",
      "geometry": {
        "type": "Point",
        "coordinates": [
          2.274809795,
          49.903408091
        ]
      },
      "properties": {
        "name": "Cour Pigeon / Rue du Faubourg de Hem",
        "context": "Amiens, Somme",
        "citycode": "80021",
        "depcode": "80"
      }
    },
    {
      "type": "Feature",
      "geometry": {
        "type": "Point",
        "coordinates": [
          2.285366241,
          49.906948206
        ]
      },
      "properties": {
        "name": "Cour Saint-Joseph / Rue Saint-Maurice",
        "context": "Amiens, Somme",
        "citycode": "80021",
        "depcode": "80"
      }
    },
    {
      "type": "Feature",
      "geometry": {
        "type": "Point",
        "coordinates": [
          2.287984102,
          49.886073823
        ]
      },
      "properties": {
        "name": "Cour Suzanne / Route de Paris D1001",
        "context": "Amiens, Somme",
        "citycode": "80021",
        "depcode": "80"
      }
    },
    {
      "type": "Feature",
      "geometry": {
        "type": "Point",
        "coordinates": [
          2.286954194,
          49.88634211
        ]
      },
      "properties": {
        "name": "Cour Suzanne / Rue Saint-Honoré",
        "context": "Amiens, Somme",
        "citycode": "80021",
        "depcode": "80"
      }
    },
    {
      "type": "Feature",
      "geometry": {
        "type": "Point",
        "coordinates": [
          2.308543659,
          49.903912132
        ]
      },
      "properties": {
        "name": "Cour Vinque / Rue Valentin Haüy",
        "context": "Amiens, Somme",
        "citycode": "80021",
        "depcode": "80"
      }
    },
    {
      "type": "Feature",
      "geometry": {
        "type": "Point",
        "coordinates": [
          2.280895412,
          49.875570134
        ]
      },
      "properties": {
        "name": "Drive-In / Avenue Paul Claudel",
        "context": "Amiens, Somme",
        "citycode": "80021",
        "depcode": "80"
      }
    },
    {
      "type": "Feature",
      "geometry": {
        "type": "Point",
        "coordinates": [
          2.290595346,
          49.889996996
        ]
      },
      "properties": {
        "name": "Esplanade Édouard Branly / Boulevard Guyencourt",
        "context": "Amiens, Somme",
        "citycode": "80021",
        "depcode": "80"
      }
    },
    {
      "type": "Feature",
      "geometry": {
        "type": "Point",
        "coordinates": [
          2.291222591,
          49.889730791
        ]
      },
      "properties": {
        "name": "Esplanade Édouard Branly / Boulevard Pasteur",
        "context": "Amiens, Somme",
        "citycode": "80021",
        "depcode": "80"
      }
    },
    {
      "type": "Feature",
      "geometry": {
        "type": "Point",
        "coordinates": [
          2.290447547,
          49.889774412
        ]
      },
      "properties": {
        "name": "Esplanade Édouard Branly / Parvis Nicole Fontaine",
        "context": "Amiens, Somme",
        "citycode": "80021",
        "depcode": "80"
      }
    },
    {
      "type": "Feature",
      "geometry": {
        "type": "Point",
        "coordinates": [
          2.289723201,
          49.889664042
        ]
      },
      "properties": {
        "name": "Esplanade Édouard Branly / Route de Rouen",
        "context": "Amiens, Somme",
        "citycode": "80021",
        "depcode": "80"
      }
    },
    {
      "type": "Feature",
      "geometry": {
        "type": "Point",
        "coordinates": [
          2.299970434,
          49.895727804
        ]
      },
      "properties": {
        "name": "Esplanade Madeleine Cinquin dite \"Soeur Emmanuelle\" / Rue André",
        "context": "Amiens, Somme",
        "citycode": "80021",
        "depcode": "80"
      }
    },
    {
      "type": "Feature",
      "geometry": {
        "type": "Point",
        "coordinates": [
          2.299813711,
          49.895813082
        ]
      },
      "properties": {
        "name": "Esplanade Madeleine Cinquin dite \"Soeur Emmanuelle\" / Rue Flatters",
        "context": "Amiens, Somme",
        "citycode": "80021",
        "depcode": "80"
      }
    },
    {
      "type": "Feature",
      "geometry": {
        "type": "Point",
        "coordinates": [
          2.29792722,
          49.892283975
        ]
      },
      "properties": {
        "name": "Galerie des Jacobins / Rue des Jacobins",
        "context": "Amiens, Somme",
        "citycode": "80021",
        "depcode": "80"
      }
    },
    {
      "type": "Feature",
      "geometry": {
        "type": "Point",
        "coordinates": [
          2.30860795,
          49.891225838
        ]
      },
      "properties": {
        "name": "Gare Routière / Gare Routière (accès Rue Paul Tellier)",
        "context": "Amiens, Somme",
        "citycode": "80021",
        "depcode": "80"
      }
    },
    {
      "type": "Feature",
      "geometry": {
        "type": "Point",
        "coordinates": [
          2.308477165,
          49.891087174
        ]
      },
      "properties": {
        "name": "Gare Routière / Rue Paul Tellier",
        "context": "Amiens, Somme",
        "citycode": "80021",
        "depcode": "80"
      }
    },
    {
      "type": "Feature",
      "geometry": {
        "type": "Point",
        "coordinates": [
          2.3084576,
          49.891605234
        ]
      },
      "properties": {
        "name": "Gare Routière (accès Rue de la Vallée) / Gare Routière",
        "context": "Amiens, Somme",
        "citycode": "80021",
        "depcode": "80"
      }
    },
    {
      "type": "Feature",
      "geometry": {
        "type": "Point",
        "coordinates": [
          2.308648633,
          49.891296566
        ]
      },
      "properties": {
        "name": "Gare Routière (accès Rue Paul Tellier) / Gare Routière",
        "context": "Amiens, Somme",
        "citycode": "80021",
        "depcode": "80"
      }
    },
    {
      "type": "Feature",
      "geometry": {
        "type": "Point",
        "coordinates": [
          2.308549412,
          49.891101467
        ]
      },
      "properties": {
        "name": "Gare Routière (accès Rue Paul Tellier) / Rue Paul Tellier",
        "context": "Amiens, Somme",
        "citycode": "80021",
        "depcode": "80"
      }
    },
    {
      "type": "Feature",
      "geometry": {
        "type": "Point",
        "coordinates": [
          2.297828214,
          49.898494795
        ]
      },
      "properties": {
        "name": "Grande Rue de la Veillère / Passage des Bains Neveux",
        "context": "Amiens, Somme",
        "citycode": "80021",
        "depcode": "80"
      }
    },
    {
      "type": "Feature",
      "geometry": {
        "type": "Point",
        "coordinates": [
          2.297858364,
          49.897373222
        ]
      },
      "properties": {
        "name": "Grande Rue de la Veillère / Place Vogel",
        "context": "Amiens, Somme",
        "citycode": "80021",
        "depcode": "80"
      }
    },
    {
      "type": "Feature",
      "geometry": {
        "type": "Point",
        "coordinates": [
          2.297499375,
          49.89958116
        ]
      },
      "properties": {
        "name": "Grande Rue de la Veillère / Rue de la Résistance",
        "context": "Amiens, Somme",
        "citycode": "80021",
        "depcode": "80"
      }
    },
    {
      "type": "Feature",
      "geometry": {
        "type": "Point",
        "coordinates": [
          2.297579744,
          49.899626084
        ]
      },
      "properties": {
        "name": "Grande Rue de la Veillère / Rue des Déportés",
        "context": "Amiens, Somme",
        "citycode": "80021",
        "depcode": "80"
      }
    },
    {
      "type": "Feature",
      "geometry": {
        "type": "Point",
        "coordinates": [
          2.255139687,
          49.88156727
        ]
      },
      "properties": {
        "name": "Grande Rue du Petit Saint-Jean / Cité des Lilas / Cité des Glycines",
        "context": "Amiens, Somme",
        "citycode": "80021",
        "depcode": "80"
      }
    },
    {
      "type": "Feature",
      "geometry": {
        "type": "Point",
        "coordinates": [
          2.264020798,
          49.887862201
        ]
      },
      "properties": {
        "name": "Grande Rue du Petit Saint-Jean / Rue Colbert",
        "context": "Amiens, Somme",
        "citycode": "80021",
        "depcode": "80"
      }
    },
    {
      "type": "Feature",
      "geometry": {
        "type": "Point",
        "coordinates": [
          2.260429333,
          49.885982403
        ]
      },
      "properties": {
        "name": "Grande Rue du Petit Saint-Jean / Rue de la Montagne",
        "context": "Amiens, Somme",
        "citycode": "80021",
        "depcode": "80"
      }
    },
    {
      "type": "Feature",
      "geometry": {
        "type": "Point",
        "coordinates": [
          2.263998363,
          49.88783398
        ]
      },
      "properties": {
        "name": "Grande Rue du Petit Saint-Jean / Rue Lescouvé",
        "context": "Amiens, Somme",
        "citycode": "80021",
        "depcode": "80"
      }
    },
    {
      "type": "Feature",
      "geometry": {
        "type": "Point",
        "coordinates": [
          2.334400826,
          49.869029692
        ]
      },
      "properties": {
        "name": "Hameau Jean Racine / Rue de Cagny",
        "context": "Amiens, Somme",
        "citycode": "80021",
        "depcode": "80"
      }
    },
    {
      "type": "Feature",
      "geometry": {
        "type": "Point",
        "coordinates": [
          2.335432101,
          49.867272648
        ]
      },
      "properties": {
        "name": "Hameau Jean Racine / Rue Jean Racine",
        "context": "Amiens, Somme",
        "citycode": "80021",
        "depcode": "80"
      }
    },
    {
      "type": "Feature",
      "geometry": {
        "type": "Point",
        "coordinates": [
          2.281068884,
          49.909090505
        ]
      },
      "properties": {
        "name": "Île Sainte-Aragone / La Somme Canalisée",
        "context": "Amiens, Somme",
        "citycode": "80021",
        "depcode": "80"
      }
    },
    {
      "type": "Feature",
      "geometry": {
        "type": "Point",
        "coordinates": [
          2.334148414,
          49.869402494
        ]
      },
      "properties": {
        "name": "Impasse Andre Lurcat / Rue de Cagny",
        "context": "Amiens, Somme",
        "citycode": "80021",
        "depcode": "80"
      }
    },
    {
      "type": "Feature",
      "geometry": {
        "type": "Point",
        "coordinates": [
          2.313244414,
          49.888122103
        ]
      },
      "properties": {
        "name": "Impasse Capperonnier / Rue Jules Barni",
        "context": "Amiens, Somme",
        "citycode": "80021",
        "depcode": "80"
      }
    },
    {
      "type": "Feature",
      "geometry": {
        "type": "Point",
        "coordinates": [
          2.318729511,
          49.899467759
        ]
      },
      "properties": {
        "name": "Impasse Capron / Rue Abbé de l'Épée",
        "context": "Amiens, Somme",
        "citycode": "80021",
        "depcode": "80"
      }
    },
    {
      "type": "Feature",
      "geometry": {
        "type": "Point",
        "coordinates": [
          2.257840117,
          49.893715985
        ]
      },
      "properties": {
        "name": "Impasse Caron / Rue Malesherbes",
        "context": "Amiens, Somme",
        "citycode": "80021",
        "depcode": "80"
      }
    },
    {
      "type": "Feature",
      "geometry": {
        "type": "Point",
        "coordinates": [
          2.294482851,
          49.90086721
        ]
      },
      "properties": {
        "name": "Impasse de l'Abbaye / Quai Saint-Maurice",
        "context": "Amiens, Somme",
        "citycode": "80021",
        "depcode": "80"
      }
    },
    {
      "type": "Feature",
      "geometry": {
        "type": "Point",
        "coordinates": [
          2.317915201,
          49.880479893
        ]
      },
      "properties": {
        "name": "Impasse des Charmilles / Rue Gabriel de Mortillet",
        "context": "Amiens, Somme",
        "citycode": "80021",
        "depcode": "80"
      }
    },
    {
      "type": "Feature",
      "geometry": {
        "type": "Point",
        "coordinates": [
          2.299180811,
          49.899831954
        ]
      },
      "properties": {
        "name": "Impasse des Poulies / Rue Baudelocque",
        "context": "Amiens, Somme",
        "citycode": "80021",
        "depcode": "80"
      }
    },
    {
      "type": "Feature",
      "geometry": {
        "type": "Point",
        "coordinates": [
          2.266899702,
          49.922473602
        ]
      },
      "properties": {
        "name": "Impasse des Prunus / Impasse des Cerisiers",
        "context": "Amiens, Somme",
        "citycode": "80021",
        "depcode": "80"
      }
    },
    {
      "type": "Feature",
      "geometry": {
        "type": "Point",
        "coordinates": [
          2.27598752,
          49.87796189
        ]
      },
      "properties": {
        "name": "Impasse des Vers d'Exil / Allée du Partage de Midi",
        "context": "Amiens, Somme",
        "citycode": "80021",
        "depcode": "80"
      }
    },
    {
      "type": "Feature",
      "geometry": {
        "type": "Point",
        "coordinates": [
          2.275574824,
          49.878160349
        ]
      },
      "properties": {
        "name": "Impasse des Vers d'Exil / Rue de l'Échange",
        "context": "Amiens, Somme",
        "citycode": "80021",
        "depcode": "80"
      }
    },
    {
      "type": "Feature",
      "geometry": {
        "type": "Point",
        "coordinates": [
          2.274010562,
          49.8835388
        ]
      },
      "properties": {
        "name": "Impasse Dom Robbe / Rue de la Sablonnière",
        "context": "Amiens, Somme",
        "citycode": "80021",
        "depcode": "80"
      }
    },
    {
      "type": "Feature",
      "geometry": {
        "type": "Point",
        "coordinates": [
          2.261722525,
          49.886496912
        ]
      },
      "properties": {
        "name": "Impasse du Christ / Rue de la Montagne",
        "context": "Amiens, Somme",
        "citycode": "80021",
        "depcode": "80"
      }
    },
    {
      "type": "Feature",
      "geometry": {
        "type": "Point",
        "coordinates": [
          2.292895675,
          49.902024113
        ]
      },
      "properties": {
        "name": "Impasse du Dahomey / Rue des Teinturiers",
        "context": "Amiens, Somme",
        "citycode": "80021",
        "depcode": "80"
      }
    },
    {
      "type": "Feature",
      "geometry": {
        "type": "Point",
        "coordinates": [
          2.275492599,
          49.875916635
        ]
      },
      "properties": {
        "name": "Impasse du Delphinium / Allée du Delphinium",
        "context": "Amiens, Somme",
        "citycode": "80021",
        "depcode": "80"
      }
    },
    {
      "type": "Feature",
      "geometry": {
        "type": "Point",
        "coordinates": [
          2.257972308,
          49.893967739
        ]
      },
      "properties": {
        "name": "Impasse du Gartoire / Rue Malesherbes",
        "context": "Amiens, Somme",
        "citycode": "80021",
        "depcode": "80"
      }
    },
    {
      "type": "Feature",
      "geometry": {
        "type": "Point",
        "coordinates": [
          2.286650635,
          49.886143884
        ]
      },
      "properties": {
        "name": "Impasse Jean Scellier / Rue Saint-Honoré",
        "context": "Amiens, Somme",
        "citycode": "80021",
        "depcode": "80"
      }
    },
    {
      "type": "Feature",
      "geometry": {
        "type": "Point",
        "coordinates": [
          2.301345707,
          49.895095411
        ]
      },
      "properties": {
        "name": "Impasse Joron / Place Notre-Dame",
        "context": "Amiens, Somme",
        "citycode": "80021",
        "depcode": "80"
      }
    },
    {
      "type": "Feature",
      "geometry": {
        "type": "Point",
        "coordinates": [
          2.318198673,
          49.887914333
        ]
      },
      "properties": {
        "name": "Impasse Legris / Rue des Maïeurs",
        "context": "Amiens, Somme",
        "citycode": "80021",
        "depcode": "80"
      }
    },
    {
      "type": "Feature",
      "geometry": {
        "type": "Point",
        "coordinates": [
          2.295518986,
          49.903155791
        ]
      },
      "properties": {
        "name": "Impasse Marceau / Rue Montesquieu",
        "context": "Amiens, Somme",
        "citycode": "80021",
        "depcode": "80"
      }
    },
    {
      "type": "Feature",
      "geometry": {
        "type": "Point",
        "coordinates": [
          2.287538771,
          49.896781835
        ]
      },
      "properties": {
        "name": "Impasse Monmignon / Rue du Commandant Defontaine",
        "context": "Amiens, Somme",
        "citycode": "80021",
        "depcode": "80"
      }
    },
    {
      "type": "Feature",
      "geometry": {
        "type": "Point",
        "coordinates": [
          2.309364066,
          49.884514497
        ]
      },
      "properties": {
        "name": "Impasse Retel / Rue Coquerel",
        "context": "Amiens, Somme",
        "citycode": "80021",
        "depcode": "80"
      }
    },
    {
      "type": "Feature",
      "geometry": {
        "type": "Point",
        "coordinates": [
          2.309378172,
          49.884503143
        ]
      },
      "properties": {
        "name": "Impasse Retel / Rue Langles",
        "context": "Amiens, Somme",
        "citycode": "80021",
        "depcode": "80"
      }
    },
    {
      "type": "Feature",
      "geometry": {
        "type": "Point",
        "coordinates": [
          2.296325401,
          49.897702119
        ]
      },
      "properties": {
        "name": "Impasse Tournecoeffe / Place Vogel",
        "context": "Amiens, Somme",
        "citycode": "80021",
        "depcode": "80"
      }
    },
    {
      "type": "Feature",
      "geometry": {
        "type": "Point",
        "coordinates": [
          2.294136138,
          49.901866906
        ]
      },
      "properties": {
        "name": "Impasse Vézier / Rue des Teinturiers",
        "context": "Amiens, Somme",
        "citycode": "80021",
        "depcode": "80"
      }
    },
    {
      "type": "Feature",
      "geometry": {
        "type": "Point",
        "coordinates": [
          2.3435802,
          49.867826799
        ]
      },
      "properties": {
        "name": "L'Avre / Avre",
        "context": "Amiens, Somme",
        "citycode": "80021",
        "depcode": "80"
      }
    },
    {
      "type": "Feature",
      "geometry": {
        "type": "Point",
        "coordinates": [
          2.240886168,
          49.912309001
        ]
      },
      "properties": {
        "name": "L'Européenne A16 / Rue d'Abbeville D1235",
        "context": "Amiens, Somme",
        "citycode": "80021",
        "depcode": "80"
      }
    },
    {
      "type": "Feature",
      "geometry": {
        "type": "Point",
        "coordinates": [
          2.24064567,
          49.91194971
        ]
      },
      "properties": {
        "name": "L'Européenne A16 / Rue de Dreuil",
        "context": "Amiens, Somme",
        "citycode": "80021",
        "depcode": "80"
      }
    },
    {
      "type": "Feature",
      "geometry": {
        "type": "Point",
        "coordinates": [
          2.233151057,
          49.900078783
        ]
      },
      "properties": {
        "name": "L'Européenne A16 / D211",
        "context": "Amiens, Somme",
        "citycode": "80021",
        "depcode": "80"
      }
    },
    {
      "type": "Feature",
      "geometry": {
        "type": "Point",
        "coordinates": [
          2.276756191,
          49.89472522
        ]
      },
      "properties": {
        "name": "La Basse Selle / Avenue de l'Hippodrome",
        "context": "Amiens, Somme",
        "citycode": "80021",
        "depcode": "80"
      }
    },
    {
      "type": "Feature",
      "geometry": {
        "type": "Point",
        "coordinates": [
          2.2581819,
          49.886015707
        ]
      },
      "properties": {
        "name": "La Basse Selle / Clos Saint-Jean",
        "context": "Amiens, Somme",
        "citycode": "80021",
        "depcode": "80"
      }
    },
    {
      "type": "Feature",
      "geometry": {
        "type": "Point",
        "coordinates": [
          2.262866195,
          49.887530247
        ]
      },
      "properties": {
        "name": "La Basse Selle / Grande Rue du Petit Saint-Jean",
        "context": "Amiens, Somme",
        "citycode": "80021",
        "depcode": "80"
      }
    },
    {
      "type": "Feature",
      "geometry": {
        "type": "Point",
        "coordinates": [
          2.259527221,
          49.889726069
        ]
      },
      "properties": {
        "name": "La Basse Selle / La Selle",
        "context": "Amiens, Somme",
        "citycode": "80021",
        "depcode": "80"
      }
    },
    {
      "type": "Feature",
      "geometry": {
        "type": "Point",
        "coordinates": [
          2.256158257,
          49.885741994
        ]
      },
      "properties": {
        "name": "La Basse Selle / Rue de la Source",
        "context": "Amiens, Somme",
        "citycode": "80021",
        "depcode": "80"
      }
    },
    {
      "type": "Feature",
      "geometry": {
        "type": "Point",
        "coordinates": [
          2.263621032,
          49.888069425
        ]
      },
      "properties": {
        "name": "La Basse Selle / Rue des Deux Ponts",
        "context": "Amiens, Somme",
        "citycode": "80021",
        "depcode": "80"
      }
    },
    {
      "type": "Feature",
      "geometry": {
        "type": "Point",
        "coordinates": [
          2.286206038,
          49.903168602
        ]
      },
      "properties": {
        "name": "La Basse Selle / Rue du Château Milan",
        "context": "Amiens, Somme",
        "citycode": "80021",
        "depcode": "80"
      }
    },
    {
      "type": "Feature",
      "geometry": {
        "type": "Point",
        "coordinates": [
          2.26057537,
          49.887334492
        ]
      },
      "properties": {
        "name": "La Basse Selle / Rue Molière",
        "context": "Amiens, Somme",
        "citycode": "80021",
        "depcode": "80"
      }
    },
    {
      "type": "Feature",
      "geometry": {
        "type": "Point",
        "coordinates": [
          2.273799672,
          49.899992017
        ]
      },
      "properties": {
        "name": "La Selle / Allée Pourchelle",
        "context": "Amiens, Somme",
        "citycode": "80021",
        "depcode": "80"
      }
    },
    {
      "type": "Feature",
      "geometry": {
        "type": "Point",
        "coordinates": [
          2.270743137,
          49.897276322
        ]
      },
      "properties": {
        "name": "La Selle / Avenue de l'Hippodrome",
        "context": "Amiens, Somme",
        "citycode": "80021",
        "depcode": "80"
      }
    },
    {
      "type": "Feature",
      "geometry": {
        "type": "Point",
        "coordinates": [
          2.278053627,
          49.903009457
        ]
      },
      "properties": {
        "name": "La Selle / Avenue Georges Pompidou D1235",
        "context": "Amiens, Somme",
        "citycode": "80021",
        "depcode": "80"
      }
    },
    {
      "type": "Feature",
      "geometry": {
        "type": "Point",
        "coordinates": [
          2.267807265,
          49.897082118
        ]
      },
      "properties": {
        "name": "La Selle / Chemin du Marais de Renancourt",
        "context": "Amiens, Somme",
        "citycode": "80021",
        "depcode": "80"
      }
    },
    {
      "type": "Feature",
      "geometry": {
        "type": "Point",
        "coordinates": [
          2.280248718,
          49.907572179
        ]
      },
      "properties": {
        "name": "La Selle / La Basse Selle",
        "context": "Amiens, Somme",
        "citycode": "80021",
        "depcode": "80"
      }
    },
    {
      "type": "Feature",
      "geometry": {
        "type": "Point",
        "coordinates": [
          2.278545902,
          49.904113633
        ]
      },
      "properties": {
        "name": "La Selle / Rue Alfred Catel",
        "context": "Amiens, Somme",
        "citycode": "80021",
        "depcode": "80"
      }
    },
    {
      "type": "Feature",
      "geometry": {
        "type": "Point",
        "coordinates": [
          2.262204271,
          49.895669138
        ]
      },
      "properties": {
        "name": "La Selle / Rue des Verdiers",
        "context": "Amiens, Somme",
        "citycode": "80021",
        "depcode": "80"
      }
    },
    {
      "type": "Feature",
      "geometry": {
        "type": "Point",
        "coordinates": [
          2.279252524,
          49.905615471
        ]
      },
      "properties": {
        "name": "La Selle / Rue du Canal",
        "context": "Amiens, Somme",
        "citycode": "80021",
        "depcode": "80"
      }
    },
    {
      "type": "Feature",
      "geometry": {
        "type": "Point",
        "coordinates": [
          2.258271453,
          49.89338217
        ]
      },
      "properties": {
        "name": "La Selle / Rue du Chapitre",
        "context": "Amiens, Somme",
        "citycode": "80021",
        "depcode": "80"
      }
    },
    {
      "type": "Feature",
      "geometry": {
        "type": "Point",
        "coordinates": [
          2.279231414,
          49.907535312
        ]
      },
      "properties": {
        "name": "La Selle / Rue Maberly",
        "context": "Amiens, Somme",
        "citycode": "80021",
        "depcode": "80"
      }
    },
    {
      "type": "Feature",
      "geometry": {
        "type": "Point",
        "coordinates": [
          2.266678681,
          49.913378849
        ]
      },
      "properties": {
        "name": "La Somme / Chemin de Contre-Halage",
        "context": "Amiens, Somme",
        "citycode": "80021",
        "depcode": "80"
      }
    },
    {
      "type": "Feature",
      "geometry": {
        "type": "Point",
        "coordinates": [
          2.275678369,
          49.909991935
        ]
      },
      "properties": {
        "name": "La Somme / Île Sainte-Aragone",
        "context": "Amiens, Somme",
        "citycode": "80021",
        "depcode": "80"
      }
    },
    {
      "type": "Feature",
      "geometry": {
        "type": "Point",
        "coordinates": [
          2.275178722,
          49.909432353
        ]
      },
      "properties": {
        "name": "La Somme / La Selle",
        "context": "Amiens, Somme",
        "citycode": "80021",
        "depcode": "80"
      }
    },
    {
      "type": "Feature",
      "geometry": {
        "type": "Point",
        "coordinates": [
          2.266886355,
          49.913831073
        ]
      },
      "properties": {
        "name": "La Somme / La Somme Canalisée",
        "context": "Amiens, Somme",
        "citycode": "80021",
        "depcode": "80"
      }
    },
    {
      "type": "Feature",
      "geometry": {
        "type": "Point",
        "coordinates": [
          2.256878774,
          49.917981743
        ]
      },
      "properties": {
        "name": "La Somme / Passerelle Léon Lamotte",
        "context": "Amiens, Somme",
        "citycode": "80021",
        "depcode": "80"
      }
    },
    {
      "type": "Feature",
      "geometry": {
        "type": "Point",
        "coordinates": [
          2.281332445,
          49.907625234
        ]
      },
      "properties": {
        "name": "La Somme / Quai Charles Tellier",
        "context": "Amiens, Somme",
        "citycode": "80021",
        "depcode": "80"
      }
    },
    {
      "type": "Feature",
      "geometry": {
        "type": "Point",
        "coordinates": [
          2.281050592,
          49.909331731
        ]
      },
      "properties": {
        "name": "La Somme Canalisée / Allée des Acacias",
        "context": "Amiens, Somme",
        "citycode": "80021",
        "depcode": "80"
      }
    },
    {
      "type": "Feature",
      "geometry": {
        "type": "Point",
        "coordinates": [
          2.302773057,
          49.90140175
        ]
      },
      "properties": {
        "name": "La Somme Canalisée / Boulevard Baraban",
        "context": "Amiens, Somme",
        "citycode": "80021",
        "depcode": "80"
      }
    },
    {
      "type": "Feature",
      "geometry": {
        "type": "Point",
        "coordinates": [
          2.309722792,
          49.895168869
        ]
      },
      "properties": {
        "name": "La Somme Canalisée / Boulevard de Beauvillé",
        "context": "Amiens, Somme",
        "citycode": "80021",
        "depcode": "80"
      }
    },
    {
      "type": "Feature",
      "geometry": {
        "type": "Point",
        "coordinates": [
          2.296328976,
          49.901824992
        ]
      },
      "properties": {
        "name": "La Somme Canalisée / Boulevard du Jardin des Plantes",
        "context": "Amiens, Somme",
        "citycode": "80021",
        "depcode": "80"
      }
    },
    {
      "type": "Feature",
      "geometry": {
        "type": "Point",
        "coordinates": [
          2.297075111,
          49.901758096
        ]
      },
      "properties": {
        "name": "La Somme Canalisée / Boulevard Saint-Sulpice",
        "context": "Amiens, Somme",
        "citycode": "80021",
        "depcode": "80"
      }
    },
    {
      "type": "Feature",
      "geometry": {
        "type": "Point",
        "coordinates": [
          2.301394926,
          49.901716077
        ]
      },
      "properties": {
        "name": "La Somme Canalisée / Chemin de Contre Halage",
        "context": "Amiens, Somme",
        "citycode": "80021",
        "depcode": "80"
      }
    },
    {
      "type": "Feature",
      "geometry": {
        "type": "Point",
        "coordinates": [
          2.274763847,
          49.912339831
        ]
      },
      "properties": {
        "name": "La Somme Canalisée / Chemin de Halage",
        "context": "Amiens, Somme",
        "citycode": "80021",
        "depcode": "80"
      }
    },
    {
      "type": "Feature",
      "geometry": {
        "type": "Point",
        "coordinates": [
          2.3149082,
          49.894257235
        ]
      },
      "properties": {
        "name": "La Somme Canalisée / Passerelle L’Hortillonne",
        "context": "Amiens, Somme",
        "citycode": "80021",
        "depcode": "80"
      }
    },
    {
      "type": "Feature",
      "geometry": {
        "type": "Point",
        "coordinates": [
          2.306912892,
          49.895931648
        ]
      },
      "properties": {
        "name": "La Somme Canalisée / Passerelle Samarobriva",
        "context": "Amiens, Somme",
        "citycode": "80021",
        "depcode": "80"
      }
    },
    {
      "type": "Feature",
      "geometry": {
        "type": "Point",
        "coordinates": [
          2.310976368,
          49.894795125
        ]
      },
      "properties": {
        "name": "La Somme Canalisée / Petite Avre",
        "context": "Amiens, Somme",
        "citycode": "80021",
        "depcode": "80"
      }
    },
    {
      "type": "Feature",
      "geometry": {
        "type": "Point",
        "coordinates": [
          2.294784454,
          49.900763119
        ]
      },
      "properties": {
        "name": "La Somme Canalisée / Quai de l'Écluse",
        "context": "Amiens, Somme",
        "citycode": "80021",
        "depcode": "80"
      }
    },
    {
      "type": "Feature",
      "geometry": {
        "type": "Point",
        "coordinates": [
          2.299684388,
          49.901841772
        ]
      },
      "properties": {
        "name": "La Somme Canalisée / Rue des Déportés",
        "context": "Amiens, Somme",
        "citycode": "80021",
        "depcode": "80"
      }
    },
    {
      "type": "Feature",
      "geometry": {
        "type": "Point",
        "coordinates": [
          2.296358223,
          49.901904458
        ]
      },
      "properties": {
        "name": "La Somme Canalisée / Rue du Jardin des Plantes",
        "context": "Amiens, Somme",
        "citycode": "80021",
        "depcode": "80"
      }
    },
    {
      "type": "Feature",
      "geometry": {
        "type": "Point",
        "coordinates": [
          2.3082394,
          49.867364963
        ]
      },
      "properties": {
        "name": "Lotissement La Sapinière / Rue Saint-Fuscien D7",
        "context": "Amiens, Somme",
        "citycode": "80021",
        "depcode": "80"
      }
    },
    {
      "type": "Feature",
      "geometry": {
        "type": "Point",
        "coordinates": [
          2.256612171,
          49.913092004
        ]
      },
      "properties": {
        "name": "Lotissement La Valoise / Rue de la Ruellette",
        "context": "Amiens, Somme",
        "citycode": "80021",
        "depcode": "80"
      }
    },
    {
      "type": "Feature",
      "geometry": {
        "type": "Point",
        "coordinates": [
          2.256627865,
          49.913102077
        ]
      },
      "properties": {
        "name": "Lotissement La Valoise / Rue Delille",
        "context": "Amiens, Somme",
        "citycode": "80021",
        "depcode": "80"
      }
    },
    {
      "type": "Feature",
      "geometry": {
        "type": "Point",
        "coordinates": [
          2.303077653,
          49.888625171
        ]
      },
      "properties": {
        "name": "Mail Albert 1er / Boulevard de Belfort",
        "context": "Amiens, Somme",
        "citycode": "80021",
        "depcode": "80"
      }
    },
    {
      "type": "Feature",
      "geometry": {
        "type": "Point",
        "coordinates": [
          2.294983318,
          49.888831449
        ]
      },
      "properties": {
        "name": "Mail Albert 1er / Boulevard Maignan-Larivière",
        "context": "Amiens, Somme",
        "citycode": "80021",
        "depcode": "80"
      }
    },
    {
      "type": "Feature",
      "geometry": {
        "type": "Point",
        "coordinates": [
          2.303040037,
          49.888577424
        ]
      },
      "properties": {
        "name": "Mail Albert 1er / Place du Maréchal Joffre D7",
        "context": "Amiens, Somme",
        "citycode": "80021",
        "depcode": "80"
      }
    },
    {
      "type": "Feature",
      "geometry": {
        "type": "Point",
        "coordinates": [
          2.297141918,
          49.888732045
        ]
      },
      "properties": {
        "name": "Mail Albert 1er / Rue Delpech",
        "context": "Amiens, Somme",
        "citycode": "80021",
        "depcode": "80"
      }
    },
    {
      "type": "Feature",
      "geometry": {
        "type": "Point",
        "coordinates": [
          2.303047403,
          49.888672172
        ]
      },
      "properties": {
        "name": "Mail Albert 1er / Rue des Otages",
        "context": "Amiens, Somme",
        "citycode": "80021",
        "depcode": "80"
      }
    },
    {
      "type": "Feature",
      "geometry": {
        "type": "Point",
        "coordinates": [
          2.301157374,
          49.888846008
        ]
      },
      "properties": {
        "name": "Mail Albert 1er / Rue Duthoit",
        "context": "Amiens, Somme",
        "citycode": "80021",
        "depcode": "80"
      }
    },
    {
      "type": "Feature",
      "geometry": {
        "type": "Point",
        "coordinates": [
          2.299456948,
          49.888869528
        ]
      },
      "properties": {
        "name": "Mail Albert 1er / Rue Émile Zola",
        "context": "Amiens, Somme",
        "citycode": "80021",
        "depcode": "80"
      }
    },
    {
      "type": "Feature",
      "geometry": {
        "type": "Point",
        "coordinates": [
          2.260679932,
          49.921477678
        ]
      },
      "properties": {
        "name": "Mail du Champ Pillard / Avenue des Cygnes",
        "context": "Amiens, Somme",
        "citycode": "80021",
        "depcode": "80"
      }
    },
    {
      "type": "Feature",
      "geometry": {
        "type": "Point",
        "coordinates": [
          2.260358176,
          49.921834404
        ]
      },
      "properties": {
        "name": "Mail du Champ Pillard / Rue Saint-Léger",
        "context": "Amiens, Somme",
        "citycode": "80021",
        "depcode": "80"
      }
    },
    {
      "type": "Feature",
      "geometry": {
        "type": "Point",
        "coordinates": [
          2.311227569,
          49.911090044
        ]
      },
      "properties": {
        "name": "Mail Léo Lagrange / Rue René Coty",
        "context": "Amiens, Somme",
        "citycode": "80021",
        "depcode": "80"
      }
    },
    {
      "type": "Feature",
      "geometry": {
        "type": "Point",
        "coordinates": [
          2.334663274,
          49.871382042
        ]
      },
      "properties": {
        "name": "Mail Roger Salengro / Rue Marcel Paul",
        "context": "Amiens, Somme",
        "citycode": "80021",
        "depcode": "80"
      }
    },
    {
      "type": "Feature",
      "geometry": {
        "type": "Point",
        "coordinates": [
          2.28602138,
          49.878786062
        ]
      },
      "properties": {
        "name": "Parc de Berny / Rue Georges Beauvais",
        "context": "Amiens, Somme",
        "citycode": "80021",
        "depcode": "80"
      }
    },
    {
      "type": "Feature",
      "geometry": {
        "type": "Point",
        "coordinates": [
          2.320454275,
          49.892188105
        ]
      },
      "properties": {
        "name": "Parcours Santé / Rue de Verdun",
        "context": "Amiens, Somme",
        "citycode": "80021",
        "depcode": "80"
      }
    },
    {
      "type": "Feature",
      "geometry": {
        "type": "Point",
        "coordinates": [
          2.305921866,
          49.889913185
        ]
      },
      "properties": {
        "name": "Parking Perret / Boulevard de Belfort",
        "context": "Amiens, Somme",
        "citycode": "80021",
        "depcode": "80"
      }
    },
    {
      "type": "Feature",
      "geometry": {
        "type": "Point",
        "coordinates": [
          2.290825577,
          49.890306376
        ]
      },
      "properties": {
        "name": "Parvis Nicole Fontaine / Boulevard Carnot",
        "context": "Amiens, Somme",
        "citycode": "80021",
        "depcode": "80"
      }
    },
    {
      "type": "Feature",
      "geometry": {
        "type": "Point",
        "coordinates": [
          2.29091026,
          49.890315623
        ]
      },
      "properties": {
        "name": "Parvis Nicole Fontaine / Boulevard Maignan-Larivière",
        "context": "Amiens, Somme",
        "citycode": "80021",
        "depcode": "80"
      }
    },
    {
      "type": "Feature",
      "geometry": {
        "type": "Point",
        "coordinates": [
          2.290302716,
          49.889511513
        ]
      },
      "properties": {
        "name": "Parvis Nicole Fontaine / Esplanade Édouard Branly",
        "context": "Amiens, Somme",
        "citycode": "80021",
        "depcode": "80"
      }
    },
    {
      "type": "Feature",
      "geometry": {
        "type": "Point",
        "coordinates": [
          2.291049769,
          49.890518316
        ]
      },
      "properties": {
        "name": "Parvis Nicole Fontaine / Rue du Maréchal de Lattre de Tassigny",
        "context": "Amiens, Somme",
        "citycode": "80021",
        "depcode": "80"
      }
    },
    {
      "type": "Feature",
      "geometry": {
        "type": "Point",
        "coordinates": [
          2.307083702,
          49.889542566
        ]
      },
      "properties": {
        "name": "Passage Alphonse Fiquet / Rue Charles de Foucauld",
        "context": "Amiens, Somme",
        "citycode": "80021",
        "depcode": "80"
      }
    },
    {
      "type": "Feature",
      "geometry": {
        "type": "Point",
        "coordinates": [
          2.307072405,
          49.889531599
        ]
      },
      "properties": {
        "name": "Passage Alphonse Fiquet / Rue Vulfran Warmé",
        "context": "Amiens, Somme",
        "citycode": "80021",
        "depcode": "80"
      }
    },
    {
      "type": "Feature",
      "geometry": {
        "type": "Point",
        "coordinates": [
          2.304612329,
          49.89630697
        ]
      },
      "properties": {
        "name": "Passage Bélu / Quai Bélu",
        "context": "Amiens, Somme",
        "citycode": "80021",
        "depcode": "80"
      }
    },
    {
      "type": "Feature",
      "geometry": {
        "type": "Point",
        "coordinates": [
          2.2853068,
          49.896451059
        ]
      },
      "properties": {
        "name": "Passage Couvreur / Rue Pinsard",
        "context": "Amiens, Somme",
        "citycode": "80021",
        "depcode": "80"
      }
    },
    {
      "type": "Feature",
      "geometry": {
        "type": "Point",
        "coordinates": [
          2.292445537,
          49.896986543
        ]
      },
      "properties": {
        "name": "Passage de la Glacière / Rue Anatole France",
        "context": "Amiens, Somme",
        "citycode": "80021",
        "depcode": "80"
      }
    },
    {
      "type": "Feature",
      "geometry": {
        "type": "Point",
        "coordinates": [
          2.301020685,
          49.90063879
        ]
      },
      "properties": {
        "name": "Passage des Becquerelles / Rue des Clairons",
        "context": "Amiens, Somme",
        "citycode": "80021",
        "depcode": "80"
      }
    },
    {
      "type": "Feature",
      "geometry": {
        "type": "Point",
        "coordinates": [
          2.301498918,
          49.901187337
        ]
      },
      "properties": {
        "name": "Passage des Becquerelles / Rue des Parcheminiers",
        "context": "Amiens, Somme",
        "citycode": "80021",
        "depcode": "80"
      }
    },
    {
      "type": "Feature",
      "geometry": {
        "type": "Point",
        "coordinates": [
          2.302097956,
          49.900082744
        ]
      },
      "properties": {
        "name": "Passage des Clairons / Rue Dallery",
        "context": "Amiens, Somme",
        "citycode": "80021",
        "depcode": "80"
      }
    },
    {
      "type": "Feature",
      "geometry": {
        "type": "Point",
        "coordinates": [
          2.302171528,
          49.9001198
        ]
      },
      "properties": {
        "name": "Passage des Clairons / Rue des Clairons",
        "context": "Amiens, Somme",
        "citycode": "80021",
        "depcode": "80"
      }
    },
    {
      "type": "Feature",
      "geometry": {
        "type": "Point",
        "coordinates": [
          2.302393428,
          49.900365738
        ]
      },
      "properties": {
        "name": "Passage des Coches / Passage des Clairons",
        "context": "Amiens, Somme",
        "citycode": "80021",
        "depcode": "80"
      }
    },
    {
      "type": "Feature",
      "geometry": {
        "type": "Point",
        "coordinates": [
          2.302623876,
          49.900811445
        ]
      },
      "properties": {
        "name": "Passage des Coches / Rue de la Fontaine d'Amour",
        "context": "Amiens, Somme",
        "citycode": "80021",
        "depcode": "80"
      }
    },
    {
      "type": "Feature",
      "geometry": {
        "type": "Point",
        "coordinates": [
          2.302616609,
          49.900819057
        ]
      },
      "properties": {
        "name": "Passage des Coches / Rue des Becquerelles",
        "context": "Amiens, Somme",
        "citycode": "80021",
        "depcode": "80"
      }
    },
    {
      "type": "Feature",
      "geometry": {
        "type": "Point",
        "coordinates": [
          2.302208985,
          49.900470787
        ]
      },
      "properties": {
        "name": "Passage des Coches / Rue des Coches",
        "context": "Amiens, Somme",
        "citycode": "80021",
        "depcode": "80"
      }
    },
    {
      "type": "Feature",
      "geometry": {
        "type": "Point",
        "coordinates": [
          2.302357141,
          49.900614021
        ]
      },
      "properties": {
        "name": "Passage des Coches / Rue des Parcheminiers",
        "context": "Amiens, Somme",
        "citycode": "80021",
        "depcode": "80"
      }
    },
    {
      "type": "Feature",
      "geometry": {
        "type": "Point",
        "coordinates": [
          2.296370981,
          49.902305801
        ]
      },
      "properties": {
        "name": "Passage des Martyrs / Place Kruger",
        "context": "Amiens, Somme",
        "citycode": "80021",
        "depcode": "80"
      }
    },
    {
      "type": "Feature",
      "geometry": {
        "type": "Point",
        "coordinates": [
          2.296389322,
          49.9023198
        ]
      },
      "properties": {
        "name": "Passage des Martyrs / Rue Lafayette",
        "context": "Amiens, Somme",
        "citycode": "80021",
        "depcode": "80"
      }
    },
    {
      "type": "Feature",
      "geometry": {
        "type": "Point",
        "coordinates": [
          2.296343889,
          49.902374438
        ]
      },
      "properties": {
        "name": "Passage des Martyrs / Rue Montesquieu",
        "context": "Amiens, Somme",
        "citycode": "80021",
        "depcode": "80"
      }
    },
    {
      "type": "Feature",
      "geometry": {
        "type": "Point",
        "coordinates": [
          2.299712428,
          49.89250008
        ]
      },
      "properties": {
        "name": "Passage du Logis du Roi / Rue des Trois Cailloux",
        "context": "Amiens, Somme",
        "citycode": "80021",
        "depcode": "80"
      }
    },
    {
      "type": "Feature",
      "geometry": {
        "type": "Point",
        "coordinates": [
          2.302283583,
          49.899457088
        ]
      },
      "properties": {
        "name": "Passage du Sourire d'Avril / Rue Dallery",
        "context": "Amiens, Somme",
        "citycode": "80021",
        "depcode": "80"
      }
    },
    {
      "type": "Feature",
      "geometry": {
        "type": "Point",
        "coordinates": [
          2.302931034,
          49.899683143
        ]
      },
      "properties": {
        "name": "Passage du Sourire d'Avril / Rue des Clairons",
        "context": "Amiens, Somme",
        "citycode": "80021",
        "depcode": "80"
      }
    },
    {
      "type": "Feature",
      "geometry": {
        "type": "Point",
        "coordinates": [
          2.302740594,
          49.880093038
        ]
      },
      "properties": {
        "name": "Passage Louis Thuillier / Rue Louis Thuillier",
        "context": "Amiens, Somme",
        "citycode": "80021",
        "depcode": "80"
      }
    },
    {
      "type": "Feature",
      "geometry": {
        "type": "Point",
        "coordinates": [
          2.293805535,
          49.899621142
        ]
      },
      "properties": {
        "name": "Passage Strock / Quai de l'Écluse",
        "context": "Amiens, Somme",
        "citycode": "80021",
        "depcode": "80"
      }
    },
    {
      "type": "Feature",
      "geometry": {
        "type": "Point",
        "coordinates": [
          2.257470607,
          49.918537868
        ]
      },
      "properties": {
        "name": "Passerelle Léon Lamotte / Avenue des Cygnes",
        "context": "Amiens, Somme",
        "citycode": "80021",
        "depcode": "80"
      }
    },
    {
      "type": "Feature",
      "geometry": {
        "type": "Point",
        "coordinates": [
          2.257032086,
          49.91813517
        ]
      },
      "properties": {
        "name": "Passerelle Léon Lamotte / Chemin de Contre-Halage",
        "context": "Amiens, Somme",
        "citycode": "80021",
        "depcode": "80"
      }
    },
    {
      "type": "Feature",
      "geometry": {
        "type": "Point",
        "coordinates": [
          2.30716697,
          49.895945044
        ]
      },
      "properties": {
        "name": "Passerelle Samarobriva / Chemin de Halage",
        "context": "Amiens, Somme",
        "citycode": "80021",
        "depcode": "80"
      }
    },
    {
      "type": "Feature",
      "geometry": {
        "type": "Point",
        "coordinates": [
          2.306165272,
          49.879288592
        ]
      },
      "properties": {
        "name": "Petit Chemin de Saint-Fuscien / Boulevard de Bapaume",
        "context": "Amiens, Somme",
        "citycode": "80021",
        "depcode": "80"
      }
    },
    {
      "type": "Feature",
      "geometry": {
        "type": "Point",
        "coordinates": [
          2.307801601,
          49.881193975
        ]
      },
      "properties": {
        "name": "Petit Chemin de Saint-Fuscien / Rue Vulfran Warmé",
        "context": "Amiens, Somme",
        "citycode": "80021",
        "depcode": "80"
      }
    },
    {
      "type": "Feature",
      "geometry": {
        "type": "Point",
        "coordinates": [
          2.336180345,
          49.878913534
        ]
      },
      "properties": {
        "name": "Petite Avre / Chaussée Jules Ferry",
        "context": "Amiens, Somme",
        "citycode": "80021",
        "depcode": "80"
      }
    },
    {
      "type": "Feature",
      "geometry": {
        "type": "Point",
        "coordinates": [
          2.335926992,
          49.878484934
        ]
      },
      "properties": {
        "name": "Petite Avre / Impasse du Port à Fumier",
        "context": "Amiens, Somme",
        "citycode": "80021",
        "depcode": "80"
      }
    },
    {
      "type": "Feature",
      "geometry": {
        "type": "Point",
        "coordinates": [
          2.320539631,
          49.89212955
        ]
      },
      "properties": {
        "name": "Petite Avre / Parcours Santé",
        "context": "Amiens, Somme",
        "citycode": "80021",
        "depcode": "80"
      }
    },
    {
      "type": "Feature",
      "geometry": {
        "type": "Point",
        "coordinates": [
          2.314445652,
          49.893275041
        ]
      },
      "properties": {
        "name": "Petite Avre / Promenade Nisso Pelossof",
        "context": "Amiens, Somme",
        "citycode": "80021",
        "depcode": "80"
      }
    },
    {
      "type": "Feature",
      "geometry": {
        "type": "Point",
        "coordinates": [
          2.331672545,
          49.888204277
        ]
      },
      "properties": {
        "name": "Petite Avre / Rieu de l'Agrappin",
        "context": "Amiens, Somme",
        "citycode": "80021",
        "depcode": "80"
      }
    },
    {
      "type": "Feature",
      "geometry": {
        "type": "Point",
        "coordinates": [
          2.311519522,
          49.893817437
        ]
      },
      "properties": {
        "name": "Petite Avre / Rue Claudius Antoine Serrassaint",
        "context": "Amiens, Somme",
        "citycode": "80021",
        "depcode": "80"
      }
    },
    {
      "type": "Feature",
      "geometry": {
        "type": "Point",
        "coordinates": [
          2.312288648,
          49.893622283
        ]
      },
      "properties": {
        "name": "Petite Avre / Rue Cottrelle-Maisant",
        "context": "Amiens, Somme",
        "citycode": "80021",
        "depcode": "80"
      }
    },
    {
      "type": "Feature",
      "geometry": {
        "type": "Point",
        "coordinates": [
          2.332929281,
          49.887725803
        ]
      },
      "properties": {
        "name": "Petite Avre / Rue de l'Agrappin",
        "context": "Amiens, Somme",
        "citycode": "80021",
        "depcode": "80"
      }
    },
    {
      "type": "Feature",
      "geometry": {
        "type": "Point",
        "coordinates": [
          2.322460025,
          49.891437871
        ]
      },
      "properties": {
        "name": "Petite Avre / Rue de Verdun",
        "context": "Amiens, Somme",
        "citycode": "80021",
        "depcode": "80"
      }
    },
    {
      "type": "Feature",
      "geometry": {
        "type": "Point",
        "coordinates": [
          2.317470295,
          49.892675141
        ]
      },
      "properties": {
        "name": "Petite Avre / Rue Stephenson",
        "context": "Amiens, Somme",
        "citycode": "80021",
        "depcode": "80"
      }
    },
    {
      "type": "Feature",
      "geometry": {
        "type": "Point",
        "coordinates": [
          2.331177276,
          49.888416851
        ]
      },
      "properties": {
        "name": "Petite Avre / Rue Voyelle",
        "context": "Amiens, Somme",
        "citycode": "80021",
        "depcode": "80"
      }
    },
    {
      "type": "Feature",
      "geometry": {
        "type": "Point",
        "coordinates": [
          2.298430841,
          49.897945434
        ]
      },
      "properties": {
        "name": "Petite Rue de la Veillère / Rue Fernel",
        "context": "Amiens, Somme",
        "citycode": "80021",
        "depcode": "80"
      }
    },
    {
      "type": "Feature",
      "geometry": {
        "type": "Point",
        "coordinates": [
          2.29873882,
          49.89824849
        ]
      },
      "properties": {
        "name": "Petite Rue de la Veillère / Rue Tagault",
        "context": "Amiens, Somme",
        "citycode": "80021",
        "depcode": "80"
      }
    },
    {
      "type": "Feature",
      "geometry": {
        "type": "Point",
        "coordinates": [
          2.301652574,
          49.897771794
        ]
      },
      "properties": {
        "name": "Petite Rue Saint-Leu / Rue d'Engoulvent",
        "context": "Amiens, Somme",
        "citycode": "80021",
        "depcode": "80"
      }
    },
    {
      "type": "Feature",
      "geometry": {
        "type": "Point",
        "coordinates": [
          2.301651499,
          49.897780551
        ]
      },
      "properties": {
        "name": "Petite Rue Saint-Leu / Rue du Pont À Moinet",
        "context": "Amiens, Somme",
        "citycode": "80021",
        "depcode": "80"
      }
    },
    {
      "type": "Feature",
      "geometry": {
        "type": "Point",
        "coordinates": [
          2.262466839,
          49.923198265
        ]
      },
      "properties": {
        "name": "Place André Batel / Rue des Écoles",
        "context": "Amiens, Somme",
        "citycode": "80021",
        "depcode": "80"
      }
    },
    {
      "type": "Feature",
      "geometry": {
        "type": "Point",
        "coordinates": [
          2.262827679,
          49.923986001
        ]
      },
      "properties": {
        "name": "Place André Batel / Rue Pierre Corneille",
        "context": "Amiens, Somme",
        "citycode": "80021",
        "depcode": "80"
      }
    },
    {
      "type": "Feature",
      "geometry": {
        "type": "Point",
        "coordinates": [
          2.304142737,
          49.898620369
        ]
      },
      "properties": {
        "name": "Place Aristide Briand / Rue Blanquetaque",
        "context": "Amiens, Somme",
        "citycode": "80021",
        "depcode": "80"
      }
    },
    {
      "type": "Feature",
      "geometry": {
        "type": "Point",
        "coordinates": [
          2.304141606,
          49.898616856
        ]
      },
      "properties": {
        "name": "Place Aristide Briand / Rue Dame Jeanne",
        "context": "Amiens, Somme",
        "citycode": "80021",
        "depcode": "80"
      }
    },
    {
      "type": "Feature",
      "geometry": {
        "type": "Point",
        "coordinates": [
          2.302763625,
          49.898223109
        ]
      },
      "properties": {
        "name": "Place Aristide Briand / Rue Daveluy",
        "context": "Amiens, Somme",
        "citycode": "80021",
        "depcode": "80"
      }
    },
    {
      "type": "Feature",
      "geometry": {
        "type": "Point",
        "coordinates": [
          2.29757748,
          49.897388109
        ]
      },
      "properties": {
        "name": "Place au Feurre / Place Vogel",
        "context": "Amiens, Somme",
        "citycode": "80021",
        "depcode": "80"
      }
    },
    {
      "type": "Feature",
      "geometry": {
        "type": "Point",
        "coordinates": [
          2.297398109,
          49.896723447
        ]
      },
      "properties": {
        "name": "Place au Feurre / Rivière des Clairons",
        "context": "Amiens, Somme",
        "citycode": "80021",
        "depcode": "80"
      }
    },
    {
      "type": "Feature",
      "geometry": {
        "type": "Point",
        "coordinates": [
          2.331041111,
          49.885678884
        ]
      },
      "properties": {
        "name": "Place Augustin Dujardin / Rue de la Terrière",
        "context": "Amiens, Somme",
        "citycode": "80021",
        "depcode": "80"
      }
    },
    {
      "type": "Feature",
      "geometry": {
        "type": "Point",
        "coordinates": [
          2.331061088,
          49.885677886
        ]
      },
      "properties": {
        "name": "Place Augustin Dujardin / Rue Renée Cossin",
        "context": "Amiens, Somme",
        "citycode": "80021",
        "depcode": "80"
      }
    },
    {
      "type": "Feature",
      "geometry": {
        "type": "Point",
        "coordinates": [
          2.331041882,
          49.885677558
        ]
      },
      "properties": {
        "name": "Place Augustin Dujardin / Rue Saint-Acheul",
        "context": "Amiens, Somme",
        "citycode": "80021",
        "depcode": "80"
      }
    },
    {
      "type": "Feature",
      "geometry": {
        "type": "Point",
        "coordinates": [
          2.301879777,
          49.894219353
        ]
      },
      "properties": {
        "name": "Place d'Aguesseau / Rue Cormont",
        "context": "Amiens, Somme",
        "citycode": "80021",
        "depcode": "80"
      }
    },
    {
      "type": "Feature",
      "geometry": {
        "type": "Point",
        "coordinates": [
          2.253616774,
          49.916423429
        ]
      },
      "properties": {
        "name": "Place de Bretagne / Allée de Vendée",
        "context": "Amiens, Somme",
        "citycode": "80021",
        "depcode": "80"
      }
    },
    {
      "type": "Feature",
      "geometry": {
        "type": "Point",
        "coordinates": [
          2.253833701,
          49.917440408
        ]
      },
      "properties": {
        "name": "Place de Bretagne / Avenue du Languedoc",
        "context": "Amiens, Somme",
        "citycode": "80021",
        "depcode": "80"
      }
    },
    {
      "type": "Feature",
      "geometry": {
        "type": "Point",
        "coordinates": [
          2.295089699,
          49.892973187
        ]
      },
      "properties": {
        "name": "Place de l'Hôtel de Ville / Rue de Beauvais",
        "context": "Amiens, Somme",
        "citycode": "80021",
        "depcode": "80"
      }
    },
    {
      "type": "Feature",
      "geometry": {
        "type": "Point",
        "coordinates": [
          2.296095966,
          49.893610022
        ]
      },
      "properties": {
        "name": "Place de l'Hôtel de Ville / Rue Delambre",
        "context": "Amiens, Somme",
        "citycode": "80021",
        "depcode": "80"
      }
    },
    {
      "type": "Feature",
      "geometry": {
        "type": "Point",
        "coordinates": [
          2.295575896,
          49.892931087
        ]
      },
      "properties": {
        "name": "Place de l'Hôtel de Ville / Rue Duméril",
        "context": "Amiens, Somme",
        "citycode": "80021",
        "depcode": "80"
      }
    },
    {
      "type": "Feature",
      "geometry": {
        "type": "Point",
        "coordinates": [
          2.257779168,
          49.9106153
        ]
      },
      "properties": {
        "name": "Place de la Barre / Place La Barre",
        "context": "Amiens, Somme",
        "citycode": "80021",
        "depcode": "80"
      }
    },
    {
      "type": "Feature",
      "geometry": {
        "type": "Point",
        "coordinates": [
          2.257841217,
          49.910293871
        ]
      },
      "properties": {
        "name": "Place de la Barre / Rue d'Abbeville D1235",
        "context": "Amiens, Somme",
        "citycode": "80021",
        "depcode": "80"
      }
    },
    {
      "type": "Feature",
      "geometry": {
        "type": "Point",
        "coordinates": [
          2.294342035,
          49.902640542
        ]
      },
      "properties": {
        "name": "Place de la Teinturerie / Rue Camille Claudel",
        "context": "Amiens, Somme",
        "citycode": "80021",
        "depcode": "80"
      }
    },
    {
      "type": "Feature",
      "geometry": {
        "type": "Point",
        "coordinates": [
          2.295193665,
          49.902575881
        ]
      },
      "properties": {
        "name": "Place de la Teinturerie / Rue de la Barrière du Gayan",
        "context": "Amiens, Somme",
        "citycode": "80021",
        "depcode": "80"
      }
    },
    {
      "type": "Feature",
      "geometry": {
        "type": "Point",
        "coordinates": [
          2.295205821,
          49.902618596
        ]
      },
      "properties": {
        "name": "Place de la Teinturerie / Rue Octave Tierce",
        "context": "Amiens, Somme",
        "citycode": "80021",
        "depcode": "80"
      }
    },
    {
      "type": "Feature",
      "geometry": {
        "type": "Point",
        "coordinates": [
          2.2943362,
          49.902644999
        ]
      },
      "properties": {
        "name": "Place de la Teinturerie / Venelle Clovis Trouille",
        "context": "Amiens, Somme",
        "citycode": "80021",
        "depcode": "80"
      }
    },
    {
      "type": "Feature",
      "geometry": {
        "type": "Point",
        "coordinates": [
          2.294419741,
          49.897575156
        ]
      },
      "properties": {
        "name": "Place de la Tuerie / Rivière des Clairons",
        "context": "Amiens, Somme",
        "citycode": "80021",
        "depcode": "80"
      }
    },
    {
      "type": "Feature",
      "geometry": {
        "type": "Point",
        "coordinates": [
          2.294470779,
          49.897578381
        ]
      },
      "properties": {
        "name": "Place de la Tuerie / Rue des Doubles-Chaises",
        "context": "Amiens, Somme",
        "citycode": "80021",
        "depcode": "80"
      }
    },
    {
      "type": "Feature",
      "geometry": {
        "type": "Point",
        "coordinates": [
          2.294546532,
          49.897470028
        ]
      },
      "properties": {
        "name": "Place de la Tuerie / Rue Riquier",
        "context": "Amiens, Somme",
        "citycode": "80021",
        "depcode": "80"
      }
    },
    {
      "type": "Feature",
      "geometry": {
        "type": "Point",
        "coordinates": [
          2.296433652,
          49.903458093
        ]
      },
      "properties": {
        "name": "Place des Martyrs / Passage des Martyrs",
        "context": "Amiens, Somme",
        "citycode": "80021",
        "depcode": "80"
      }
    },
    {
      "type": "Feature",
      "geometry": {
        "type": "Point",
        "coordinates": [
          2.248735206,
          49.913721586
        ]
      },
      "properties": {
        "name": "Place des Provinces Françaises / Rue d'Alsace",
        "context": "Amiens, Somme",
        "citycode": "80021",
        "depcode": "80"
      }
    },
    {
      "type": "Feature",
      "geometry": {
        "type": "Point",
        "coordinates": [
          2.248910952,
          49.913792722
        ]
      },
      "properties": {
        "name": "Place des Provinces Françaises / Rue de Touraine",
        "context": "Amiens, Somme",
        "citycode": "80021",
        "depcode": "80"
      }
    },
    {
      "type": "Feature",
      "geometry": {
        "type": "Point",
        "coordinates": [
          2.257491297,
          49.916753964
        ]
      },
      "properties": {
        "name": "Place du Béarn / Rue Georges Quarante",
        "context": "Amiens, Somme",
        "citycode": "80021",
        "depcode": "80"
      }
    },
    {
      "type": "Feature",
      "geometry": {
        "type": "Point",
        "coordinates": [
          2.30370936,
          49.896002522
        ]
      },
      "properties": {
        "name": "Place du Don / Rivière des Clairons",
        "context": "Amiens, Somme",
        "citycode": "80021",
        "depcode": "80"
      }
    },
    {
      "type": "Feature",
      "geometry": {
        "type": "Point",
        "coordinates": [
          2.303692209,
          49.896059996
        ]
      },
      "properties": {
        "name": "Place du Don / Rue de la Dodane",
        "context": "Amiens, Somme",
        "citycode": "80021",
        "depcode": "80"
      }
    },
    {
      "type": "Feature",
      "geometry": {
        "type": "Point",
        "coordinates": [
          2.303725231,
          49.896110654
        ]
      },
      "properties": {
        "name": "Place du Don / Rue des Majots",
        "context": "Amiens, Somme",
        "citycode": "80021",
        "depcode": "80"
      }
    },
    {
      "type": "Feature",
      "geometry": {
        "type": "Point",
        "coordinates": [
          2.303687561,
          49.89605227
        ]
      },
      "properties": {
        "name": "Place du Don / Rue Vanmarcke",
        "context": "Amiens, Somme",
        "citycode": "80021",
        "depcode": "80"
      }
    },
    {
      "type": "Feature",
      "geometry": {
        "type": "Point",
        "coordinates": [
          2.303105106,
          49.888575854
        ]
      },
      "properties": {
        "name": "Place du Maréchal Joffre D7 / Boulevard de Belfort",
        "context": "Amiens, Somme",
        "citycode": "80021",
        "depcode": "80"
      }
    },
    {
      "type": "Feature",
      "geometry": {
        "type": "Point",
        "coordinates": [
          2.303027313,
          49.888536389
        ]
      },
      "properties": {
        "name": "Place du Maréchal Joffre D7 / Mail Albert 1er",
        "context": "Amiens, Somme",
        "citycode": "80021",
        "depcode": "80"
      }
    },
    {
      "type": "Feature",
      "geometry": {
        "type": "Point",
        "coordinates": [
          2.303037985,
          49.888635469
        ]
      },
      "properties": {
        "name": "Place du Maréchal Joffre D7 / Rue des Otages",
        "context": "Amiens, Somme",
        "citycode": "80021",
        "depcode": "80"
      }
    },
    {
      "type": "Feature",
      "geometry": {
        "type": "Point",
        "coordinates": [
          2.303356049,
          49.887137584
        ]
      },
      "properties": {
        "name": "Place du Maréchal Joffre D7 / Rue Saint-Fuscien D7",
        "context": "Amiens, Somme",
        "citycode": "80021",
        "depcode": "80"
      }
    },
    {
      "type": "Feature",
      "geometry": {
        "type": "Point",
        "coordinates": [
          2.297028929,
          49.893284003
        ]
      },
      "properties": {
        "name": "Place Gambetta / Rue Delambre",
        "context": "Amiens, Somme",
        "citycode": "80021",
        "depcode": "80"
      }
    },
    {
      "type": "Feature",
      "geometry": {
        "type": "Point",
        "coordinates": [
          2.29636987,
          49.902305645
        ]
      },
      "properties": {
        "name": "Place Kruger / Rue Montesquieu",
        "context": "Amiens, Somme",
        "citycode": "80021",
        "depcode": "80"
      }
    },
    {
      "type": "Feature",
      "geometry": {
        "type": "Point",
        "coordinates": [
          2.296043535,
          49.894991617
        ]
      },
      "properties": {
        "name": "Place Léon Debouverie / Place au Fil",
        "context": "Amiens, Somme",
        "citycode": "80021",
        "depcode": "80"
      }
    },
    {
      "type": "Feature",
      "geometry": {
        "type": "Point",
        "coordinates": [
          2.295371865,
          49.894559884
        ]
      },
      "properties": {
        "name": "Place Léon Debouverie / Rue de la Malmaison",
        "context": "Amiens, Somme",
        "citycode": "80021",
        "depcode": "80"
      }
    },
    {
      "type": "Feature",
      "geometry": {
        "type": "Point",
        "coordinates": [
          2.292895874,
          49.893726836
        ]
      },
      "properties": {
        "name": "Place Léon Gontier / Rue de la 2e D.B.",
        "context": "Amiens, Somme",
        "citycode": "80021",
        "depcode": "80"
      }
    },
    {
      "type": "Feature",
      "geometry": {
        "type": "Point",
        "coordinates": [
          2.293048024,
          49.894271771
        ]
      },
      "properties": {
        "name": "Place Léon Gontier / Rue du Général Leclerc",
        "context": "Amiens, Somme",
        "citycode": "80021",
        "depcode": "80"
      }
    },
    {
      "type": "Feature",
      "geometry": {
        "type": "Point",
        "coordinates": [
          2.29448067,
          49.887777723
        ]
      },
      "properties": {
        "name": "Place Longueville / Rue Blasset",
        "context": "Amiens, Somme",
        "citycode": "80021",
        "depcode": "80"
      }
    },
    {
      "type": "Feature",
      "geometry": {
        "type": "Point",
        "coordinates": [
          2.295431898,
          49.887725576
        ]
      },
      "properties": {
        "name": "Place Longueville / Rue Cozette",
        "context": "Amiens, Somme",
        "citycode": "80021",
        "depcode": "80"
      }
    },
    {
      "type": "Feature",
      "geometry": {
        "type": "Point",
        "coordinates": [
          2.29694078,
          49.887696475
        ]
      },
      "properties": {
        "name": "Place Longueville / Rue Delpech",
        "context": "Amiens, Somme",
        "citycode": "80021",
        "depcode": "80"
      }
    },
    {
      "type": "Feature",
      "geometry": {
        "type": "Point",
        "coordinates": [
          2.290697803,
          49.893285196
        ]
      },
      "properties": {
        "name": "Place Louis Dewailly / Rue Marc Sangnier",
        "context": "Amiens, Somme",
        "citycode": "80021",
        "depcode": "80"
      }
    },
    {
      "type": "Feature",
      "geometry": {
        "type": "Point",
        "coordinates": [
          2.290438701,
          49.893195698
        ]
      },
      "properties": {
        "name": "Place Louis Dewailly / Rue Robert Pierre",
        "context": "Amiens, Somme",
        "citycode": "80021",
        "depcode": "80"
      }
    },
    {
      "type": "Feature",
      "geometry": {
        "type": "Point",
        "coordinates": [
          2.285166299,
          49.893639773
        ]
      },
      "properties": {
        "name": "Place Maréchal Foch / Avenue du Général Foy",
        "context": "Amiens, Somme",
        "citycode": "80021",
        "depcode": "80"
      }
    },
    {
      "type": "Feature",
      "geometry": {
        "type": "Point",
        "coordinates": [
          2.303859899,
          49.895997377
        ]
      },
      "properties": {
        "name": "Place Parmentier / Rivière des Clairons",
        "context": "Amiens, Somme",
        "citycode": "80021",
        "depcode": "80"
      }
    },
    {
      "type": "Feature",
      "geometry": {
        "type": "Point",
        "coordinates": [
          2.304001379,
          49.895928209
        ]
      },
      "properties": {
        "name": "Place Parmentier / Rue des Bondes",
        "context": "Amiens, Somme",
        "citycode": "80021",
        "depcode": "80"
      }
    },
    {
      "type": "Feature",
      "geometry": {
        "type": "Point",
        "coordinates": [
          2.303859069,
          49.895997788
        ]
      },
      "properties": {
        "name": "Place Parmentier / Rue Vanmarcke",
        "context": "Amiens, Somme",
        "citycode": "80021",
        "depcode": "80"
      }
    },
    {
      "type": "Feature",
      "geometry": {
        "type": "Point",
        "coordinates": [
          2.302248423,
          49.891442759
        ]
      },
      "properties": {
        "name": "Place René Goblet / Rue Allart",
        "context": "Amiens, Somme",
        "citycode": "80021",
        "depcode": "80"
      }
    },
    {
      "type": "Feature",
      "geometry": {
        "type": "Point",
        "coordinates": [
          2.303786093,
          49.890739342
        ]
      },
      "properties": {
        "name": "Place René Goblet / Rue Caudron",
        "context": "Amiens, Somme",
        "citycode": "80021",
        "depcode": "80"
      }
    },
    {
      "type": "Feature",
      "geometry": {
        "type": "Point",
        "coordinates": [
          2.302746093,
          49.891671277
        ]
      },
      "properties": {
        "name": "Place René Goblet / Rue de l'Amiral Courbet",
        "context": "Amiens, Somme",
        "citycode": "80021",
        "depcode": "80"
      }
    },
    {
      "type": "Feature",
      "geometry": {
        "type": "Point",
        "coordinates": [
          2.302370119,
          49.891072668
        ]
      },
      "properties": {
        "name": "Place René Goblet / Rue des Otages",
        "context": "Amiens, Somme",
        "citycode": "80021",
        "depcode": "80"
      }
    },
    {
      "type": "Feature",
      "geometry": {
        "type": "Point",
        "coordinates": [
          2.301950876,
          49.891607877
        ]
      },
      "properties": {
        "name": "Place René Goblet / Rue des Trois Cailloux",
        "context": "Amiens, Somme",
        "citycode": "80021",
        "depcode": "80"
      }
    },
    {
      "type": "Feature",
      "geometry": {
        "type": "Point",
        "coordinates": [
          2.30335851,
          49.893693668
        ]
      },
      "properties": {
        "name": "Place Saint-Michel / Rue Adeodat Lefevre",
        "context": "Amiens, Somme",
        "citycode": "80021",
        "depcode": "80"
      }
    },
    {
      "type": "Feature",
      "geometry": {
        "type": "Point",
        "coordinates": [
          2.302604309,
          49.89390338
        ]
      },
      "properties": {
        "name": "Place Saint-Michel / Rue Cormont",
        "context": "Amiens, Somme",
        "citycode": "80021",
        "depcode": "80"
      }
    },
    {
      "type": "Feature",
      "geometry": {
        "type": "Point",
        "coordinates": [
          2.303516782,
          49.894057688
        ]
      },
      "properties": {
        "name": "Place Saint-Michel / Rue de Metz-l'Evèque",
        "context": "Amiens, Somme",
        "citycode": "80021",
        "depcode": "80"
      }
    },
    {
      "type": "Feature",
      "geometry": {
        "type": "Point",
        "coordinates": [
          2.302678405,
          49.893879637
        ]
      },
      "properties": {
        "name": "Place Saint-Michel / Rue Victor Hugo",
        "context": "Amiens, Somme",
        "citycode": "80021",
        "depcode": "80"
      }
    },
    {
      "type": "Feature",
      "geometry": {
        "type": "Point",
        "coordinates": [
          2.290080255,
          49.907148841
        ]
      },
      "properties": {
        "name": "Place Victor Pauchet / Rue Moise Delouard",
        "context": "Amiens, Somme",
        "citycode": "80021",
        "depcode": "80"
      }
    },
    {
      "type": "Feature",
      "geometry": {
        "type": "Point",
        "coordinates": [
          2.290297522,
          49.907418489
        ]
      },
      "properties": {
        "name": "Place Victor Pauchet / Rue Terral",
        "context": "Amiens, Somme",
        "citycode": "80021",
        "depcode": "80"
      }
    },
    {
      "type": "Feature",
      "geometry": {
        "type": "Point",
        "coordinates": [
          2.295418999,
          49.897831399
        ]
      },
      "properties": {
        "name": "Place Vogel / Boulevard Port d'Aval",
        "context": "Amiens, Somme",
        "citycode": "80021",
        "depcode": "80"
      }
    },
    {
      "type": "Feature",
      "geometry": {
        "type": "Point",
        "coordinates": [
          2.297871455,
          49.897382998
        ]
      },
      "properties": {
        "name": "Place Vogel / Grande Rue de la Veillère",
        "context": "Amiens, Somme",
        "citycode": "80021",
        "depcode": "80"
      }
    },
    {
      "type": "Feature",
      "geometry": {
        "type": "Point",
        "coordinates": [
          2.295544229,
          49.897894966
        ]
      },
      "properties": {
        "name": "Place Vogel / Rue de la Résistance",
        "context": "Amiens, Somme",
        "citycode": "80021",
        "depcode": "80"
      }
    },
    {
      "type": "Feature",
      "geometry": {
        "type": "Point",
        "coordinates": [
          2.298156349,
          49.89727866
        ]
      },
      "properties": {
        "name": "Place Vogel / Rue des Francs Mûriers",
        "context": "Amiens, Somme",
        "citycode": "80021",
        "depcode": "80"
      }
    },
    {
      "type": "Feature",
      "geometry": {
        "type": "Point",
        "coordinates": [
          2.295510275,
          49.897813952
        ]
      },
      "properties": {
        "name": "Place Vogel / Rue du Général Leclerc",
        "context": "Amiens, Somme",
        "citycode": "80021",
        "depcode": "80"
      }
    },
    {
      "type": "Feature",
      "geometry": {
        "type": "Point",
        "coordinates": [
          2.309269883,
          49.894539465
        ]
      },
      "properties": {
        "name": "Port d'Amont / Boulevard d'Alsace-Lorraine",
        "context": "Amiens, Somme",
        "citycode": "80021",
        "depcode": "80"
      }
    },
    {
      "type": "Feature",
      "geometry": {
        "type": "Point",
        "coordinates": [
          2.305898576,
          49.895437683
        ]
      },
      "properties": {
        "name": "Port d'Amont / Boulevard du Cange",
        "context": "Amiens, Somme",
        "citycode": "80021",
        "depcode": "80"
      }
    },
    {
      "type": "Feature",
      "geometry": {
        "type": "Point",
        "coordinates": [
          2.305823806,
          49.895442211
        ]
      },
      "properties": {
        "name": "Port d'Amont / Place Parmentier",
        "context": "Amiens, Somme",
        "citycode": "80021",
        "depcode": "80"
      }
    },
    {
      "type": "Feature",
      "geometry": {
        "type": "Point",
        "coordinates": [
          2.308251716,
          49.894957061
        ]
      },
      "properties": {
        "name": "Port d'Amont / Rue Cécile Redlich",
        "context": "Amiens, Somme",
        "citycode": "80021",
        "depcode": "80"
      }
    },
    {
      "type": "Feature",
      "geometry": {
        "type": "Point",
        "coordinates": [
          2.309378002,
          49.894595701
        ]
      },
      "properties": {
        "name": "Port d'Amont / Rue de Verdun",
        "context": "Amiens, Somme",
        "citycode": "80021",
        "depcode": "80"
      }
    },
    {
      "type": "Feature",
      "geometry": {
        "type": "Point",
        "coordinates": [
          2.306164205,
          49.895365867
        ]
      },
      "properties": {
        "name": "Port d'Amont / Rue des Augustins",
        "context": "Amiens, Somme",
        "citycode": "80021",
        "depcode": "80"
      }
    },
    {
      "type": "Feature",
      "geometry": {
        "type": "Point",
        "coordinates": [
          2.305827037,
          49.895437259
        ]
      },
      "properties": {
        "name": "Port d'Amont / Rue Turpin",
        "context": "Amiens, Somme",
        "citycode": "80021",
        "depcode": "80"
      }
    },
    {
      "type": "Feature",
      "geometry": {
        "type": "Point",
        "coordinates": [
          2.283085685,
          49.898116544
        ]
      },
      "properties": {
        "name": "Promenade de la Hotoie / Avenue Salvador Allende",
        "context": "Amiens, Somme",
        "citycode": "80021",
        "depcode": "80"
      }
    },
    {
      "type": "Feature",
      "geometry": {
        "type": "Point",
        "coordinates": [
          2.286502267,
          49.897750991
        ]
      },
      "properties": {
        "name": "Promenade de la Hotoie / Rue Jean Jaurès",
        "context": "Amiens, Somme",
        "citycode": "80021",
        "depcode": "80"
      }
    },
    {
      "type": "Feature",
      "geometry": {
        "type": "Point",
        "coordinates": [
          2.277511405,
          49.889946114
        ]
      },
      "properties": {
        "name": "Promenade du Souvenir / Boulevard de Strasbourg",
        "context": "Amiens, Somme",
        "citycode": "80021",
        "depcode": "80"
      }
    },
    {
      "type": "Feature",
      "geometry": {
        "type": "Point",
        "coordinates": [
          2.306127573,
          49.896172217
        ]
      },
      "properties": {
        "name": "Quai Bélu / Boulevard du Cange",
        "context": "Amiens, Somme",
        "citycode": "80021",
        "depcode": "80"
      }
    },
    {
      "type": "Feature",
      "geometry": {
        "type": "Point",
        "coordinates": [
          2.288365261,
          49.899989012
        ]
      },
      "properties": {
        "name": "Quai Charles Tellier / Avenue Pierre Mendès France D1235",
        "context": "Amiens, Somme",
        "citycode": "80021",
        "depcode": "80"
      }
    },
    {
      "type": "Feature",
      "geometry": {
        "type": "Point",
        "coordinates": [
          2.284133551,
          49.905044967
        ]
      },
      "properties": {
        "name": "Quai Charles Tellier / La Basse Selle",
        "context": "Amiens, Somme",
        "citycode": "80021",
        "depcode": "80"
      }
    },
    {
      "type": "Feature",
      "geometry": {
        "type": "Point",
        "coordinates": [
          2.293421402,
          49.899243799
        ]
      },
      "properties": {
        "name": "Quai de la Passerelle / Quai de l'Écluse",
        "context": "Amiens, Somme",
        "citycode": "80021",
        "depcode": "80"
      }
    },
    {
      "type": "Feature",
      "geometry": {
        "type": "Point",
        "coordinates": [
          2.281192004,
          49.909393104
        ]
      },
      "properties": {
        "name": "Quai de la Somme / Allée des Acacias",
        "context": "Amiens, Somme",
        "citycode": "80021",
        "depcode": "80"
      }
    },
    {
      "type": "Feature",
      "geometry": {
        "type": "Point",
        "coordinates": [
          2.281146352,
          49.909369885
        ]
      },
      "properties": {
        "name": "Quai de la Somme / Chemin de Contre-Halage",
        "context": "Amiens, Somme",
        "citycode": "80021",
        "depcode": "80"
      }
    },
    {
      "type": "Feature",
      "geometry": {
        "type": "Point",
        "coordinates": [
          2.287011134,
          49.903464419
        ]
      },
      "properties": {
        "name": "Quai de la Somme / Rue Cagnard",
        "context": "Amiens, Somme",
        "citycode": "80021",
        "depcode": "80"
      }
    },
    {
      "type": "Feature",
      "geometry": {
        "type": "Point",
        "coordinates": [
          2.289690959,
          49.899878737
        ]
      },
      "properties": {
        "name": "Quai de la Somme / Rue de l'Orée du Bois",
        "context": "Amiens, Somme",
        "citycode": "80021",
        "depcode": "80"
      }
    },
    {
      "type": "Feature",
      "geometry": {
        "type": "Point",
        "coordinates": [
          2.283776104,
          49.905848657
        ]
      },
      "properties": {
        "name": "Quai de la Somme / Rue de la Falaise",
        "context": "Amiens, Somme",
        "citycode": "80021",
        "depcode": "80"
      }
    },
    {
      "type": "Feature",
      "geometry": {
        "type": "Point",
        "coordinates": [
          2.287314283,
          49.903025467
        ]
      },
      "properties": {
        "name": "Quai de la Somme / Rue Turgot",
        "context": "Amiens, Somme",
        "citycode": "80021",
        "depcode": "80"
      }
    },
    {
      "type": "Feature",
      "geometry": {
        "type": "Point",
        "coordinates": [
          2.292552602,
          49.899305236
        ]
      },
      "properties": {
        "name": "Quai Saint-Maurice / Quai de la Somme",
        "context": "Amiens, Somme",
        "citycode": "80021",
        "depcode": "80"
      }
    },
    {
      "type": "Feature",
      "geometry": {
        "type": "Point",
        "coordinates": [
          2.295027064,
          49.901715991
        ]
      },
      "properties": {
        "name": "Quai Saint-Maurice / Rue des Teinturiers",
        "context": "Amiens, Somme",
        "citycode": "80021",
        "depcode": "80"
      }
    },
    {
      "type": "Feature",
      "geometry": {
        "type": "Point",
        "coordinates": [
          2.324370709,
          49.875822133
        ]
      },
      "properties": {
        "name": "Résidence Condorcet / Rue Condorcet",
        "context": "Amiens, Somme",
        "citycode": "80021",
        "depcode": "80"
      }
    },
    {
      "type": "Feature",
      "geometry": {
        "type": "Point",
        "coordinates": [
          2.263012329,
          49.899860491
        ]
      },
      "properties": {
        "name": "Résidence des Champs / Allée des Jachères",
        "context": "Amiens, Somme",
        "citycode": "80021",
        "depcode": "80"
      }
    },
    {
      "type": "Feature",
      "geometry": {
        "type": "Point",
        "coordinates": [
          2.262947404,
          49.898304597
        ]
      },
      "properties": {
        "name": "Résidence des Champs / Rue Édouard Paris",
        "context": "Amiens, Somme",
        "citycode": "80021",
        "depcode": "80"
      }
    },
    {
      "type": "Feature",
      "geometry": {
        "type": "Point",
        "coordinates": [
          2.263024892,
          49.899852843
        ]
      },
      "properties": {
        "name": "Résidence des Champs / Rue Haute des Champs",
        "context": "Amiens, Somme",
        "citycode": "80021",
        "depcode": "80"
      }
    },
    {
      "type": "Feature",
      "geometry": {
        "type": "Point",
        "coordinates": [
          2.325009577,
          49.878101801
        ]
      },
      "properties": {
        "name": "Résidence du Prince Noir / Rue de Cagny",
        "context": "Amiens, Somme",
        "citycode": "80021",
        "depcode": "80"
      }
    },
    {
      "type": "Feature",
      "geometry": {
        "type": "Point",
        "coordinates": [
          2.302358979,
          49.876789154
        ]
      },
      "properties": {
        "name": "Résidence Le Mont Thomas / Chemin du Mont Thomas",
        "context": "Amiens, Somme",
        "citycode": "80021",
        "depcode": "80"
      }
    },
    {
      "type": "Feature",
      "geometry": {
        "type": "Point",
        "coordinates": [
          2.305926477,
          49.876591362
        ]
      },
      "properties": {
        "name": "Résidence Le Mont Thomas / Rue Saint-Fuscien D7",
        "context": "Amiens, Somme",
        "citycode": "80021",
        "depcode": "80"
      }
    },
    {
      "type": "Feature",
      "geometry": {
        "type": "Point",
        "coordinates": [
          2.332263353,
          49.89094375
        ]
      },
      "properties": {
        "name": "Rieu de l'Agrappin / La Somme Canalisée",
        "context": "Amiens, Somme",
        "citycode": "80021",
        "depcode": "80"
      }
    },
    {
      "type": "Feature",
      "geometry": {
        "type": "Point",
        "coordinates": [
          2.331758515,
          49.888287348
        ]
      },
      "properties": {
        "name": "Rieu de l'Agrappin / Rue Voyelle",
        "context": "Amiens, Somme",
        "citycode": "80021",
        "depcode": "80"
      }
    },
    {
      "type": "Feature",
      "geometry": {
        "type": "Point",
        "coordinates": [
          2.294293847,
          49.897730857
        ]
      },
      "properties": {
        "name": "Rivière des Clairons / Rue de Condé",
        "context": "Amiens, Somme",
        "citycode": "80021",
        "depcode": "80"
      }
    },
    {
      "type": "Feature",
      "geometry": {
        "type": "Point",
        "coordinates": [
          2.303879652,
          49.896185231
        ]
      },
      "properties": {
        "name": "Rivière des Clairons / Rue de la Dodane",
        "context": "Amiens, Somme",
        "citycode": "80021",
        "depcode": "80"
      }
    },
    {
      "type": "Feature",
      "geometry": {
        "type": "Point",
        "coordinates": [
          2.303664448,
          49.895769837
        ]
      },
      "properties": {
        "name": "Rivière des Clairons / Rue des Bondes",
        "context": "Amiens, Somme",
        "citycode": "80021",
        "depcode": "80"
      }
    },
    {
      "type": "Feature",
      "geometry": {
        "type": "Point",
        "coordinates": [
          2.29456615,
          49.897576223
        ]
      },
      "properties": {
        "name": "Rivière des Clairons / Rue des Doubles-Chaises",
        "context": "Amiens, Somme",
        "citycode": "80021",
        "depcode": "80"
      }
    },
    {
      "type": "Feature",
      "geometry": {
        "type": "Point",
        "coordinates": [
          2.301390471,
          49.895897589
        ]
      },
      "properties": {
        "name": "Rivière des Clairons / Rue des Rinchevaux",
        "context": "Amiens, Somme",
        "citycode": "80021",
        "depcode": "80"
      }
    },
    {
      "type": "Feature",
      "geometry": {
        "type": "Point",
        "coordinates": [
          2.302440096,
          49.895820523
        ]
      },
      "properties": {
        "name": "Rivière des Clairons / Rue du Don",
        "context": "Amiens, Somme",
        "citycode": "80021",
        "depcode": "80"
      }
    },
    {
      "type": "Feature",
      "geometry": {
        "type": "Point",
        "coordinates": [
          2.294981143,
          49.897375277
        ]
      },
      "properties": {
        "name": "Rivière des Clairons / Rue du Général Leclerc",
        "context": "Amiens, Somme",
        "citycode": "80021",
        "depcode": "80"
      }
    },
    {
      "type": "Feature",
      "geometry": {
        "type": "Point",
        "coordinates": [
          2.294714853,
          49.897440459
        ]
      },
      "properties": {
        "name": "Rivière des Clairons / Rue Riquier",
        "context": "Amiens, Somme",
        "citycode": "80021",
        "depcode": "80"
      }
    },
    {
      "type": "Feature",
      "geometry": {
        "type": "Point",
        "coordinates": [
          2.30379311,
          49.896022383
        ]
      },
      "properties": {
        "name": "Rivière des Clairons / Rue Vanmarcke",
        "context": "Amiens, Somme",
        "citycode": "80021",
        "depcode": "80"
      }
    },
    {
      "type": "Feature",
      "geometry": {
        "type": "Point",
        "coordinates": [
          2.264137724,
          49.900276261
        ]
      },
      "properties": {
        "name": "Rond-Point de Grâce / Avenue de la Licorne",
        "context": "Amiens, Somme",
        "citycode": "80021",
        "depcode": "80"
      }
    },
    {
      "type": "Feature",
      "geometry": {
        "type": "Point",
        "coordinates": [
          2.263545246,
          49.90063386
        ]
      },
      "properties": {
        "name": "Rond-Point de Grâce / Avenue François Mitterand",
        "context": "Amiens, Somme",
        "citycode": "80021",
        "depcode": "80"
      }
    },
    {
      "type": "Feature",
      "geometry": {
        "type": "Point",
        "coordinates": [
          2.263691736,
          49.900343283
        ]
      },
      "properties": {
        "name": "Rond-Point de Grâce / Rue Haute des Champs",
        "context": "Amiens, Somme",
        "citycode": "80021",
        "depcode": "80"
      }
    },
    {
      "type": "Feature",
      "geometry": {
        "type": "Point",
        "coordinates": [
          2.284094682,
          49.870528899
        ]
      },
      "properties": {
        "name": "Rond-Point de l'Europe / Avenue d'Allemagne",
        "context": "Amiens, Somme",
        "citycode": "80021",
        "depcode": "80"
      }
    },
    {
      "type": "Feature",
      "geometry": {
        "type": "Point",
        "coordinates": [
          2.283902025,
          49.870115979
        ]
      },
      "properties": {
        "name": "Rond-Point de l'Europe / Avenue du Danemark",
        "context": "Amiens, Somme",
        "citycode": "80021",
        "depcode": "80"
      }
    },
    {
      "type": "Feature",
      "geometry": {
        "type": "Point",
        "coordinates": [
          2.283721379,
          49.870416078
        ]
      },
      "properties": {
        "name": "Rond-Point de l'Europe / Avenue du Luxembourg",
        "context": "Amiens, Somme",
        "citycode": "80021",
        "depcode": "80"
      }
    },
    {
      "type": "Feature",
      "geometry": {
        "type": "Point",
        "coordinates": [
          2.278847273,
          49.868019991
        ]
      },
      "properties": {
        "name": "Route d'Amiens D1001 / Avenue de Grèce",
        "context": "Amiens, Somme",
        "citycode": "80021",
        "depcode": "80"
      }
    },
    {
      "type": "Feature",
      "geometry": {
        "type": "Point",
        "coordinates": [
          2.285079792,
          49.88181618
        ]
      },
      "properties": {
        "name": "Route de Paris D1001 / Boulevard Chateaudun",
        "context": "Amiens, Somme",
        "citycode": "80021",
        "depcode": "80"
      }
    },
    {
      "type": "Feature",
      "geometry": {
        "type": "Point",
        "coordinates": [
          2.285095124,
          49.881796769
        ]
      },
      "properties": {
        "name": "Route de Paris D1001 / Boulevard de Dury",
        "context": "Amiens, Somme",
        "citycode": "80021",
        "depcode": "80"
      }
    },
    {
      "type": "Feature",
      "geometry": {
        "type": "Point",
        "coordinates": [
          2.290568509,
          49.889962178
        ]
      },
      "properties": {
        "name": "Route de Paris / Boulevard Guyencourt",
        "context": "Amiens, Somme",
        "citycode": "80021",
        "depcode": "80"
      }
    },
    {
      "type": "Feature",
      "geometry": {
        "type": "Point",
        "coordinates": [
          2.290347426,
          49.889566148
        ]
      },
      "properties": {
        "name": "Route de Paris D1001 / Esplanade Édouard Branly",
        "context": "Amiens, Somme",
        "citycode": "80021",
        "depcode": "80"
      }
    },
    {
      "type": "Feature",
      "geometry": {
        "type": "Point",
        "coordinates": [
          2.290376935,
          49.889648352
        ]
      },
      "properties": {
        "name": "Route de Paris D1001 / Parvis Nicole Fontaine",
        "context": "Amiens, Somme",
        "citycode": "80021",
        "depcode": "80"
      }
    },
    {
      "type": "Feature",
      "geometry": {
        "type": "Point",
        "coordinates": [
          2.269110824,
          49.885494653
        ]
      },
      "properties": {
        "name": "Route de Rouen D1029 / Allée du Puits de la Roche",
        "context": "Amiens, Somme",
        "citycode": "80021",
        "depcode": "80"
      }
    },
    {
      "type": "Feature",
      "geometry": {
        "type": "Point",
        "coordinates": [
          2.264719078,
          49.88486671
        ]
      },
      "properties": {
        "name": "Route de Rouen D1029 / Avenue Valéry Giscard d'Estaing",
        "context": "Amiens, Somme",
        "citycode": "80021",
        "depcode": "80"
      }
    },
    {
      "type": "Feature",
      "geometry": {
        "type": "Point",
        "coordinates": [
          2.278758903,
          49.88655906
        ]
      },
      "properties": {
        "name": "Route de Rouen D1029 / Boulevard Chateaudun",
        "context": "Amiens, Somme",
        "citycode": "80021",
        "depcode": "80"
      }
    },
    {
      "type": "Feature",
      "geometry": {
        "type": "Point",
        "coordinates": [
          2.278718377,
          49.88656469
        ]
      },
      "properties": {
        "name": "Route de Rouen D1029 / Boulevard de Strasbourg",
        "context": "Amiens, Somme",
        "citycode": "80021",
        "depcode": "80"
      }
    },
    {
      "type": "Feature",
      "geometry": {
        "type": "Point",
        "coordinates": [
          2.26867806,
          49.88542529
        ]
      },
      "properties": {
        "name": "Route de Rouen D1029 / Résidence les Futaies",
        "context": "Amiens, Somme",
        "citycode": "80021",
        "depcode": "80"
      }
    },
    {
      "type": "Feature",
      "geometry": {
        "type": "Point",
        "coordinates": [
          2.282380459,
          49.886941341
        ]
      },
      "properties": {
        "name": "Route de Rouen / Rue Alfred Lemaire",
        "context": "Amiens, Somme",
        "citycode": "80021",
        "depcode": "80"
      }
    },
    {
      "type": "Feature",
      "geometry": {
        "type": "Point",
        "coordinates": [
          2.283490284,
          49.887120713
        ]
      },
      "properties": {
        "name": "Route de Rouen / Rue Du Bellay",
        "context": "Amiens, Somme",
        "citycode": "80021",
        "depcode": "80"
      }
    },
    {
      "type": "Feature",
      "geometry": {
        "type": "Point",
        "coordinates": [
          2.277119751,
          49.886342227
        ]
      },
      "properties": {
        "name": "Route de Rouen D1029 / Rue du Moulin Brulé",
        "context": "Amiens, Somme",
        "citycode": "80021",
        "depcode": "80"
      }
    },
    {
      "type": "Feature",
      "geometry": {
        "type": "Point",
        "coordinates": [
          2.26923354,
          49.885507931
        ]
      },
      "properties": {
        "name": "Route de Rouen D1029 / Rue Hélène Lockert",
        "context": "Amiens, Somme",
        "citycode": "80021",
        "depcode": "80"
      }
    },
    {
      "type": "Feature",
      "geometry": {
        "type": "Point",
        "coordinates": [
          2.245762098,
          49.903230099
        ]
      },
      "properties": {
        "name": "Route de Saveuse D211 / Chemin de Grâce",
        "context": "Amiens, Somme",
        "citycode": "80021",
        "depcode": "80"
      }
    },
    {
      "type": "Feature",
      "geometry": {
        "type": "Point",
        "coordinates": [
          2.268182005,
          49.904772766
        ]
      },
      "properties": {
        "name": "Route de Saveuse D211 / Cité Bourgeois",
        "context": "Amiens, Somme",
        "citycode": "80021",
        "depcode": "80"
      }
    },
    {
      "type": "Feature",
      "geometry": {
        "type": "Point",
        "coordinates": [
          2.266623602,
          49.904323933
        ]
      },
      "properties": {
        "name": "Route de Saveuse D211 / Cité Hénaux",
        "context": "Amiens, Somme",
        "citycode": "80021",
        "depcode": "80"
      }
    },
    {
      "type": "Feature",
      "geometry": {
        "type": "Point",
        "coordinates": [
          2.267254954,
          49.904444918
        ]
      },
      "properties": {
        "name": "Route de Saveuse D211 / Impasse Latérale",
        "context": "Amiens, Somme",
        "citycode": "80021",
        "depcode": "80"
      }
    },
    {
      "type": "Feature",
      "geometry": {
        "type": "Point",
        "coordinates": [
          2.271230874,
          49.905776983
        ]
      },
      "properties": {
        "name": "Route de Saveuse D211 / Rue d'Abbeville D1235",
        "context": "Amiens, Somme",
        "citycode": "80021",
        "depcode": "80"
      }
    },
    {
      "type": "Feature",
      "geometry": {
        "type": "Point",
        "coordinates": [
          2.265197702,
          49.904224742
        ]
      },
      "properties": {
        "name": "Route de Saveuse D211 / Rue de Dreuil",
        "context": "Amiens, Somme",
        "citycode": "80021",
        "depcode": "80"
      }
    },
    {
      "type": "Feature",
      "geometry": {
        "type": "Point",
        "coordinates": [
          2.264080228,
          49.904723224
        ]
      },
      "properties": {
        "name": "Route de Saveuse D211 / Rue de la Poterie",
        "context": "Amiens, Somme",
        "citycode": "80021",
        "depcode": "80"
      }
    },
    {
      "type": "Feature",
      "geometry": {
        "type": "Point",
        "coordinates": [
          2.263046081,
          49.90477809
        ]
      },
      "properties": {
        "name": "Route de Saveuse D211 / Rue des Vanniers",
        "context": "Amiens, Somme",
        "citycode": "80021",
        "depcode": "80"
      }
    },
    {
      "type": "Feature",
      "geometry": {
        "type": "Point",
        "coordinates": [
          2.265735267,
          49.904141654
        ]
      },
      "properties": {
        "name": "Route de Saveuse D211 / Rue du Champ de Tir",
        "context": "Amiens, Somme",
        "citycode": "80021",
        "depcode": "80"
      }
    },
    {
      "type": "Feature",
      "geometry": {
        "type": "Point",
        "coordinates": [
          2.3136229,
          49.900039751
        ]
      },
      "properties": {
        "name": "Rue Abbé de l'Épée / Boulevard de Beauvillé",
        "context": "Amiens, Somme",
        "citycode": "80021",
        "depcode": "80"
      }
    },
    {
      "type": "Feature",
      "geometry": {
        "type": "Point",
        "coordinates": [
          2.315133881,
          49.899791098
        ]
      },
      "properties": {
        "name": "Rue Abbé de l'Épée / Impasse Saint-Ceran",
        "context": "Amiens, Somme",
        "citycode": "80021",
        "depcode": "80"
      }
    },
    {
      "type": "Feature",
      "geometry": {
        "type": "Point",
        "coordinates": [
          2.315728606,
          49.899688602
        ]
      },
      "properties": {
        "name": "Rue Abbé de l'Épée / Rue Mercier",
        "context": "Amiens, Somme",
        "citycode": "80021",
        "depcode": "80"
      }
    },
    {
      "type": "Feature",
      "geometry": {
        "type": "Point",
        "coordinates": [
          2.323255652,
          49.884064899
        ]
      },
      "properties": {
        "name": "Rue Abladène / Chaussée Jules Ferry",
        "context": "Amiens, Somme",
        "citycode": "80021",
        "depcode": "80"
      }
    },
    {
      "type": "Feature",
      "geometry": {
        "type": "Point",
        "coordinates": [
          2.321373326,
          49.881958658
        ]
      },
      "properties": {
        "name": "Rue Abladène / Rue Cyrille Werbrouck",
        "context": "Amiens, Somme",
        "citycode": "80021",
        "depcode": "80"
      }
    },
    {
      "type": "Feature",
      "geometry": {
        "type": "Point",
        "coordinates": [
          2.32052393,
          49.881112694
        ]
      },
      "properties": {
        "name": "Rue Abladène / Rue de Cagny",
        "context": "Amiens, Somme",
        "citycode": "80021",
        "depcode": "80"
      }
    },
    {
      "type": "Feature",
      "geometry": {
        "type": "Point",
        "coordinates": [
          2.321889662,
          49.882589183
        ]
      },
      "properties": {
        "name": "Rue Abladène / Rue de Mons",
        "context": "Amiens, Somme",
        "citycode": "80021",
        "depcode": "80"
      }
    },
    {
      "type": "Feature",
      "geometry": {
        "type": "Point",
        "coordinates": [
          2.303353196,
          49.893692296
        ]
      },
      "properties": {
        "name": "Rue Adeodat Lefevre / Place Saint-Michel",
        "context": "Amiens, Somme",
        "citycode": "80021",
        "depcode": "80"
      }
    },
    {
      "type": "Feature",
      "geometry": {
        "type": "Point",
        "coordinates": [
          2.304303449,
          49.893302009
        ]
      },
      "properties": {
        "name": "Rue Adeodat Lefevre / Rue de l'Amiral Courbet",
        "context": "Amiens, Somme",
        "citycode": "80021",
        "depcode": "80"
      }
    },
    {
      "type": "Feature",
      "geometry": {
        "type": "Point",
        "coordinates": [
          2.30450898,
          49.893350457
        ]
      },
      "properties": {
        "name": "Rue Adeodat Lefevre / Rue de l'Oratoire",
        "context": "Amiens, Somme",
        "citycode": "80021",
        "depcode": "80"
      }
    },
    {
      "type": "Feature",
      "geometry": {
        "type": "Point",
        "coordinates": [
          2.304508026,
          49.893352049
        ]
      },
      "properties": {
        "name": "Rue Adeodat Lefevre / Rue des Augustins",
        "context": "Amiens, Somme",
        "citycode": "80021",
        "depcode": "80"
      }
    },
    {
      "type": "Feature",
      "geometry": {
        "type": "Point",
        "coordinates": [
          2.26449397,
          49.897429979
        ]
      },
      "properties": {
        "name": "Rue Agricole Soyer / Chemin du Marais de Renancourt",
        "context": "Amiens, Somme",
        "citycode": "80021",
        "depcode": "80"
      }
    },
    {
      "type": "Feature",
      "geometry": {
        "type": "Point",
        "coordinates": [
          2.262957994,
          49.898311702
        ]
      },
      "properties": {
        "name": "Rue Agricole Soyer / Résidence des Champs",
        "context": "Amiens, Somme",
        "citycode": "80021",
        "depcode": "80"
      }
    },
    {
      "type": "Feature",
      "geometry": {
        "type": "Point",
        "coordinates": [
          2.262934418,
          49.898295331
        ]
      },
      "properties": {
        "name": "Rue Agricole Soyer / Rue Édouard Paris",
        "context": "Amiens, Somme",
        "citycode": "80021",
        "depcode": "80"
      }
    },
    {
      "type": "Feature",
      "geometry": {
        "type": "Point",
        "coordinates": [
          2.264481203,
          49.897429106
        ]
      },
      "properties": {
        "name": "Rue Agricole Soyer / Rue Émile Francfort",
        "context": "Amiens, Somme",
        "citycode": "80021",
        "depcode": "80"
      }
    },
    {
      "type": "Feature",
      "geometry": {
        "type": "Point",
        "coordinates": [
          2.261982345,
          49.898952735
        ]
      },
      "properties": {
        "name": "Rue Agricole Soyer / Rue Haute des Champs",
        "context": "Amiens, Somme",
        "citycode": "80021",
        "depcode": "80"
      }
    },
    {
      "type": "Feature",
      "geometry": {
        "type": "Point",
        "coordinates": [
          2.264492109,
          49.897439259
        ]
      },
      "properties": {
        "name": "Rue Agricole Soyer / Rue Robert le Coq",
        "context": "Amiens, Somme",
        "citycode": "80021",
        "depcode": "80"
      }
    },
    {
      "type": "Feature",
      "geometry": {
        "type": "Point",
        "coordinates": [
          2.284798976,
          49.877471963
        ]
      },
      "properties": {
        "name": "Rue Agrippa d'Aubigné / Rue André Chénier",
        "context": "Amiens, Somme",
        "citycode": "80021",
        "depcode": "80"
      }
    },
    {
      "type": "Feature",
      "geometry": {
        "type": "Point",
        "coordinates": [
          2.28389354,
          49.87686836
        ]
      },
      "properties": {
        "name": "Rue Agrippa d'Aubigné / Rue Clément Marot",
        "context": "Amiens, Somme",
        "citycode": "80021",
        "depcode": "80"
      }
    },
    {
      "type": "Feature",
      "geometry": {
        "type": "Point",
        "coordinates": [
          2.284807367,
          49.87748468
        ]
      },
      "properties": {
        "name": "Rue Agrippa d'Aubigné / Rue François Villon",
        "context": "Amiens, Somme",
        "citycode": "80021",
        "depcode": "80"
      }
    },
    {
      "type": "Feature",
      "geometry": {
        "type": "Point",
        "coordinates": [
          2.28856735,
          49.893622688
        ]
      },
      "properties": {
        "name": "Rue Aimé Merchez / Rue Caumartin",
        "context": "Amiens, Somme",
        "citycode": "80021",
        "depcode": "80"
      }
    },
    {
      "type": "Feature",
      "geometry": {
        "type": "Point",
        "coordinates": [
          2.287944821,
          49.892827575
        ]
      },
      "properties": {
        "name": "Rue Aimé Merchez / Rue Frédéric Petit",
        "context": "Amiens, Somme",
        "citycode": "80021",
        "depcode": "80"
      }
    },
    {
      "type": "Feature",
      "geometry": {
        "type": "Point",
        "coordinates": [
          2.30238054,
          49.884868825
        ]
      },
      "properties": {
        "name": "Rue Albéric de Calonne / Rue Beauregard",
        "context": "Amiens, Somme",
        "citycode": "80021",
        "depcode": "80"
      }
    },
    {
      "type": "Feature",
      "geometry": {
        "type": "Point",
        "coordinates": [
          2.302108766,
          49.88458812
        ]
      },
      "properties": {
        "name": "Rue Albéric de Calonne / Rue Laurendeau",
        "context": "Amiens, Somme",
        "citycode": "80021",
        "depcode": "80"
      }
    },
    {
      "type": "Feature",
      "geometry": {
        "type": "Point",
        "coordinates": [
          2.302462623,
          49.885743792
        ]
      },
      "properties": {
        "name": "Rue Albéric de Calonne / Rue Morgan",
        "context": "Amiens, Somme",
        "citycode": "80021",
        "depcode": "80"
      }
    },
    {
      "type": "Feature",
      "geometry": {
        "type": "Point",
        "coordinates": [
          2.302500915,
          49.885757457
        ]
      },
      "properties": {
        "name": "Rue Albéric de Calonne / Rue Paul Sautai",
        "context": "Amiens, Somme",
        "citycode": "80021",
        "depcode": "80"
      }
    },
    {
      "type": "Feature",
      "geometry": {
        "type": "Point",
        "coordinates": [
          2.302593676,
          49.886638541
        ]
      },
      "properties": {
        "name": "Rue Albéric de Calonne / Rue Voiture",
        "context": "Amiens, Somme",
        "citycode": "80021",
        "depcode": "80"
      }
    },
    {
      "type": "Feature",
      "geometry": {
        "type": "Point",
        "coordinates": [
          2.304346032,
          49.911191899
        ]
      },
      "properties": {
        "name": "Rue Albert Camus / Allée de la Paix",
        "context": "Amiens, Somme",
        "citycode": "80021",
        "depcode": "80"
      }
    },
    {
      "type": "Feature",
      "geometry": {
        "type": "Point",
        "coordinates": [
          2.30436719,
          49.911644561
        ]
      },
      "properties": {
        "name": "Rue Albert Camus / Avenue de la Paix",
        "context": "Amiens, Somme",
        "citycode": "80021",
        "depcode": "80"
      }
    },
    {
      "type": "Feature",
      "geometry": {
        "type": "Point",
        "coordinates": [
          2.304449609,
          49.908505322
        ]
      },
      "properties": {
        "name": "Rue Albert Camus / Rue Winston Churchill",
        "context": "Amiens, Somme",
        "citycode": "80021",
        "depcode": "80"
      }
    },
    {
      "type": "Feature",
      "geometry": {
        "type": "Point",
        "coordinates": [
          2.304339554,
          49.909138939
        ]
      },
      "properties": {
        "name": "Rue Albert Camus / Square des Troyens",
        "context": "Amiens, Somme",
        "citycode": "80021",
        "depcode": "80"
      }
    },
    {
      "type": "Feature",
      "geometry": {
        "type": "Point",
        "coordinates": [
          2.296374403,
          49.894425909
        ]
      },
      "properties": {
        "name": "Rue Albert Catoire / Place Léon Debouverie",
        "context": "Amiens, Somme",
        "citycode": "80021",
        "depcode": "80"
      }
    },
    {
      "type": "Feature",
      "geometry": {
        "type": "Point",
        "coordinates": [
          2.296380386,
          49.894420145
        ]
      },
      "properties": {
        "name": "Rue Albert Catoire / Rue Albert Dauphin",
        "context": "Amiens, Somme",
        "citycode": "80021",
        "depcode": "80"
      }
    },
    {
      "type": "Feature",
      "geometry": {
        "type": "Point",
        "coordinates": [
          2.29744416,
          49.894326421
        ]
      },
      "properties": {
        "name": "Rue Albert Catoire / Rue des Vergeaux",
        "context": "Amiens, Somme",
        "citycode": "80021",
        "depcode": "80"
      }
    },
    {
      "type": "Feature",
      "geometry": {
        "type": "Point",
        "coordinates": [
          2.296128426,
          49.893767896
        ]
      },
      "properties": {
        "name": "Rue Albert Dauphin / Place de l'Hôtel de Ville",
        "context": "Amiens, Somme",
        "citycode": "80021",
        "depcode": "80"
      }
    },
    {
      "type": "Feature",
      "geometry": {
        "type": "Point",
        "coordinates": [
          2.296362639,
          49.894421098
        ]
      },
      "properties": {
        "name": "Rue Albert Dauphin / Place Léon Debouverie",
        "context": "Amiens, Somme",
        "citycode": "80021",
        "depcode": "80"
      }
    },
    {
      "type": "Feature",
      "geometry": {
        "type": "Point",
        "coordinates": [
          2.316734812,
          49.88170072
        ]
      },
      "properties": {
        "name": "Rue Albert Gaudry / Boulevard de Bapaume",
        "context": "Amiens, Somme",
        "citycode": "80021",
        "depcode": "80"
      }
    },
    {
      "type": "Feature",
      "geometry": {
        "type": "Point",
        "coordinates": [
          2.318141657,
          49.88063376
        ]
      },
      "properties": {
        "name": "Rue Albert Gaudry / Rue Gabriel de Mortillet",
        "context": "Amiens, Somme",
        "citycode": "80021",
        "depcode": "80"
      }
    },
    {
      "type": "Feature",
      "geometry": {
        "type": "Point",
        "coordinates": [
          2.292587637,
          49.892349559
        ]
      },
      "properties": {
        "name": "Rue Albert Roze / Rue de Beauvais",
        "context": "Amiens, Somme",
        "citycode": "80021",
        "depcode": "80"
      }
    },
    {
      "type": "Feature",
      "geometry": {
        "type": "Point",
        "coordinates": [
          2.292527638,
          49.892375713
        ]
      },
      "properties": {
        "name": "Rue Albert Roze / Rue de la 2e D.B.",
        "context": "Amiens, Somme",
        "citycode": "80021",
        "depcode": "80"
      }
    },
    {
      "type": "Feature",
      "geometry": {
        "type": "Point",
        "coordinates": [
          2.292520044,
          49.892349707
        ]
      },
      "properties": {
        "name": "Rue Albert Roze / Rue du Maréchal de Lattre de Tassigny",
        "context": "Amiens, Somme",
        "citycode": "80021",
        "depcode": "80"
      }
    },
    {
      "type": "Feature",
      "geometry": {
        "type": "Point",
        "coordinates": [
          2.300651225,
          49.884735778
        ]
      },
      "properties": {
        "name": "Rue Alexandre / Rue Laurendeau",
        "context": "Amiens, Somme",
        "citycode": "80021",
        "depcode": "80"
      }
    },
    {
      "type": "Feature",
      "geometry": {
        "type": "Point",
        "coordinates": [
          2.30085376,
          49.885695487
        ]
      },
      "properties": {
        "name": "Rue Alexandre / Rue Morgan",
        "context": "Amiens, Somme",
        "citycode": "80021",
        "depcode": "80"
      }
    },
    {
      "type": "Feature",
      "geometry": {
        "type": "Point",
        "coordinates": [
          2.28791999,
          49.874288817
        ]
      },
      "properties": {
        "name": "Rue Alexandre Dumas / Avenue d'Espagne",
        "context": "Amiens, Somme",
        "citycode": "80021",
        "depcode": "80"
      }
    },
    {
      "type": "Feature",
      "geometry": {
        "type": "Point",
        "coordinates": [
          2.28213135,
          49.875562387
        ]
      },
      "properties": {
        "name": "Rue Alexandre Dumas / Avenue du 14 Juillet 1789 D1001",
        "context": "Amiens, Somme",
        "citycode": "80021",
        "depcode": "80"
      }
    },
    {
      "type": "Feature",
      "geometry": {
        "type": "Point",
        "coordinates": [
          2.287906101,
          49.874312047
        ]
      },
      "properties": {
        "name": "Rue Alexandre Dumas / Rue Georges Beauvais",
        "context": "Amiens, Somme",
        "citycode": "80021",
        "depcode": "80"
      }
    },
    {
      "type": "Feature",
      "geometry": {
        "type": "Point",
        "coordinates": [
          2.283756117,
          49.875285475
        ]
      },
      "properties": {
        "name": "Rue Alexandre Dumas / Rue Paul Éluard",
        "context": "Amiens, Somme",
        "citycode": "80021",
        "depcode": "80"
      }
    },
    {
      "type": "Feature",
      "geometry": {
        "type": "Point",
        "coordinates": [
          2.289196438,
          49.873923927
        ]
      },
      "properties": {
        "name": "Rue Alexandre Dumas / Rue Sagebien",
        "context": "Amiens, Somme",
        "citycode": "80021",
        "depcode": "80"
      }
    },
    {
      "type": "Feature",
      "geometry": {
        "type": "Point",
        "coordinates": [
          2.306839895,
          49.891520341
        ]
      },
      "properties": {
        "name": "Rue Alexandre Fatton / Boulevard d'Alsace-Lorraine",
        "context": "Amiens, Somme",
        "citycode": "80021",
        "depcode": "80"
      }
    },
    {
      "type": "Feature",
      "geometry": {
        "type": "Point",
        "coordinates": [
          2.305033208,
          49.892126297
        ]
      },
      "properties": {
        "name": "Rue Alexandre Fatton / Rue Lamartine",
        "context": "Amiens, Somme",
        "citycode": "80021",
        "depcode": "80"
      }
    },
    {
      "type": "Feature",
      "geometry": {
        "type": "Point",
        "coordinates": [
          2.315419496,
          49.90960635
        ]
      },
      "properties": {
        "name": "Rue Alexandre Ribot / Rue de la Bruyère",
        "context": "Amiens, Somme",
        "citycode": "80021",
        "depcode": "80"
      }
    },
    {
      "type": "Feature",
      "geometry": {
        "type": "Point",
        "coordinates": [
          2.314846027,
          49.910176766
        ]
      },
      "properties": {
        "name": "Rue Alexandre Ribot / Rue Lucien Lecointe",
        "context": "Amiens, Somme",
        "citycode": "80021",
        "depcode": "80"
      }
    },
    {
      "type": "Feature",
      "geometry": {
        "type": "Point",
        "coordinates": [
          2.316143359,
          49.908345851
        ]
      },
      "properties": {
        "name": "Rue Alexandre Ribot / Rue Stendhal",
        "context": "Amiens, Somme",
        "citycode": "80021",
        "depcode": "80"
      }
    },
    {
      "type": "Feature",
      "geometry": {
        "type": "Point",
        "coordinates": [
          2.280881912,
          49.902738397
        ]
      },
      "properties": {
        "name": "Rue Alfred Catel / Avenue Georges Pompidou D1235",
        "context": "Amiens, Somme",
        "citycode": "80021",
        "depcode": "80"
      }
    },
    {
      "type": "Feature",
      "geometry": {
        "type": "Point",
        "coordinates": [
          2.276452564,
          49.905711214
        ]
      },
      "properties": {
        "name": "Rue Alfred Catel / Rue de la Céramique",
        "context": "Amiens, Somme",
        "citycode": "80021",
        "depcode": "80"
      }
    },
    {
      "type": "Feature",
      "geometry": {
        "type": "Point",
        "coordinates": [
          2.322995818,
          49.870732843
        ]
      },
      "properties": {
        "name": "Rue Alfred de Musset / Rue Bernardin de Saint-Pierre",
        "context": "Amiens, Somme",
        "citycode": "80021",
        "depcode": "80"
      }
    },
    {
      "type": "Feature",
      "geometry": {
        "type": "Point",
        "coordinates": [
          2.322553433,
          49.871182294
        ]
      },
      "properties": {
        "name": "Rue Alfred de Musset / Rue Laënnec",
        "context": "Amiens, Somme",
        "citycode": "80021",
        "depcode": "80"
      }
    },
    {
      "type": "Feature",
      "geometry": {
        "type": "Point",
        "coordinates": [
          2.326700957,
          49.912722938
        ]
      },
      "properties": {
        "name": "Rue Alfred de Vigny / Rue de la Rochefoucauld",
        "context": "Amiens, Somme",
        "citycode": "80021",
        "depcode": "80"
      }
    },
    {
      "type": "Feature",
      "geometry": {
        "type": "Point",
        "coordinates": [
          2.280504434,
          49.885278557
        ]
      },
      "properties": {
        "name": "Rue Alfred Lemaire / Boulevard Chateaudun",
        "context": "Amiens, Somme",
        "citycode": "80021",
        "depcode": "80"
      }
    },
    {
      "type": "Feature",
      "geometry": {
        "type": "Point",
        "coordinates": [
          2.293289745,
          49.90294754
        ]
      },
      "properties": {
        "name": "Rue Alfred Manessier / Rue Octave Tierce",
        "context": "Amiens, Somme",
        "citycode": "80021",
        "depcode": "80"
      }
    },
    {
      "type": "Feature",
      "geometry": {
        "type": "Point",
        "coordinates": [
          2.293199784,
          49.90265471
        ]
      },
      "properties": {
        "name": "Rue Alfred Manessier / Venelle Clovis Trouille",
        "context": "Amiens, Somme",
        "citycode": "80021",
        "depcode": "80"
      }
    },
    {
      "type": "Feature",
      "geometry": {
        "type": "Point",
        "coordinates": [
          2.302200065,
          49.891449588
        ]
      },
      "properties": {
        "name": "Rue Allart / Place René Goblet",
        "context": "Amiens, Somme",
        "citycode": "80021",
        "depcode": "80"
      }
    },
    {
      "type": "Feature",
      "geometry": {
        "type": "Point",
        "coordinates": [
          2.300450871,
          49.891155632
        ]
      },
      "properties": {
        "name": "Rue Allart / Rue des Jacobins",
        "context": "Amiens, Somme",
        "citycode": "80021",
        "depcode": "80"
      }
    },
    {
      "type": "Feature",
      "geometry": {
        "type": "Point",
        "coordinates": [
          2.30121846,
          49.891294479
        ]
      },
      "properties": {
        "name": "Rue Allart / Rue Marotte",
        "context": "Amiens, Somme",
        "citycode": "80021",
        "depcode": "80"
      }
    },
    {
      "type": "Feature",
      "geometry": {
        "type": "Point",
        "coordinates": [
          2.281292008,
          49.895166497
        ]
      },
      "properties": {
        "name": "Rue Allou / Rue Blin de Bourdon",
        "context": "Amiens, Somme",
        "citycode": "80021",
        "depcode": "80"
      }
    },
    {
      "type": "Feature",
      "geometry": {
        "type": "Point",
        "coordinates": [
          2.281583644,
          49.896241325
        ]
      },
      "properties": {
        "name": "Rue Allou / Rue Vagniez Fiquet",
        "context": "Amiens, Somme",
        "citycode": "80021",
        "depcode": "80"
      }
    },
    {
      "type": "Feature",
      "geometry": {
        "type": "Point",
        "coordinates": [
          2.298827586,
          49.89109082
        ]
      },
      "properties": {
        "name": "Rue Alphonse Paillat / Rue Lamarck",
        "context": "Amiens, Somme",
        "citycode": "80021",
        "depcode": "80"
      }
    },
    {
      "type": "Feature",
      "geometry": {
        "type": "Point",
        "coordinates": [
          2.300742673,
          49.895273461
        ]
      },
      "properties": {
        "name": "Rue André / Place Notre-Dame",
        "context": "Amiens, Somme",
        "citycode": "80021",
        "depcode": "80"
      }
    },
    {
      "type": "Feature",
      "geometry": {
        "type": "Point",
        "coordinates": [
          2.282771851,
          49.877368885
        ]
      },
      "properties": {
        "name": "Rue André Chénier / Avenue du 14 Juillet 1789 D1001",
        "context": "Amiens, Somme",
        "citycode": "80021",
        "depcode": "80"
      }
    },
    {
      "type": "Feature",
      "geometry": {
        "type": "Point",
        "coordinates": [
          2.292065621,
          49.879556576
        ]
      },
      "properties": {
        "name": "Rue André Chénier / Boulevard de Saint-Quentin",
        "context": "Amiens, Somme",
        "citycode": "80021",
        "depcode": "80"
      }
    },
    {
      "type": "Feature",
      "geometry": {
        "type": "Point",
        "coordinates": [
          2.286379178,
          49.877622966
        ]
      },
      "properties": {
        "name": "Rue André Chénier / Rue Georges Beauvais",
        "context": "Amiens, Somme",
        "citycode": "80021",
        "depcode": "80"
      }
    },
    {
      "type": "Feature",
      "geometry": {
        "type": "Point",
        "coordinates": [
          2.290978123,
          49.878232918
        ]
      },
      "properties": {
        "name": "Rue André Chénier / Rue Sagebien",
        "context": "Amiens, Somme",
        "citycode": "80021",
        "depcode": "80"
      }
    },
    {
      "type": "Feature",
      "geometry": {
        "type": "Point",
        "coordinates": [
          2.287224383,
          49.926288183
        ]
      },
      "properties": {
        "name": "Rue André Durouchez D12 / Avenue Roger Dumoulin D933",
        "context": "Amiens, Somme",
        "citycode": "80021",
        "depcode": "80"
      }
    },
    {
      "type": "Feature",
      "geometry": {
        "type": "Point",
        "coordinates": [
          2.283434229,
          49.92810735
        ]
      },
      "properties": {
        "name": "Rue André Durouchez D12 / Rue du Fossé Warin",
        "context": "Amiens, Somme",
        "citycode": "80021",
        "depcode": "80"
      }
    },
    {
      "type": "Feature",
      "geometry": {
        "type": "Point",
        "coordinates": [
          2.287181672,
          49.926265779
        ]
      },
      "properties": {
        "name": "Rue André Durouchez D12 / Rue Frankin Roosvelt",
        "context": "Amiens, Somme",
        "citycode": "80021",
        "depcode": "80"
      }
    },
    {
      "type": "Feature",
      "geometry": {
        "type": "Point",
        "coordinates": [
          2.277808153,
          49.931154414
        ]
      },
      "properties": {
        "name": "Rue André Durouchez D12 / Rue Jean-Jacques Mention",
        "context": "Amiens, Somme",
        "citycode": "80021",
        "depcode": "80"
      }
    },
    {
      "type": "Feature",
      "geometry": {
        "type": "Point",
        "coordinates": [
          2.257415978,
          49.898972763
        ]
      },
      "properties": {
        "name": "Rue André Grillon / Rue de la Vénus de Renancourt",
        "context": "Amiens, Somme",
        "citycode": "80021",
        "depcode": "80"
      }
    },
    {
      "type": "Feature",
      "geometry": {
        "type": "Point",
        "coordinates": [
          2.252973481,
          49.89756405
        ]
      },
      "properties": {
        "name": "Rue André Grillon / Rue Joseph Porphyre Pinchon",
        "context": "Amiens, Somme",
        "citycode": "80021",
        "depcode": "80"
      }
    },
    {
      "type": "Feature",
      "geometry": {
        "type": "Point",
        "coordinates": [
          2.257429608,
          49.898972004
        ]
      },
      "properties": {
        "name": "Rue André Grillon / Rue Simone Renant",
        "context": "Amiens, Somme",
        "citycode": "80021",
        "depcode": "80"
      }
    },
    {
      "type": "Feature",
      "geometry": {
        "type": "Point",
        "coordinates": [
          2.302503266,
          49.877715078
        ]
      },
      "properties": {
        "name": "Rue Antoine de Saint-Éxupéry / Chemin du Mont Thomas",
        "context": "Amiens, Somme",
        "citycode": "80021",
        "depcode": "80"
      }
    },
    {
      "type": "Feature",
      "geometry": {
        "type": "Point",
        "coordinates": [
          2.305572438,
          49.877599672
        ]
      },
      "properties": {
        "name": "Rue Antoine de Saint-Éxupéry / Rue Saint-Fuscien D7",
        "context": "Amiens, Somme",
        "citycode": "80021",
        "depcode": "80"
      }
    },
    {
      "type": "Feature",
      "geometry": {
        "type": "Point",
        "coordinates": [
          2.294992813,
          49.895853096
        ]
      },
      "properties": {
        "name": "Rue au Lin / Passage des Halles",
        "context": "Amiens, Somme",
        "citycode": "80021",
        "depcode": "80"
      }
    },
    {
      "type": "Feature",
      "geometry": {
        "type": "Point",
        "coordinates": [
          2.296210705,
          49.895531033
        ]
      },
      "properties": {
        "name": "Rue au Lin / Place au Fil",
        "context": "Amiens, Somme",
        "citycode": "80021",
        "depcode": "80"
      }
    },
    {
      "type": "Feature",
      "geometry": {
        "type": "Point",
        "coordinates": [
          2.296182797,
          49.895546795
        ]
      },
      "properties": {
        "name": "Rue au Lin / Rue des Chaudronniers",
        "context": "Amiens, Somme",
        "citycode": "80021",
        "depcode": "80"
      }
    },
    {
      "type": "Feature",
      "geometry": {
        "type": "Point",
        "coordinates": [
          2.29406971,
          49.896179685
        ]
      },
      "properties": {
        "name": "Rue au Lin / Rue du Général Leclerc",
        "context": "Amiens, Somme",
        "citycode": "80021",
        "depcode": "80"
      }
    },
    {
      "type": "Feature",
      "geometry": {
        "type": "Point",
        "coordinates": [
          2.294026597,
          49.896179945
        ]
      },
      "properties": {
        "name": "Rue au Lin / Rue Florimond Leroux",
        "context": "Amiens, Somme",
        "citycode": "80021",
        "depcode": "80"
      }
    },
    {
      "type": "Feature",
      "geometry": {
        "type": "Point",
        "coordinates": [
          2.2505751,
          49.916980948
        ]
      },
      "properties": {
        "name": "Rue Auguste Blanqui / Allée Eugène Varlin",
        "context": "Amiens, Somme",
        "citycode": "80021",
        "depcode": "80"
      }
    },
    {
      "type": "Feature",
      "geometry": {
        "type": "Point",
        "coordinates": [
          2.251085999,
          49.916676729
        ]
      },
      "properties": {
        "name": "Rue Auguste Blanqui / Avenue du Languedoc",
        "context": "Amiens, Somme",
        "citycode": "80021",
        "depcode": "80"
      }
    },
    {
      "type": "Feature",
      "geometry": {
        "type": "Point",
        "coordinates": [
          2.30022889,
          49.913870691
        ]
      },
      "properties": {
        "name": "Rue Auguste Renoir / Rue Watteau",
        "context": "Amiens, Somme",
        "citycode": "80021",
        "depcode": "80"
      }
    },
    {
      "type": "Feature",
      "geometry": {
        "type": "Point",
        "coordinates": [
          2.320393819,
          49.877761271
        ]
      },
      "properties": {
        "name": "Rue Babeuf / Rue des Alouettes",
        "context": "Amiens, Somme",
        "citycode": "80021",
        "depcode": "80"
      }
    },
    {
      "type": "Feature",
      "geometry": {
        "type": "Point",
        "coordinates": [
          2.295126738,
          49.899404315
        ]
      },
      "properties": {
        "name": "Rue Baillon / Passage Strock",
        "context": "Amiens, Somme",
        "citycode": "80021",
        "depcode": "80"
      }
    },
    {
      "type": "Feature",
      "geometry": {
        "type": "Point",
        "coordinates": [
          2.29492473,
          49.900685049
        ]
      },
      "properties": {
        "name": "Rue Baillon / Quai de l'Écluse",
        "context": "Amiens, Somme",
        "citycode": "80021",
        "depcode": "80"
      }
    },
    {
      "type": "Feature",
      "geometry": {
        "type": "Point",
        "coordinates": [
          2.295049993,
          49.898663241
        ]
      },
      "properties": {
        "name": "Rue Baillon / Quai de la Passerelle",
        "context": "Amiens, Somme",
        "citycode": "80021",
        "depcode": "80"
      }
    },
    {
      "type": "Feature",
      "geometry": {
        "type": "Point",
        "coordinates": [
          2.295280546,
          49.900082843
        ]
      },
      "properties": {
        "name": "Rue Baillon / Rue Potier",
        "context": "Amiens, Somme",
        "citycode": "80021",
        "depcode": "80"
      }
    },
    {
      "type": "Feature",
      "geometry": {
        "type": "Point",
        "coordinates": [
          2.280080973,
          49.894858008
        ]
      },
      "properties": {
        "name": "Rue Barbier / Impasse Barbier",
        "context": "Amiens, Somme",
        "citycode": "80021",
        "depcode": "80"
      }
    },
    {
      "type": "Feature",
      "geometry": {
        "type": "Point",
        "coordinates": [
          2.281122578,
          49.894663225
        ]
      },
      "properties": {
        "name": "Rue Barbier / Rue Allou",
        "context": "Amiens, Somme",
        "citycode": "80021",
        "depcode": "80"
      }
    },
    {
      "type": "Feature",
      "geometry": {
        "type": "Point",
        "coordinates": [
          2.280476423,
          49.894795794
        ]
      },
      "properties": {
        "name": "Rue Barbier / Rue Dargent",
        "context": "Amiens, Somme",
        "citycode": "80021",
        "depcode": "80"
      }
    },
    {
      "type": "Feature",
      "geometry": {
        "type": "Point",
        "coordinates": [
          2.281340703,
          49.894540239
        ]
      },
      "properties": {
        "name": "Rue Barbier / Rue Lucien Fournier",
        "context": "Amiens, Somme",
        "citycode": "80021",
        "depcode": "80"
      }
    },
    {
      "type": "Feature",
      "geometry": {
        "type": "Point",
        "coordinates": [
          2.279772983,
          49.894928292
        ]
      },
      "properties": {
        "name": "Rue Barbier / Rue Rembault",
        "context": "Amiens, Somme",
        "citycode": "80021",
        "depcode": "80"
      }
    },
    {
      "type": "Feature",
      "geometry": {
        "type": "Point",
        "coordinates": [
          2.262002342,
          49.896905037
        ]
      },
      "properties": {
        "name": "Rue Basse des Champs / Rue des Cottages du Plateau",
        "context": "Amiens, Somme",
        "citycode": "80021",
        "depcode": "80"
      }
    },
    {
      "type": "Feature",
      "geometry": {
        "type": "Point",
        "coordinates": [
          2.297247685,
          49.896753104
        ]
      },
      "properties": {
        "name": "Rue Basse des Tanneurs / Place au Feurre",
        "context": "Amiens, Somme",
        "citycode": "80021",
        "depcode": "80"
      }
    },
    {
      "type": "Feature",
      "geometry": {
        "type": "Point",
        "coordinates": [
          2.295968392,
          49.897062815
        ]
      },
      "properties": {
        "name": "Rue Basse des Tanneurs / Rivière des Clairons",
        "context": "Amiens, Somme",
        "citycode": "80021",
        "depcode": "80"
      }
    },
    {
      "type": "Feature",
      "geometry": {
        "type": "Point",
        "coordinates": [
          2.295606703,
          49.897104156
        ]
      },
      "properties": {
        "name": "Rue Basse des Tanneurs / Rue de l'Entonnoir",
        "context": "Amiens, Somme",
        "citycode": "80021",
        "depcode": "80"
      }
    },
    {
      "type": "Feature",
      "geometry": {
        "type": "Point",
        "coordinates": [
          2.2950534,
          49.8974076
        ]
      },
      "properties": {
        "name": "Rue Basse des Tanneurs / Rue des Doubles-Chaises",
        "context": "Amiens, Somme",
        "citycode": "80021",
        "depcode": "80"
      }
    },
    {
      "type": "Feature",
      "geometry": {
        "type": "Point",
        "coordinates": [
          2.295056295,
          49.897339219
        ]
      },
      "properties": {
        "name": "Rue Basse des Tanneurs / Rue du Général Leclerc",
        "context": "Amiens, Somme",
        "citycode": "80021",
        "depcode": "80"
      }
    },
    {
      "type": "Feature",
      "geometry": {
        "type": "Point",
        "coordinates": [
          2.297237472,
          49.896747059
        ]
      },
      "properties": {
        "name": "Rue Basse des Tanneurs / Rue Jean Godris",
        "context": "Amiens, Somme",
        "citycode": "80021",
        "depcode": "80"
      }
    },
    {
      "type": "Feature",
      "geometry": {
        "type": "Point",
        "coordinates": [
          2.296538853,
          49.89691876
        ]
      },
      "properties": {
        "name": "Rue Basse des Tanneurs / Rue Pingre",
        "context": "Amiens, Somme",
        "citycode": "80021",
        "depcode": "80"
      }
    },
    {
      "type": "Feature",
      "geometry": {
        "type": "Point",
        "coordinates": [
          2.29498505,
          49.897305649
        ]
      },
      "properties": {
        "name": "Rue Basse des Tanneurs / Rue Riquier",
        "context": "Amiens, Somme",
        "citycode": "80021",
        "depcode": "80"
      }
    },
    {
      "type": "Feature",
      "geometry": {
        "type": "Point",
        "coordinates": [
          2.296546157,
          49.896940792
        ]
      },
      "properties": {
        "name": "Rue Basse des Tanneurs / Rue Sainte-Catherine",
        "context": "Amiens, Somme",
        "citycode": "80021",
        "depcode": "80"
      }
    },
    {
      "type": "Feature",
      "geometry": {
        "type": "Point",
        "coordinates": [
          2.300388497,
          49.899622712
        ]
      },
      "properties": {
        "name": "Rue Baudelocque / Rue Edmond Fontaine",
        "context": "Amiens, Somme",
        "citycode": "80021",
        "depcode": "80"
      }
    },
    {
      "type": "Feature",
      "geometry": {
        "type": "Point",
        "coordinates": [
          2.300369064,
          49.899623946
        ]
      },
      "properties": {
        "name": "Rue Baudelocque / Rue Saint-Leu",
        "context": "Amiens, Somme",
        "citycode": "80021",
        "depcode": "80"
      }
    },
    {
      "type": "Feature",
      "geometry": {
        "type": "Point",
        "coordinates": [
          2.25779977,
          49.910651943
        ]
      },
      "properties": {
        "name": "Rue Baudoin d'Ailly / Place de la Barre",
        "context": "Amiens, Somme",
        "citycode": "80021",
        "depcode": "80"
      }
    },
    {
      "type": "Feature",
      "geometry": {
        "type": "Point",
        "coordinates": [
          2.257815905,
          49.910688898
        ]
      },
      "properties": {
        "name": "Rue Baudoin d'Ailly / Place La Barre",
        "context": "Amiens, Somme",
        "citycode": "80021",
        "depcode": "80"
      }
    },
    {
      "type": "Feature",
      "geometry": {
        "type": "Point",
        "coordinates": [
          2.257596401,
          49.914808053
        ]
      },
      "properties": {
        "name": "Rue Baudoin d'Ailly / Rue Becquestoile",
        "context": "Amiens, Somme",
        "citycode": "80021",
        "depcode": "80"
      }
    },
    {
      "type": "Feature",
      "geometry": {
        "type": "Point",
        "coordinates": [
          2.257804046,
          49.912572507
        ]
      },
      "properties": {
        "name": "Rue Baudoin d'Ailly / Rue Van Robais",
        "context": "Amiens, Somme",
        "citycode": "80021",
        "depcode": "80"
      }
    },
    {
      "type": "Feature",
      "geometry": {
        "type": "Point",
        "coordinates": [
          2.326339776,
          49.885024946
        ]
      },
      "properties": {
        "name": "Rue Beaumanoir / Rue de Madrid",
        "context": "Amiens, Somme",
        "citycode": "80021",
        "depcode": "80"
      }
    },
    {
      "type": "Feature",
      "geometry": {
        "type": "Point",
        "coordinates": [
          2.325928682,
          49.884505609
        ]
      },
      "properties": {
        "name": "Rue Beaumanoir / Rue Diderot",
        "context": "Amiens, Somme",
        "citycode": "80021",
        "depcode": "80"
      }
    },
    {
      "type": "Feature",
      "geometry": {
        "type": "Point",
        "coordinates": [
          2.323214672,
          49.909820838
        ]
      },
      "properties": {
        "name": "Rue Beaumarchais / Rue Gustave Flaubert",
        "context": "Amiens, Somme",
        "citycode": "80021",
        "depcode": "80"
      }
    },
    {
      "type": "Feature",
      "geometry": {
        "type": "Point",
        "coordinates": [
          2.325212204,
          49.910477437
        ]
      },
      "properties": {
        "name": "Rue Beaumarchais / Rue Marivaux",
        "context": "Amiens, Somme",
        "citycode": "80021",
        "depcode": "80"
      }
    },
    {
      "type": "Feature",
      "geometry": {
        "type": "Point",
        "coordinates": [
          2.302368169,
          49.884856749
        ]
      },
      "properties": {
        "name": "Rue Beauregard / Rue Albéric de Calonne",
        "context": "Amiens, Somme",
        "citycode": "80021",
        "depcode": "80"
      }
    },
    {
      "type": "Feature",
      "geometry": {
        "type": "Point",
        "coordinates": [
          2.303879273,
          49.885000908
        ]
      },
      "properties": {
        "name": "Rue Beauregard / Rue Saint-Fuscien D7",
        "context": "Amiens, Somme",
        "citycode": "80021",
        "depcode": "80"
      }
    },
    {
      "type": "Feature",
      "geometry": {
        "type": "Point",
        "coordinates": [
          2.256997358,
          49.913708829
        ]
      },
      "properties": {
        "name": "Rue Becquestoile / Rue d'Étouvie",
        "context": "Amiens, Somme",
        "citycode": "80021",
        "depcode": "80"
      }
    },
    {
      "type": "Feature",
      "geometry": {
        "type": "Point",
        "coordinates": [
          2.257044503,
          49.91419811
        ]
      },
      "properties": {
        "name": "Rue Becquestoile / Rue de Savoie",
        "context": "Amiens, Somme",
        "citycode": "80021",
        "depcode": "80"
      }
    },
    {
      "type": "Feature",
      "geometry": {
        "type": "Point",
        "coordinates": [
          2.25703037,
          49.913716271
        ]
      },
      "properties": {
        "name": "Rue Becquestoile / Rue Emmanuel Bourgeois",
        "context": "Amiens, Somme",
        "citycode": "80021",
        "depcode": "80"
      }
    },
    {
      "type": "Feature",
      "geometry": {
        "type": "Point",
        "coordinates": [
          2.302749208,
          49.902575964
        ]
      },
      "properties": {
        "name": "Rue Bélidor / Chaussée Saint-Pierre D929",
        "context": "Amiens, Somme",
        "citycode": "80021",
        "depcode": "80"
      }
    },
    {
      "type": "Feature",
      "geometry": {
        "type": "Point",
        "coordinates": [
          2.30330373,
          49.901695576
        ]
      },
      "properties": {
        "name": "Rue Bélidor / Rue Éloi Morel",
        "context": "Amiens, Somme",
        "citycode": "80021",
        "depcode": "80"
      }
    },
    {
      "type": "Feature",
      "geometry": {
        "type": "Point",
        "coordinates": [
          2.286944723,
          49.891738809
        ]
      },
      "properties": {
        "name": "Rue Béranger / Boulevard Guyencourt",
        "context": "Amiens, Somme",
        "citycode": "80021",
        "depcode": "80"
      }
    },
    {
      "type": "Feature",
      "geometry": {
        "type": "Point",
        "coordinates": [
          2.286439846,
          49.891104358
        ]
      },
      "properties": {
        "name": "Rue Béranger / Rue Corrée",
        "context": "Amiens, Somme",
        "citycode": "80021",
        "depcode": "80"
      }
    },
    {
      "type": "Feature",
      "geometry": {
        "type": "Point",
        "coordinates": [
          2.285443589,
          49.889688855
        ]
      },
      "properties": {
        "name": "Rue Béranger / Rue de l'Union",
        "context": "Amiens, Somme",
        "citycode": "80021",
        "depcode": "80"
      }
    },
    {
      "type": "Feature",
      "geometry": {
        "type": "Point",
        "coordinates": [
          2.286470588,
          49.890677782
        ]
      },
      "properties": {
        "name": "Rue Béranger / Rue Dom Bouquet",
        "context": "Amiens, Somme",
        "citycode": "80021",
        "depcode": "80"
      }
    },
    {
      "type": "Feature",
      "geometry": {
        "type": "Point",
        "coordinates": [
          2.304053558,
          49.903957525
        ]
      },
      "properties": {
        "name": "Rue Berryer / Rue du Docteur Lenoel",
        "context": "Amiens, Somme",
        "citycode": "80021",
        "depcode": "80"
      }
    },
    {
      "type": "Feature",
      "geometry": {
        "type": "Point",
        "coordinates": [
          2.288655048,
          49.903118702
        ]
      },
      "properties": {
        "name": "Rue Bizet / Rue des Meuniers",
        "context": "Amiens, Somme",
        "citycode": "80021",
        "depcode": "80"
      }
    },
    {
      "type": "Feature",
      "geometry": {
        "type": "Point",
        "coordinates": [
          2.289709102,
          49.903476111
        ]
      },
      "properties": {
        "name": "Rue Bizet / Rue Saint-Maurice",
        "context": "Amiens, Somme",
        "citycode": "80021",
        "depcode": "80"
      }
    },
    {
      "type": "Feature",
      "geometry": {
        "type": "Point",
        "coordinates": [
          2.320374802,
          49.87777133
        ]
      },
      "properties": {
        "name": "Rue Blaise Pascal / Rue Babeuf",
        "context": "Amiens, Somme",
        "citycode": "80021",
        "depcode": "80"
      }
    },
    {
      "type": "Feature",
      "geometry": {
        "type": "Point",
        "coordinates": [
          2.320639478,
          49.875753591
        ]
      },
      "properties": {
        "name": "Rue Blaise Pascal / Rue Condorcet",
        "context": "Amiens, Somme",
        "citycode": "80021",
        "depcode": "80"
      }
    },
    {
      "type": "Feature",
      "geometry": {
        "type": "Point",
        "coordinates": [
          2.320411041,
          49.877758971
        ]
      },
      "properties": {
        "name": "Rue Blaise Pascal / Rue des Alouettes",
        "context": "Amiens, Somme",
        "citycode": "80021",
        "depcode": "80"
      }
    },
    {
      "type": "Feature",
      "geometry": {
        "type": "Point",
        "coordinates": [
          2.320379406,
          49.87815201
        ]
      },
      "properties": {
        "name": "Rue Blaise Pascal / Rue des Fauvettes",
        "context": "Amiens, Somme",
        "citycode": "80021",
        "depcode": "80"
      }
    },
    {
      "type": "Feature",
      "geometry": {
        "type": "Point",
        "coordinates": [
          2.320453604,
          49.875734716
        ]
      },
      "properties": {
        "name": "Rue Blaise Pascal / Rue Descartes",
        "context": "Amiens, Somme",
        "citycode": "80021",
        "depcode": "80"
      }
    },
    {
      "type": "Feature",
      "geometry": {
        "type": "Point",
        "coordinates": [
          2.320168664,
          49.879007943
        ]
      },
      "properties": {
        "name": "Rue Blaise Pascal / Rue du Chemin Vert",
        "context": "Amiens, Somme",
        "citycode": "80021",
        "depcode": "80"
      }
    },
    {
      "type": "Feature",
      "geometry": {
        "type": "Point",
        "coordinates": [
          2.320445788,
          49.876703182
        ]
      },
      "properties": {
        "name": "Rue Blaise Pascal / Rue Les Provinciales",
        "context": "Amiens, Somme",
        "citycode": "80021",
        "depcode": "80"
      }
    },
    {
      "type": "Feature",
      "geometry": {
        "type": "Point",
        "coordinates": [
          2.320443128,
          49.877269684
        ]
      },
      "properties": {
        "name": "Rue Blaise Pascal / Rue Pierre Mac Orlan",
        "context": "Amiens, Somme",
        "citycode": "80021",
        "depcode": "80"
      }
    },
    {
      "type": "Feature",
      "geometry": {
        "type": "Point",
        "coordinates": [
          2.304142874,
          49.898625338
        ]
      },
      "properties": {
        "name": "Rue Blanquetaque / Place Aristide Briand",
        "context": "Amiens, Somme",
        "citycode": "80021",
        "depcode": "80"
      }
    },
    {
      "type": "Feature",
      "geometry": {
        "type": "Point",
        "coordinates": [
          2.304158018,
          49.898619519
        ]
      },
      "properties": {
        "name": "Rue Blanquetaque / Rue Dame Jeanne",
        "context": "Amiens, Somme",
        "citycode": "80021",
        "depcode": "80"
      }
    },
    {
      "type": "Feature",
      "geometry": {
        "type": "Point",
        "coordinates": [
          2.304363189,
          49.898753674
        ]
      },
      "properties": {
        "name": "Rue Blanquetaque / Rue des Clairons",
        "context": "Amiens, Somme",
        "citycode": "80021",
        "depcode": "80"
      }
    },
    {
      "type": "Feature",
      "geometry": {
        "type": "Point",
        "coordinates": [
          2.294961496,
          49.888834668
        ]
      },
      "properties": {
        "name": "Rue Blasset / Boulevard Maignan-Larivière",
        "context": "Amiens, Somme",
        "citycode": "80021",
        "depcode": "80"
      }
    },
    {
      "type": "Feature",
      "geometry": {
        "type": "Point",
        "coordinates": [
          2.294645735,
          49.888413312
        ]
      },
      "properties": {
        "name": "Rue Blasset / Boulevard Pasteur",
        "context": "Amiens, Somme",
        "citycode": "80021",
        "depcode": "80"
      }
    },
    {
      "type": "Feature",
      "geometry": {
        "type": "Point",
        "coordinates": [
          2.294985046,
          49.888823946
        ]
      },
      "properties": {
        "name": "Rue Blasset / Mail Albert 1er",
        "context": "Amiens, Somme",
        "citycode": "80021",
        "depcode": "80"
      }
    },
    {
      "type": "Feature",
      "geometry": {
        "type": "Point",
        "coordinates": [
          2.293754114,
          49.88623441
        ]
      },
      "properties": {
        "name": "Rue Blasset / Rue Laurendeau",
        "context": "Amiens, Somme",
        "citycode": "80021",
        "depcode": "80"
      }
    },
    {
      "type": "Feature",
      "geometry": {
        "type": "Point",
        "coordinates": [
          2.283307346,
          49.895013326
        ]
      },
      "properties": {
        "name": "Rue Blin de Bourdon / Boulevard des Fédérés",
        "context": "Amiens, Somme",
        "citycode": "80021",
        "depcode": "80"
      }
    },
    {
      "type": "Feature",
      "geometry": {
        "type": "Point",
        "coordinates": [
          2.287897019,
          49.901825695
        ]
      },
      "properties": {
        "name": "Rue Bonvallet / Quai de la Somme",
        "context": "Amiens, Somme",
        "citycode": "80021",
        "depcode": "80"
      }
    },
    {
      "type": "Feature",
      "geometry": {
        "type": "Point",
        "coordinates": [
          2.288488962,
          49.902319394
        ]
      },
      "properties": {
        "name": "Rue Bonvallet / Rue des Teinturiers Prolongée",
        "context": "Amiens, Somme",
        "citycode": "80021",
        "depcode": "80"
      }
    },
    {
      "type": "Feature",
      "geometry": {
        "type": "Point",
        "coordinates": [
          2.294508839,
          49.920246271
        ]
      },
      "properties": {
        "name": "Rue Boris Vian / Rue Jacques Brel",
        "context": "Amiens, Somme",
        "citycode": "80021",
        "depcode": "80"
      }
    },
    {
      "type": "Feature",
      "geometry": {
        "type": "Point",
        "coordinates": [
          2.293455405,
          49.919900111
        ]
      },
      "properties": {
        "name": "Rue Boris Vian / Rue Jean Gabin",
        "context": "Amiens, Somme",
        "citycode": "80021",
        "depcode": "80"
      }
    },
    {
      "type": "Feature",
      "geometry": {
        "type": "Point",
        "coordinates": [
          2.294495239,
          49.919988807
        ]
      },
      "properties": {
        "name": "Rue Boris Vian / Rue Paul Meurisse",
        "context": "Amiens, Somme",
        "citycode": "80021",
        "depcode": "80"
      }
    },
    {
      "type": "Feature",
      "geometry": {
        "type": "Point",
        "coordinates": [
          2.292896565,
          49.919830339
        ]
      },
      "properties": {
        "name": "Rue Boris Vian / Rue Raphaël",
        "context": "Amiens, Somme",
        "citycode": "80021",
        "depcode": "80"
      }
    },
    {
      "type": "Feature",
      "geometry": {
        "type": "Point",
        "coordinates": [
          2.303218266,
          49.922661813
        ]
      },
      "properties": {
        "name": "Rue Botticelli / Rue Le Gréco",
        "context": "Amiens, Somme",
        "citycode": "80021",
        "depcode": "80"
      }
    },
    {
      "type": "Feature",
      "geometry": {
        "type": "Point",
        "coordinates": [
          2.300408051,
          49.923531368
        ]
      },
      "properties": {
        "name": "Rue Botticelli / Rue le Tintoret",
        "context": "Amiens, Somme",
        "citycode": "80021",
        "depcode": "80"
      }
    },
    {
      "type": "Feature",
      "geometry": {
        "type": "Point",
        "coordinates": [
          2.300313985,
          49.923509488
        ]
      },
      "properties": {
        "name": "Rue Botticelli / Rue Titien",
        "context": "Amiens, Somme",
        "citycode": "80021",
        "depcode": "80"
      }
    },
    {
      "type": "Feature",
      "geometry": {
        "type": "Point",
        "coordinates": [
          2.297147166,
          49.883347609
        ]
      },
      "properties": {
        "name": "Rue Boucher de Perthes / Rue Jeanne d'Arc",
        "context": "Amiens, Somme",
        "citycode": "80021",
        "depcode": "80"
      }
    },
    {
      "type": "Feature",
      "geometry": {
        "type": "Point",
        "coordinates": [
          2.298095153,
          49.885146471
        ]
      },
      "properties": {
        "name": "Rue Boucher de Perthes / Rue Laurendeau",
        "context": "Amiens, Somme",
        "citycode": "80021",
        "depcode": "80"
      }
    },
    {
      "type": "Feature",
      "geometry": {
        "type": "Point",
        "coordinates": [
          2.29849256,
          49.885916159
        ]
      },
      "properties": {
        "name": "Rue Boucher de Perthes / Rue Morgan",
        "context": "Amiens, Somme",
        "citycode": "80021",
        "depcode": "80"
      }
    },
    {
      "type": "Feature",
      "geometry": {
        "type": "Point",
        "coordinates": [
          2.298810522,
          49.886504671
        ]
      },
      "properties": {
        "name": "Rue Boucher de Perthes / Rue Voiture",
        "context": "Amiens, Somme",
        "citycode": "80021",
        "depcode": "80"
      }
    },
    {
      "type": "Feature",
      "geometry": {
        "type": "Point",
        "coordinates": [
          2.279724269,
          49.886679003
        ]
      },
      "properties": {
        "name": "Rue Boutmy / Route de Rouen",
        "context": "Amiens, Somme",
        "citycode": "80021",
        "depcode": "80"
      }
    },
    {
      "type": "Feature",
      "geometry": {
        "type": "Point",
        "coordinates": [
          2.28099482,
          49.887863356
        ]
      },
      "properties": {
        "name": "Rue Boutmy / Rue de l'Amiral Perrée",
        "context": "Amiens, Somme",
        "citycode": "80021",
        "depcode": "80"
      }
    },
    {
      "type": "Feature",
      "geometry": {
        "type": "Point",
        "coordinates": [
          2.280702271,
          49.887598747
        ]
      },
      "properties": {
        "name": "Rue Boutmy / Rue Neuve d'Agrain",
        "context": "Amiens, Somme",
        "citycode": "80021",
        "depcode": "80"
      }
    },
    {
      "type": "Feature",
      "geometry": {
        "type": "Point",
        "coordinates": [
          2.284609556,
          49.892720765
        ]
      },
      "properties": {
        "name": "Rue Bruno d'Agay / Avenue du Général Foy",
        "context": "Amiens, Somme",
        "citycode": "80021",
        "depcode": "80"
      }
    },
    {
      "type": "Feature",
      "geometry": {
        "type": "Point",
        "coordinates": [
          2.282870041,
          49.893077467
        ]
      },
      "properties": {
        "name": "Rue Bruno d'Agay / Rue Chabannes",
        "context": "Amiens, Somme",
        "citycode": "80021",
        "depcode": "80"
      }
    },
    {
      "type": "Feature",
      "geometry": {
        "type": "Point",
        "coordinates": [
          2.281900061,
          49.893332948
        ]
      },
      "properties": {
        "name": "Rue Bruno d'Agay / Rue des Prémontrés",
        "context": "Amiens, Somme",
        "citycode": "80021",
        "depcode": "80"
      }
    },
    {
      "type": "Feature",
      "geometry": {
        "type": "Point",
        "coordinates": [
          2.286440866,
          49.89447659
        ]
      },
      "properties": {
        "name": "Rue Buffon / Boulevard Garibaldi",
        "context": "Amiens, Somme",
        "citycode": "80021",
        "depcode": "80"
      }
    },
    {
      "type": "Feature",
      "geometry": {
        "type": "Point",
        "coordinates": [
          2.285002185,
          49.894873402
        ]
      },
      "properties": {
        "name": "Rue Buffon / Rue Boullet",
        "context": "Amiens, Somme",
        "citycode": "80021",
        "depcode": "80"
      }
    },
    {
      "type": "Feature",
      "geometry": {
        "type": "Point",
        "coordinates": [
          2.287039317,
          49.903478624
        ]
      },
      "properties": {
        "name": "Rue Cagnard / Quai de la Somme",
        "context": "Amiens, Somme",
        "citycode": "80021",
        "depcode": "80"
      }
    },
    {
      "type": "Feature",
      "geometry": {
        "type": "Point",
        "coordinates": [
          2.288091468,
          49.903930881
        ]
      },
      "properties": {
        "name": "Rue Cagnard / Rue de l'Église",
        "context": "Amiens, Somme",
        "citycode": "80021",
        "depcode": "80"
      }
    },
    {
      "type": "Feature",
      "geometry": {
        "type": "Point",
        "coordinates": [
          2.288419812,
          49.904162043
        ]
      },
      "properties": {
        "name": "Rue Cagnard / Rue Saint-Maurice",
        "context": "Amiens, Somme",
        "citycode": "80021",
        "depcode": "80"
      }
    },
    {
      "type": "Feature",
      "geometry": {
        "type": "Point",
        "coordinates": [
          2.294322126,
          49.902637339
        ]
      },
      "properties": {
        "name": "Rue Camille Claudel / Venelle Clovis Trouille",
        "context": "Amiens, Somme",
        "citycode": "80021",
        "depcode": "80"
      }
    },
    {
      "type": "Feature",
      "geometry": {
        "type": "Point",
        "coordinates": [
          2.297718168,
          49.882127328
        ]
      },
      "properties": {
        "name": "Rue Camille Desmoulins / Rue Camille Saint-Saëns",
        "context": "Amiens, Somme",
        "citycode": "80021",
        "depcode": "80"
      }
    },
    {
      "type": "Feature",
      "geometry": {
        "type": "Point",
        "coordinates": [
          2.294013393,
          49.882723907
        ]
      },
      "properties": {
        "name": "Rue Camille Desmoulins / Rue Delpech",
        "context": "Amiens, Somme",
        "citycode": "80021",
        "depcode": "80"
      }
    },
    {
      "type": "Feature",
      "geometry": {
        "type": "Point",
        "coordinates": [
          2.299734288,
          49.881888835
        ]
      },
      "properties": {
        "name": "Rue Camille Desmoulins / Rue Dhavernas",
        "context": "Amiens, Somme",
        "citycode": "80021",
        "depcode": "80"
      }
    },
    {
      "type": "Feature",
      "geometry": {
        "type": "Point",
        "coordinates": [
          2.291792638,
          49.883121423
        ]
      },
      "properties": {
        "name": "Rue Camille Desmoulins / Rue Gaulthier de Rumilly",
        "context": "Amiens, Somme",
        "citycode": "80021",
        "depcode": "80"
      }
    },
    {
      "type": "Feature",
      "geometry": {
        "type": "Point",
        "coordinates": [
          2.298767272,
          49.882002222
        ]
      },
      "properties": {
        "name": "Rue Camille Desmoulins / Rue Lemerchier",
        "context": "Amiens, Somme",
        "citycode": "80021",
        "depcode": "80"
      }
    },
    {
      "type": "Feature",
      "geometry": {
        "type": "Point",
        "coordinates": [
          2.3024941,
          49.881538466
        ]
      },
      "properties": {
        "name": "Rue Camille Desmoulins / Rue Louis Thuillier",
        "context": "Amiens, Somme",
        "citycode": "80021",
        "depcode": "80"
      }
    },
    {
      "type": "Feature",
      "geometry": {
        "type": "Point",
        "coordinates": [
          2.297466241,
          49.880539618
        ]
      },
      "properties": {
        "name": "Rue Camille Saint-Saëns / Rue Edmond Lebel",
        "context": "Amiens, Somme",
        "citycode": "80021",
        "depcode": "80"
      }
    },
    {
      "type": "Feature",
      "geometry": {
        "type": "Point",
        "coordinates": [
          2.329142682,
          49.881775183
        ]
      },
      "properties": {
        "name": "Rue Camus / Chaussée Jules Ferry",
        "context": "Amiens, Somme",
        "citycode": "80021",
        "depcode": "80"
      }
    },
    {
      "type": "Feature",
      "geometry": {
        "type": "Point",
        "coordinates": [
          2.329523682,
          49.882177544
        ]
      },
      "properties": {
        "name": "Rue Camus / Rue d'Orion",
        "context": "Amiens, Somme",
        "citycode": "80021",
        "depcode": "80"
      }
    },
    {
      "type": "Feature",
      "geometry": {
        "type": "Point",
        "coordinates": [
          2.313513618,
          49.888761297
        ]
      },
      "properties": {
        "name": "Rue Capperonnier / Rue Galland",
        "context": "Amiens, Somme",
        "citycode": "80021",
        "depcode": "80"
      }
    },
    {
      "type": "Feature",
      "geometry": {
        "type": "Point",
        "coordinates": [
          2.312661033,
          49.888383545
        ]
      },
      "properties": {
        "name": "Rue Capperonnier / Rue Jules Barni",
        "context": "Amiens, Somme",
        "citycode": "80021",
        "depcode": "80"
      }
    },
    {
      "type": "Feature",
      "geometry": {
        "type": "Point",
        "coordinates": [
          2.314310441,
          49.889136714
        ]
      },
      "properties": {
        "name": "Rue Capperonnier / Rue Riolan",
        "context": "Amiens, Somme",
        "citycode": "80021",
        "depcode": "80"
      }
    },
    {
      "type": "Feature",
      "geometry": {
        "type": "Point",
        "coordinates": [
          2.307005406,
          49.893695155
        ]
      },
      "properties": {
        "name": "Rue Cardon / Rue des Cannettes",
        "context": "Amiens, Somme",
        "citycode": "80021",
        "depcode": "80"
      }
    },
    {
      "type": "Feature",
      "geometry": {
        "type": "Point",
        "coordinates": [
          2.278258009,
          49.895569604
        ]
      },
      "properties": {
        "name": "Rue Carpentier / Rue de l'Abbaye",
        "context": "Amiens, Somme",
        "citycode": "80021",
        "depcode": "80"
      }
    },
    {
      "type": "Feature",
      "geometry": {
        "type": "Point",
        "coordinates": [
          2.30332482,
          49.902691652
        ]
      },
      "properties": {
        "name": "Rue Catherine de Lice / Chaussée Saint-Pierre D929",
        "context": "Amiens, Somme",
        "citycode": "80021",
        "depcode": "80"
      }
    },
    {
      "type": "Feature",
      "geometry": {
        "type": "Point",
        "coordinates": [
          2.303774448,
          49.901751525
        ]
      },
      "properties": {
        "name": "Rue Catherine de Lice / Rue Éloi Morel",
        "context": "Amiens, Somme",
        "citycode": "80021",
        "depcode": "80"
      }
    },
    {
      "type": "Feature",
      "geometry": {
        "type": "Point",
        "coordinates": [
          2.303966583,
          49.890991022
        ]
      },
      "properties": {
        "name": "Rue Caudron / Place René Goblet",
        "context": "Amiens, Somme",
        "citycode": "80021",
        "depcode": "80"
      }
    },
    {
      "type": "Feature",
      "geometry": {
        "type": "Point",
        "coordinates": [
          2.302548185,
          49.890377515
        ]
      },
      "properties": {
        "name": "Rue Caudron / Rue des Jacobins",
        "context": "Amiens, Somme",
        "citycode": "80021",
        "depcode": "80"
      }
    },
    {
      "type": "Feature",
      "geometry": {
        "type": "Point",
        "coordinates": [
          2.302567316,
          49.89039367
        ]
      },
      "properties": {
        "name": "Rue Caudron / Rue des Otages",
        "context": "Amiens, Somme",
        "citycode": "80021",
        "depcode": "80"
      }
    },
    {
      "type": "Feature",
      "geometry": {
        "type": "Point",
        "coordinates": [
          2.316880154,
          49.885137379
        ]
      },
      "properties": {
        "name": "Rue Caussin De Perceval / Rue de Cagny",
        "context": "Amiens, Somme",
        "citycode": "80021",
        "depcode": "80"
      }
    },
    {
      "type": "Feature",
      "geometry": {
        "type": "Point",
        "coordinates": [
          2.315325867,
          49.884190766
        ]
      },
      "properties": {
        "name": "Rue Caussin De Perceval / Rue de Gentelles",
        "context": "Amiens, Somme",
        "citycode": "80021",
        "depcode": "80"
      }
    },
    {
      "type": "Feature",
      "geometry": {
        "type": "Point",
        "coordinates": [
          2.315049201,
          49.883957337
        ]
      },
      "properties": {
        "name": "Rue Caussin De Perceval / Rue du Paraclet",
        "context": "Amiens, Somme",
        "citycode": "80021",
        "depcode": "80"
      }
    },
    {
      "type": "Feature",
      "geometry": {
        "type": "Point",
        "coordinates": [
          2.281303837,
          49.889204032
        ]
      },
      "properties": {
        "name": "Rue Cavillier / Avenue du Général Foy",
        "context": "Amiens, Somme",
        "citycode": "80021",
        "depcode": "80"
      }
    },
    {
      "type": "Feature",
      "geometry": {
        "type": "Point",
        "coordinates": [
          2.309720075,
          49.911638309
        ]
      },
      "properties": {
        "name": "Rue César Franck / Avenue de la Paix",
        "context": "Amiens, Somme",
        "citycode": "80021",
        "depcode": "80"
      }
    },
    {
      "type": "Feature",
      "geometry": {
        "type": "Point",
        "coordinates": [
          2.309764859,
          49.913654117
        ]
      },
      "properties": {
        "name": "Rue César Franck / Rue Maurice Ravel",
        "context": "Amiens, Somme",
        "citycode": "80021",
        "depcode": "80"
      }
    },
    {
      "type": "Feature",
      "geometry": {
        "type": "Point",
        "coordinates": [
          2.279877014,
          49.892126691
        ]
      },
      "properties": {
        "name": "Rue Chabannes / Impasse Chabannes",
        "context": "Amiens, Somme",
        "citycode": "80021",
        "depcode": "80"
      }
    },
    {
      "type": "Feature",
      "geometry": {
        "type": "Point",
        "coordinates": [
          2.281586026,
          49.892729545
        ]
      },
      "properties": {
        "name": "Rue Chabannes / Rue Philippe Lebon",
        "context": "Amiens, Somme",
        "citycode": "80021",
        "depcode": "80"
      }
    },
    {
      "type": "Feature",
      "geometry": {
        "type": "Point",
        "coordinates": [
          2.300122233,
          49.912825519
        ]
      },
      "properties": {
        "name": "Rue Chardin / Rue des Poètes de Sept Ans",
        "context": "Amiens, Somme",
        "citycode": "80021",
        "depcode": "80"
      }
    },
    {
      "type": "Feature",
      "geometry": {
        "type": "Point",
        "coordinates": [
          2.316271689,
          49.907969213
        ]
      },
      "properties": {
        "name": "Rue Charles Albert Lecomte / Rue Alexandre Ribot",
        "context": "Amiens, Somme",
        "citycode": "80021",
        "depcode": "80"
      }
    },
    {
      "type": "Feature",
      "geometry": {
        "type": "Point",
        "coordinates": [
          2.313508055,
          49.907427755
        ]
      },
      "properties": {
        "name": "Rue Charles Albert Lecomte / Rue du Docteur Christian Perdu",
        "context": "Amiens, Somme",
        "citycode": "80021",
        "depcode": "80"
      }
    },
    {
      "type": "Feature",
      "geometry": {
        "type": "Point",
        "coordinates": [
          2.321607005,
          49.914900405
        ]
      },
      "properties": {
        "name": "Rue Charles Baudelaire / Rue de la Marquise de Sévigné",
        "context": "Amiens, Somme",
        "citycode": "80021",
        "depcode": "80"
      }
    },
    {
      "type": "Feature",
      "geometry": {
        "type": "Point",
        "coordinates": [
          2.321267981,
          49.914304536
        ]
      },
      "properties": {
        "name": "Rue Charles Baudelaire / Rue Fénelon",
        "context": "Amiens, Somme",
        "citycode": "80021",
        "depcode": "80"
      }
    },
    {
      "type": "Feature",
      "geometry": {
        "type": "Point",
        "coordinates": [
          2.305469135,
          49.889289236
        ]
      },
      "properties": {
        "name": "Rue Charles de Foucauld / Boulevard de Belfort",
        "context": "Amiens, Somme",
        "citycode": "80021",
        "depcode": "80"
      }
    },
    {
      "type": "Feature",
      "geometry": {
        "type": "Point",
        "coordinates": [
          2.308748268,
          49.889811082
        ]
      },
      "properties": {
        "name": "Rue Charles de Foucauld / Rue Jules Barni",
        "context": "Amiens, Somme",
        "citycode": "80021",
        "depcode": "80"
      }
    },
    {
      "type": "Feature",
      "geometry": {
        "type": "Point",
        "coordinates": [
          2.307044183,
          49.889402145
        ]
      },
      "properties": {
        "name": "Rue Charles de Foucauld / Rue Vulfran Warmé",
        "context": "Amiens, Somme",
        "citycode": "80021",
        "depcode": "80"
      }
    },
    {
      "type": "Feature",
      "geometry": {
        "type": "Point",
        "coordinates": [
          2.300780052,
          49.881765212
        ]
      },
      "properties": {
        "name": "Rue Charles Dubois / Rue Camille Desmoulins",
        "context": "Amiens, Somme",
        "citycode": "80021",
        "depcode": "80"
      }
    },
    {
      "type": "Feature",
      "geometry": {
        "type": "Point",
        "coordinates": [
          2.30096939,
          49.882774592
        ]
      },
      "properties": {
        "name": "Rue Charles Dubois / Rue Jeanne d'Arc",
        "context": "Amiens, Somme",
        "citycode": "80021",
        "depcode": "80"
      }
    },
    {
      "type": "Feature",
      "geometry": {
        "type": "Point",
        "coordinates": [
          2.301348096,
          49.884658296
        ]
      },
      "properties": {
        "name": "Rue Charles Dubois / Rue Laurendeau",
        "context": "Amiens, Somme",
        "citycode": "80021",
        "depcode": "80"
      }
    },
    {
      "type": "Feature",
      "geometry": {
        "type": "Point",
        "coordinates": [
          2.301538212,
          49.88565455
        ]
      },
      "properties": {
        "name": "Rue Charles Dubois / Rue Morgan",
        "context": "Amiens, Somme",
        "citycode": "80021",
        "depcode": "80"
      }
    },
    {
      "type": "Feature",
      "geometry": {
        "type": "Point",
        "coordinates": [
          2.301709249,
          49.886543951
        ]
      },
      "properties": {
        "name": "Rue Charles Dubois / Rue Voiture",
        "context": "Amiens, Somme",
        "citycode": "80021",
        "depcode": "80"
      }
    },
    {
      "type": "Feature",
      "geometry": {
        "type": "Point",
        "coordinates": [
          2.30926924,
          49.88363766
        ]
      },
      "properties": {
        "name": "Rue Charles Floquet / Rue Coquerel",
        "context": "Amiens, Somme",
        "citycode": "80021",
        "depcode": "80"
      }
    },
    {
      "type": "Feature",
      "geometry": {
        "type": "Point",
        "coordinates": [
          2.309277056,
          49.883585282
        ]
      },
      "properties": {
        "name": "Rue Charles Floquet / Rue Paul Bert",
        "context": "Amiens, Somme",
        "citycode": "80021",
        "depcode": "80"
      }
    },
    {
      "type": "Feature",
      "geometry": {
        "type": "Point",
        "coordinates": [
          2.307295006,
          49.883576562
        ]
      },
      "properties": {
        "name": "Rue Charles Floquet / Rue Vulfran Warmé",
        "context": "Amiens, Somme",
        "citycode": "80021",
        "depcode": "80"
      }
    },
    {
      "type": "Feature",
      "geometry": {
        "type": "Point",
        "coordinates": [
          2.308340067,
          49.913610482
        ]
      },
      "properties": {
        "name": "Rue Charles Gounod / Rue Maurice Ravel",
        "context": "Amiens, Somme",
        "citycode": "80021",
        "depcode": "80"
      }
    },
    {
      "type": "Feature",
      "geometry": {
        "type": "Point",
        "coordinates": [
          2.268355972,
          49.87860892
        ]
      },
      "properties": {
        "name": "Rue Charles Nicolle / Boulevard Ambroise Paré",
        "context": "Amiens, Somme",
        "citycode": "80021",
        "depcode": "80"
      }
    },
    {
      "type": "Feature",
      "geometry": {
        "type": "Point",
        "coordinates": [
          2.289520112,
          49.896835016
        ]
      },
      "properties": {
        "name": "Rue Charles Nungesser / Boulevard Faidherbe",
        "context": "Amiens, Somme",
        "citycode": "80021",
        "depcode": "80"
      }
    },
    {
      "type": "Feature",
      "geometry": {
        "type": "Point",
        "coordinates": [
          2.289844895,
          49.896795558
        ]
      },
      "properties": {
        "name": "Rue Charles Nungesser / Impasse des Briques",
        "context": "Amiens, Somme",
        "citycode": "80021",
        "depcode": "80"
      }
    },
    {
      "type": "Feature",
      "geometry": {
        "type": "Point",
        "coordinates": [
          2.289494513,
          49.896176267
        ]
      },
      "properties": {
        "name": "Rue Charles Nungesser / Rue Jean Catelas",
        "context": "Amiens, Somme",
        "citycode": "80021",
        "depcode": "80"
      }
    },
    {
      "type": "Feature",
      "geometry": {
        "type": "Point",
        "coordinates": [
          2.321315803,
          49.869960107
        ]
      },
      "properties": {
        "name": "Rue Chateaubriand / Rue de Québec",
        "context": "Amiens, Somme",
        "citycode": "80021",
        "depcode": "80"
      }
    },
    {
      "type": "Feature",
      "geometry": {
        "type": "Point",
        "coordinates": [
          2.282015963,
          49.897002404
        ]
      },
      "properties": {
        "name": "Rue Chauvelin / Allée de Tivoli",
        "context": "Amiens, Somme",
        "citycode": "80021",
        "depcode": "80"
      }
    },
    {
      "type": "Feature",
      "geometry": {
        "type": "Point",
        "coordinates": [
          2.281123699,
          49.897100795
        ]
      },
      "properties": {
        "name": "Rue Chauvelin / Allée du 51e RI",
        "context": "Amiens, Somme",
        "citycode": "80021",
        "depcode": "80"
      }
    },
    {
      "type": "Feature",
      "geometry": {
        "type": "Point",
        "coordinates": [
          2.282739584,
          49.896874941
        ]
      },
      "properties": {
        "name": "Rue Chauvelin / Allée du Bicêtre",
        "context": "Amiens, Somme",
        "citycode": "80021",
        "depcode": "80"
      }
    },
    {
      "type": "Feature",
      "geometry": {
        "type": "Point",
        "coordinates": [
          2.278659381,
          49.897364898
        ]
      },
      "properties": {
        "name": "Rue Chauvelin / Allée du Pastel",
        "context": "Amiens, Somme",
        "citycode": "80021",
        "depcode": "80"
      }
    },
    {
      "type": "Feature",
      "geometry": {
        "type": "Point",
        "coordinates": [
          2.282732654,
          49.896893949
        ]
      },
      "properties": {
        "name": "Rue Chauvelin / Avenue Salvador Allende",
        "context": "Amiens, Somme",
        "citycode": "80021",
        "depcode": "80"
      }
    },
    {
      "type": "Feature",
      "geometry": {
        "type": "Point",
        "coordinates": [
          2.282626231,
          49.896858547
        ]
      },
      "properties": {
        "name": "Rue Chauvelin / Boulevard des Fédérés",
        "context": "Amiens, Somme",
        "citycode": "80021",
        "depcode": "80"
      }
    },
    {
      "type": "Feature",
      "geometry": {
        "type": "Point",
        "coordinates": [
          2.27979066,
          49.897216204
        ]
      },
      "properties": {
        "name": "Rue Chauvelin / Impasse Hévin",
        "context": "Amiens, Somme",
        "citycode": "80021",
        "depcode": "80"
      }
    },
    {
      "type": "Feature",
      "geometry": {
        "type": "Point",
        "coordinates": [
          2.278098235,
          49.897459902
        ]
      },
      "properties": {
        "name": "Rue Chauvelin / La Basse Selle",
        "context": "Amiens, Somme",
        "citycode": "80021",
        "depcode": "80"
      }
    },
    {
      "type": "Feature",
      "geometry": {
        "type": "Point",
        "coordinates": [
          2.281746825,
          49.896948911
        ]
      },
      "properties": {
        "name": "Rue Chauvelin / Rue Allou",
        "context": "Amiens, Somme",
        "citycode": "80021",
        "depcode": "80"
      }
    },
    {
      "type": "Feature",
      "geometry": {
        "type": "Point",
        "coordinates": [
          2.281105524,
          49.897036212
        ]
      },
      "properties": {
        "name": "Rue Chauvelin / Rue Dargent",
        "context": "Amiens, Somme",
        "citycode": "80021",
        "depcode": "80"
      }
    },
    {
      "type": "Feature",
      "geometry": {
        "type": "Point",
        "coordinates": [
          2.280352721,
          49.897143645
        ]
      },
      "properties": {
        "name": "Rue Chauvelin / Rue Rembault",
        "context": "Amiens, Somme",
        "citycode": "80021",
        "depcode": "80"
      }
    },
    {
      "type": "Feature",
      "geometry": {
        "type": "Point",
        "coordinates": [
          2.294262745,
          49.883189697
        ]
      },
      "properties": {
        "name": "Rue Chevalier / Rue Delpech",
        "context": "Amiens, Somme",
        "citycode": "80021",
        "depcode": "80"
      }
    },
    {
      "type": "Feature",
      "geometry": {
        "type": "Point",
        "coordinates": [
          2.291930708,
          49.88359128
        ]
      },
      "properties": {
        "name": "Rue Chevalier / Rue Gaulthier de Rumilly",
        "context": "Amiens, Somme",
        "citycode": "80021",
        "depcode": "80"
      }
    },
    {
      "type": "Feature",
      "geometry": {
        "type": "Point",
        "coordinates": [
          2.310206529,
          49.885605399
        ]
      },
      "properties": {
        "name": "Rue Clabault / Rue Pointin",
        "context": "Amiens, Somme",
        "citycode": "80021",
        "depcode": "80"
      }
    },
    {
      "type": "Feature",
      "geometry": {
        "type": "Point",
        "coordinates": [
          2.30411344,
          49.91364146
        ]
      },
      "properties": {
        "name": "Rue Claude Debussy / Rue Maurice Ravel",
        "context": "Amiens, Somme",
        "citycode": "80021",
        "depcode": "80"
      }
    },
    {
      "type": "Feature",
      "geometry": {
        "type": "Point",
        "coordinates": [
          2.296712722,
          49.91286628
        ]
      },
      "properties": {
        "name": "Rue Claude Lorrain / Allée Édouard Manet",
        "context": "Amiens, Somme",
        "citycode": "80021",
        "depcode": "80"
      }
    },
    {
      "type": "Feature",
      "geometry": {
        "type": "Point",
        "coordinates": [
          2.2967217,
          49.912860599
        ]
      },
      "properties": {
        "name": "Rue Claude Lorrain / Rue Édouard Manet",
        "context": "Amiens, Somme",
        "citycode": "80021",
        "depcode": "80"
      }
    },
    {
      "type": "Feature",
      "geometry": {
        "type": "Point",
        "coordinates": [
          2.296204861,
          49.913639334
        ]
      },
      "properties": {
        "name": "Rue Claude Lorrain / Rue Watteau",
        "context": "Amiens, Somme",
        "citycode": "80021",
        "depcode": "80"
      }
    },
    {
      "type": "Feature",
      "geometry": {
        "type": "Point",
        "coordinates": [
          2.292171615,
          49.92085136
        ]
      },
      "properties": {
        "name": "Rue Claude Monet / Rue Fra Angelico",
        "context": "Amiens, Somme",
        "citycode": "80021",
        "depcode": "80"
      }
    },
    {
      "type": "Feature",
      "geometry": {
        "type": "Point",
        "coordinates": [
          2.29389275,
          49.922133993
        ]
      },
      "properties": {
        "name": "Rue Claude Monet / Rue Georges Braque",
        "context": "Amiens, Somme",
        "citycode": "80021",
        "depcode": "80"
      }
    },
    {
      "type": "Feature",
      "geometry": {
        "type": "Point",
        "coordinates": [
          2.30960296,
          49.891791121
        ]
      },
      "properties": {
        "name": "Rue Claudius Antoine Serrassaint / Rue de la Vallée",
        "context": "Amiens, Somme",
        "citycode": "80021",
        "depcode": "80"
      }
    },
    {
      "type": "Feature",
      "geometry": {
        "type": "Point",
        "coordinates": [
          2.311614376,
          49.893922422
        ]
      },
      "properties": {
        "name": "Rue Claudius Antoine Serrassaint / Rue de Verdun",
        "context": "Amiens, Somme",
        "citycode": "80021",
        "depcode": "80"
      }
    },
    {
      "type": "Feature",
      "geometry": {
        "type": "Point",
        "coordinates": [
          2.310072487,
          49.892535148
        ]
      },
      "properties": {
        "name": "Rue Claudius Antoine Serrassaint / Rue Jean Mermoz",
        "context": "Amiens, Somme",
        "citycode": "80021",
        "depcode": "80"
      }
    },
    {
      "type": "Feature",
      "geometry": {
        "type": "Point",
        "coordinates": [
          2.309183556,
          49.890949592
        ]
      },
      "properties": {
        "name": "Rue Claudius Antoine Serrassaint / Rue Paul Tellier",
        "context": "Amiens, Somme",
        "citycode": "80021",
        "depcode": "80"
      }
    },
    {
      "type": "Feature",
      "geometry": {
        "type": "Point",
        "coordinates": [
          2.264195569,
          49.887943429
        ]
      },
      "properties": {
        "name": "Rue Colbert / Rue Lescouvé",
        "context": "Amiens, Somme",
        "citycode": "80021",
        "depcode": "80"
      }
    },
    {
      "type": "Feature",
      "geometry": {
        "type": "Point",
        "coordinates": [
          2.324347402,
          49.887126633
        ]
      },
      "properties": {
        "name": "Rue Commandant Charcot / Rue de la Délivrance",
        "context": "Amiens, Somme",
        "citycode": "80021",
        "depcode": "80"
      }
    },
    {
      "type": "Feature",
      "geometry": {
        "type": "Point",
        "coordinates": [
          2.326871489,
          49.876933721
        ]
      },
      "properties": {
        "name": "Rue Condorcet / Rue de Cagny",
        "context": "Amiens, Somme",
        "citycode": "80021",
        "depcode": "80"
      }
    },
    {
      "type": "Feature",
      "geometry": {
        "type": "Point",
        "coordinates": [
          2.3205779,
          49.875626599
        ]
      },
      "properties": {
        "name": "Rue Condorcet / Rue Descartes",
        "context": "Amiens, Somme",
        "citycode": "80021",
        "depcode": "80"
      }
    },
    {
      "type": "Feature",
      "geometry": {
        "type": "Point",
        "coordinates": [
          2.326487718,
          49.876738822
        ]
      },
      "properties": {
        "name": "Rue Condorcet / Square Choderlos de Laclos",
        "context": "Amiens, Somme",
        "citycode": "80021",
        "depcode": "80"
      }
    },
    {
      "type": "Feature",
      "geometry": {
        "type": "Point",
        "coordinates": [
          2.309354135,
          49.884453606
        ]
      },
      "properties": {
        "name": "Rue Coquerel / Impasse Retel",
        "context": "Amiens, Somme",
        "citycode": "80021",
        "depcode": "80"
      }
    },
    {
      "type": "Feature",
      "geometry": {
        "type": "Point",
        "coordinates": [
          2.309423958,
          49.884640851
        ]
      },
      "properties": {
        "name": "Rue Coquerel / Rue Langles",
        "context": "Amiens, Somme",
        "citycode": "80021",
        "depcode": "80"
      }
    },
    {
      "type": "Feature",
      "geometry": {
        "type": "Point",
        "coordinates": [
          2.309291051,
          49.883551213
        ]
      },
      "properties": {
        "name": "Rue Coquerel / Rue Paul Bert",
        "context": "Amiens, Somme",
        "citycode": "80021",
        "depcode": "80"
      }
    },
    {
      "type": "Feature",
      "geometry": {
        "type": "Point",
        "coordinates": [
          2.309545618,
          49.88564446
        ]
      },
      "properties": {
        "name": "Rue Coquerel / Rue Pointin",
        "context": "Amiens, Somme",
        "citycode": "80021",
        "depcode": "80"
      }
    },
    {
      "type": "Feature",
      "geometry": {
        "type": "Point",
        "coordinates": [
          2.305525378,
          49.903191675
        ]
      },
      "properties": {
        "name": "Rue Cordier / Chaussée Saint-Pierre D929",
        "context": "Amiens, Somme",
        "citycode": "80021",
        "depcode": "80"
      }
    },
    {
      "type": "Feature",
      "geometry": {
        "type": "Point",
        "coordinates": [
          2.301105293,
          49.894614758
        ]
      },
      "properties": {
        "name": "Rue Cormont / Place Notre-Dame",
        "context": "Amiens, Somme",
        "citycode": "80021",
        "depcode": "80"
      }
    },
    {
      "type": "Feature",
      "geometry": {
        "type": "Point",
        "coordinates": [
          2.301106445,
          49.894584271
        ]
      },
      "properties": {
        "name": "Rue Cormont / Rue Porion",
        "context": "Amiens, Somme",
        "citycode": "80021",
        "depcode": "80"
      }
    },
    {
      "type": "Feature",
      "geometry": {
        "type": "Point",
        "coordinates": [
          2.311335001,
          49.885531399
        ]
      },
      "properties": {
        "name": "Rue Cornet / Rue Pointin",
        "context": "Amiens, Somme",
        "citycode": "80021",
        "depcode": "80"
      }
    },
    {
      "type": "Feature",
      "geometry": {
        "type": "Point",
        "coordinates": [
          2.286433596,
          49.891092904
        ]
      },
      "properties": {
        "name": "Rue Corrée / Rue Béranger",
        "context": "Amiens, Somme",
        "citycode": "80021",
        "depcode": "80"
      }
    },
    {
      "type": "Feature",
      "geometry": {
        "type": "Point",
        "coordinates": [
          2.284495429,
          49.891856985
        ]
      },
      "properties": {
        "name": "Rue Corrée / Rue Lannoy",
        "context": "Amiens, Somme",
        "citycode": "80021",
        "depcode": "80"
      }
    },
    {
      "type": "Feature",
      "geometry": {
        "type": "Point",
        "coordinates": [
          2.313036087,
          49.901050941
        ]
      },
      "properties": {
        "name": "Rue Cosserat / Rue Vulfran Mollet",
        "context": "Amiens, Somme",
        "citycode": "80021",
        "depcode": "80"
      }
    },
    {
      "type": "Feature",
      "geometry": {
        "type": "Point",
        "coordinates": [
          2.3114451,
          49.893729458
        ]
      },
      "properties": {
        "name": "Rue Cottrelle-Maisant / Rue Claudius Antoine Serrassaint",
        "context": "Amiens, Somme",
        "citycode": "80021",
        "depcode": "80"
      }
    },
    {
      "type": "Feature",
      "geometry": {
        "type": "Point",
        "coordinates": [
          2.305625375,
          49.913621785
        ]
      },
      "properties": {
        "name": "Rue Couperin / Rue Maurice Ravel",
        "context": "Amiens, Somme",
        "citycode": "80021",
        "depcode": "80"
      }
    },
    {
      "type": "Feature",
      "geometry": {
        "type": "Point",
        "coordinates": [
          2.29384358,
          49.885168587
        ]
      },
      "properties": {
        "name": "Rue Cozette / Rue De Latour",
        "context": "Amiens, Somme",
        "citycode": "80021",
        "depcode": "80"
      }
    },
    {
      "type": "Feature",
      "geometry": {
        "type": "Point",
        "coordinates": [
          2.294405835,
          49.886055325
        ]
      },
      "properties": {
        "name": "Rue Cozette / Rue Laurendeau",
        "context": "Amiens, Somme",
        "citycode": "80021",
        "depcode": "80"
      }
    },
    {
      "type": "Feature",
      "geometry": {
        "type": "Point",
        "coordinates": [
          2.287430555,
          49.895647489
        ]
      },
      "properties": {
        "name": "Rue Cressent / Boulevard Garibaldi",
        "context": "Amiens, Somme",
        "citycode": "80021",
        "depcode": "80"
      }
    },
    {
      "type": "Feature",
      "geometry": {
        "type": "Point",
        "coordinates": [
          2.285846518,
          49.895428159
        ]
      },
      "properties": {
        "name": "Rue Cressent / Rue de la Demi-Lune",
        "context": "Amiens, Somme",
        "citycode": "80021",
        "depcode": "80"
      }
    },
    {
      "type": "Feature",
      "geometry": {
        "type": "Point",
        "coordinates": [
          2.300024566,
          49.884786836
        ]
      },
      "properties": {
        "name": "Rue Creton / Rue Laurendeau",
        "context": "Amiens, Somme",
        "citycode": "80021",
        "depcode": "80"
      }
    },
    {
      "type": "Feature",
      "geometry": {
        "type": "Point",
        "coordinates": [
          2.300221847,
          49.885762527
        ]
      },
      "properties": {
        "name": "Rue Creton / Rue Morgan",
        "context": "Amiens, Somme",
        "citycode": "80021",
        "depcode": "80"
      }
    },
    {
      "type": "Feature",
      "geometry": {
        "type": "Point",
        "coordinates": [
          2.264423649,
          49.908026781
        ]
      },
      "properties": {
        "name": "Rue d'Abbeville D1235 / Avenue de la Gare",
        "context": "Amiens, Somme",
        "citycode": "80021",
        "depcode": "80"
      }
    },
    {
      "type": "Feature",
      "geometry": {
        "type": "Point",
        "coordinates": [
          2.267140745,
          49.907137645
        ]
      },
      "properties": {
        "name": "Rue d'Abbeville D1235 / Cité Caron",
        "context": "Amiens, Somme",
        "citycode": "80021",
        "depcode": "80"
      }
    },
    {
      "type": "Feature",
      "geometry": {
        "type": "Point",
        "coordinates": [
          2.262755606,
          49.908402359
        ]
      },
      "properties": {
        "name": "Rue d'Abbeville D1235 / Cour Bettembos",
        "context": "Amiens, Somme",
        "citycode": "80021",
        "depcode": "80"
      }
    },
    {
      "type": "Feature",
      "geometry": {
        "type": "Point",
        "coordinates": [
          2.258857359,
          49.909936399
        ]
      },
      "properties": {
        "name": "Rue d'Abbeville D1235 / Cour Danthieu",
        "context": "Amiens, Somme",
        "citycode": "80021",
        "depcode": "80"
      }
    },
    {
      "type": "Feature",
      "geometry": {
        "type": "Point",
        "coordinates": [
          2.270670969,
          49.905999335
        ]
      },
      "properties": {
        "name": "Rue d'Abbeville D1235 / Espace Alliance",
        "context": "Amiens, Somme",
        "citycode": "80021",
        "depcode": "80"
      }
    },
    {
      "type": "Feature",
      "geometry": {
        "type": "Point",
        "coordinates": [
          2.269000785,
          49.906426364
        ]
      },
      "properties": {
        "name": "Rue d'Abbeville D1235 / Impasse de la Carrière",
        "context": "Amiens, Somme",
        "citycode": "80021",
        "depcode": "80"
      }
    },
    {
      "type": "Feature",
      "geometry": {
        "type": "Point",
        "coordinates": [
          2.257718058,
          49.910282962
        ]
      },
      "properties": {
        "name": "Rue d'Abbeville D1235 / Place de la Barre",
        "context": "Amiens, Somme",
        "citycode": "80021",
        "depcode": "80"
      }
    },
    {
      "type": "Feature",
      "geometry": {
        "type": "Point",
        "coordinates": [
          2.245244278,
          49.911742399
        ]
      },
      "properties": {
        "name": "Rue d'Abbeville D1235 / Rue de l'Île de France",
        "context": "Amiens, Somme",
        "citycode": "80021",
        "depcode": "80"
      }
    },
    {
      "type": "Feature",
      "geometry": {
        "type": "Point",
        "coordinates": [
          2.265027171,
          49.907856539
        ]
      },
      "properties": {
        "name": "Rue d'Abbeville D1235 / Rue de Sully",
        "context": "Amiens, Somme",
        "citycode": "80021",
        "depcode": "80"
      }
    },
    {
      "type": "Feature",
      "geometry": {
        "type": "Point",
        "coordinates": [
          2.271357149,
          49.905887947
        ]
      },
      "properties": {
        "name": "Rue d'Abbeville D1235 / Rue du Faubourg de Hem D1235",
        "context": "Amiens, Somme",
        "citycode": "80021",
        "depcode": "80"
      }
    },
    {
      "type": "Feature",
      "geometry": {
        "type": "Point",
        "coordinates": [
          2.316945229,
          49.871734816
        ]
      },
      "properties": {
        "name": "Rue d'Aix / Rue d'Arles",
        "context": "Amiens, Somme",
        "citycode": "80021",
        "depcode": "80"
      }
    },
    {
      "type": "Feature",
      "geometry": {
        "type": "Point",
        "coordinates": [
          2.316314084,
          49.872734709
        ]
      },
      "properties": {
        "name": "Rue d'Aix / Rue d'Avignon",
        "context": "Amiens, Somme",
        "citycode": "80021",
        "depcode": "80"
      }
    },
    {
      "type": "Feature",
      "geometry": {
        "type": "Point",
        "coordinates": [
          2.317308291,
          49.871138497
        ]
      },
      "properties": {
        "name": "Rue d'Aix / Rue du Congrès d'Amiens",
        "context": "Amiens, Somme",
        "citycode": "80021",
        "depcode": "80"
      }
    },
    {
      "type": "Feature",
      "geometry": {
        "type": "Point",
        "coordinates": [
          2.317293891,
          49.871148155
        ]
      },
      "properties": {
        "name": "Rue d'Aix / Rue Jean-Marc Laurent",
        "context": "Amiens, Somme",
        "citycode": "80021",
        "depcode": "80"
      }
    },
    {
      "type": "Feature",
      "geometry": {
        "type": "Point",
        "coordinates": [
          2.316651535,
          49.872236947
        ]
      },
      "properties": {
        "name": "Rue d'Alès / Rue d'Aix",
        "context": "Amiens, Somme",
        "citycode": "80021",
        "depcode": "80"
      }
    },
    {
      "type": "Feature",
      "geometry": {
        "type": "Point",
        "coordinates": [
          2.317798805,
          49.872518586
        ]
      },
      "properties": {
        "name": "Rue d'Alès / Rue d'Arles",
        "context": "Amiens, Somme",
        "citycode": "80021",
        "depcode": "80"
      }
    },
    {
      "type": "Feature",
      "geometry": {
        "type": "Point",
        "coordinates": [
          2.316987613,
          49.912391522
        ]
      },
      "properties": {
        "name": "Rue d'Allonville D919 / Rue du Docteur Louis Fafet",
        "context": "Amiens, Somme",
        "citycode": "80021",
        "depcode": "80"
      }
    },
    {
      "type": "Feature",
      "geometry": {
        "type": "Point",
        "coordinates": [
          2.31967716,
          49.914766613
        ]
      },
      "properties": {
        "name": "Rue d'Allonville / Rue Fénelon",
        "context": "Amiens, Somme",
        "citycode": "80021",
        "depcode": "80"
      }
    },
    {
      "type": "Feature",
      "geometry": {
        "type": "Point",
        "coordinates": [
          2.319000007,
          49.9152925
        ]
      },
      "properties": {
        "name": "Rue d'Allonville / Rue George Sand",
        "context": "Amiens, Somme",
        "citycode": "80021",
        "depcode": "80"
      }
    },
    {
      "type": "Feature",
      "geometry": {
        "type": "Point",
        "coordinates": [
          2.248889189,
          49.913734062
        ]
      },
      "properties": {
        "name": "Rue d'Alsace / Rue de Touraine",
        "context": "Amiens, Somme",
        "citycode": "80021",
        "depcode": "80"
      }
    },
    {
      "type": "Feature",
      "geometry": {
        "type": "Point",
        "coordinates": [
          2.292376406,
          49.870567888
        ]
      },
      "properties": {
        "name": "Rue d'Andorre / Rue de Norvège",
        "context": "Amiens, Somme",
        "citycode": "80021",
        "depcode": "80"
      }
    },
    {
      "type": "Feature",
      "geometry": {
        "type": "Point",
        "coordinates": [
          2.252003169,
          49.917300949
        ]
      },
      "properties": {
        "name": "Rue d'Anjou / Allée du Finistère",
        "context": "Amiens, Somme",
        "citycode": "80021",
        "depcode": "80"
      }
    },
    {
      "type": "Feature",
      "geometry": {
        "type": "Point",
        "coordinates": [
          2.251343367,
          49.916936837
        ]
      },
      "properties": {
        "name": "Rue d'Anjou / Avenue du Languedoc",
        "context": "Amiens, Somme",
        "citycode": "80021",
        "depcode": "80"
      }
    },
    {
      "type": "Feature",
      "geometry": {
        "type": "Point",
        "coordinates": [
          2.315337587,
          49.873072677
        ]
      },
      "properties": {
        "name": "Rue d'Antibes / Allée des Rencontres",
        "context": "Amiens, Somme",
        "citycode": "80021",
        "depcode": "80"
      }
    },
    {
      "type": "Feature",
      "geometry": {
        "type": "Point",
        "coordinates": [
          2.317765466,
          49.874142779
        ]
      },
      "properties": {
        "name": "Rue d'Antibes / Rue de Prague",
        "context": "Amiens, Somme",
        "citycode": "80021",
        "depcode": "80"
      }
    },
    {
      "type": "Feature",
      "geometry": {
        "type": "Point",
        "coordinates": [
          2.317681336,
          49.87419985
        ]
      },
      "properties": {
        "name": "Rue d'Antibes / Rue Pierre Rollin",
        "context": "Amiens, Somme",
        "citycode": "80021",
        "depcode": "80"
      }
    },
    {
      "type": "Feature",
      "geometry": {
        "type": "Point",
        "coordinates": [
          2.316916944,
          49.871745714
        ]
      },
      "properties": {
        "name": "Rue d'Arles / Rue d'Aix",
        "context": "Amiens, Somme",
        "citycode": "80021",
        "depcode": "80"
      }
    },
    {
      "type": "Feature",
      "geometry": {
        "type": "Point",
        "coordinates": [
          2.317792164,
          49.872529555
        ]
      },
      "properties": {
        "name": "Rue d'Arles / Rue d'Alès",
        "context": "Amiens, Somme",
        "citycode": "80021",
        "depcode": "80"
      }
    },
    {
      "type": "Feature",
      "geometry": {
        "type": "Point",
        "coordinates": [
          2.316513298,
          49.872516079
        ]
      },
      "properties": {
        "name": "Rue d'Arles / Rue d'Avignon",
        "context": "Amiens, Somme",
        "citycode": "80021",
        "depcode": "80"
      }
    },
    {
      "type": "Feature",
      "geometry": {
        "type": "Point",
        "coordinates": [
          2.315527799,
          49.872000555
        ]
      },
      "properties": {
        "name": "Rue d'Arles / Rue du Maréchal de Castries",
        "context": "Amiens, Somme",
        "citycode": "80021",
        "depcode": "80"
      }
    },
    {
      "type": "Feature",
      "geometry": {
        "type": "Point",
        "coordinates": [
          2.321912618,
          49.868474681
        ]
      },
      "properties": {
        "name": "Rue d'Armor / Chemin de Cottenchy",
        "context": "Amiens, Somme",
        "citycode": "80021",
        "depcode": "80"
      }
    },
    {
      "type": "Feature",
      "geometry": {
        "type": "Point",
        "coordinates": [
          2.303835083,
          49.871011767
        ]
      },
      "properties": {
        "name": "Rue d'Artagnan / Rue Alexandre Dumas",
        "context": "Amiens, Somme",
        "citycode": "80021",
        "depcode": "80"
      }
    },
    {
      "type": "Feature",
      "geometry": {
        "type": "Point",
        "coordinates": [
          2.304704251,
          49.872165629
        ]
      },
      "properties": {
        "name": "Rue d'Artagnan / Rue de Monsoreau",
        "context": "Amiens, Somme",
        "citycode": "80021",
        "depcode": "80"
      }
    },
    {
      "type": "Feature",
      "geometry": {
        "type": "Point",
        "coordinates": [
          2.247952522,
          49.914334997
        ]
      },
      "properties": {
        "name": "Rue d'Artois / Avenue de Picardie",
        "context": "Amiens, Somme",
        "citycode": "80021",
        "depcode": "80"
      }
    },
    {
      "type": "Feature",
      "geometry": {
        "type": "Point",
        "coordinates": [
          2.24793822,
          49.91386026
        ]
      },
      "properties": {
        "name": "Rue d'Artois / Place des Provinces Françaises",
        "context": "Amiens, Somme",
        "citycode": "80021",
        "depcode": "80"
      }
    },
    {
      "type": "Feature",
      "geometry": {
        "type": "Point",
        "coordinates": [
          2.2479271,
          49.913716202
        ]
      },
      "properties": {
        "name": "Rue d'Artois / Rue d'Alsace",
        "context": "Amiens, Somme",
        "citycode": "80021",
        "depcode": "80"
      }
    },
    {
      "type": "Feature",
      "geometry": {
        "type": "Point",
        "coordinates": [
          2.247757611,
          49.912224433
        ]
      },
      "properties": {
        "name": "Rue d'Artois / Rue de Normandie",
        "context": "Amiens, Somme",
        "citycode": "80021",
        "depcode": "80"
      }
    },
    {
      "type": "Feature",
      "geometry": {
        "type": "Point",
        "coordinates": [
          2.312674748,
          49.872781984
        ]
      },
      "properties": {
        "name": "Rue d'Assas / Rue d'Antibes",
        "context": "Amiens, Somme",
        "citycode": "80021",
        "depcode": "80"
      }
    },
    {
      "type": "Feature",
      "geometry": {
        "type": "Point",
        "coordinates": [
          2.312639901,
          49.872787087
        ]
      },
      "properties": {
        "name": "Rue d'Assas / Rue de l'Amaryllis",
        "context": "Amiens, Somme",
        "citycode": "80021",
        "depcode": "80"
      }
    },
    {
      "type": "Feature",
      "geometry": {
        "type": "Point",
        "coordinates": [
          2.312649655,
          49.872073975
        ]
      },
      "properties": {
        "name": "Rue d'Assas / Rue de Westphalie",
        "context": "Amiens, Somme",
        "citycode": "80021",
        "depcode": "80"
      }
    },
    {
      "type": "Feature",
      "geometry": {
        "type": "Point",
        "coordinates": [
          2.312719374,
          49.871327789
        ]
      },
      "properties": {
        "name": "Rue d'Assas / Rue du Régiment d'Auvergne",
        "context": "Amiens, Somme",
        "citycode": "80021",
        "depcode": "80"
      }
    },
    {
      "type": "Feature",
      "geometry": {
        "type": "Point",
        "coordinates": [
          2.312719894,
          49.870907129
        ]
      },
      "properties": {
        "name": "Rue d'Assas / Rue Jean-Marc Laurent",
        "context": "Amiens, Somme",
        "citycode": "80021",
        "depcode": "80"
      }
    },
    {
      "type": "Feature",
      "geometry": {
        "type": "Point",
        "coordinates": [
          2.312617005,
          49.87359061
        ]
      },
      "properties": {
        "name": "Rue d'Assas / Rue Reaumur",
        "context": "Amiens, Somme",
        "citycode": "80021",
        "depcode": "80"
      }
    },
    {
      "type": "Feature",
      "geometry": {
        "type": "Point",
        "coordinates": [
          2.277373808,
          49.903098971
        ]
      },
      "properties": {
        "name": "Rue d'Australie D1235 / Avenue Georges Pompidou D1235",
        "context": "Amiens, Somme",
        "citycode": "80021",
        "depcode": "80"
      }
    },
    {
      "type": "Feature",
      "geometry": {
        "type": "Point",
        "coordinates": [
          2.277851589,
          49.90252103
        ]
      },
      "properties": {
        "name": "Rue d'Australie / La Selle",
        "context": "Amiens, Somme",
        "citycode": "80021",
        "depcode": "80"
      }
    },
    {
      "type": "Feature",
      "geometry": {
        "type": "Point",
        "coordinates": [
          2.278172892,
          49.902338347
        ]
      },
      "properties": {
        "name": "Rue d'Australie / Rue du Faubourg de Hem",
        "context": "Amiens, Somme",
        "citycode": "80021",
        "depcode": "80"
      }
    },
    {
      "type": "Feature",
      "geometry": {
        "type": "Point",
        "coordinates": [
          2.287629132,
          49.873696871
        ]
      },
      "properties": {
        "name": "Rue d'Autriche / Avenue d'Espagne",
        "context": "Amiens, Somme",
        "citycode": "80021",
        "depcode": "80"
      }
    },
    {
      "type": "Feature",
      "geometry": {
        "type": "Point",
        "coordinates": [
          2.317509676,
          49.873029219
        ]
      },
      "properties": {
        "name": "Rue d'Avignon / Rue d'Arles",
        "context": "Amiens, Somme",
        "citycode": "80021",
        "depcode": "80"
      }
    },
    {
      "type": "Feature",
      "geometry": {
        "type": "Point",
        "coordinates": [
          2.318529091,
          49.873308552
        ]
      },
      "properties": {
        "name": "Rue d'Avignon / Rue de Prague",
        "context": "Amiens, Somme",
        "citycode": "80021",
        "depcode": "80"
      }
    },
    {
      "type": "Feature",
      "geometry": {
        "type": "Point",
        "coordinates": [
          2.315525289,
          49.872007604
        ]
      },
      "properties": {
        "name": "Rue d'Avignon / Rue du Maréchal de Castries",
        "context": "Amiens, Somme",
        "citycode": "80021",
        "depcode": "80"
      }
    },
    {
      "type": "Feature",
      "geometry": {
        "type": "Point",
        "coordinates": [
          2.26800719,
          49.886968536
        ]
      },
      "properties": {
        "name": "Rue d'Elbeuf / Allée du Puits de la Roche",
        "context": "Amiens, Somme",
        "citycode": "80021",
        "depcode": "80"
      }
    },
    {
      "type": "Feature",
      "geometry": {
        "type": "Point",
        "coordinates": [
          2.264576034,
          49.885212567
        ]
      },
      "properties": {
        "name": "Rue d'Elbeuf / Rue du Christ",
        "context": "Amiens, Somme",
        "citycode": "80021",
        "depcode": "80"
      }
    },
    {
      "type": "Feature",
      "geometry": {
        "type": "Point",
        "coordinates": [
          2.268261785,
          49.887110462
        ]
      },
      "properties": {
        "name": "Rue d'Elbeuf / Rue Hélène Lockert",
        "context": "Amiens, Somme",
        "citycode": "80021",
        "depcode": "80"
      }
    },
    {
      "type": "Feature",
      "geometry": {
        "type": "Point",
        "coordinates": [
          2.276786699,
          49.890810982
        ]
      },
      "properties": {
        "name": "Rue d'Elbeuf / Rue Lescouvé",
        "context": "Amiens, Somme",
        "citycode": "80021",
        "depcode": "80"
      }
    },
    {
      "type": "Feature",
      "geometry": {
        "type": "Point",
        "coordinates": [
          2.274942228,
          49.889909039
        ]
      },
      "properties": {
        "name": "Rue d'Elbeuf / Rue Louis Antoine de Saint-Just",
        "context": "Amiens, Somme",
        "citycode": "80021",
        "depcode": "80"
      }
    },
    {
      "type": "Feature",
      "geometry": {
        "type": "Point",
        "coordinates": [
          2.274206513,
          49.889596931
        ]
      },
      "properties": {
        "name": "Rue d'Elbeuf / Rue Pinsonnat",
        "context": "Amiens, Somme",
        "citycode": "80021",
        "depcode": "80"
      }
    },
    {
      "type": "Feature",
      "geometry": {
        "type": "Point",
        "coordinates": [
          2.258600183,
          49.893733897
        ]
      },
      "properties": {
        "name": "Rue d'Enfer / La Selle",
        "context": "Amiens, Somme",
        "citycode": "80021",
        "depcode": "80"
      }
    },
    {
      "type": "Feature",
      "geometry": {
        "type": "Point",
        "coordinates": [
          2.258135046,
          49.89405987
        ]
      },
      "properties": {
        "name": "Rue d'Enfer / Rue Malesherbes",
        "context": "Amiens, Somme",
        "citycode": "80021",
        "depcode": "80"
      }
    },
    {
      "type": "Feature",
      "geometry": {
        "type": "Point",
        "coordinates": [
          2.301647534,
          49.897769302
        ]
      },
      "properties": {
        "name": "Rue d'Engoulvent / Petite Rue Saint-Leu",
        "context": "Amiens, Somme",
        "citycode": "80021",
        "depcode": "80"
      }
    },
    {
      "type": "Feature",
      "geometry": {
        "type": "Point",
        "coordinates": [
          2.319958237,
          49.873074137
        ]
      },
      "properties": {
        "name": "Rue d'Ophélie / Rue du Cabaret Vert",
        "context": "Amiens, Somme",
        "citycode": "80021",
        "depcode": "80"
      }
    },
    {
      "type": "Feature",
      "geometry": {
        "type": "Point",
        "coordinates": [
          2.312278696,
          49.886255695
        ]
      },
      "properties": {
        "name": "Rue Daire / Rue Just Haüy",
        "context": "Amiens, Somme",
        "citycode": "80021",
        "depcode": "80"
      }
    },
    {
      "type": "Feature",
      "geometry": {
        "type": "Point",
        "coordinates": [
          2.302061478,
          49.90008508
        ]
      },
      "properties": {
        "name": "Rue Dallery / Rue des Clairons",
        "context": "Amiens, Somme",
        "citycode": "80021",
        "depcode": "80"
      }
    },
    {
      "type": "Feature",
      "geometry": {
        "type": "Point",
        "coordinates": [
          2.301849054,
          49.899311753
        ]
      },
      "properties": {
        "name": "Rue Dallery / Rue des Minimes",
        "context": "Amiens, Somme",
        "citycode": "80021",
        "depcode": "80"
      }
    },
    {
      "type": "Feature",
      "geometry": {
        "type": "Point",
        "coordinates": [
          2.305699419,
          49.898275459
        ]
      },
      "properties": {
        "name": "Rue Dame Jeanne / Boulevard du Cange",
        "context": "Amiens, Somme",
        "citycode": "80021",
        "depcode": "80"
      }
    },
    {
      "type": "Feature",
      "geometry": {
        "type": "Point",
        "coordinates": [
          2.304142774,
          49.898620282
        ]
      },
      "properties": {
        "name": "Rue Dame Jeanne / Place Aristide Briand",
        "context": "Amiens, Somme",
        "citycode": "80021",
        "depcode": "80"
      }
    },
    {
      "type": "Feature",
      "geometry": {
        "type": "Point",
        "coordinates": [
          2.33098728,
          49.880980699
        ]
      },
      "properties": {
        "name": "Rue Danton / Chaussée Jules Ferry",
        "context": "Amiens, Somme",
        "citycode": "80021",
        "depcode": "80"
      }
    },
    {
      "type": "Feature",
      "geometry": {
        "type": "Point",
        "coordinates": [
          2.281122336,
          49.897091001
        ]
      },
      "properties": {
        "name": "Rue Dargent / Allée du 51e RI",
        "context": "Amiens, Somme",
        "citycode": "80021",
        "depcode": "80"
      }
    },
    {
      "type": "Feature",
      "geometry": {
        "type": "Point",
        "coordinates": [
          2.277477125,
          49.889348095
        ]
      },
      "properties": {
        "name": "Rue Dauphin-Obry / Boulevard de Strasbourg",
        "context": "Amiens, Somme",
        "citycode": "80021",
        "depcode": "80"
      }
    },
    {
      "type": "Feature",
      "geometry": {
        "type": "Point",
        "coordinates": [
          2.29508217,
          49.892996348
        ]
      },
      "properties": {
        "name": "Rue de Beauvais / Place de l'Hôtel de Ville",
        "context": "Amiens, Somme",
        "citycode": "80021",
        "depcode": "80"
      }
    },
    {
      "type": "Feature",
      "geometry": {
        "type": "Point",
        "coordinates": [
          2.292543271,
          49.892391305
        ]
      },
      "properties": {
        "name": "Rue de Beauvais / Rue de la 2e D.B.",
        "context": "Amiens, Somme",
        "citycode": "80021",
        "depcode": "80"
      }
    },
    {
      "type": "Feature",
      "geometry": {
        "type": "Point",
        "coordinates": [
          2.292524199,
          49.892362875
        ]
      },
      "properties": {
        "name": "Rue de Beauvais / Rue du Maréchal de Lattre de Tassigny",
        "context": "Amiens, Somme",
        "citycode": "80021",
        "depcode": "80"
      }
    },
    {
      "type": "Feature",
      "geometry": {
        "type": "Point",
        "coordinates": [
          2.326539441,
          49.885210945
        ]
      },
      "properties": {
        "name": "Rue de Berne / Rue Beaumanoir",
        "context": "Amiens, Somme",
        "citycode": "80021",
        "depcode": "80"
      }
    },
    {
      "type": "Feature",
      "geometry": {
        "type": "Point",
        "coordinates": [
          2.328031044,
          49.884529237
        ]
      },
      "properties": {
        "name": "Rue de Berne / Rue Saint-Acheul",
        "context": "Amiens, Somme",
        "citycode": "80021",
        "depcode": "80"
      }
    },
    {
      "type": "Feature",
      "geometry": {
        "type": "Point",
        "coordinates": [
          2.283700334,
          49.895373286
        ]
      },
      "properties": {
        "name": "Rue de Berville / Boulevard des Fédérés",
        "context": "Amiens, Somme",
        "citycode": "80021",
        "depcode": "80"
      }
    },
    {
      "type": "Feature",
      "geometry": {
        "type": "Point",
        "coordinates": [
          2.28518457,
          49.883293214
        ]
      },
      "properties": {
        "name": "Rue de Blayries / Rue du Moulin",
        "context": "Amiens, Somme",
        "citycode": "80021",
        "depcode": "80"
      }
    },
    {
      "type": "Feature",
      "geometry": {
        "type": "Point",
        "coordinates": [
          2.28314932,
          49.884247106
        ]
      },
      "properties": {
        "name": "Rue de Blayries / Rue Saint-Honoré",
        "context": "Amiens, Somme",
        "citycode": "80021",
        "depcode": "80"
      }
    },
    {
      "type": "Feature",
      "geometry": {
        "type": "Point",
        "coordinates": [
          2.252230909,
          49.915965826
        ]
      },
      "properties": {
        "name": "Rue de Bourgogne / Rue de Bretagne",
        "context": "Amiens, Somme",
        "citycode": "80021",
        "depcode": "80"
      }
    },
    {
      "type": "Feature",
      "geometry": {
        "type": "Point",
        "coordinates": [
          2.316869278,
          49.882016451
        ]
      },
      "properties": {
        "name": "Rue de Boves / Boulevard de Bapaume",
        "context": "Amiens, Somme",
        "citycode": "80021",
        "depcode": "80"
      }
    },
    {
      "type": "Feature",
      "geometry": {
        "type": "Point",
        "coordinates": [
          2.316142228,
          49.882553328
        ]
      },
      "properties": {
        "name": "Rue de Boves / Rue de la Croix Saint-Firmin",
        "context": "Amiens, Somme",
        "citycode": "80021",
        "depcode": "80"
      }
    },
    {
      "type": "Feature",
      "geometry": {
        "type": "Point",
        "coordinates": [
          2.315214692,
          49.883171394
        ]
      },
      "properties": {
        "name": "Rue de Boves / Rue Marcellin Berthelot",
        "context": "Amiens, Somme",
        "citycode": "80021",
        "depcode": "80"
      }
    },
    {
      "type": "Feature",
      "geometry": {
        "type": "Point",
        "coordinates": [
          2.315224273,
          49.883161582
        ]
      },
      "properties": {
        "name": "Rue de Boves / Rue Richard de Fournival",
        "context": "Amiens, Somme",
        "citycode": "80021",
        "depcode": "80"
      }
    },
    {
      "type": "Feature",
      "geometry": {
        "type": "Point",
        "coordinates": [
          2.315726569,
          49.882795958
        ]
      },
      "properties": {
        "name": "Rue de Boves / Rue Victor Commont",
        "context": "Amiens, Somme",
        "citycode": "80021",
        "depcode": "80"
      }
    },
    {
      "type": "Feature",
      "geometry": {
        "type": "Point",
        "coordinates": [
          2.25359153,
          49.916402414
        ]
      },
      "properties": {
        "name": "Rue de Bretagne / Allée de Vendée",
        "context": "Amiens, Somme",
        "citycode": "80021",
        "depcode": "80"
      }
    },
    {
      "type": "Feature",
      "geometry": {
        "type": "Point",
        "coordinates": [
          2.253556189,
          49.916394962
        ]
      },
      "properties": {
        "name": "Rue de Bretagne / Allée du Finistère",
        "context": "Amiens, Somme",
        "citycode": "80021",
        "depcode": "80"
      }
    },
    {
      "type": "Feature",
      "geometry": {
        "type": "Point",
        "coordinates": [
          2.253569479,
          49.91639571
        ]
      },
      "properties": {
        "name": "Rue de Bretagne / Place de Bretagne",
        "context": "Amiens, Somme",
        "citycode": "80021",
        "depcode": "80"
      }
    },
    {
      "type": "Feature",
      "geometry": {
        "type": "Point",
        "coordinates": [
          2.251686741,
          49.916067849
        ]
      },
      "properties": {
        "name": "Rue de Bretagne / Rue d'Anjou",
        "context": "Amiens, Somme",
        "citycode": "80021",
        "depcode": "80"
      }
    },
    {
      "type": "Feature",
      "geometry": {
        "type": "Point",
        "coordinates": [
          2.251781873,
          49.916034299
        ]
      },
      "properties": {
        "name": "Rue de Bretagne / Square Émile Thuillez",
        "context": "Amiens, Somme",
        "citycode": "80021",
        "depcode": "80"
      }
    },
    {
      "type": "Feature",
      "geometry": {
        "type": "Point",
        "coordinates": [
          2.288110054,
          49.872680325
        ]
      },
      "properties": {
        "name": "Rue de Bulgarie / Avenue du Royaume-Uni",
        "context": "Amiens, Somme",
        "citycode": "80021",
        "depcode": "80"
      }
    },
    {
      "type": "Feature",
      "geometry": {
        "type": "Point",
        "coordinates": [
          2.287832923,
          49.872252697
        ]
      },
      "properties": {
        "name": "Rue de Bulgarie / Rue de Hongrie",
        "context": "Amiens, Somme",
        "citycode": "80021",
        "depcode": "80"
      }
    },
    {
      "type": "Feature",
      "geometry": {
        "type": "Point",
        "coordinates": [
          2.316569659,
          49.882260753
        ]
      },
      "properties": {
        "name": "Rue de Cachy / Rue de Boves",
        "context": "Amiens, Somme",
        "citycode": "80021",
        "depcode": "80"
      }
    },
    {
      "type": "Feature",
      "geometry": {
        "type": "Point",
        "coordinates": [
          2.317704458,
          49.883385428
        ]
      },
      "properties": {
        "name": "Rue de Cachy / Rue de Cagny",
        "context": "Amiens, Somme",
        "citycode": "80021",
        "depcode": "80"
      }
    },
    {
      "type": "Feature",
      "geometry": {
        "type": "Point",
        "coordinates": [
          2.318881569,
          49.882333999
        ]
      },
      "properties": {
        "name": "Rue de Cagny / Boulevard de Bapaume",
        "context": "Amiens, Somme",
        "citycode": "80021",
        "depcode": "80"
      }
    },
    {
      "type": "Feature",
      "geometry": {
        "type": "Point",
        "coordinates": [
          2.318739809,
          49.882504904
        ]
      },
      "properties": {
        "name": "Rue de Cagny / Boulevard de Pont-Noyelles",
        "context": "Amiens, Somme",
        "citycode": "80021",
        "depcode": "80"
      }
    },
    {
      "type": "Feature",
      "geometry": {
        "type": "Point",
        "coordinates": [
          2.329966646,
          49.874881249
        ]
      },
      "properties": {
        "name": "Rue de Cagny / Rue de Contalmaison",
        "context": "Amiens, Somme",
        "citycode": "80021",
        "depcode": "80"
      }
    },
    {
      "type": "Feature",
      "geometry": {
        "type": "Point",
        "coordinates": [
          2.317293618,
          49.88382116
        ]
      },
      "properties": {
        "name": "Rue de Cagny / Rue de la Croix Saint-Firmin",
        "context": "Amiens, Somme",
        "citycode": "80021",
        "depcode": "80"
      }
    },
    {
      "type": "Feature",
      "geometry": {
        "type": "Point",
        "coordinates": [
          2.326099101,
          49.877425692
        ]
      },
      "properties": {
        "name": "Rue de Cagny / Rue de Mercey",
        "context": "Amiens, Somme",
        "citycode": "80021",
        "depcode": "80"
      }
    },
    {
      "type": "Feature",
      "geometry": {
        "type": "Point",
        "coordinates": [
          2.333144611,
          49.8707616
        ]
      },
      "properties": {
        "name": "Rue de Cagny / Rue de Québec",
        "context": "Amiens, Somme",
        "citycode": "80021",
        "depcode": "80"
      }
    },
    {
      "type": "Feature",
      "geometry": {
        "type": "Point",
        "coordinates": [
          2.329571371,
          49.875287951
        ]
      },
      "properties": {
        "name": "Rue de Cagny / Rue Edmond Rostand",
        "context": "Amiens, Somme",
        "citycode": "80021",
        "depcode": "80"
      }
    },
    {
      "type": "Feature",
      "geometry": {
        "type": "Point",
        "coordinates": [
          2.332219898,
          49.872180251
        ]
      },
      "properties": {
        "name": "Rue de Cagny / Rue Elsa Triolet",
        "context": "Amiens, Somme",
        "citycode": "80021",
        "depcode": "80"
      }
    },
    {
      "type": "Feature",
      "geometry": {
        "type": "Point",
        "coordinates": [
          2.319723139,
          49.881634938
        ]
      },
      "properties": {
        "name": "Rue de Cagny / Rue Gabriel de Mortillet",
        "context": "Amiens, Somme",
        "citycode": "80021",
        "depcode": "80"
      }
    },
    {
      "type": "Feature",
      "geometry": {
        "type": "Point",
        "coordinates": [
          2.33510611,
          49.867795416
        ]
      },
      "properties": {
        "name": "Rue de Cagny / Rue Jean Racine",
        "context": "Amiens, Somme",
        "citycode": "80021",
        "depcode": "80"
      }
    },
    {
      "type": "Feature",
      "geometry": {
        "type": "Point",
        "coordinates": [
          2.316798771,
          49.886664413
        ]
      },
      "properties": {
        "name": "Rue de Cagny / Rue Jules Barni",
        "context": "Amiens, Somme",
        "citycode": "80021",
        "depcode": "80"
      }
    },
    {
      "type": "Feature",
      "geometry": {
        "type": "Point",
        "coordinates": [
          2.309015699,
          49.888372625
        ]
      },
      "properties": {
        "name": "Rue de Castille / Impasse Fossier",
        "context": "Amiens, Somme",
        "citycode": "80021",
        "depcode": "80"
      }
    },
    {
      "type": "Feature",
      "geometry": {
        "type": "Point",
        "coordinates": [
          2.310755048,
          49.888123412
        ]
      },
      "properties": {
        "name": "Rue de Castille / Rue du Blamont",
        "context": "Amiens, Somme",
        "citycode": "80021",
        "depcode": "80"
      }
    },
    {
      "type": "Feature",
      "geometry": {
        "type": "Point",
        "coordinates": [
          2.308388511,
          49.888493701
        ]
      },
      "properties": {
        "name": "Rue de Castille / Rue Vascosan",
        "context": "Amiens, Somme",
        "citycode": "80021",
        "depcode": "80"
      }
    },
    {
      "type": "Feature",
      "geometry": {
        "type": "Point",
        "coordinates": [
          2.310802572,
          49.888101032
        ]
      },
      "properties": {
        "name": "Rue de Castille / Square René Lamps",
        "context": "Amiens, Somme",
        "citycode": "80021",
        "depcode": "80"
      }
    },
    {
      "type": "Feature",
      "geometry": {
        "type": "Point",
        "coordinates": [
          2.291468798,
          49.893553233
        ]
      },
      "properties": {
        "name": "Rue de Cerisy / Rue Marc Sangnier",
        "context": "Amiens, Somme",
        "citycode": "80021",
        "depcode": "80"
      }
    },
    {
      "type": "Feature",
      "geometry": {
        "type": "Point",
        "coordinates": [
          2.31547345,
          49.868905329
        ]
      },
      "properties": {
        "name": "Rue de Colmar / Rue d'Obernai",
        "context": "Amiens, Somme",
        "citycode": "80021",
        "depcode": "80"
      }
    },
    {
      "type": "Feature",
      "geometry": {
        "type": "Point",
        "coordinates": [
          2.294299011,
          49.897592566
        ]
      },
      "properties": {
        "name": "Rue de Condé / Place de la Tuerie",
        "context": "Amiens, Somme",
        "citycode": "80021",
        "depcode": "80"
      }
    },
    {
      "type": "Feature",
      "geometry": {
        "type": "Point",
        "coordinates": [
          2.294312626,
          49.89766611
        ]
      },
      "properties": {
        "name": "Rue de Condé / Rivière des Clairons",
        "context": "Amiens, Somme",
        "citycode": "80021",
        "depcode": "80"
      }
    },
    {
      "type": "Feature",
      "geometry": {
        "type": "Point",
        "coordinates": [
          2.294347676,
          49.897707209
        ]
      },
      "properties": {
        "name": "Rue de Condé / Rue des Doubles-Chaises",
        "context": "Amiens, Somme",
        "citycode": "80021",
        "depcode": "80"
      }
    },
    {
      "type": "Feature",
      "geometry": {
        "type": "Point",
        "coordinates": [
          2.313299078,
          49.880936457
        ]
      },
      "properties": {
        "name": "Rue de Cottenchy / Boulevard de Bapaume",
        "context": "Amiens, Somme",
        "citycode": "80021",
        "depcode": "80"
      }
    },
    {
      "type": "Feature",
      "geometry": {
        "type": "Point",
        "coordinates": [
          2.312481907,
          49.881860405
        ]
      },
      "properties": {
        "name": "Rue de Cottenchy / Chemin des Terres de Ville",
        "context": "Amiens, Somme",
        "citycode": "80021",
        "depcode": "80"
      }
    },
    {
      "type": "Feature",
      "geometry": {
        "type": "Point",
        "coordinates": [
          2.313126267,
          49.885021224
        ]
      },
      "properties": {
        "name": "Rue de Cottenchy / Cour Huret",
        "context": "Amiens, Somme",
        "citycode": "80021",
        "depcode": "80"
      }
    },
    {
      "type": "Feature",
      "geometry": {
        "type": "Point",
        "coordinates": [
          2.3132868,
          49.885072765
        ]
      },
      "properties": {
        "name": "Rue de Cottenchy / Rue du Paraclet",
        "context": "Amiens, Somme",
        "citycode": "80021",
        "depcode": "80"
      }
    },
    {
      "type": "Feature",
      "geometry": {
        "type": "Point",
        "coordinates": [
          2.312215232,
          49.884406667
        ]
      },
      "properties": {
        "name": "Rue de Cottenchy / Rue Jean Macé",
        "context": "Amiens, Somme",
        "citycode": "80021",
        "depcode": "80"
      }
    },
    {
      "type": "Feature",
      "geometry": {
        "type": "Point",
        "coordinates": [
          2.315458053,
          49.887120264
        ]
      },
      "properties": {
        "name": "Rue de Cottenchy / Rue Jules Barni",
        "context": "Amiens, Somme",
        "citycode": "80021",
        "depcode": "80"
      }
    },
    {
      "type": "Feature",
      "geometry": {
        "type": "Point",
        "coordinates": [
          2.314241186,
          49.885843026
        ]
      },
      "properties": {
        "name": "Rue de Cottenchy / Rue Leprince",
        "context": "Amiens, Somme",
        "citycode": "80021",
        "depcode": "80"
      }
    },
    {
      "type": "Feature",
      "geometry": {
        "type": "Point",
        "coordinates": [
          2.312788118,
          49.884731662
        ]
      },
      "properties": {
        "name": "Rue de Cottenchy / Rue Marcellin Berthelot",
        "context": "Amiens, Somme",
        "citycode": "80021",
        "depcode": "80"
      }
    },
    {
      "type": "Feature",
      "geometry": {
        "type": "Point",
        "coordinates": [
          2.319073189,
          49.885743604
        ]
      },
      "properties": {
        "name": "Rue de Croy / Rue de la Croix Saint-Firmin",
        "context": "Amiens, Somme",
        "citycode": "80021",
        "depcode": "80"
      }
    },
    {
      "type": "Feature",
      "geometry": {
        "type": "Point",
        "coordinates": [
          2.321332997,
          49.886544097
        ]
      },
      "properties": {
        "name": "Rue de Croy / Rue Jean Boen",
        "context": "Amiens, Somme",
        "citycode": "80021",
        "depcode": "80"
      }
    },
    {
      "type": "Feature",
      "geometry": {
        "type": "Point",
        "coordinates": [
          2.319108946,
          49.885786048
        ]
      },
      "properties": {
        "name": "Rue de Croy / Rue Jules Barni",
        "context": "Amiens, Somme",
        "citycode": "80021",
        "depcode": "80"
      }
    },
    {
      "type": "Feature",
      "geometry": {
        "type": "Point",
        "coordinates": [
          2.321325731,
          49.886547482
        ]
      },
      "properties": {
        "name": "Rue de Croy / Rue le Mongnier",
        "context": "Amiens, Somme",
        "citycode": "80021",
        "depcode": "80"
      }
    },
    {
      "type": "Feature",
      "geometry": {
        "type": "Point",
        "coordinates": [
          2.320683654,
          49.886824279
        ]
      },
      "properties": {
        "name": "Rue de Croy / Rue Sire Bernard",
        "context": "Amiens, Somme",
        "citycode": "80021",
        "depcode": "80"
      }
    },
    {
      "type": "Feature",
      "geometry": {
        "type": "Point",
        "coordinates": [
          2.31064265,
          49.877158205
        ]
      },
      "properties": {
        "name": "Rue de Dortmund / Allée des Cèdres",
        "context": "Amiens, Somme",
        "citycode": "80021",
        "depcode": "80"
      }
    },
    {
      "type": "Feature",
      "geometry": {
        "type": "Point",
        "coordinates": [
          2.309611441,
          49.87552353
        ]
      },
      "properties": {
        "name": "Rue de Dortmund / Allée des Cytises",
        "context": "Amiens, Somme",
        "citycode": "80021",
        "depcode": "80"
      }
    },
    {
      "type": "Feature",
      "geometry": {
        "type": "Point",
        "coordinates": [
          2.310134873,
          49.876851603
        ]
      },
      "properties": {
        "name": "Rue de Dortmund / Allée des Ormes",
        "context": "Amiens, Somme",
        "citycode": "80021",
        "depcode": "80"
      }
    },
    {
      "type": "Feature",
      "geometry": {
        "type": "Point",
        "coordinates": [
          2.310655936,
          49.877136394
        ]
      },
      "properties": {
        "name": "Rue de Dortmund / Allée des Rencontres",
        "context": "Amiens, Somme",
        "citycode": "80021",
        "depcode": "80"
      }
    },
    {
      "type": "Feature",
      "geometry": {
        "type": "Point",
        "coordinates": [
          2.309727391,
          49.876376205
        ]
      },
      "properties": {
        "name": "Rue de Dortmund / Allée des Tilleuls",
        "context": "Amiens, Somme",
        "citycode": "80021",
        "depcode": "80"
      }
    },
    {
      "type": "Feature",
      "geometry": {
        "type": "Point",
        "coordinates": [
          2.311649887,
          49.877569728
        ]
      },
      "properties": {
        "name": "Rue de Dortmund / Rue du Cabaret de la Belle Femme",
        "context": "Amiens, Somme",
        "citycode": "80021",
        "depcode": "80"
      }
    },
    {
      "type": "Feature",
      "geometry": {
        "type": "Point",
        "coordinates": [
          2.312414796,
          49.877764246
        ]
      },
      "properties": {
        "name": "Rue de Dortmund / Rue Pierre Rollin",
        "context": "Amiens, Somme",
        "citycode": "80021",
        "depcode": "80"
      }
    },
    {
      "type": "Feature",
      "geometry": {
        "type": "Point",
        "coordinates": [
          2.311438573,
          49.87741622
        ]
      },
      "properties": {
        "name": "Rue de Dortmund / Rue Saint-Magloire",
        "context": "Amiens, Somme",
        "citycode": "80021",
        "depcode": "80"
      }
    },
    {
      "type": "Feature",
      "geometry": {
        "type": "Point",
        "coordinates": [
          2.307208218,
          49.90368421
        ]
      },
      "properties": {
        "name": "Rue de Doullens / Chaussée Saint-Pierre D929",
        "context": "Amiens, Somme",
        "citycode": "80021",
        "depcode": "80"
      }
    },
    {
      "type": "Feature",
      "geometry": {
        "type": "Point",
        "coordinates": [
          2.304930455,
          49.906444244
        ]
      },
      "properties": {
        "name": "Rue de Doullens / Rue du Général Frère",
        "context": "Amiens, Somme",
        "citycode": "80021",
        "depcode": "80"
      }
    },
    {
      "type": "Feature",
      "geometry": {
        "type": "Point",
        "coordinates": [
          2.306563235,
          49.904832068
        ]
      },
      "properties": {
        "name": "Rue de Doullens / Rue du Marquenterre",
        "context": "Amiens, Somme",
        "citycode": "80021",
        "depcode": "80"
      }
    },
    {
      "type": "Feature",
      "geometry": {
        "type": "Point",
        "coordinates": [
          2.306913425,
          49.90448116
        ]
      },
      "properties": {
        "name": "Rue de Doullens / Rue Lucien Lecointe",
        "context": "Amiens, Somme",
        "citycode": "80021",
        "depcode": "80"
      }
    },
    {
      "type": "Feature",
      "geometry": {
        "type": "Point",
        "coordinates": [
          2.303718974,
          49.907789841
        ]
      },
      "properties": {
        "name": "Rue de Doullens / Rue Robert Schumann",
        "context": "Amiens, Somme",
        "citycode": "80021",
        "depcode": "80"
      }
    },
    {
      "type": "Feature",
      "geometry": {
        "type": "Point",
        "coordinates": [
          2.30372622,
          49.907803217
        ]
      },
      "properties": {
        "name": "Rue de Doullens / Rue Winston Churchill",
        "context": "Amiens, Somme",
        "citycode": "80021",
        "depcode": "80"
      }
    },
    {
      "type": "Feature",
      "geometry": {
        "type": "Point",
        "coordinates": [
          2.252214786,
          49.909410916
        ]
      },
      "properties": {
        "name": "Rue de Dreuil / Rue de Grâce",
        "context": "Amiens, Somme",
        "citycode": "80021",
        "depcode": "80"
      }
    },
    {
      "type": "Feature",
      "geometry": {
        "type": "Point",
        "coordinates": [
          2.264909517,
          49.905213293
        ]
      },
      "properties": {
        "name": "Rue de Dreuil / Rue de la Poterie",
        "context": "Amiens, Somme",
        "citycode": "80021",
        "depcode": "80"
      }
    },
    {
      "type": "Feature",
      "geometry": {
        "type": "Point",
        "coordinates": [
          2.302979715,
          49.905687781
        ]
      },
      "properties": {
        "name": "Rue de Dunkerque / Rue du Général Frère",
        "context": "Amiens, Somme",
        "citycode": "80021",
        "depcode": "80"
      }
    },
    {
      "type": "Feature",
      "geometry": {
        "type": "Point",
        "coordinates": [
          2.251178932,
          49.914208838
        ]
      },
      "properties": {
        "name": "Rue de Flandre / Avenue de Picardie",
        "context": "Amiens, Somme",
        "citycode": "80021",
        "depcode": "80"
      }
    },
    {
      "type": "Feature",
      "geometry": {
        "type": "Point",
        "coordinates": [
          2.251541483,
          49.913284639
        ]
      },
      "properties": {
        "name": "Rue de Flandre / Avenue du Périgord",
        "context": "Amiens, Somme",
        "citycode": "80021",
        "depcode": "80"
      }
    },
    {
      "type": "Feature",
      "geometry": {
        "type": "Point",
        "coordinates": [
          2.281927732,
          49.885567977
        ]
      },
      "properties": {
        "name": "Rue de Forceville / Rue Du Bellay",
        "context": "Amiens, Somme",
        "citycode": "80021",
        "depcode": "80"
      }
    },
    {
      "type": "Feature",
      "geometry": {
        "type": "Point",
        "coordinates": [
          2.283859985,
          49.884646656
        ]
      },
      "properties": {
        "name": "Rue de Forceville / Rue du Pierre Lefort",
        "context": "Amiens, Somme",
        "citycode": "80021",
        "depcode": "80"
      }
    },
    {
      "type": "Feature",
      "geometry": {
        "type": "Point",
        "coordinates": [
          2.283773859,
          49.884617747
        ]
      },
      "properties": {
        "name": "Rue de Forceville / Rue Saint-Honoré",
        "context": "Amiens, Somme",
        "citycode": "80021",
        "depcode": "80"
      }
    },
    {
      "type": "Feature",
      "geometry": {
        "type": "Point",
        "coordinates": [
          2.319128081,
          49.868853299
        ]
      },
      "properties": {
        "name": "Rue de Fougères / Rue Frédéric Mistral",
        "context": "Amiens, Somme",
        "citycode": "80021",
        "depcode": "80"
      }
    },
    {
      "type": "Feature",
      "geometry": {
        "type": "Point",
        "coordinates": [
          2.316050763,
          49.88379122
        ]
      },
      "properties": {
        "name": "Rue de Gentelles / Rue Richard de Fournival",
        "context": "Amiens, Somme",
        "citycode": "80021",
        "depcode": "80"
      }
    },
    {
      "type": "Feature",
      "geometry": {
        "type": "Point",
        "coordinates": [
          2.246393053,
          49.905319881
        ]
      },
      "properties": {
        "name": "Rue de Grâce / Chemin de Grâce",
        "context": "Amiens, Somme",
        "citycode": "80021",
        "depcode": "80"
      }
    },
    {
      "type": "Feature",
      "geometry": {
        "type": "Point",
        "coordinates": [
          2.254979794,
          49.911226379
        ]
      },
      "properties": {
        "name": "Rue de Grâce / Rue d'Abbeville D1235",
        "context": "Amiens, Somme",
        "citycode": "80021",
        "depcode": "80"
      }
    },
    {
      "type": "Feature",
      "geometry": {
        "type": "Point",
        "coordinates": [
          2.252183656,
          49.909408671
        ]
      },
      "properties": {
        "name": "Rue de Grâce / Rue de Dreuil",
        "context": "Amiens, Somme",
        "citycode": "80021",
        "depcode": "80"
      }
    },
    {
      "type": "Feature",
      "geometry": {
        "type": "Point",
        "coordinates": [
          2.255009103,
          49.911252148
        ]
      },
      "properties": {
        "name": "Rue de Grâce / Rue Jean de la Fontaine",
        "context": "Amiens, Somme",
        "citycode": "80021",
        "depcode": "80"
      }
    },
    {
      "type": "Feature",
      "geometry": {
        "type": "Point",
        "coordinates": [
          2.339254749,
          49.864798997
        ]
      },
      "properties": {
        "name": "Rue de Hollande / Rue de la Ruelle",
        "context": "Amiens, Somme",
        "citycode": "80021",
        "depcode": "80"
      }
    },
    {
      "type": "Feature",
      "geometry": {
        "type": "Point",
        "coordinates": [
          2.340369535,
          49.866002976
        ]
      },
      "properties": {
        "name": "Rue de Hollande / Rue du Bel Air",
        "context": "Amiens, Somme",
        "citycode": "80021",
        "depcode": "80"
      }
    },
    {
      "type": "Feature",
      "geometry": {
        "type": "Point",
        "coordinates": [
          2.338409855,
          49.864475042
        ]
      },
      "properties": {
        "name": "Rue de Hollande / Rue Wasse",
        "context": "Amiens, Somme",
        "citycode": "80021",
        "depcode": "80"
      }
    },
    {
      "type": "Feature",
      "geometry": {
        "type": "Point",
        "coordinates": [
          2.340685446,
          49.865686837
        ]
      },
      "properties": {
        "name": "Rue de Hollande / Ruelle du Marais Aux Vaches",
        "context": "Amiens, Somme",
        "citycode": "80021",
        "depcode": "80"
      }
    },
    {
      "type": "Feature",
      "geometry": {
        "type": "Point",
        "coordinates": [
          2.283273472,
          49.895465594
        ]
      },
      "properties": {
        "name": "Rue de l'Abbaye / Boulevard des Fédérés",
        "context": "Amiens, Somme",
        "citycode": "80021",
        "depcode": "80"
      }
    },
    {
      "type": "Feature",
      "geometry": {
        "type": "Point",
        "coordinates": [
          2.27766896,
          49.896137606
        ]
      },
      "properties": {
        "name": "Rue de l'Abbaye / La Basse Selle",
        "context": "Amiens, Somme",
        "citycode": "80021",
        "depcode": "80"
      }
    },
    {
      "type": "Feature",
      "geometry": {
        "type": "Point",
        "coordinates": [
          2.281414126,
          49.895704364
        ]
      },
      "properties": {
        "name": "Rue de l'Abbaye / Rue Allou",
        "context": "Amiens, Somme",
        "citycode": "80021",
        "depcode": "80"
      }
    },
    {
      "type": "Feature",
      "geometry": {
        "type": "Point",
        "coordinates": [
          2.279068808,
          49.895960354
        ]
      },
      "properties": {
        "name": "Rue de l'Abbaye / Rue Carpentier",
        "context": "Amiens, Somme",
        "citycode": "80021",
        "depcode": "80"
      }
    },
    {
      "type": "Feature",
      "geometry": {
        "type": "Point",
        "coordinates": [
          2.280752331,
          49.895780999
        ]
      },
      "properties": {
        "name": "Rue de l'Abbaye / Rue Dargent",
        "context": "Amiens, Somme",
        "citycode": "80021",
        "depcode": "80"
      }
    },
    {
      "type": "Feature",
      "geometry": {
        "type": "Point",
        "coordinates": [
          2.280002379,
          49.895868
        ]
      },
      "properties": {
        "name": "Rue de l'Abbaye / Rue Rembault",
        "context": "Amiens, Somme",
        "citycode": "80021",
        "depcode": "80"
      }
    },
    {
      "type": "Feature",
      "geometry": {
        "type": "Point",
        "coordinates": [
          2.311713211,
          49.907956821
        ]
      },
      "properties": {
        "name": "Rue de l'Abbé Dumont / Rue Lucien Lecointe",
        "context": "Amiens, Somme",
        "citycode": "80021",
        "depcode": "80"
      }
    },
    {
      "type": "Feature",
      "geometry": {
        "type": "Point",
        "coordinates": [
          2.295373802,
          49.910200884
        ]
      },
      "properties": {
        "name": "Rue de l'Abbé Hénocque / Allée du Docteur Degouy",
        "context": "Amiens, Somme",
        "citycode": "80021",
        "depcode": "80"
      }
    },
    {
      "type": "Feature",
      "geometry": {
        "type": "Point",
        "coordinates": [
          2.296921058,
          49.91043878
        ]
      },
      "properties": {
        "name": "Rue de l'Abbé Hénocque / Chemin de la Folie",
        "context": "Amiens, Somme",
        "citycode": "80021",
        "depcode": "80"
      }
    },
    {
      "type": "Feature",
      "geometry": {
        "type": "Point",
        "coordinates": [
          2.296893042,
          49.910459331
        ]
      },
      "properties": {
        "name": "Rue de l'Abbé Hénocque / Rue Franklin Roosevelt D933",
        "context": "Amiens, Somme",
        "citycode": "80021",
        "depcode": "80"
      }
    },
    {
      "type": "Feature",
      "geometry": {
        "type": "Point",
        "coordinates": [
          2.295725974,
          49.91029635
        ]
      },
      "properties": {
        "name": "Rue de l'Abbé Hénocque / Rue Maillard",
        "context": "Amiens, Somme",
        "citycode": "80021",
        "depcode": "80"
      }
    },
    {
      "type": "Feature",
      "geometry": {
        "type": "Point",
        "coordinates": [
          2.292620463,
          49.909665488
        ]
      },
      "properties": {
        "name": "Rue de l'Abbé Hénocque / Rue Terral",
        "context": "Amiens, Somme",
        "citycode": "80021",
        "depcode": "80"
      }
    },
    {
      "type": "Feature",
      "geometry": {
        "type": "Point",
        "coordinates": [
          2.280111005,
          49.885653911
        ]
      },
      "properties": {
        "name": "Rue de l'Abeille / Boulevard Chateaudun",
        "context": "Amiens, Somme",
        "citycode": "80021",
        "depcode": "80"
      }
    },
    {
      "type": "Feature",
      "geometry": {
        "type": "Point",
        "coordinates": [
          2.279985344,
          49.886676074
        ]
      },
      "properties": {
        "name": "Rue de l'Abeille / Route de Rouen",
        "context": "Amiens, Somme",
        "citycode": "80021",
        "depcode": "80"
      }
    },
    {
      "type": "Feature",
      "geometry": {
        "type": "Point",
        "coordinates": [
          2.262043168,
          49.921430672
        ]
      },
      "properties": {
        "name": "Rue de l'Abreuvoir / Rue du Grand Marais",
        "context": "Amiens, Somme",
        "citycode": "80021",
        "depcode": "80"
      }
    },
    {
      "type": "Feature",
      "geometry": {
        "type": "Point",
        "coordinates": [
          2.26238332,
          49.921941182
        ]
      },
      "properties": {
        "name": "Rue de l'Abreuvoir / Rue Joseph Masson",
        "context": "Amiens, Somme",
        "citycode": "80021",
        "depcode": "80"
      }
    },
    {
      "type": "Feature",
      "geometry": {
        "type": "Point",
        "coordinates": [
          2.260476851,
          49.922787479
        ]
      },
      "properties": {
        "name": "Rue de l'Abreuvoir / Rue Saint-Léger",
        "context": "Amiens, Somme",
        "citycode": "80021",
        "depcode": "80"
      }
    },
    {
      "type": "Feature",
      "geometry": {
        "type": "Point",
        "coordinates": [
          2.260933569,
          49.922440371
        ]
      },
      "properties": {
        "name": "Rue de l'Abreuvoir / Ruelle du Marais",
        "context": "Amiens, Somme",
        "citycode": "80021",
        "depcode": "80"
      }
    },
    {
      "type": "Feature",
      "geometry": {
        "type": "Point",
        "coordinates": [
          2.332723379,
          49.887096619
        ]
      },
      "properties": {
        "name": "Rue de l'Agrappin / Petite Avre",
        "context": "Amiens, Somme",
        "citycode": "80021",
        "depcode": "80"
      }
    },
    {
      "type": "Feature",
      "geometry": {
        "type": "Point",
        "coordinates": [
          2.33221429,
          49.886334602
        ]
      },
      "properties": {
        "name": "Rue de l'Agrappin / Place Augustin Dujardin",
        "context": "Amiens, Somme",
        "citycode": "80021",
        "depcode": "80"
      }
    },
    {
      "type": "Feature",
      "geometry": {
        "type": "Point",
        "coordinates": [
          2.332985531,
          49.887847364
        ]
      },
      "properties": {
        "name": "Rue de l'Agrappin / Rue Voyelle",
        "context": "Amiens, Somme",
        "citycode": "80021",
        "depcode": "80"
      }
    },
    {
      "type": "Feature",
      "geometry": {
        "type": "Point",
        "coordinates": [
          2.327218488,
          49.874243489
        ]
      },
      "properties": {
        "name": "Rue de l'Aiglon / Rue Edmond Rostand",
        "context": "Amiens, Somme",
        "citycode": "80021",
        "depcode": "80"
      }
    },
    {
      "type": "Feature",
      "geometry": {
        "type": "Point",
        "coordinates": [
          2.31265801,
          49.872781464
        ]
      },
      "properties": {
        "name": "Rue de l'Amaryllis / Rue d'Antibes",
        "context": "Amiens, Somme",
        "citycode": "80021",
        "depcode": "80"
      }
    },
    {
      "type": "Feature",
      "geometry": {
        "type": "Point",
        "coordinates": [
          2.301162687,
          49.902272964
        ]
      },
      "properties": {
        "name": "Rue de l'Amiral Courrejolles / Boulevard des Célestins",
        "context": "Amiens, Somme",
        "citycode": "80021",
        "depcode": "80"
      }
    },
    {
      "type": "Feature",
      "geometry": {
        "type": "Point",
        "coordinates": [
          2.301169708,
          49.902281923
        ]
      },
      "properties": {
        "name": "Rue de l'Amiral Courrejolles / Chaussée Saint-Pierre D929",
        "context": "Amiens, Somme",
        "citycode": "80021",
        "depcode": "80"
      }
    },
    {
      "type": "Feature",
      "geometry": {
        "type": "Point",
        "coordinates": [
          2.301253412,
          49.902909599
        ]
      },
      "properties": {
        "name": "Rue de l'Amiral Courrejolles / Rue de Turenne",
        "context": "Amiens, Somme",
        "citycode": "80021",
        "depcode": "80"
      }
    },
    {
      "type": "Feature",
      "geometry": {
        "type": "Point",
        "coordinates": [
          2.301290243,
          49.903324642
        ]
      },
      "properties": {
        "name": "Rue de l'Amiral Courrejolles / Rue du Docteur Lenoel",
        "context": "Amiens, Somme",
        "citycode": "80021",
        "depcode": "80"
      }
    },
    {
      "type": "Feature",
      "geometry": {
        "type": "Point",
        "coordinates": [
          2.290463854,
          49.893193023
        ]
      },
      "properties": {
        "name": "Rue de l'Amiral Lejeune / Place Louis Dewailly",
        "context": "Amiens, Somme",
        "citycode": "80021",
        "depcode": "80"
      }
    },
    {
      "type": "Feature",
      "geometry": {
        "type": "Point",
        "coordinates": [
          2.290499409,
          49.893207786
        ]
      },
      "properties": {
        "name": "Rue de l'Amiral Lejeune / Rue Martin Bleu-Dieu",
        "context": "Amiens, Somme",
        "citycode": "80021",
        "depcode": "80"
      }
    },
    {
      "type": "Feature",
      "geometry": {
        "type": "Point",
        "coordinates": [
          2.290437422,
          49.893191043
        ]
      },
      "properties": {
        "name": "Rue de l'Amiral Lejeune / Rue Robert Pierre",
        "context": "Amiens, Somme",
        "citycode": "80021",
        "depcode": "80"
      }
    },
    {
      "type": "Feature",
      "geometry": {
        "type": "Point",
        "coordinates": [
          2.280404539,
          49.888262556
        ]
      },
      "properties": {
        "name": "Rue de l'Amiral Perrée / Avenue du Général Foy",
        "context": "Amiens, Somme",
        "citycode": "80021",
        "depcode": "80"
      }
    },
    {
      "type": "Feature",
      "geometry": {
        "type": "Point",
        "coordinates": [
          2.282286356,
          49.886957358
        ]
      },
      "properties": {
        "name": "Rue de l'Amiral Perrée / Route de Rouen",
        "context": "Amiens, Somme",
        "citycode": "80021",
        "depcode": "80"
      }
    },
    {
      "type": "Feature",
      "geometry": {
        "type": "Point",
        "coordinates": [
          2.282342327,
          49.886947047
        ]
      },
      "properties": {
        "name": "Rue de l'Amiral Perrée / Rue Alfred Lemaire",
        "context": "Amiens, Somme",
        "citycode": "80021",
        "depcode": "80"
      }
    },
    {
      "type": "Feature",
      "geometry": {
        "type": "Point",
        "coordinates": [
          2.280985018,
          49.887875527
        ]
      },
      "properties": {
        "name": "Rue de l'Amiral Perrée / Rue Boutmy",
        "context": "Amiens, Somme",
        "citycode": "80021",
        "depcode": "80"
      }
    },
    {
      "type": "Feature",
      "geometry": {
        "type": "Point",
        "coordinates": [
          2.288290679,
          49.89833776
        ]
      },
      "properties": {
        "name": "Rue de l'Écuyer / Place Louis Sellier",
        "context": "Amiens, Somme",
        "citycode": "80021",
        "depcode": "80"
      }
    },
    {
      "type": "Feature",
      "geometry": {
        "type": "Point",
        "coordinates": [
          2.287992994,
          49.897484641
        ]
      },
      "properties": {
        "name": "Rue de l'Écuyer / Rue Jean Jaurès",
        "context": "Amiens, Somme",
        "citycode": "80021",
        "depcode": "80"
      }
    },
    {
      "type": "Feature",
      "geometry": {
        "type": "Point",
        "coordinates": [
          2.273973713,
          49.875131728
        ]
      },
      "properties": {
        "name": "Rue de l'Endormie / Allée du Delphinium",
        "context": "Amiens, Somme",
        "citycode": "80021",
        "depcode": "80"
      }
    },
    {
      "type": "Feature",
      "geometry": {
        "type": "Point",
        "coordinates": [
          2.274173595,
          49.874879103
        ]
      },
      "properties": {
        "name": "Rue de l'Endormie / Avenue Paul Claudel",
        "context": "Amiens, Somme",
        "citycode": "80021",
        "depcode": "80"
      }
    },
    {
      "type": "Feature",
      "geometry": {
        "type": "Point",
        "coordinates": [
          2.295658247,
          49.897087254
        ]
      },
      "properties": {
        "name": "Rue de l'Entonnoir / Rivière des Clairons",
        "context": "Amiens, Somme",
        "citycode": "80021",
        "depcode": "80"
      }
    },
    {
      "type": "Feature",
      "geometry": {
        "type": "Point",
        "coordinates": [
          2.296373596,
          49.89660759
        ]
      },
      "properties": {
        "name": "Rue de l'Entonnoir / Rue Pingre",
        "context": "Amiens, Somme",
        "citycode": "80021",
        "depcode": "80"
      }
    },
    {
      "type": "Feature",
      "geometry": {
        "type": "Point",
        "coordinates": [
          2.316133517,
          49.900825618
        ]
      },
      "properties": {
        "name": "Rue de l'Épousée / Rue Mercier",
        "context": "Amiens, Somme",
        "citycode": "80021",
        "depcode": "80"
      }
    },
    {
      "type": "Feature",
      "geometry": {
        "type": "Point",
        "coordinates": [
          2.270747438,
          49.904965878
        ]
      },
      "properties": {
        "name": "Rue de l'Escalopier / Avenue Louis Blanc",
        "context": "Amiens, Somme",
        "citycode": "80021",
        "depcode": "80"
      }
    },
    {
      "type": "Feature",
      "geometry": {
        "type": "Point",
        "coordinates": [
          2.268660026,
          49.903540469
        ]
      },
      "properties": {
        "name": "Rue de l'Escalopier / Rue Narcisse Lebel",
        "context": "Amiens, Somme",
        "citycode": "80021",
        "depcode": "80"
      }
    },
    {
      "type": "Feature",
      "geometry": {
        "type": "Point",
        "coordinates": [
          2.312770224,
          49.901834503
        ]
      },
      "properties": {
        "name": "Rue de l'Étang Saint-Pierre / Rue Dupont Bacqueville",
        "context": "Amiens, Somme",
        "citycode": "80021",
        "depcode": "80"
      }
    },
    {
      "type": "Feature",
      "geometry": {
        "type": "Point",
        "coordinates": [
          2.329046593,
          49.883263597
        ]
      },
      "properties": {
        "name": "Rue de l'Étoile / Cour Sauvé",
        "context": "Amiens, Somme",
        "citycode": "80021",
        "depcode": "80"
      }
    },
    {
      "type": "Feature",
      "geometry": {
        "type": "Point",
        "coordinates": [
          2.330126648,
          49.882714549
        ]
      },
      "properties": {
        "name": "Rue de l'Étoile / Rue Camus",
        "context": "Amiens, Somme",
        "citycode": "80021",
        "depcode": "80"
      }
    },
    {
      "type": "Feature",
      "geometry": {
        "type": "Point",
        "coordinates": [
          2.329730216,
          49.882905114
        ]
      },
      "properties": {
        "name": "Rue de l'Étoile / Rue d'Orion",
        "context": "Amiens, Somme",
        "citycode": "80021",
        "depcode": "80"
      }
    },
    {
      "type": "Feature",
      "geometry": {
        "type": "Point",
        "coordinates": [
          2.331788663,
          49.88199476
        ]
      },
      "properties": {
        "name": "Rue de l'Étoile / Rue Danton",
        "context": "Amiens, Somme",
        "citycode": "80021",
        "depcode": "80"
      }
    },
    {
      "type": "Feature",
      "geometry": {
        "type": "Point",
        "coordinates": [
          2.328721758,
          49.88340333
        ]
      },
      "properties": {
        "name": "Rue de l'Étoile / Rue Francis Tattegrain",
        "context": "Amiens, Somme",
        "citycode": "80021",
        "depcode": "80"
      }
    },
    {
      "type": "Feature",
      "geometry": {
        "type": "Point",
        "coordinates": [
          2.245742407,
          49.912892947
        ]
      },
      "properties": {
        "name": "Rue de l'Île de France / Allée de l'Île de France",
        "context": "Amiens, Somme",
        "citycode": "80021",
        "depcode": "80"
      }
    },
    {
      "type": "Feature",
      "geometry": {
        "type": "Point",
        "coordinates": [
          2.278651486,
          49.880346018
        ]
      },
      "properties": {
        "name": "Rue de l'Offrande / Allée de l'Art Poétique",
        "context": "Amiens, Somme",
        "citycode": "80021",
        "depcode": "80"
      }
    },
    {
      "type": "Feature",
      "geometry": {
        "type": "Point",
        "coordinates": [
          2.279726931,
          49.879880934
        ]
      },
      "properties": {
        "name": "Rue de l'Offrande / Allée de la Cantate à Trois Voix",
        "context": "Amiens, Somme",
        "citycode": "80021",
        "depcode": "80"
      }
    },
    {
      "type": "Feature",
      "geometry": {
        "type": "Point",
        "coordinates": [
          2.279965839,
          49.879809957
        ]
      },
      "properties": {
        "name": "Rue de l'Offrande / Allée des Conversations",
        "context": "Amiens, Somme",
        "citycode": "80021",
        "depcode": "80"
      }
    },
    {
      "type": "Feature",
      "geometry": {
        "type": "Point",
        "coordinates": [
          2.282105273,
          49.87889625
        ]
      },
      "properties": {
        "name": "Rue de l'Offrande / Allée des Feuilles de Saints",
        "context": "Amiens, Somme",
        "citycode": "80021",
        "depcode": "80"
      }
    },
    {
      "type": "Feature",
      "geometry": {
        "type": "Point",
        "coordinates": [
          2.280524964,
          49.879565925
        ]
      },
      "properties": {
        "name": "Rue de l'Offrande / Allée du Pan",
        "context": "Amiens, Somme",
        "citycode": "80021",
        "depcode": "80"
      }
    },
    {
      "type": "Feature",
      "geometry": {
        "type": "Point",
        "coordinates": [
          2.281309193,
          49.879234618
        ]
      },
      "properties": {
        "name": "Rue de l'Offrande / Allée du Syrinx",
        "context": "Amiens, Somme",
        "citycode": "80021",
        "depcode": "80"
      }
    },
    {
      "type": "Feature",
      "geometry": {
        "type": "Point",
        "coordinates": [
          2.283144454,
          49.878540266
        ]
      },
      "properties": {
        "name": "Rue de l'Offrande / Avenue du 14 Juillet 1789 D1001",
        "context": "Amiens, Somme",
        "citycode": "80021",
        "depcode": "80"
      }
    },
    {
      "type": "Feature",
      "geometry": {
        "type": "Point",
        "coordinates": [
          2.304523605,
          49.893353774
        ]
      },
      "properties": {
        "name": "Rue de l'Oratoire / Rue des Augustins",
        "context": "Amiens, Somme",
        "citycode": "80021",
        "depcode": "80"
      }
    },
    {
      "type": "Feature",
      "geometry": {
        "type": "Point",
        "coordinates": [
          2.305802466,
          49.892855036
        ]
      },
      "properties": {
        "name": "Rue de l'Oratoire / Rue Lamartine",
        "context": "Amiens, Somme",
        "citycode": "80021",
        "depcode": "80"
      }
    },
    {
      "type": "Feature",
      "geometry": {
        "type": "Point",
        "coordinates": [
          2.269514521,
          49.87460805
        ]
      },
      "properties": {
        "name": "Rue de l'Ours et de la Lune / Avenue Paul Claudel",
        "context": "Amiens, Somme",
        "citycode": "80021",
        "depcode": "80"
      }
    },
    {
      "type": "Feature",
      "geometry": {
        "type": "Point",
        "coordinates": [
          2.271493076,
          49.874833047
        ]
      },
      "properties": {
        "name": "Rue de l'Ours et de la Lune / Boulevard Ambroise Paré",
        "context": "Amiens, Somme",
        "citycode": "80021",
        "depcode": "80"
      }
    },
    {
      "type": "Feature",
      "geometry": {
        "type": "Point",
        "coordinates": [
          2.288627833,
          49.889241743
        ]
      },
      "properties": {
        "name": "Rue de l'Union / Route de Rouen",
        "context": "Amiens, Somme",
        "citycode": "80021",
        "depcode": "80"
      }
    },
    {
      "type": "Feature",
      "geometry": {
        "type": "Point",
        "coordinates": [
          2.292895497,
          49.893727012
        ]
      },
      "properties": {
        "name": "Rue de la 2e D.B. / Place Léon Gontier",
        "context": "Amiens, Somme",
        "citycode": "80021",
        "depcode": "80"
      }
    },
    {
      "type": "Feature",
      "geometry": {
        "type": "Point",
        "coordinates": [
          2.292381683,
          49.892458475
        ]
      },
      "properties": {
        "name": "Rue de la 2e D.B. / Rue de l'Amiral Lejeune",
        "context": "Amiens, Somme",
        "citycode": "80021",
        "depcode": "80"
      }
    },
    {
      "type": "Feature",
      "geometry": {
        "type": "Point",
        "coordinates": [
          2.292471758,
          49.892394109
        ]
      },
      "properties": {
        "name": "Rue de la 2e D.B. / Rue du Maréchal de Lattre de Tassigny",
        "context": "Amiens, Somme",
        "citycode": "80021",
        "depcode": "80"
      }
    },
    {
      "type": "Feature",
      "geometry": {
        "type": "Point",
        "coordinates": [
          2.3176472,
          49.876649226
        ]
      },
      "properties": {
        "name": "Rue de la 3e D.I. / Allée des Coccinelles",
        "context": "Amiens, Somme",
        "citycode": "80021",
        "depcode": "80"
      }
    },
    {
      "type": "Feature",
      "geometry": {
        "type": "Point",
        "coordinates": [
          2.317893345,
          49.876060488
        ]
      },
      "properties": {
        "name": "Rue de la 3e D.I. / Allée du Tilia",
        "context": "Amiens, Somme",
        "citycode": "80021",
        "depcode": "80"
      }
    },
    {
      "type": "Feature",
      "geometry": {
        "type": "Point",
        "coordinates": [
          2.313355949,
          49.880894114
        ]
      },
      "properties": {
        "name": "Rue de la 3e D.I. / Boulevard de Bapaume",
        "context": "Amiens, Somme",
        "citycode": "80021",
        "depcode": "80"
      }
    },
    {
      "type": "Feature",
      "geometry": {
        "type": "Point",
        "coordinates": [
          2.313333488,
          49.880909694
        ]
      },
      "properties": {
        "name": "Rue de la 3e D.I. / Rue de Cottenchy",
        "context": "Amiens, Somme",
        "citycode": "80021",
        "depcode": "80"
      }
    },
    {
      "type": "Feature",
      "geometry": {
        "type": "Point",
        "coordinates": [
          2.318224131,
          49.874504044
        ]
      },
      "properties": {
        "name": "Rue de la 3e D.I. / Rue de Prague",
        "context": "Amiens, Somme",
        "citycode": "80021",
        "depcode": "80"
      }
    },
    {
      "type": "Feature",
      "geometry": {
        "type": "Point",
        "coordinates": [
          2.318241774,
          49.874528713
        ]
      },
      "properties": {
        "name": "Rue de la 3e D.I. / Rue Descartes",
        "context": "Amiens, Somme",
        "citycode": "80021",
        "depcode": "80"
      }
    },
    {
      "type": "Feature",
      "geometry": {
        "type": "Point",
        "coordinates": [
          2.317329138,
          49.877038122
        ]
      },
      "properties": {
        "name": "Rue de la 3e D.I. / Rue du Chemin Vert",
        "context": "Amiens, Somme",
        "citycode": "80021",
        "depcode": "80"
      }
    },
    {
      "type": "Feature",
      "geometry": {
        "type": "Point",
        "coordinates": [
          2.315436882,
          49.878876436
        ]
      },
      "properties": {
        "name": "Rue de la 3e D.I. / Rue Gabriel de Mortillet",
        "context": "Amiens, Somme",
        "citycode": "80021",
        "depcode": "80"
      }
    },
    {
      "type": "Feature",
      "geometry": {
        "type": "Point",
        "coordinates": [
          2.308100825,
          49.894572958
        ]
      },
      "properties": {
        "name": "Rue de la Barette / Rue Cécile Redlich",
        "context": "Amiens, Somme",
        "citycode": "80021",
        "depcode": "80"
      }
    },
    {
      "type": "Feature",
      "geometry": {
        "type": "Point",
        "coordinates": [
          2.305962722,
          49.894978749
        ]
      },
      "properties": {
        "name": "Rue de la Barette / Rue des Augustins",
        "context": "Amiens, Somme",
        "citycode": "80021",
        "depcode": "80"
      }
    },
    {
      "type": "Feature",
      "geometry": {
        "type": "Point",
        "coordinates": [
          2.294730244,
          49.901811038
        ]
      },
      "properties": {
        "name": "Rue de la Barrière du Gayan / Rue des Teinturiers",
        "context": "Amiens, Somme",
        "citycode": "80021",
        "depcode": "80"
      }
    },
    {
      "type": "Feature",
      "geometry": {
        "type": "Point",
        "coordinates": [
          2.331879395,
          49.880586124
        ]
      },
      "properties": {
        "name": "Rue de la Boutillerie / Chaussée Jules Ferry",
        "context": "Amiens, Somme",
        "citycode": "80021",
        "depcode": "80"
      }
    },
    {
      "type": "Feature",
      "geometry": {
        "type": "Point",
        "coordinates": [
          2.331674114,
          49.878301242
        ]
      },
      "properties": {
        "name": "Rue de la Boutillerie / Chemin du Vélodrome",
        "context": "Amiens, Somme",
        "citycode": "80021",
        "depcode": "80"
      }
    },
    {
      "type": "Feature",
      "geometry": {
        "type": "Point",
        "coordinates": [
          2.255783113,
          49.89555596
        ]
      },
      "properties": {
        "name": "Rue de la Cavée / Rue Isidore François",
        "context": "Amiens, Somme",
        "citycode": "80021",
        "depcode": "80"
      }
    },
    {
      "type": "Feature",
      "geometry": {
        "type": "Point",
        "coordinates": [
          2.252562202,
          49.896267909
        ]
      },
      "properties": {
        "name": "Rue de la Cavée / Rue Johnny Hallyday",
        "context": "Amiens, Somme",
        "citycode": "80021",
        "depcode": "80"
      }
    },
    {
      "type": "Feature",
      "geometry": {
        "type": "Point",
        "coordinates": [
          2.306424787,
          49.888675857
        ]
      },
      "properties": {
        "name": "Rue de la Contrescarpe / Rue du Fossé",
        "context": "Amiens, Somme",
        "citycode": "80021",
        "depcode": "80"
      }
    },
    {
      "type": "Feature",
      "geometry": {
        "type": "Point",
        "coordinates": [
          2.30698722,
          49.889015638
        ]
      },
      "properties": {
        "name": "Rue de la Contrescarpe / Rue Vulfran Warmé",
        "context": "Amiens, Somme",
        "citycode": "80021",
        "depcode": "80"
      }
    },
    {
      "type": "Feature",
      "geometry": {
        "type": "Point",
        "coordinates": [
          2.264565833,
          49.938089557
        ]
      },
      "properties": {
        "name": "Rue de la Croix de Pierre / Rue André Durouchez D12",
        "context": "Amiens, Somme",
        "citycode": "80021",
        "depcode": "80"
      }
    },
    {
      "type": "Feature",
      "geometry": {
        "type": "Point",
        "coordinates": [
          2.308677726,
          49.870574149
        ]
      },
      "properties": {
        "name": "Rue de la Croix Rompue / Allée de l'Estérel",
        "context": "Amiens, Somme",
        "citycode": "80021",
        "depcode": "80"
      }
    },
    {
      "type": "Feature",
      "geometry": {
        "type": "Point",
        "coordinates": [
          2.319088139,
          49.885761204
        ]
      },
      "properties": {
        "name": "Rue de la Croix Saint-Firmin / Rue de Croy",
        "context": "Amiens, Somme",
        "citycode": "80021",
        "depcode": "80"
      }
    },
    {
      "type": "Feature",
      "geometry": {
        "type": "Point",
        "coordinates": [
          2.319065263,
          49.885736854
        ]
      },
      "properties": {
        "name": "Rue de la Croix Saint-Firmin / Rue Jules Barni",
        "context": "Amiens, Somme",
        "citycode": "80021",
        "depcode": "80"
      }
    },
    {
      "type": "Feature",
      "geometry": {
        "type": "Point",
        "coordinates": [
          2.327007126,
          49.886546892
        ]
      },
      "properties": {
        "name": "Rue de la Délivrance / Avenue de Londres",
        "context": "Amiens, Somme",
        "citycode": "80021",
        "depcode": "80"
      }
    },
    {
      "type": "Feature",
      "geometry": {
        "type": "Point",
        "coordinates": [
          2.330104107,
          49.885140706
        ]
      },
      "properties": {
        "name": "Rue de la Délivrance / Chemin des Réservoirs",
        "context": "Amiens, Somme",
        "citycode": "80021",
        "depcode": "80"
      }
    },
    {
      "type": "Feature",
      "geometry": {
        "type": "Point",
        "coordinates": [
          2.327404746,
          49.88626458
        ]
      },
      "properties": {
        "name": "Rue de la Délivrance / Rue Dumont d'Urville",
        "context": "Amiens, Somme",
        "citycode": "80021",
        "depcode": "80"
      }
    },
    {
      "type": "Feature",
      "geometry": {
        "type": "Point",
        "coordinates": [
          2.330083424,
          49.885143018
        ]
      },
      "properties": {
        "name": "Rue de la Délivrance / Rue Saint-Acheul",
        "context": "Amiens, Somme",
        "citycode": "80021",
        "depcode": "80"
      }
    },
    {
      "type": "Feature",
      "geometry": {
        "type": "Point",
        "coordinates": [
          2.283451038,
          49.896104237
        ]
      },
      "properties": {
        "name": "Rue de la Demi-Lune / Boulevard des Fédérés",
        "context": "Amiens, Somme",
        "citycode": "80021",
        "depcode": "80"
      }
    },
    {
      "type": "Feature",
      "geometry": {
        "type": "Point",
        "coordinates": [
          2.285762557,
          49.895431777
        ]
      },
      "properties": {
        "name": "Rue de la Demi-Lune / Rue Cressent",
        "context": "Amiens, Somme",
        "citycode": "80021",
        "depcode": "80"
      }
    },
    {
      "type": "Feature",
      "geometry": {
        "type": "Point",
        "coordinates": [
          2.28421831,
          49.89588051
        ]
      },
      "properties": {
        "name": "Rue de la Demi-Lune / Rue de Berville",
        "context": "Amiens, Somme",
        "citycode": "80021",
        "depcode": "80"
      }
    },
    {
      "type": "Feature",
      "geometry": {
        "type": "Point",
        "coordinates": [
          2.283551985,
          49.896127746
        ]
      },
      "properties": {
        "name": "Rue de la Demi-Lune / Rue Pinsard",
        "context": "Amiens, Somme",
        "citycode": "80021",
        "depcode": "80"
      }
    },
    {
      "type": "Feature",
      "geometry": {
        "type": "Point",
        "coordinates": [
          2.285420172,
          49.895537174
        ]
      },
      "properties": {
        "name": "Rue de la Demi-Lune / Rue Saint-Roch",
        "context": "Amiens, Somme",
        "citycode": "80021",
        "depcode": "80"
      }
    },
    {
      "type": "Feature",
      "geometry": {
        "type": "Point",
        "coordinates": [
          2.304157062,
          49.896556206
        ]
      },
      "properties": {
        "name": "Rue de la Dodane / Quai Bélu",
        "context": "Amiens, Somme",
        "citycode": "80021",
        "depcode": "80"
      }
    },
    {
      "type": "Feature",
      "geometry": {
        "type": "Point",
        "coordinates": [
          2.303793666,
          49.89609811
        ]
      },
      "properties": {
        "name": "Rue de la Dodane / Rivière des Clairons",
        "context": "Amiens, Somme",
        "citycode": "80021",
        "depcode": "80"
      }
    },
    {
      "type": "Feature",
      "geometry": {
        "type": "Point",
        "coordinates": [
          2.303900784,
          49.896309362
        ]
      },
      "properties": {
        "name": "Rue de la Dodane / Rue d'Engoulvent",
        "context": "Amiens, Somme",
        "citycode": "80021",
        "depcode": "80"
      }
    },
    {
      "type": "Feature",
      "geometry": {
        "type": "Point",
        "coordinates": [
          2.303771365,
          49.896166677
        ]
      },
      "properties": {
        "name": "Rue de la Dodane / Rue des Majots",
        "context": "Amiens, Somme",
        "citycode": "80021",
        "depcode": "80"
      }
    },
    {
      "type": "Feature",
      "geometry": {
        "type": "Point",
        "coordinates": [
          2.304149155,
          49.896574291
        ]
      },
      "properties": {
        "name": "Rue de la Dodane / Rue Motte",
        "context": "Amiens, Somme",
        "citycode": "80021",
        "depcode": "80"
      }
    },
    {
      "type": "Feature",
      "geometry": {
        "type": "Point",
        "coordinates": [
          2.303698334,
          49.896065886
        ]
      },
      "properties": {
        "name": "Rue de la Dodane / Rue Vanmarcke",
        "context": "Amiens, Somme",
        "citycode": "80021",
        "depcode": "80"
      }
    },
    {
      "type": "Feature",
      "geometry": {
        "type": "Point",
        "coordinates": [
          2.284431648,
          49.906201596
        ]
      },
      "properties": {
        "name": "Rue de la Falaise / Impasse Facquet",
        "context": "Amiens, Somme",
        "citycode": "80021",
        "depcode": "80"
      }
    },
    {
      "type": "Feature",
      "geometry": {
        "type": "Point",
        "coordinates": [
          2.284996231,
          49.906493461
        ]
      },
      "properties": {
        "name": "Rue de la Falaise / Rue de la Pépinière",
        "context": "Amiens, Somme",
        "citycode": "80021",
        "depcode": "80"
      }
    },
    {
      "type": "Feature",
      "geometry": {
        "type": "Point",
        "coordinates": [
          2.285504223,
          49.906745435
        ]
      },
      "properties": {
        "name": "Rue de la Falaise / Rue Saint-Maurice",
        "context": "Amiens, Somme",
        "citycode": "80021",
        "depcode": "80"
      }
    },
    {
      "type": "Feature",
      "geometry": {
        "type": "Point",
        "coordinates": [
          2.269059001,
          49.922321703
        ]
      },
      "properties": {
        "name": "Rue de la Fontaine Bertricourt / Chemin de la Chaussée",
        "context": "Amiens, Somme",
        "citycode": "80021",
        "depcode": "80"
      }
    },
    {
      "type": "Feature",
      "geometry": {
        "type": "Point",
        "coordinates": [
          2.270177719,
          49.921295579
        ]
      },
      "properties": {
        "name": "Rue de la Fontaine Bertricourt / Chemin de Vauvoix",
        "context": "Amiens, Somme",
        "citycode": "80021",
        "depcode": "80"
      }
    },
    {
      "type": "Feature",
      "geometry": {
        "type": "Point",
        "coordinates": [
          2.303618731,
          49.90044855
        ]
      },
      "properties": {
        "name": "Rue de la Fontaine d'Amour / Boulevard Baraban",
        "context": "Amiens, Somme",
        "citycode": "80021",
        "depcode": "80"
      }
    },
    {
      "type": "Feature",
      "geometry": {
        "type": "Point",
        "coordinates": [
          2.302579198,
          49.900767922
        ]
      },
      "properties": {
        "name": "Rue de la Fontaine d'Amour / Passage des Coches",
        "context": "Amiens, Somme",
        "citycode": "80021",
        "depcode": "80"
      }
    },
    {
      "type": "Feature",
      "geometry": {
        "type": "Point",
        "coordinates": [
          2.303552035,
          49.900412753
        ]
      },
      "properties": {
        "name": "Rue de la Fontaine d'Amour / Passage Sandrine",
        "context": "Amiens, Somme",
        "citycode": "80021",
        "depcode": "80"
      }
    },
    {
      "type": "Feature",
      "geometry": {
        "type": "Point",
        "coordinates": [
          2.287611353,
          49.885472681
        ]
      },
      "properties": {
        "name": "Rue de la Fosse au Lait / Route de Paris D1001",
        "context": "Amiens, Somme",
        "citycode": "80021",
        "depcode": "80"
      }
    },
    {
      "type": "Feature",
      "geometry": {
        "type": "Point",
        "coordinates": [
          2.290676177,
          49.884835901
        ]
      },
      "properties": {
        "name": "Rue de la Fosse au Lait / Rue Le Mattre",
        "context": "Amiens, Somme",
        "citycode": "80021",
        "depcode": "80"
      }
    },
    {
      "type": "Feature",
      "geometry": {
        "type": "Point",
        "coordinates": [
          2.288908727,
          49.885205723
        ]
      },
      "properties": {
        "name": "Rue de la Fosse au Lait / Rue Sainte-Beuve",
        "context": "Amiens, Somme",
        "citycode": "80021",
        "depcode": "80"
      }
    },
    {
      "type": "Feature",
      "geometry": {
        "type": "Point",
        "coordinates": [
          2.315848729,
          49.913874737
        ]
      },
      "properties": {
        "name": "Rue de la Gentiane / Rue Ronsard",
        "context": "Amiens, Somme",
        "citycode": "80021",
        "depcode": "80"
      }
    },
    {
      "type": "Feature",
      "geometry": {
        "type": "Point",
        "coordinates": [
          2.289772585,
          49.89715581
        ]
      },
      "properties": {
        "name": "Rue de la Hotoie / Boulevard Faidherbe",
        "context": "Amiens, Somme",
        "citycode": "80021",
        "depcode": "80"
      }
    },
    {
      "type": "Feature",
      "geometry": {
        "type": "Point",
        "coordinates": [
          2.290168757,
          49.897058145
        ]
      },
      "properties": {
        "name": "Rue de la Hotoie / Cour Artus",
        "context": "Amiens, Somme",
        "citycode": "80021",
        "depcode": "80"
      }
    },
    {
      "type": "Feature",
      "geometry": {
        "type": "Point",
        "coordinates": [
          2.290094933,
          49.897055422
        ]
      },
      "properties": {
        "name": "Rue de la Hotoie / Impasse des Briques",
        "context": "Amiens, Somme",
        "citycode": "80021",
        "depcode": "80"
      }
    },
    {
      "type": "Feature",
      "geometry": {
        "type": "Point",
        "coordinates": [
          2.292866759,
          49.896447065
        ]
      },
      "properties": {
        "name": "Rue de la Hotoie / Rue Henri Dunant",
        "context": "Amiens, Somme",
        "citycode": "80021",
        "depcode": "80"
      }
    },
    {
      "type": "Feature",
      "geometry": {
        "type": "Point",
        "coordinates": [
          2.317356599,
          49.881832721
        ]
      },
      "properties": {
        "name": "Rue de la Liberté / Boulevard de Bapaume",
        "context": "Amiens, Somme",
        "citycode": "80021",
        "depcode": "80"
      }
    },
    {
      "type": "Feature",
      "geometry": {
        "type": "Point",
        "coordinates": [
          2.318703563,
          49.880993309
        ]
      },
      "properties": {
        "name": "Rue de la Liberté / Rue Gabriel de Mortillet",
        "context": "Amiens, Somme",
        "citycode": "80021",
        "depcode": "80"
      }
    },
    {
      "type": "Feature",
      "geometry": {
        "type": "Point",
        "coordinates": [
          2.295144051,
          49.893817393
        ]
      },
      "properties": {
        "name": "Rue de la Malmaison / Place de l'Hôtel de Ville",
        "context": "Amiens, Somme",
        "citycode": "80021",
        "depcode": "80"
      }
    },
    {
      "type": "Feature",
      "geometry": {
        "type": "Point",
        "coordinates": [
          2.336330486,
          49.866079186
        ]
      },
      "properties": {
        "name": "Rue de la Métairie / Rue Jean Racine",
        "context": "Amiens, Somme",
        "citycode": "80021",
        "depcode": "80"
      }
    },
    {
      "type": "Feature",
      "geometry": {
        "type": "Point",
        "coordinates": [
          2.262196875,
          49.887199219
        ]
      },
      "properties": {
        "name": "Rue de la Montagne / Grande Rue du Petit Saint-Jean",
        "context": "Amiens, Somme",
        "citycode": "80021",
        "depcode": "80"
      }
    },
    {
      "type": "Feature",
      "geometry": {
        "type": "Point",
        "coordinates": [
          2.308916153,
          49.893671632
        ]
      },
      "properties": {
        "name": "Rue de la Morlière / Boulevard d'Alsace-Lorraine",
        "context": "Amiens, Somme",
        "citycode": "80021",
        "depcode": "80"
      }
    },
    {
      "type": "Feature",
      "geometry": {
        "type": "Point",
        "coordinates": [
          2.310667231,
          49.893116958
        ]
      },
      "properties": {
        "name": "Rue de la Morlière / Rue Claudius Antoine Serrassaint",
        "context": "Amiens, Somme",
        "citycode": "80021",
        "depcode": "80"
      }
    },
    {
      "type": "Feature",
      "geometry": {
        "type": "Point",
        "coordinates": [
          2.309354483,
          49.893526611
        ]
      },
      "properties": {
        "name": "Rue de la Morlière / Rue du Vivier",
        "context": "Amiens, Somme",
        "citycode": "80021",
        "depcode": "80"
      }
    },
    {
      "type": "Feature",
      "geometry": {
        "type": "Point",
        "coordinates": [
          2.302410161,
          49.896907115
        ]
      },
      "properties": {
        "name": "Rue de la Plumette / Rue des Majots",
        "context": "Amiens, Somme",
        "citycode": "80021",
        "depcode": "80"
      }
    },
    {
      "type": "Feature",
      "geometry": {
        "type": "Point",
        "coordinates": [
          2.30201247,
          49.896438704
        ]
      },
      "properties": {
        "name": "Rue de la Plumette / Rue Vanmarcke",
        "context": "Amiens, Somme",
        "citycode": "80021",
        "depcode": "80"
      }
    },
    {
      "type": "Feature",
      "geometry": {
        "type": "Point",
        "coordinates": [
          2.287707872,
          49.892865076
        ]
      },
      "properties": {
        "name": "Rue de la Poudrière / Rue Frédéric Petit",
        "context": "Amiens, Somme",
        "citycode": "80021",
        "depcode": "80"
      }
    },
    {
      "type": "Feature",
      "geometry": {
        "type": "Point",
        "coordinates": [
          2.29505798,
          49.889059488
        ]
      },
      "properties": {
        "name": "Rue de la République / Boulevard Maignan-Larivière",
        "context": "Amiens, Somme",
        "citycode": "80021",
        "depcode": "80"
      }
    },
    {
      "type": "Feature",
      "geometry": {
        "type": "Point",
        "coordinates": [
          2.29704066,
          49.892027857
        ]
      },
      "properties": {
        "name": "Rue de la République / Galerie des Jacobins",
        "context": "Amiens, Somme",
        "citycode": "80021",
        "depcode": "80"
      }
    },
    {
      "type": "Feature",
      "geometry": {
        "type": "Point",
        "coordinates": [
          2.295089852,
          49.889062153
        ]
      },
      "properties": {
        "name": "Rue de la République / Mail Albert 1er",
        "context": "Amiens, Somme",
        "citycode": "80021",
        "depcode": "80"
      }
    },
    {
      "type": "Feature",
      "geometry": {
        "type": "Point",
        "coordinates": [
          2.29720215,
          49.893001589
        ]
      },
      "properties": {
        "name": "Rue de la République / Place Gambetta",
        "context": "Amiens, Somme",
        "citycode": "80021",
        "depcode": "80"
      }
    },
    {
      "type": "Feature",
      "geometry": {
        "type": "Point",
        "coordinates": [
          2.296808614,
          49.891599885
        ]
      },
      "properties": {
        "name": "Rue de la République / Rue Alphonse Paillat",
        "context": "Amiens, Somme",
        "citycode": "80021",
        "depcode": "80"
      }
    },
    {
      "type": "Feature",
      "geometry": {
        "type": "Point",
        "coordinates": [
          2.297009239,
          49.892040517
        ]
      },
      "properties": {
        "name": "Rue de la République / Rue des Cordeliers",
        "context": "Amiens, Somme",
        "citycode": "80021",
        "depcode": "80"
      }
    },
    {
      "type": "Feature",
      "geometry": {
        "type": "Point",
        "coordinates": [
          2.297169835,
          49.892552408
        ]
      },
      "properties": {
        "name": "Rue de la République / Rue des Jacobins",
        "context": "Amiens, Somme",
        "citycode": "80021",
        "depcode": "80"
      }
    },
    {
      "type": "Feature",
      "geometry": {
        "type": "Point",
        "coordinates": [
          2.297152736,
          49.892562023
        ]
      },
      "properties": {
        "name": "Rue de la République / Rue Duméril",
        "context": "Amiens, Somme",
        "citycode": "80021",
        "depcode": "80"
      }
    },
    {
      "type": "Feature",
      "geometry": {
        "type": "Point",
        "coordinates": [
          2.296202237,
          49.890705376
        ]
      },
      "properties": {
        "name": "Rue de la République / Rue Jules Lardière",
        "context": "Amiens, Somme",
        "citycode": "80021",
        "depcode": "80"
      }
    },
    {
      "type": "Feature",
      "geometry": {
        "type": "Point",
        "coordinates": [
          2.295777127,
          49.890060007
        ]
      },
      "properties": {
        "name": "Rue de la République / Rue Puvis de Chavannes",
        "context": "Amiens, Somme",
        "citycode": "80021",
        "depcode": "80"
      }
    },
    {
      "type": "Feature",
      "geometry": {
        "type": "Point",
        "coordinates": [
          2.288880936,
          49.869598728
        ]
      },
      "properties": {
        "name": "Rue de la République Tchèque / Rue de Norvège",
        "context": "Amiens, Somme",
        "citycode": "80021",
        "depcode": "80"
      }
    },
    {
      "type": "Feature",
      "geometry": {
        "type": "Point",
        "coordinates": [
          2.295596067,
          49.897904737
        ]
      },
      "properties": {
        "name": "Rue de la Résistance / Place Vogel",
        "context": "Amiens, Somme",
        "citycode": "80021",
        "depcode": "80"
      }
    },
    {
      "type": "Feature",
      "geometry": {
        "type": "Point",
        "coordinates": [
          2.29792947,
          49.900037789
        ]
      },
      "properties": {
        "name": "Rue de la Résistance / Rue des Déportés",
        "context": "Amiens, Somme",
        "citycode": "80021",
        "depcode": "80"
      }
    },
    {
      "type": "Feature",
      "geometry": {
        "type": "Point",
        "coordinates": [
          2.295536447,
          49.897853551
        ]
      },
      "properties": {
        "name": "Rue de la Résistance / Rue du Général Leclerc",
        "context": "Amiens, Somme",
        "citycode": "80021",
        "depcode": "80"
      }
    },
    {
      "type": "Feature",
      "geometry": {
        "type": "Point",
        "coordinates": [
          2.298981275,
          49.912814868
        ]
      },
      "properties": {
        "name": "Rue de la Rivière de Cassis / Rue des Poètes de Sept Ans",
        "context": "Amiens, Somme",
        "citycode": "80021",
        "depcode": "80"
      }
    },
    {
      "type": "Feature",
      "geometry": {
        "type": "Point",
        "coordinates": [
          2.326295869,
          49.913809418
        ]
      },
      "properties": {
        "name": "Rue de la Rochefoucauld / Rue Guy de Maupassant",
        "context": "Amiens, Somme",
        "citycode": "80021",
        "depcode": "80"
      }
    },
    {
      "type": "Feature",
      "geometry": {
        "type": "Point",
        "coordinates": [
          2.324899979,
          49.911200469
        ]
      },
      "properties": {
        "name": "Rue de la Rochefoucauld / Rue Marivaux",
        "context": "Amiens, Somme",
        "citycode": "80021",
        "depcode": "80"
      }
    },
    {
      "type": "Feature",
      "geometry": {
        "type": "Point",
        "coordinates": [
          2.336584224,
          49.870644196
        ]
      },
      "properties": {
        "name": "Rue de la Roselière / Rue des Aigrettes",
        "context": "Amiens, Somme",
        "citycode": "80021",
        "depcode": "80"
      }
    },
    {
      "type": "Feature",
      "geometry": {
        "type": "Point",
        "coordinates": [
          2.337631219,
          49.870755928
        ]
      },
      "properties": {
        "name": "Rue de la Roselière / Rue du Bel Air",
        "context": "Amiens, Somme",
        "citycode": "80021",
        "depcode": "80"
      }
    },
    {
      "type": "Feature",
      "geometry": {
        "type": "Point",
        "coordinates": [
          2.256337763,
          49.912638157
        ]
      },
      "properties": {
        "name": "Rue de la Ruellette / Cour de la Valoise",
        "context": "Amiens, Somme",
        "citycode": "80021",
        "depcode": "80"
      }
    },
    {
      "type": "Feature",
      "geometry": {
        "type": "Point",
        "coordinates": [
          2.265535282,
          49.883278371
        ]
      },
      "properties": {
        "name": "Rue de la Sablonnière / Avenue Valéry Giscard d'Estaing",
        "context": "Amiens, Somme",
        "citycode": "80021",
        "depcode": "80"
      }
    },
    {
      "type": "Feature",
      "geometry": {
        "type": "Point",
        "coordinates": [
          2.259122116,
          49.878505903
        ]
      },
      "properties": {
        "name": "Rue de la Sablonnière / Chemin des Plantes",
        "context": "Amiens, Somme",
        "citycode": "80021",
        "depcode": "80"
      }
    },
    {
      "type": "Feature",
      "geometry": {
        "type": "Point",
        "coordinates": [
          2.274700497,
          49.883374946
        ]
      },
      "properties": {
        "name": "Rue de la Sablonnière / Impasse André Thouin",
        "context": "Amiens, Somme",
        "citycode": "80021",
        "depcode": "80"
      }
    },
    {
      "type": "Feature",
      "geometry": {
        "type": "Point",
        "coordinates": [
          2.27622726,
          49.882831046
        ]
      },
      "properties": {
        "name": "Rue de la Sablonnière / Rue des Quatre Lemaire",
        "context": "Amiens, Somme",
        "citycode": "80021",
        "depcode": "80"
      }
    },
    {
      "type": "Feature",
      "geometry": {
        "type": "Point",
        "coordinates": [
          2.274687581,
          49.883365233
        ]
      },
      "properties": {
        "name": "Rue de la Sablonnière / Rue du Professeur Christian Cabrol",
        "context": "Amiens, Somme",
        "citycode": "80021",
        "depcode": "80"
      }
    },
    {
      "type": "Feature",
      "geometry": {
        "type": "Point",
        "coordinates": [
          2.257817322,
          49.884051063
        ]
      },
      "properties": {
        "name": "Rue de la Source / Grande Rue du Petit Saint-Jean",
        "context": "Amiens, Somme",
        "citycode": "80021",
        "depcode": "80"
      }
    },
    {
      "type": "Feature",
      "geometry": {
        "type": "Point",
        "coordinates": [
          2.328414681,
          49.887325539
        ]
      },
      "properties": {
        "name": "Rue de la Terrière / Avenue de Londres",
        "context": "Amiens, Somme",
        "citycode": "80021",
        "depcode": "80"
      }
    },
    {
      "type": "Feature",
      "geometry": {
        "type": "Point",
        "coordinates": [
          2.331007759,
          49.885668754
        ]
      },
      "properties": {
        "name": "Rue de la Terrière / Rue Saint-Acheul",
        "context": "Amiens, Somme",
        "citycode": "80021",
        "depcode": "80"
      }
    },
    {
      "type": "Feature",
      "geometry": {
        "type": "Point",
        "coordinates": [
          2.308137332,
          49.89216738
        ]
      },
      "properties": {
        "name": "Rue de la Vallée / Gare Routière (accès Rue de la Vallée)",
        "context": "Amiens, Somme",
        "citycode": "80021",
        "depcode": "80"
      }
    },
    {
      "type": "Feature",
      "geometry": {
        "type": "Point",
        "coordinates": [
          2.308372736,
          49.892134645
        ]
      },
      "properties": {
        "name": "Rue de la Vallée / Rue du Vivier",
        "context": "Amiens, Somme",
        "citycode": "80021",
        "depcode": "80"
      }
    },
    {
      "type": "Feature",
      "geometry": {
        "type": "Point",
        "coordinates": [
          2.255753805,
          49.912693172
        ]
      },
      "properties": {
        "name": "Rue de la Valoise / Cour de la Valoise",
        "context": "Amiens, Somme",
        "citycode": "80021",
        "depcode": "80"
      }
    },
    {
      "type": "Feature",
      "geometry": {
        "type": "Point",
        "coordinates": [
          2.255780957,
          49.912953172
        ]
      },
      "properties": {
        "name": "Rue de la Valoise / Lotissement La Valoise",
        "context": "Amiens, Somme",
        "citycode": "80021",
        "depcode": "80"
      }
    },
    {
      "type": "Feature",
      "geometry": {
        "type": "Point",
        "coordinates": [
          2.270683272,
          49.931879048
        ]
      },
      "properties": {
        "name": "Rue de la Vassellerie / Rue du Santerre",
        "context": "Amiens, Somme",
        "citycode": "80021",
        "depcode": "80"
      }
    },
    {
      "type": "Feature",
      "geometry": {
        "type": "Point",
        "coordinates": [
          2.257430625,
          49.898980059
        ]
      },
      "properties": {
        "name": "Rue de la Vénus de Renancourt / Rue André Grillon",
        "context": "Amiens, Somme",
        "citycode": "80021",
        "depcode": "80"
      }
    },
    {
      "type": "Feature",
      "geometry": {
        "type": "Point",
        "coordinates": [
          2.258848289,
          49.899723024
        ]
      },
      "properties": {
        "name": "Rue de la Vénus de Renancourt / Rue Edith Piaf",
        "context": "Amiens, Somme",
        "citycode": "80021",
        "depcode": "80"
      }
    },
    {
      "type": "Feature",
      "geometry": {
        "type": "Point",
        "coordinates": [
          2.253821518,
          49.897084187
        ]
      },
      "properties": {
        "name": "Rue de la Vénus de Renancourt / Rue Johnny Hallyday",
        "context": "Amiens, Somme",
        "citycode": "80021",
        "depcode": "80"
      }
    },
    {
      "type": "Feature",
      "geometry": {
        "type": "Point",
        "coordinates": [
          2.257444062,
          49.898971399
        ]
      },
      "properties": {
        "name": "Rue de la Vénus de Renancourt / Rue Simone Renant",
        "context": "Amiens, Somme",
        "citycode": "80021",
        "depcode": "80"
      }
    },
    {
      "type": "Feature",
      "geometry": {
        "type": "Point",
        "coordinates": [
          2.292455035,
          49.885513697
        ]
      },
      "properties": {
        "name": "Rue De Latour / Allée Olympe de Gouges",
        "context": "Amiens, Somme",
        "citycode": "80021",
        "depcode": "80"
      }
    },
    {
      "type": "Feature",
      "geometry": {
        "type": "Point",
        "coordinates": [
          2.295240339,
          49.884831917
        ]
      },
      "properties": {
        "name": "Rue De Latour / Rue Delpech",
        "context": "Amiens, Somme",
        "citycode": "80021",
        "depcode": "80"
      }
    },
    {
      "type": "Feature",
      "geometry": {
        "type": "Point",
        "coordinates": [
          2.292470868,
          49.885499791
        ]
      },
      "properties": {
        "name": "Rue De Latour / Rue Gaulthier de Rumilly",
        "context": "Amiens, Somme",
        "citycode": "80021",
        "depcode": "80"
      }
    },
    {
      "type": "Feature",
      "geometry": {
        "type": "Point",
        "coordinates": [
          2.285847507,
          49.866492393
        ]
      },
      "properties": {
        "name": "Rue de Lettonie / Allée de Chypre",
        "context": "Amiens, Somme",
        "citycode": "80021",
        "depcode": "80"
      }
    },
    {
      "type": "Feature",
      "geometry": {
        "type": "Point",
        "coordinates": [
          2.325617472,
          49.885271392
        ]
      },
      "properties": {
        "name": "Rue de Lisbonne / Rue de Madrid",
        "context": "Amiens, Somme",
        "citycode": "80021",
        "depcode": "80"
      }
    },
    {
      "type": "Feature",
      "geometry": {
        "type": "Point",
        "coordinates": [
          2.325183372,
          49.884767853
        ]
      },
      "properties": {
        "name": "Rue de Lisbonne / Rue Diderot",
        "context": "Amiens, Somme",
        "citycode": "80021",
        "depcode": "80"
      }
    },
    {
      "type": "Feature",
      "geometry": {
        "type": "Point",
        "coordinates": [
          2.247419149,
          49.914395623
        ]
      },
      "properties": {
        "name": "Rue de Lorraine / Avenue de Picardie",
        "context": "Amiens, Somme",
        "citycode": "80021",
        "depcode": "80"
      }
    },
    {
      "type": "Feature",
      "geometry": {
        "type": "Point",
        "coordinates": [
          2.324851107,
          49.885537008
        ]
      },
      "properties": {
        "name": "Rue de Madrid / Rue Vion",
        "context": "Amiens, Somme",
        "citycode": "80021",
        "depcode": "80"
      }
    },
    {
      "type": "Feature",
      "geometry": {
        "type": "Point",
        "coordinates": [
          2.3007681,
          49.900091
        ]
      },
      "properties": {
        "name": "Rue de Mai / Rue des Minimes",
        "context": "Amiens, Somme",
        "citycode": "80021",
        "depcode": "80"
      }
    },
    {
      "type": "Feature",
      "geometry": {
        "type": "Point",
        "coordinates": [
          2.300261093,
          49.900187205
        ]
      },
      "properties": {
        "name": "Rue de Mai / Rue Saint-Leu",
        "context": "Amiens, Somme",
        "citycode": "80021",
        "depcode": "80"
      }
    },
    {
      "type": "Feature",
      "geometry": {
        "type": "Point",
        "coordinates": [
          2.30863722,
          49.884816795
        ]
      },
      "properties": {
        "name": "Rue de Malakoff / Impasse Retel",
        "context": "Amiens, Somme",
        "citycode": "80021",
        "depcode": "80"
      }
    },
    {
      "type": "Feature",
      "geometry": {
        "type": "Point",
        "coordinates": [
          2.309410912,
          49.884793967
        ]
      },
      "properties": {
        "name": "Rue de Malakoff / Rue Coquerel",
        "context": "Amiens, Somme",
        "citycode": "80021",
        "depcode": "80"
      }
    },
    {
      "type": "Feature",
      "geometry": {
        "type": "Point",
        "coordinates": [
          2.3094292,
          49.884793799
        ]
      },
      "properties": {
        "name": "Rue de Malakoff / Rue Langles",
        "context": "Amiens, Somme",
        "citycode": "80021",
        "depcode": "80"
      }
    },
    {
      "type": "Feature",
      "geometry": {
        "type": "Point",
        "coordinates": [
          2.311201769,
          49.893518885
        ]
      },
      "properties": {
        "name": "Rue de Mareuil / Rue Claudius Antoine Serrassaint",
        "context": "Amiens, Somme",
        "citycode": "80021",
        "depcode": "80"
      }
    },
    {
      "type": "Feature",
      "geometry": {
        "type": "Point",
        "coordinates": [
          2.329588022,
          49.881582745
        ]
      },
      "properties": {
        "name": "Rue de Mercey / Chaussée Jules Ferry",
        "context": "Amiens, Somme",
        "citycode": "80021",
        "depcode": "80"
      }
    },
    {
      "type": "Feature",
      "geometry": {
        "type": "Point",
        "coordinates": [
          2.328052514,
          49.87979209
        ]
      },
      "properties": {
        "name": "Rue de Mercey / Rue Gaston Blanchard",
        "context": "Amiens, Somme",
        "citycode": "80021",
        "depcode": "80"
      }
    },
    {
      "type": "Feature",
      "geometry": {
        "type": "Point",
        "coordinates": [
          2.326949734,
          49.878409552
        ]
      },
      "properties": {
        "name": "Rue de Mercey / Rue Jacques Prévert",
        "context": "Amiens, Somme",
        "citycode": "80021",
        "depcode": "80"
      }
    },
    {
      "type": "Feature",
      "geometry": {
        "type": "Point",
        "coordinates": [
          2.294704918,
          49.895210998
        ]
      },
      "properties": {
        "name": "Rue de Metz / Passage des Halles",
        "context": "Amiens, Somme",
        "citycode": "80021",
        "depcode": "80"
      }
    },
    {
      "type": "Feature",
      "geometry": {
        "type": "Point",
        "coordinates": [
          2.295981875,
          49.895010157
        ]
      },
      "properties": {
        "name": "Rue de Metz / Place au Fil",
        "context": "Amiens, Somme",
        "citycode": "80021",
        "depcode": "80"
      }
    },
    {
      "type": "Feature",
      "geometry": {
        "type": "Point",
        "coordinates": [
          2.295918671,
          49.895004969
        ]
      },
      "properties": {
        "name": "Rue de Metz / Place Léon Debouverie",
        "context": "Amiens, Somme",
        "citycode": "80021",
        "depcode": "80"
      }
    },
    {
      "type": "Feature",
      "geometry": {
        "type": "Point",
        "coordinates": [
          2.293513251,
          49.895399424
        ]
      },
      "properties": {
        "name": "Rue de Metz / Rue du Général Leclerc",
        "context": "Amiens, Somme",
        "citycode": "80021",
        "depcode": "80"
      }
    },
    {
      "type": "Feature",
      "geometry": {
        "type": "Point",
        "coordinates": [
          2.319793489,
          49.883390568
        ]
      },
      "properties": {
        "name": "Rue de Mons / Boulevard de Pont-Noyelles",
        "context": "Amiens, Somme",
        "citycode": "80021",
        "depcode": "80"
      }
    },
    {
      "type": "Feature",
      "geometry": {
        "type": "Point",
        "coordinates": [
          2.317689404,
          49.884198484
        ]
      },
      "properties": {
        "name": "Rue de Mons / Rue de la Croix Saint-Firmin",
        "context": "Amiens, Somme",
        "citycode": "80021",
        "depcode": "80"
      }
    },
    {
      "type": "Feature",
      "geometry": {
        "type": "Point",
        "coordinates": [
          2.320852916,
          49.882969799
        ]
      },
      "properties": {
        "name": "Rue de Mons / Rue Perimony",
        "context": "Amiens, Somme",
        "citycode": "80021",
        "depcode": "80"
      }
    },
    {
      "type": "Feature",
      "geometry": {
        "type": "Point",
        "coordinates": [
          2.304769882,
          49.870990885
        ]
      },
      "properties": {
        "name": "Rue de Monsoreau / Rue Alexandre Dumas",
        "context": "Amiens, Somme",
        "citycode": "80021",
        "depcode": "80"
      }
    },
    {
      "type": "Feature",
      "geometry": {
        "type": "Point",
        "coordinates": [
          2.315609373,
          49.88792054
        ]
      },
      "properties": {
        "name": "Rue de Morvillers / Rue Galland",
        "context": "Amiens, Somme",
        "citycode": "80021",
        "depcode": "80"
      }
    },
    {
      "type": "Feature",
      "geometry": {
        "type": "Point",
        "coordinates": [
          2.316551627,
          49.888797251
        ]
      },
      "properties": {
        "name": "Rue de Morvillers / Rue Riolan",
        "context": "Amiens, Somme",
        "citycode": "80021",
        "depcode": "80"
      }
    },
    {
      "type": "Feature",
      "geometry": {
        "type": "Point",
        "coordinates": [
          2.245302547,
          49.911960983
        ]
      },
      "properties": {
        "name": "Rue de Normandie / Rue de l'Île de France",
        "context": "Amiens, Somme",
        "citycode": "80021",
        "depcode": "80"
      }
    },
    {
      "type": "Feature",
      "geometry": {
        "type": "Point",
        "coordinates": [
          2.290184803,
          49.870190281
        ]
      },
      "properties": {
        "name": "Rue de Norvège / Avenue du Royaume-Uni",
        "context": "Amiens, Somme",
        "citycode": "80021",
        "depcode": "80"
      }
    },
    {
      "type": "Feature",
      "geometry": {
        "type": "Point",
        "coordinates": [
          2.29135416,
          49.868812068
        ]
      },
      "properties": {
        "name": "Rue de Norvège / Place d'Islande",
        "context": "Amiens, Somme",
        "citycode": "80021",
        "depcode": "80"
      }
    },
    {
      "type": "Feature",
      "geometry": {
        "type": "Point",
        "coordinates": [
          2.304172903,
          49.891247904
        ]
      },
      "properties": {
        "name": "Rue de Noyon / Place René Goblet",
        "context": "Amiens, Somme",
        "citycode": "80021",
        "depcode": "80"
      }
    },
    {
      "type": "Feature",
      "geometry": {
        "type": "Point",
        "coordinates": [
          2.304174507,
          49.891244084
        ]
      },
      "properties": {
        "name": "Rue de Noyon / Rue Caudron",
        "context": "Amiens, Somme",
        "citycode": "80021",
        "depcode": "80"
      }
    },
    {
      "type": "Feature",
      "geometry": {
        "type": "Point",
        "coordinates": [
          2.30420571,
          49.891251001
        ]
      },
      "properties": {
        "name": "Rue de Noyon / Rue Lamartine",
        "context": "Amiens, Somme",
        "citycode": "80021",
        "depcode": "80"
      }
    },
    {
      "type": "Feature",
      "geometry": {
        "type": "Point",
        "coordinates": [
          2.286577023,
          49.869746023
        ]
      },
      "properties": {
        "name": "Rue de Pologne / Allée de Lituanie",
        "context": "Amiens, Somme",
        "citycode": "80021",
        "depcode": "80"
      }
    },
    {
      "type": "Feature",
      "geometry": {
        "type": "Point",
        "coordinates": [
          2.287406243,
          49.869788073
        ]
      },
      "properties": {
        "name": "Rue de Pologne / Allée de Saint-Marin",
        "context": "Amiens, Somme",
        "citycode": "80021",
        "depcode": "80"
      }
    },
    {
      "type": "Feature",
      "geometry": {
        "type": "Point",
        "coordinates": [
          2.286567379,
          49.871821363
        ]
      },
      "properties": {
        "name": "Rue de Pologne / Avenue d'Espagne",
        "context": "Amiens, Somme",
        "citycode": "80021",
        "depcode": "80"
      }
    },
    {
      "type": "Feature",
      "geometry": {
        "type": "Point",
        "coordinates": [
          2.288014364,
          49.87145152
        ]
      },
      "properties": {
        "name": "Rue de Pologne / Rue de Bulgarie",
        "context": "Amiens, Somme",
        "citycode": "80021",
        "depcode": "80"
      }
    },
    {
      "type": "Feature",
      "geometry": {
        "type": "Point",
        "coordinates": [
          2.287087256,
          49.871689027
        ]
      },
      "properties": {
        "name": "Rue de Pologne / Rue de Hongrie",
        "context": "Amiens, Somme",
        "citycode": "80021",
        "depcode": "80"
      }
    },
    {
      "type": "Feature",
      "geometry": {
        "type": "Point",
        "coordinates": [
          2.288086205,
          49.869856818
        ]
      },
      "properties": {
        "name": "Rue de Pologne / Rue de la République Tchèque",
        "context": "Amiens, Somme",
        "citycode": "80021",
        "depcode": "80"
      }
    },
    {
      "type": "Feature",
      "geometry": {
        "type": "Point",
        "coordinates": [
          2.28415024,
          49.935259458
        ]
      },
      "properties": {
        "name": "Rue de Poulainville / Avenue Roger Dumoulin D933",
        "context": "Amiens, Somme",
        "citycode": "80021",
        "depcode": "80"
      }
    },
    {
      "type": "Feature",
      "geometry": {
        "type": "Point",
        "coordinates": [
          2.292058232,
          49.938407759
        ]
      },
      "properties": {
        "name": "Rue de Poulainville / Chemin Latéral",
        "context": "Amiens, Somme",
        "citycode": "80021",
        "depcode": "80"
      }
    },
    {
      "type": "Feature",
      "geometry": {
        "type": "Point",
        "coordinates": [
          2.276561252,
          49.931911954
        ]
      },
      "properties": {
        "name": "Rue de Poulainville / Rue André Durouchez D12",
        "context": "Amiens, Somme",
        "citycode": "80021",
        "depcode": "80"
      }
    },
    {
      "type": "Feature",
      "geometry": {
        "type": "Point",
        "coordinates": [
          2.270550374,
          49.927164566
        ]
      },
      "properties": {
        "name": "Rue de Poulainville / Rue des Archicamps",
        "context": "Amiens, Somme",
        "citycode": "80021",
        "depcode": "80"
      }
    },
    {
      "type": "Feature",
      "geometry": {
        "type": "Point",
        "coordinates": [
          2.273802126,
          49.929910511
        ]
      },
      "properties": {
        "name": "Rue de Poulainville / Rue du Santerre",
        "context": "Amiens, Somme",
        "citycode": "80021",
        "depcode": "80"
      }
    },
    {
      "type": "Feature",
      "geometry": {
        "type": "Point",
        "coordinates": [
          2.281617979,
          49.934295774
        ]
      },
      "properties": {
        "name": "Rue de Poulainville / Rue Jean-Jacques Mention",
        "context": "Amiens, Somme",
        "citycode": "80021",
        "depcode": "80"
      }
    },
    {
      "type": "Feature",
      "geometry": {
        "type": "Point",
        "coordinates": [
          2.319908797,
          49.871432699
        ]
      },
      "properties": {
        "name": "Rue de Prague / Rue de Québec",
        "context": "Amiens, Somme",
        "citycode": "80021",
        "depcode": "80"
      }
    },
    {
      "type": "Feature",
      "geometry": {
        "type": "Point",
        "coordinates": [
          2.318156102,
          49.874436178
        ]
      },
      "properties": {
        "name": "Rue de Prague / Rue Descartes",
        "context": "Amiens, Somme",
        "citycode": "80021",
        "depcode": "80"
      }
    },
    {
      "type": "Feature",
      "geometry": {
        "type": "Point",
        "coordinates": [
          2.319887493,
          49.871440299
        ]
      },
      "properties": {
        "name": "Rue de Prague / Rue Jean-Marc Laurent",
        "context": "Amiens, Somme",
        "citycode": "80021",
        "depcode": "80"
      }
    },
    {
      "type": "Feature",
      "geometry": {
        "type": "Point",
        "coordinates": [
          2.257803367,
          49.91539083
        ]
      },
      "properties": {
        "name": "Rue de Provence / Rue Georges Quarante",
        "context": "Amiens, Somme",
        "citycode": "80021",
        "depcode": "80"
      }
    },
    {
      "type": "Feature",
      "geometry": {
        "type": "Point",
        "coordinates": [
          2.333137922,
          49.870731264
        ]
      },
      "properties": {
        "name": "Rue de Québec / Rue de Cagny",
        "context": "Amiens, Somme",
        "citycode": "80021",
        "depcode": "80"
      }
    },
    {
      "type": "Feature",
      "geometry": {
        "type": "Point",
        "coordinates": [
          2.319905501,
          49.871428901
        ]
      },
      "properties": {
        "name": "Rue de Québec / Rue Jean-Marc Laurent",
        "context": "Amiens, Somme",
        "citycode": "80021",
        "depcode": "80"
      }
    },
    {
      "type": "Feature",
      "geometry": {
        "type": "Point",
        "coordinates": [
          2.317874631,
          49.868443323
        ]
      },
      "properties": {
        "name": "Rue de Redon / Rue de Fougères",
        "context": "Amiens, Somme",
        "citycode": "80021",
        "depcode": "80"
      }
    },
    {
      "type": "Feature",
      "geometry": {
        "type": "Point",
        "coordinates": [
          2.255599006,
          49.915290398
        ]
      },
      "properties": {
        "name": "Rue de Savoie / Place de la Sologne",
        "context": "Amiens, Somme",
        "citycode": "80021",
        "depcode": "80"
      }
    },
    {
      "type": "Feature",
      "geometry": {
        "type": "Point",
        "coordinates": [
          2.286439026,
          49.868089222
        ]
      },
      "properties": {
        "name": "Rue de Slovaquie / Rue de Lettonie",
        "context": "Amiens, Somme",
        "citycode": "80021",
        "depcode": "80"
      }
    },
    {
      "type": "Feature",
      "geometry": {
        "type": "Point",
        "coordinates": [
          2.286297748,
          49.867395959
        ]
      },
      "properties": {
        "name": "Rue de Slovénie / Rue de Lettonie",
        "context": "Amiens, Somme",
        "citycode": "80021",
        "depcode": "80"
      }
    },
    {
      "type": "Feature",
      "geometry": {
        "type": "Point",
        "coordinates": [
          2.272104339,
          49.90883195
        ]
      },
      "properties": {
        "name": "Rue de Sully / Espace Alliance",
        "context": "Amiens, Somme",
        "citycode": "80021",
        "depcode": "80"
      }
    },
    {
      "type": "Feature",
      "geometry": {
        "type": "Point",
        "coordinates": [
          2.275753704,
          49.906170102
        ]
      },
      "properties": {
        "name": "Rue de Sully / Rue Alfred Catel",
        "context": "Amiens, Somme",
        "citycode": "80021",
        "depcode": "80"
      }
    },
    {
      "type": "Feature",
      "geometry": {
        "type": "Point",
        "coordinates": [
          2.265030416,
          49.907902473
        ]
      },
      "properties": {
        "name": "Rue de Sully / Rue d'Abbeville D1235",
        "context": "Amiens, Somme",
        "citycode": "80021",
        "depcode": "80"
      }
    },
    {
      "type": "Feature",
      "geometry": {
        "type": "Point",
        "coordinates": [
          2.275739258,
          49.906177559
        ]
      },
      "properties": {
        "name": "Rue de Sully / Rue Maberly",
        "context": "Amiens, Somme",
        "citycode": "80021",
        "depcode": "80"
      }
    },
    {
      "type": "Feature",
      "geometry": {
        "type": "Point",
        "coordinates": [
          2.31373602,
          49.868470776
        ]
      },
      "properties": {
        "name": "Rue de Thann / Chemin de Banlieue",
        "context": "Amiens, Somme",
        "citycode": "80021",
        "depcode": "80"
      }
    },
    {
      "type": "Feature",
      "geometry": {
        "type": "Point",
        "coordinates": [
          2.314317785,
          49.869108124
        ]
      },
      "properties": {
        "name": "Rue de Thann / Rue d'Obernai",
        "context": "Amiens, Somme",
        "citycode": "80021",
        "depcode": "80"
      }
    },
    {
      "type": "Feature",
      "geometry": {
        "type": "Point",
        "coordinates": [
          2.314177424,
          49.869366604
        ]
      },
      "properties": {
        "name": "Rue de Thann / Rue de Cernay",
        "context": "Amiens, Somme",
        "citycode": "80021",
        "depcode": "80"
      }
    },
    {
      "type": "Feature",
      "geometry": {
        "type": "Point",
        "coordinates": [
          2.314012214,
          49.868747621
        ]
      },
      "properties": {
        "name": "Rue de Thann / Rue de Colmar",
        "context": "Amiens, Somme",
        "citycode": "80021",
        "depcode": "80"
      }
    },
    {
      "type": "Feature",
      "geometry": {
        "type": "Point",
        "coordinates": [
          2.313714925,
          49.868475974
        ]
      },
      "properties": {
        "name": "Rue de Thann / Rue de Tarascon",
        "context": "Amiens, Somme",
        "citycode": "80021",
        "depcode": "80"
      }
    },
    {
      "type": "Feature",
      "geometry": {
        "type": "Point",
        "coordinates": [
          2.309310251,
          49.894503598
        ]
      },
      "properties": {
        "name": "Rue de Verdun / Boulevard d'Alsace-Lorraine",
        "context": "Amiens, Somme",
        "citycode": "80021",
        "depcode": "80"
      }
    },
    {
      "type": "Feature",
      "geometry": {
        "type": "Point",
        "coordinates": [
          2.309286875,
          49.894541137
        ]
      },
      "properties": {
        "name": "Rue de Verdun / Port d'Amont",
        "context": "Amiens, Somme",
        "citycode": "80021",
        "depcode": "80"
      }
    },
    {
      "type": "Feature",
      "geometry": {
        "type": "Point",
        "coordinates": [
          2.314706256,
          49.89376225
        ]
      },
      "properties": {
        "name": "Rue de Verdun / Promenade Nisso Pelossof",
        "context": "Amiens, Somme",
        "citycode": "80021",
        "depcode": "80"
      }
    },
    {
      "type": "Feature",
      "geometry": {
        "type": "Point",
        "coordinates": [
          2.314828861,
          49.871767716
        ]
      },
      "properties": {
        "name": "Rue de Vigan / Rue du Maréchal de Castries",
        "context": "Amiens, Somme",
        "citycode": "80021",
        "depcode": "80"
      }
    },
    {
      "type": "Feature",
      "geometry": {
        "type": "Point",
        "coordinates": [
          2.290092834,
          49.90712339
        ]
      },
      "properties": {
        "name": "Rue de Vignacourt / Place Victor Pauchet",
        "context": "Amiens, Somme",
        "citycode": "80021",
        "depcode": "80"
      }
    },
    {
      "type": "Feature",
      "geometry": {
        "type": "Point",
        "coordinates": [
          2.288438498,
          49.904165901
        ]
      },
      "properties": {
        "name": "Rue de Vignacourt / Rue Cagnard",
        "context": "Amiens, Somme",
        "citycode": "80021",
        "depcode": "80"
      }
    },
    {
      "type": "Feature",
      "geometry": {
        "type": "Point",
        "coordinates": [
          2.289297096,
          49.905048377
        ]
      },
      "properties": {
        "name": "Rue de Vignacourt / Rue de Bouvines",
        "context": "Amiens, Somme",
        "citycode": "80021",
        "depcode": "80"
      }
    },
    {
      "type": "Feature",
      "geometry": {
        "type": "Point",
        "coordinates": [
          2.290080521,
          49.907134502
        ]
      },
      "properties": {
        "name": "Rue de Vignacourt / Rue Moise Delouard",
        "context": "Amiens, Somme",
        "citycode": "80021",
        "depcode": "80"
      }
    },
    {
      "type": "Feature",
      "geometry": {
        "type": "Point",
        "coordinates": [
          2.288457637,
          49.904171893
        ]
      },
      "properties": {
        "name": "Rue de Vignacourt / Rue Saint-Maurice",
        "context": "Amiens, Somme",
        "citycode": "80021",
        "depcode": "80"
      }
    },
    {
      "type": "Feature",
      "geometry": {
        "type": "Point",
        "coordinates": [
          2.286225347,
          49.900170127
        ]
      },
      "properties": {
        "name": "Rue Debaussaux / Allée de la Villa Debaussaux",
        "context": "Amiens, Somme",
        "citycode": "80021",
        "depcode": "80"
      }
    },
    {
      "type": "Feature",
      "geometry": {
        "type": "Point",
        "coordinates": [
          2.286728144,
          49.90068827
        ]
      },
      "properties": {
        "name": "Rue Debaussaux / Avenue Pierre Mendès France D1235",
        "context": "Amiens, Somme",
        "citycode": "80021",
        "depcode": "80"
      }
    },
    {
      "type": "Feature",
      "geometry": {
        "type": "Point",
        "coordinates": [
          2.287472897,
          49.901339623
        ]
      },
      "properties": {
        "name": "Rue Debaussaux / Quai Charles Tellier",
        "context": "Amiens, Somme",
        "citycode": "80021",
        "depcode": "80"
      }
    },
    {
      "type": "Feature",
      "geometry": {
        "type": "Point",
        "coordinates": [
          2.28574262,
          49.898975087
        ]
      },
      "properties": {
        "name": "Rue Debaussaux / Rue Jean Jaurès",
        "context": "Amiens, Somme",
        "citycode": "80021",
        "depcode": "80"
      }
    },
    {
      "type": "Feature",
      "geometry": {
        "type": "Point",
        "coordinates": [
          2.300530276,
          49.885750369
        ]
      },
      "properties": {
        "name": "Rue Debray / Rue Morgan",
        "context": "Amiens, Somme",
        "citycode": "80021",
        "depcode": "80"
      }
    },
    {
      "type": "Feature",
      "geometry": {
        "type": "Point",
        "coordinates": [
          2.300685155,
          49.886532288
        ]
      },
      "properties": {
        "name": "Rue Debray / Rue Voiture",
        "context": "Amiens, Somme",
        "citycode": "80021",
        "depcode": "80"
      }
    },
    {
      "type": "Feature",
      "geometry": {
        "type": "Point",
        "coordinates": [
          2.271997102,
          49.891311316
        ]
      },
      "properties": {
        "name": "Rue Decavé / Rue Colbert",
        "context": "Amiens, Somme",
        "citycode": "80021",
        "depcode": "80"
      }
    },
    {
      "type": "Feature",
      "geometry": {
        "type": "Point",
        "coordinates": [
          2.306344929,
          49.901997739
        ]
      },
      "properties": {
        "name": "Rue Decourt / Rue Cordier",
        "context": "Amiens, Somme",
        "citycode": "80021",
        "depcode": "80"
      }
    },
    {
      "type": "Feature",
      "geometry": {
        "type": "Point",
        "coordinates": [
          2.306462408,
          49.901475365
        ]
      },
      "properties": {
        "name": "Rue Decourt / Rue des Bonnards",
        "context": "Amiens, Somme",
        "citycode": "80021",
        "depcode": "80"
      }
    },
    {
      "type": "Feature",
      "geometry": {
        "type": "Point",
        "coordinates": [
          2.306274355,
          49.901968333
        ]
      },
      "properties": {
        "name": "Rue Decourt / Rue Éloi Morel",
        "context": "Amiens, Somme",
        "citycode": "80021",
        "depcode": "80"
      }
    },
    {
      "type": "Feature",
      "geometry": {
        "type": "Point",
        "coordinates": [
          2.328407859,
          49.88733688
        ]
      },
      "properties": {
        "name": "Rue Dejean / Avenue de Londres",
        "context": "Amiens, Somme",
        "citycode": "80021",
        "depcode": "80"
      }
    },
    {
      "type": "Feature",
      "geometry": {
        "type": "Point",
        "coordinates": [
          2.316613072,
          49.891144291
        ]
      },
      "properties": {
        "name": "Rue Dejean / Impasse Azeronde",
        "context": "Amiens, Somme",
        "citycode": "80021",
        "depcode": "80"
      }
    },
    {
      "type": "Feature",
      "geometry": {
        "type": "Point",
        "coordinates": [
          2.313548281,
          49.891631025
        ]
      },
      "properties": {
        "name": "Rue Dejean / Promenade Nisso Pelossof",
        "context": "Amiens, Somme",
        "citycode": "80021",
        "depcode": "80"
      }
    },
    {
      "type": "Feature",
      "geometry": {
        "type": "Point",
        "coordinates": [
          2.32841741,
          49.887335704
        ]
      },
      "properties": {
        "name": "Rue Dejean / Rue de la Terrière",
        "context": "Amiens, Somme",
        "citycode": "80021",
        "depcode": "80"
      }
    },
    {
      "type": "Feature",
      "geometry": {
        "type": "Point",
        "coordinates": [
          2.318585452,
          49.890823577
        ]
      },
      "properties": {
        "name": "Rue Dejean / Rue des Maraîchers",
        "context": "Amiens, Somme",
        "citycode": "80021",
        "depcode": "80"
      }
    },
    {
      "type": "Feature",
      "geometry": {
        "type": "Point",
        "coordinates": [
          2.3122553,
          49.891916499
        ]
      },
      "properties": {
        "name": "Rue Dejean / Rue Jean Mermoz",
        "context": "Amiens, Somme",
        "citycode": "80021",
        "depcode": "80"
      }
    },
    {
      "type": "Feature",
      "geometry": {
        "type": "Point",
        "coordinates": [
          2.315765161,
          49.891226862
        ]
      },
      "properties": {
        "name": "Rue Dejean / Rue Lapostolle",
        "context": "Amiens, Somme",
        "citycode": "80021",
        "depcode": "80"
      }
    },
    {
      "type": "Feature",
      "geometry": {
        "type": "Point",
        "coordinates": [
          2.312261275,
          49.891907986
        ]
      },
      "properties": {
        "name": "Rue Dejean / Rue Legrand d'Aussy",
        "context": "Amiens, Somme",
        "citycode": "80021",
        "depcode": "80"
      }
    },
    {
      "type": "Feature",
      "geometry": {
        "type": "Point",
        "coordinates": [
          2.317715111,
          49.891034461
        ]
      },
      "properties": {
        "name": "Rue Dejean / Rue Neuve-Dejean",
        "context": "Amiens, Somme",
        "citycode": "80021",
        "depcode": "80"
      }
    },
    {
      "type": "Feature",
      "geometry": {
        "type": "Point",
        "coordinates": [
          2.313179902,
          49.891684196
        ]
      },
      "properties": {
        "name": "Rue Dejean / Rue Saint-Fiacre",
        "context": "Amiens, Somme",
        "citycode": "80021",
        "depcode": "80"
      }
    },
    {
      "type": "Feature",
      "geometry": {
        "type": "Point",
        "coordinates": [
          2.29179195,
          49.902177724
        ]
      },
      "properties": {
        "name": "Rue Delahaye / Rue des Teinturiers",
        "context": "Amiens, Somme",
        "citycode": "80021",
        "depcode": "80"
      }
    },
    {
      "type": "Feature",
      "geometry": {
        "type": "Point",
        "coordinates": [
          2.290855012,
          49.903095809
        ]
      },
      "properties": {
        "name": "Rue Delahaye / Rue Octave Tierce",
        "context": "Amiens, Somme",
        "citycode": "80021",
        "depcode": "80"
      }
    },
    {
      "type": "Feature",
      "geometry": {
        "type": "Point",
        "coordinates": [
          2.290771023,
          49.903130651
        ]
      },
      "properties": {
        "name": "Rue Delahaye / Rue Saint-Maurice",
        "context": "Amiens, Somme",
        "citycode": "80021",
        "depcode": "80"
      }
    },
    {
      "type": "Feature",
      "geometry": {
        "type": "Point",
        "coordinates": [
          2.290772731,
          49.903131171
        ]
      },
      "properties": {
        "name": "Rue Delahaye / Rue Zamenhof",
        "context": "Amiens, Somme",
        "citycode": "80021",
        "depcode": "80"
      }
    },
    {
      "type": "Feature",
      "geometry": {
        "type": "Point",
        "coordinates": [
          2.306881183,
          49.907312592
        ]
      },
      "properties": {
        "name": "Rue Delalande / Rue Desrousseaux",
        "context": "Amiens, Somme",
        "citycode": "80021",
        "depcode": "80"
      }
    },
    {
      "type": "Feature",
      "geometry": {
        "type": "Point",
        "coordinates": [
          2.306869644,
          49.907321199
        ]
      },
      "properties": {
        "name": "Rue Delalande / Rue René Coty",
        "context": "Amiens, Somme",
        "citycode": "80021",
        "depcode": "80"
      }
    },
    {
      "type": "Feature",
      "geometry": {
        "type": "Point",
        "coordinates": [
          2.258102958,
          49.912907685
        ]
      },
      "properties": {
        "name": "Rue Delille / Rue Baudoin d'Ailly",
        "context": "Amiens, Somme",
        "citycode": "80021",
        "depcode": "80"
      }
    },
    {
      "type": "Feature",
      "geometry": {
        "type": "Point",
        "coordinates": [
          2.257019603,
          49.913712424
        ]
      },
      "properties": {
        "name": "Rue Delille / Rue Becquestoile",
        "context": "Amiens, Somme",
        "citycode": "80021",
        "depcode": "80"
      }
    },
    {
      "type": "Feature",
      "geometry": {
        "type": "Point",
        "coordinates": [
          2.256967482,
          49.913690326
        ]
      },
      "properties": {
        "name": "Rue Delille / Rue d'Étouvie",
        "context": "Amiens, Somme",
        "citycode": "80021",
        "depcode": "80"
      }
    },
    {
      "type": "Feature",
      "geometry": {
        "type": "Point",
        "coordinates": [
          2.256629756,
          49.913100444
        ]
      },
      "properties": {
        "name": "Rue Delille / Rue de la Ruellette",
        "context": "Amiens, Somme",
        "citycode": "80021",
        "depcode": "80"
      }
    },
    {
      "type": "Feature",
      "geometry": {
        "type": "Point",
        "coordinates": [
          2.25744646,
          49.913342185
        ]
      },
      "properties": {
        "name": "Rue Delille / Rue Emmanuel Bourgeois",
        "context": "Amiens, Somme",
        "citycode": "80021",
        "depcode": "80"
      }
    },
    {
      "type": "Feature",
      "geometry": {
        "type": "Point",
        "coordinates": [
          2.29211958,
          49.879654987
        ]
      },
      "properties": {
        "name": "Rue Delpech / Boulevard de Dury",
        "context": "Amiens, Somme",
        "citycode": "80021",
        "depcode": "80"
      }
    },
    {
      "type": "Feature",
      "geometry": {
        "type": "Point",
        "coordinates": [
          2.292127287,
          49.879628335
        ]
      },
      "properties": {
        "name": "Rue Delpech / Boulevard de Saint-Quentin",
        "context": "Amiens, Somme",
        "citycode": "80021",
        "depcode": "80"
      }
    },
    {
      "type": "Feature",
      "geometry": {
        "type": "Point",
        "coordinates": [
          2.297042998,
          49.88805841
        ]
      },
      "properties": {
        "name": "Rue Delpech / Boulevard Jules Verne",
        "context": "Amiens, Somme",
        "citycode": "80021",
        "depcode": "80"
      }
    },
    {
      "type": "Feature",
      "geometry": {
        "type": "Point",
        "coordinates": [
          2.297019514,
          49.888729346
        ]
      },
      "properties": {
        "name": "Rue Delpech / Mail Albert 1er",
        "context": "Amiens, Somme",
        "citycode": "80021",
        "depcode": "80"
      }
    },
    {
      "type": "Feature",
      "geometry": {
        "type": "Point",
        "coordinates": [
          2.292100037,
          49.879605632
        ]
      },
      "properties": {
        "name": "Rue Delpech / Rue André Chénier",
        "context": "Amiens, Somme",
        "citycode": "80021",
        "depcode": "80"
      }
    },
    {
      "type": "Feature",
      "geometry": {
        "type": "Point",
        "coordinates": [
          2.294002891,
          49.882713321
        ]
      },
      "properties": {
        "name": "Rue Delpech / Rue Camille Desmoulins",
        "context": "Amiens, Somme",
        "citycode": "80021",
        "depcode": "80"
      }
    },
    {
      "type": "Feature",
      "geometry": {
        "type": "Point",
        "coordinates": [
          2.294604303,
          49.883725027
        ]
      },
      "properties": {
        "name": "Rue Delpech / Rue Jeanne d'Arc",
        "context": "Amiens, Somme",
        "citycode": "80021",
        "depcode": "80"
      }
    },
    {
      "type": "Feature",
      "geometry": {
        "type": "Point",
        "coordinates": [
          2.293717866,
          49.882241775
        ]
      },
      "properties": {
        "name": "Rue Delpech / Rue Saint-Simon",
        "context": "Amiens, Somme",
        "citycode": "80021",
        "depcode": "80"
      }
    },
    {
      "type": "Feature",
      "geometry": {
        "type": "Point",
        "coordinates": [
          2.282522055,
          49.890454612
        ]
      },
      "properties": {
        "name": "Rue Denfert-Rochereau / Avenue du Général Foy",
        "context": "Amiens, Somme",
        "citycode": "80021",
        "depcode": "80"
      }
    },
    {
      "type": "Feature",
      "geometry": {
        "type": "Point",
        "coordinates": [
          2.285316041,
          49.889561417
        ]
      },
      "properties": {
        "name": "Rue Denfert-Rochereau / Rue Béranger",
        "context": "Amiens, Somme",
        "citycode": "80021",
        "depcode": "80"
      }
    },
    {
      "type": "Feature",
      "geometry": {
        "type": "Point",
        "coordinates": [
          2.283119608,
          49.8902549
        ]
      },
      "properties": {
        "name": "Rue Denfert-Rochereau / Rue du Général Boyeldieu",
        "context": "Amiens, Somme",
        "citycode": "80021",
        "depcode": "80"
      }
    },
    {
      "type": "Feature",
      "geometry": {
        "type": "Point",
        "coordinates": [
          2.283751554,
          49.890063801
        ]
      },
      "properties": {
        "name": "Rue Denfert-Rochereau / Rue François Delavigne",
        "context": "Amiens, Somme",
        "citycode": "80021",
        "depcode": "80"
      }
    },
    {
      "type": "Feature",
      "geometry": {
        "type": "Point",
        "coordinates": [
          2.282504505,
          49.890457406
        ]
      },
      "properties": {
        "name": "Rue Denfert-Rochereau / Rue Gaston Moutardier",
        "context": "Amiens, Somme",
        "citycode": "80021",
        "depcode": "80"
      }
    },
    {
      "type": "Feature",
      "geometry": {
        "type": "Point",
        "coordinates": [
          2.284757533,
          49.889782588
        ]
      },
      "properties": {
        "name": "Rue Denfert-Rochereau / Rue Lannoy",
        "context": "Amiens, Somme",
        "citycode": "80021",
        "depcode": "80"
      }
    },
    {
      "type": "Feature",
      "geometry": {
        "type": "Point",
        "coordinates": [
          2.32026811,
          49.907354084
        ]
      },
      "properties": {
        "name": "Rue Denis Cordonnier / Avenue de la Défense Passive D929",
        "context": "Amiens, Somme",
        "citycode": "80021",
        "depcode": "80"
      }
    },
    {
      "type": "Feature",
      "geometry": {
        "type": "Point",
        "coordinates": [
          2.320502884,
          49.905169302
        ]
      },
      "properties": {
        "name": "Rue Denis Cordonnier / Rue Jean Lurçat",
        "context": "Amiens, Somme",
        "citycode": "80021",
        "depcode": "80"
      }
    },
    {
      "type": "Feature",
      "geometry": {
        "type": "Point",
        "coordinates": [
          2.318648918,
          49.902883471
        ]
      },
      "properties": {
        "name": "Rue Denis Cordonnier / Rue Roger Onfray D1",
        "context": "Amiens, Somme",
        "citycode": "80021",
        "depcode": "80"
      }
    },
    {
      "type": "Feature",
      "geometry": {
        "type": "Point",
        "coordinates": [
          2.336396109,
          49.8713017
        ]
      },
      "properties": {
        "name": "Rue des Aigrettes / Rue des Saules",
        "context": "Amiens, Somme",
        "citycode": "80021",
        "depcode": "80"
      }
    },
    {
      "type": "Feature",
      "geometry": {
        "type": "Point",
        "coordinates": [
          2.336631506,
          49.869888829
        ]
      },
      "properties": {
        "name": "Rue des Aigrettes / Rue du Héron Cendré",
        "context": "Amiens, Somme",
        "citycode": "80021",
        "depcode": "80"
      }
    },
    {
      "type": "Feature",
      "geometry": {
        "type": "Point",
        "coordinates": [
          2.336619406,
          49.869894131
        ]
      },
      "properties": {
        "name": "Rue des Aigrettes / Rue Marcel Paul",
        "context": "Amiens, Somme",
        "citycode": "80021",
        "depcode": "80"
      }
    },
    {
      "type": "Feature",
      "geometry": {
        "type": "Point",
        "coordinates": [
          2.325050739,
          49.886926248
        ]
      },
      "properties": {
        "name": "Rue des Alliés / Rue de la Délivrance",
        "context": "Amiens, Somme",
        "citycode": "80021",
        "depcode": "80"
      }
    },
    {
      "type": "Feature",
      "geometry": {
        "type": "Point",
        "coordinates": [
          2.326046653,
          49.886391126
        ]
      },
      "properties": {
        "name": "Rue des Alliés / Rue de Suffren",
        "context": "Amiens, Somme",
        "citycode": "80021",
        "depcode": "80"
      }
    },
    {
      "type": "Feature",
      "geometry": {
        "type": "Point",
        "coordinates": [
          2.325350708,
          49.886680431
        ]
      },
      "properties": {
        "name": "Rue des Alliés / Rue La Pérouse",
        "context": "Amiens, Somme",
        "citycode": "80021",
        "depcode": "80"
      }
    },
    {
      "type": "Feature",
      "geometry": {
        "type": "Point",
        "coordinates": [
          2.311766727,
          49.869300047
        ]
      },
      "properties": {
        "name": "Rue des Alpilles / Rue de Tarascon",
        "context": "Amiens, Somme",
        "citycode": "80021",
        "depcode": "80"
      }
    },
    {
      "type": "Feature",
      "geometry": {
        "type": "Point",
        "coordinates": [
          2.304575608,
          49.89950955
        ]
      },
      "properties": {
        "name": "Rue des Archers / Boulevard Baraban",
        "context": "Amiens, Somme",
        "citycode": "80021",
        "depcode": "80"
      }
    },
    {
      "type": "Feature",
      "geometry": {
        "type": "Point",
        "coordinates": [
          2.302321325,
          49.898680638
        ]
      },
      "properties": {
        "name": "Rue des Archers / Place Aristide Briand",
        "context": "Amiens, Somme",
        "citycode": "80021",
        "depcode": "80"
      }
    },
    {
      "type": "Feature",
      "geometry": {
        "type": "Point",
        "coordinates": [
          2.30188323,
          49.898555683
        ]
      },
      "properties": {
        "name": "Rue des Archers / Rue Canteraine",
        "context": "Amiens, Somme",
        "citycode": "80021",
        "depcode": "80"
      }
    },
    {
      "type": "Feature",
      "geometry": {
        "type": "Point",
        "coordinates": [
          2.303739168,
          49.899184936
        ]
      },
      "properties": {
        "name": "Rue des Archers / Rue des Clairons",
        "context": "Amiens, Somme",
        "citycode": "80021",
        "depcode": "80"
      }
    },
    {
      "type": "Feature",
      "geometry": {
        "type": "Point",
        "coordinates": [
          2.300759899,
          49.898254711
        ]
      },
      "properties": {
        "name": "Rue des Archers / Rue Saint-Leu",
        "context": "Amiens, Somme",
        "citycode": "80021",
        "depcode": "80"
      }
    },
    {
      "type": "Feature",
      "geometry": {
        "type": "Point",
        "coordinates": [
          2.266713105,
          49.928426201
        ]
      },
      "properties": {
        "name": "Rue des Archicamps / Rue de la Vassellerie",
        "context": "Amiens, Somme",
        "citycode": "80021",
        "depcode": "80"
      }
    },
    {
      "type": "Feature",
      "geometry": {
        "type": "Point",
        "coordinates": [
          2.263045717,
          49.929810333
        ]
      },
      "properties": {
        "name": "Rue des Archicamps / Rue de Vaux",
        "context": "Amiens, Somme",
        "citycode": "80021",
        "depcode": "80"
      }
    },
    {
      "type": "Feature",
      "geometry": {
        "type": "Point",
        "coordinates": [
          2.306181609,
          49.895363468
        ]
      },
      "properties": {
        "name": "Rue des Augustins / Port d'Amont",
        "context": "Amiens, Somme",
        "citycode": "80021",
        "depcode": "80"
      }
    },
    {
      "type": "Feature",
      "geometry": {
        "type": "Point",
        "coordinates": [
          2.305969695,
          49.894989671
        ]
      },
      "properties": {
        "name": "Rue des Augustins / Rue de la Barette",
        "context": "Amiens, Somme",
        "citycode": "80021",
        "depcode": "80"
      }
    },
    {
      "type": "Feature",
      "geometry": {
        "type": "Point",
        "coordinates": [
          2.30595191,
          49.894993621
        ]
      },
      "properties": {
        "name": "Rue des Augustins / Rue du Hocquet",
        "context": "Amiens, Somme",
        "citycode": "80021",
        "depcode": "80"
      }
    },
    {
      "type": "Feature",
      "geometry": {
        "type": "Point",
        "coordinates": [
          2.26691545,
          49.922469232
        ]
      },
      "properties": {
        "name": "Rue des Aulnes / Impasse des Cerisiers",
        "context": "Amiens, Somme",
        "citycode": "80021",
        "depcode": "80"
      }
    },
    {
      "type": "Feature",
      "geometry": {
        "type": "Point",
        "coordinates": [
          2.266884182,
          49.922478313
        ]
      },
      "properties": {
        "name": "Rue des Aulnes / Impasse des Prunus",
        "context": "Amiens, Somme",
        "citycode": "80021",
        "depcode": "80"
      }
    },
    {
      "type": "Feature",
      "geometry": {
        "type": "Point",
        "coordinates": [
          2.300785474,
          49.901693798
        ]
      },
      "properties": {
        "name": "Rue des Becquerelles / Chemin de Contre Halage",
        "context": "Amiens, Somme",
        "citycode": "80021",
        "depcode": "80"
      }
    },
    {
      "type": "Feature",
      "geometry": {
        "type": "Point",
        "coordinates": [
          2.301654663,
          49.901366209
        ]
      },
      "properties": {
        "name": "Rue des Becquerelles / Passage des Becquerelles",
        "context": "Amiens, Somme",
        "citycode": "80021",
        "depcode": "80"
      }
    },
    {
      "type": "Feature",
      "geometry": {
        "type": "Point",
        "coordinates": [
          2.302566315,
          49.900778436
        ]
      },
      "properties": {
        "name": "Rue des Becquerelles / Passage des Coches",
        "context": "Amiens, Somme",
        "citycode": "80021",
        "depcode": "80"
      }
    },
    {
      "type": "Feature",
      "geometry": {
        "type": "Point",
        "coordinates": [
          2.30262226,
          49.900818998
        ]
      },
      "properties": {
        "name": "Rue des Becquerelles / Rue de la Fontaine d'Amour",
        "context": "Amiens, Somme",
        "citycode": "80021",
        "depcode": "80"
      }
    },
    {
      "type": "Feature",
      "geometry": {
        "type": "Point",
        "coordinates": [
          2.29994103,
          49.901756536
        ]
      },
      "properties": {
        "name": "Rue des Becquerelles / Rue des Déportés",
        "context": "Amiens, Somme",
        "citycode": "80021",
        "depcode": "80"
      }
    },
    {
      "type": "Feature",
      "geometry": {
        "type": "Point",
        "coordinates": [
          2.299957703,
          49.901746542
        ]
      },
      "properties": {
        "name": "Rue des Becquerelles / Rue Saint-Leu",
        "context": "Amiens, Somme",
        "citycode": "80021",
        "depcode": "80"
      }
    },
    {
      "type": "Feature",
      "geometry": {
        "type": "Point",
        "coordinates": [
          2.297878282,
          49.901997006
        ]
      },
      "properties": {
        "name": "Rue des Boers / Boulevard des Fusillés",
        "context": "Amiens, Somme",
        "citycode": "80021",
        "depcode": "80"
      }
    },
    {
      "type": "Feature",
      "geometry": {
        "type": "Point",
        "coordinates": [
          2.297570445,
          49.902509178
        ]
      },
      "properties": {
        "name": "Rue des Boers / Rue Lafayette",
        "context": "Amiens, Somme",
        "citycode": "80021",
        "depcode": "80"
      }
    },
    {
      "type": "Feature",
      "geometry": {
        "type": "Point",
        "coordinates": [
          2.30402182,
          49.895924817
        ]
      },
      "properties": {
        "name": "Rue des Bondes / Place Parmentier",
        "context": "Amiens, Somme",
        "citycode": "80021",
        "depcode": "80"
      }
    },
    {
      "type": "Feature",
      "geometry": {
        "type": "Point",
        "coordinates": [
          2.303924857,
          49.895952715
        ]
      },
      "properties": {
        "name": "Rue des Bondes / Rue Vanmarcke",
        "context": "Amiens, Somme",
        "citycode": "80021",
        "depcode": "80"
      }
    },
    {
      "type": "Feature",
      "geometry": {
        "type": "Point",
        "coordinates": [
          2.307172276,
          49.903646644
        ]
      },
      "properties": {
        "name": "Rue des Bonnards / Chaussée Saint-Pierre D929",
        "context": "Amiens, Somme",
        "citycode": "80021",
        "depcode": "80"
      }
    },
    {
      "type": "Feature",
      "geometry": {
        "type": "Point",
        "coordinates": [
          2.307195677,
          49.903668501
        ]
      },
      "properties": {
        "name": "Rue des Bonnards / Rue de Doullens",
        "context": "Amiens, Somme",
        "citycode": "80021",
        "depcode": "80"
      }
    },
    {
      "type": "Feature",
      "geometry": {
        "type": "Point",
        "coordinates": [
          2.306810081,
          49.902047904
        ]
      },
      "properties": {
        "name": "Rue des Bonnards / Rue Éloi Morel",
        "context": "Amiens, Somme",
        "citycode": "80021",
        "depcode": "80"
      }
    },
    {
      "type": "Feature",
      "geometry": {
        "type": "Point",
        "coordinates": [
          2.30607616,
          49.892874287
        ]
      },
      "properties": {
        "name": "Rue des Cannettes / Rue Gloriette",
        "context": "Amiens, Somme",
        "citycode": "80021",
        "depcode": "80"
      }
    },
    {
      "type": "Feature",
      "geometry": {
        "type": "Point",
        "coordinates": [
          2.296257322,
          49.895512802
        ]
      },
      "properties": {
        "name": "Rue des Chaudronniers / Place au Fil",
        "context": "Amiens, Somme",
        "citycode": "80021",
        "depcode": "80"
      }
    },
    {
      "type": "Feature",
      "geometry": {
        "type": "Point",
        "coordinates": [
          2.297596803,
          49.895254879
        ]
      },
      "properties": {
        "name": "Rue des Chaudronniers / Rue du Marché Lanselles",
        "context": "Amiens, Somme",
        "citycode": "80021",
        "depcode": "80"
      }
    },
    {
      "type": "Feature",
      "geometry": {
        "type": "Point",
        "coordinates": [
          2.302968115,
          49.899703541
        ]
      },
      "properties": {
        "name": "Rue des Clairons / Passage du Sourire d'Avril",
        "context": "Amiens, Somme",
        "citycode": "80021",
        "depcode": "80"
      }
    },
    {
      "type": "Feature",
      "geometry": {
        "type": "Point",
        "coordinates": [
          2.30376038,
          49.899177897
        ]
      },
      "properties": {
        "name": "Rue des Clairons / Rue des Archers",
        "context": "Amiens, Somme",
        "citycode": "80021",
        "depcode": "80"
      }
    },
    {
      "type": "Feature",
      "geometry": {
        "type": "Point",
        "coordinates": [
          2.301311645,
          49.900968312
        ]
      },
      "properties": {
        "name": "Rue des Coches / Passage des Becquerelles",
        "context": "Amiens, Somme",
        "citycode": "80021",
        "depcode": "80"
      }
    },
    {
      "type": "Feature",
      "geometry": {
        "type": "Point",
        "coordinates": [
          2.302207187,
          49.900478274
        ]
      },
      "properties": {
        "name": "Rue des Coches / Passage des Coches",
        "context": "Amiens, Somme",
        "citycode": "80021",
        "depcode": "80"
      }
    },
    {
      "type": "Feature",
      "geometry": {
        "type": "Point",
        "coordinates": [
          2.301055476,
          49.901142376
        ]
      },
      "properties": {
        "name": "Rue des Coches / Rue des Parcheminiers",
        "context": "Amiens, Somme",
        "citycode": "80021",
        "depcode": "80"
      }
    },
    {
      "type": "Feature",
      "geometry": {
        "type": "Point",
        "coordinates": [
          2.297025193,
          49.892034987
        ]
      },
      "properties": {
        "name": "Rue des Cordeliers / Galerie des Jacobins",
        "context": "Amiens, Somme",
        "citycode": "80021",
        "depcode": "80"
      }
    },
    {
      "type": "Feature",
      "geometry": {
        "type": "Point",
        "coordinates": [
          2.294167381,
          49.892903156
        ]
      },
      "properties": {
        "name": "Rue des Cordeliers / Rue de Beauvais",
        "context": "Amiens, Somme",
        "citycode": "80021",
        "depcode": "80"
      }
    },
    {
      "type": "Feature",
      "geometry": {
        "type": "Point",
        "coordinates": [
          2.294094052,
          49.892907507
        ]
      },
      "properties": {
        "name": "Rue des Cordeliers / Rue Henri Barbusse",
        "context": "Amiens, Somme",
        "citycode": "80021",
        "depcode": "80"
      }
    },
    {
      "type": "Feature",
      "geometry": {
        "type": "Point",
        "coordinates": [
          2.295993633,
          49.892279101
        ]
      },
      "properties": {
        "name": "Rue des Cordeliers / Rue Jules Lardière",
        "context": "Amiens, Somme",
        "citycode": "80021",
        "depcode": "80"
      }
    },
    {
      "type": "Feature",
      "geometry": {
        "type": "Point",
        "coordinates": [
          2.298608642,
          49.892049181
        ]
      },
      "properties": {
        "name": "Rue des Corps-Nuds-Sans-Teste / Rue des Jacobins",
        "context": "Amiens, Somme",
        "citycode": "80021",
        "depcode": "80"
      }
    },
    {
      "type": "Feature",
      "geometry": {
        "type": "Point",
        "coordinates": [
          2.29904662,
          49.892659088
        ]
      },
      "properties": {
        "name": "Rue des Corps-Nuds-Sans-Teste / Rue des Trois Cailloux",
        "context": "Amiens, Somme",
        "citycode": "80021",
        "depcode": "80"
      }
    },
    {
      "type": "Feature",
      "geometry": {
        "type": "Point",
        "coordinates": [
          2.29035869,
          49.896671446
        ]
      },
      "properties": {
        "name": "Rue des Corroyers / Rue Charles Nungesser",
        "context": "Amiens, Somme",
        "citycode": "80021",
        "depcode": "80"
      }
    },
    {
      "type": "Feature",
      "geometry": {
        "type": "Point",
        "coordinates": [
          2.290584492,
          49.896911456
        ]
      },
      "properties": {
        "name": "Rue des Corroyers / Rue de la Hotoie",
        "context": "Amiens, Somme",
        "citycode": "80021",
        "depcode": "80"
      }
    },
    {
      "type": "Feature",
      "geometry": {
        "type": "Point",
        "coordinates": [
          2.289803489,
          49.895997514
        ]
      },
      "properties": {
        "name": "Rue des Corroyers / Rue Jean Catelas",
        "context": "Amiens, Somme",
        "citycode": "80021",
        "depcode": "80"
      }
    },
    {
      "type": "Feature",
      "geometry": {
        "type": "Point",
        "coordinates": [
          2.261475367,
          49.89764007
        ]
      },
      "properties": {
        "name": "Rue des Cottages du Plateau / Rue Édouard Paris",
        "context": "Amiens, Somme",
        "citycode": "80021",
        "depcode": "80"
      }
    },
    {
      "type": "Feature",
      "geometry": {
        "type": "Point",
        "coordinates": [
          2.260726925,
          49.897990634
        ]
      },
      "properties": {
        "name": "Rue des Cottages du Plateau / Rue Haute des Champs",
        "context": "Amiens, Somme",
        "citycode": "80021",
        "depcode": "80"
      }
    },
    {
      "type": "Feature",
      "geometry": {
        "type": "Point",
        "coordinates": [
          2.298585855,
          49.893926419
        ]
      },
      "properties": {
        "name": "Rue des Crignons / Rue des Sergents",
        "context": "Amiens, Somme",
        "citycode": "80021",
        "depcode": "80"
      }
    },
    {
      "type": "Feature",
      "geometry": {
        "type": "Point",
        "coordinates": [
          2.299529355,
          49.893674682
        ]
      },
      "properties": {
        "name": "Rue des Crignons / Rue du Cloître de la Barge",
        "context": "Amiens, Somme",
        "citycode": "80021",
        "depcode": "80"
      }
    },
    {
      "type": "Feature",
      "geometry": {
        "type": "Point",
        "coordinates": [
          2.298611554,
          49.893926374
        ]
      },
      "properties": {
        "name": "Rue des Crignons / Rue Dusevel",
        "context": "Amiens, Somme",
        "citycode": "80021",
        "depcode": "80"
      }
    },
    {
      "type": "Feature",
      "geometry": {
        "type": "Point",
        "coordinates": [
          2.299699672,
          49.902148041
        ]
      },
      "properties": {
        "name": "Rue des Déportés / Avenue du Général de Gaulle",
        "context": "Amiens, Somme",
        "citycode": "80021",
        "depcode": "80"
      }
    },
    {
      "type": "Feature",
      "geometry": {
        "type": "Point",
        "coordinates": [
          2.299488695,
          49.902007936
        ]
      },
      "properties": {
        "name": "Rue des Déportés / Boulevard des Fusillés",
        "context": "Amiens, Somme",
        "citycode": "80021",
        "depcode": "80"
      }
    },
    {
      "type": "Feature",
      "geometry": {
        "type": "Point",
        "coordinates": [
          2.299913901,
          49.902045996
        ]
      },
      "properties": {
        "name": "Rue des Déportés / Chaussée Saint-Pierre D929",
        "context": "Amiens, Somme",
        "citycode": "80021",
        "depcode": "80"
      }
    },
    {
      "type": "Feature",
      "geometry": {
        "type": "Point",
        "coordinates": [
          2.297522579,
          49.899583273
        ]
      },
      "properties": {
        "name": "Rue des Déportés / Grande Rue de la Veillère",
        "context": "Amiens, Somme",
        "citycode": "80021",
        "depcode": "80"
      }
    },
    {
      "type": "Feature",
      "geometry": {
        "type": "Point",
        "coordinates": [
          2.297636685,
          49.899730862
        ]
      },
      "properties": {
        "name": "Rue des Déportés / Rue de la Résistance",
        "context": "Amiens, Somme",
        "citycode": "80021",
        "depcode": "80"
      }
    },
    {
      "type": "Feature",
      "geometry": {
        "type": "Point",
        "coordinates": [
          2.299944787,
          49.901601374
        ]
      },
      "properties": {
        "name": "Rue des Déportés / Rue Saint-Leu",
        "context": "Amiens, Somme",
        "citycode": "80021",
        "depcode": "80"
      }
    },
    {
      "type": "Feature",
      "geometry": {
        "type": "Point",
        "coordinates": [
          2.298708127,
          49.900832462
        ]
      },
      "properties": {
        "name": "Rue des Déportés / Square de Darlington",
        "context": "Amiens, Somme",
        "citycode": "80021",
        "depcode": "80"
      }
    },
    {
      "type": "Feature",
      "geometry": {
        "type": "Point",
        "coordinates": [
          2.294347852,
          49.897740526
        ]
      },
      "properties": {
        "name": "Rue des Doubles-Chaises / Rue de Condé",
        "context": "Amiens, Somme",
        "citycode": "80021",
        "depcode": "80"
      }
    },
    {
      "type": "Feature",
      "geometry": {
        "type": "Point",
        "coordinates": [
          2.295053446,
          49.897418461
        ]
      },
      "properties": {
        "name": "Rue des Doubles-Chaises / Rue du Général Leclerc",
        "context": "Amiens, Somme",
        "citycode": "80021",
        "depcode": "80"
      }
    },
    {
      "type": "Feature",
      "geometry": {
        "type": "Point",
        "coordinates": [
          2.262451575,
          49.923199943
        ]
      },
      "properties": {
        "name": "Rue des Écoles / Place André Batel",
        "context": "Amiens, Somme",
        "citycode": "80021",
        "depcode": "80"
      }
    },
    {
      "type": "Feature",
      "geometry": {
        "type": "Point",
        "coordinates": [
          2.261325755,
          49.923486936
        ]
      },
      "properties": {
        "name": "Rue des Écoles / Rue Saint-Léger",
        "context": "Amiens, Somme",
        "citycode": "80021",
        "depcode": "80"
      }
    },
    {
      "type": "Feature",
      "geometry": {
        "type": "Point",
        "coordinates": [
          2.323012864,
          49.878346811
        ]
      },
      "properties": {
        "name": "Rue des Fauvettes / Rue des Mésanges",
        "context": "Amiens, Somme",
        "citycode": "80021",
        "depcode": "80"
      }
    },
    {
      "type": "Feature",
      "geometry": {
        "type": "Point",
        "coordinates": [
          2.298156293,
          49.897278587
        ]
      },
      "properties": {
        "name": "Rue des Francs Mûriers / Place Vogel",
        "context": "Amiens, Somme",
        "citycode": "80021",
        "depcode": "80"
      }
    },
    {
      "type": "Feature",
      "geometry": {
        "type": "Point",
        "coordinates": [
          2.300414872,
          49.896720485
        ]
      },
      "properties": {
        "name": "Rue des Francs Mûriers / Rue Saint-Leu",
        "context": "Amiens, Somme",
        "citycode": "80021",
        "depcode": "80"
      }
    },
    {
      "type": "Feature",
      "geometry": {
        "type": "Point",
        "coordinates": [
          2.300432701,
          49.896725601
        ]
      },
      "properties": {
        "name": "Rue des Francs Mûriers / Rue Vanmarcke",
        "context": "Amiens, Somme",
        "citycode": "80021",
        "depcode": "80"
      }
    },
    {
      "type": "Feature",
      "geometry": {
        "type": "Point",
        "coordinates": [
          2.29995912,
          49.896034381
        ]
      },
      "properties": {
        "name": "Rue des Gantiers / Rue Flatters",
        "context": "Amiens, Somme",
        "citycode": "80021",
        "depcode": "80"
      }
    },
    {
      "type": "Feature",
      "geometry": {
        "type": "Point",
        "coordinates": [
          2.302378341,
          49.898133223
        ]
      },
      "properties": {
        "name": "Rue des Granges / Rue Canteraine",
        "context": "Amiens, Somme",
        "citycode": "80021",
        "depcode": "80"
      }
    },
    {
      "type": "Feature",
      "geometry": {
        "type": "Point",
        "coordinates": [
          2.302900728,
          49.897638769
        ]
      },
      "properties": {
        "name": "Rue des Granges / Rue des Marissons",
        "context": "Amiens, Somme",
        "citycode": "80021",
        "depcode": "80"
      }
    },
    {
      "type": "Feature",
      "geometry": {
        "type": "Point",
        "coordinates": [
          2.303443773,
          49.897293617
        ]
      },
      "properties": {
        "name": "Rue des Granges / Rue Motte",
        "context": "Amiens, Somme",
        "citycode": "80021",
        "depcode": "80"
      }
    },
    {
      "type": "Feature",
      "geometry": {
        "type": "Point",
        "coordinates": [
          2.304567318,
          49.895733314
        ]
      },
      "properties": {
        "name": "Rue des Hautes Cornes / Place Parmentier",
        "context": "Amiens, Somme",
        "citycode": "80021",
        "depcode": "80"
      }
    },
    {
      "type": "Feature",
      "geometry": {
        "type": "Point",
        "coordinates": [
          2.300877268,
          49.89597536
        ]
      },
      "properties": {
        "name": "Rue des Huchers / Rivière des Clairons",
        "context": "Amiens, Somme",
        "citycode": "80021",
        "depcode": "80"
      }
    },
    {
      "type": "Feature",
      "geometry": {
        "type": "Point",
        "coordinates": [
          2.300938381,
          49.895766166
        ]
      },
      "properties": {
        "name": "Rue des Huchers / Rue des Gantiers",
        "context": "Amiens, Somme",
        "citycode": "80021",
        "depcode": "80"
      }
    },
    {
      "type": "Feature",
      "geometry": {
        "type": "Point",
        "coordinates": [
          2.300879481,
          49.896013921
        ]
      },
      "properties": {
        "name": "Rue des Huchers / Rue des Rinchevaux",
        "context": "Amiens, Somme",
        "citycode": "80021",
        "depcode": "80"
      }
    },
    {
      "type": "Feature",
      "geometry": {
        "type": "Point",
        "coordinates": [
          2.300700707,
          49.896657031
        ]
      },
      "properties": {
        "name": "Rue des Huchers / Rue Vanmarcke",
        "context": "Amiens, Somme",
        "citycode": "80021",
        "depcode": "80"
      }
    },
    {
      "type": "Feature",
      "geometry": {
        "type": "Point",
        "coordinates": [
          2.287837491,
          49.889385076
        ]
      },
      "properties": {
        "name": "Rue des Huguenots / Rue de l'Union",
        "context": "Amiens, Somme",
        "citycode": "80021",
        "depcode": "80"
      }
    },
    {
      "type": "Feature",
      "geometry": {
        "type": "Point",
        "coordinates": [
          2.302547461,
          49.890342231
        ]
      },
      "properties": {
        "name": "Rue des Jacobins / Rue des Otages",
        "context": "Amiens, Somme",
        "citycode": "80021",
        "depcode": "80"
      }
    },
    {
      "type": "Feature",
      "geometry": {
        "type": "Point",
        "coordinates": [
          2.297159105,
          49.892564308
        ]
      },
      "properties": {
        "name": "Rue des Jacobins / Rue Duméril",
        "context": "Amiens, Somme",
        "citycode": "80021",
        "depcode": "80"
      }
    },
    {
      "type": "Feature",
      "geometry": {
        "type": "Point",
        "coordinates": [
          2.299334546,
          49.891741843
        ]
      },
      "properties": {
        "name": "Rue des Jacobins / Rue Lamarck",
        "context": "Amiens, Somme",
        "citycode": "80021",
        "depcode": "80"
      }
    },
    {
      "type": "Feature",
      "geometry": {
        "type": "Point",
        "coordinates": [
          2.298794645,
          49.894391411
        ]
      },
      "properties": {
        "name": "Rue des Lombards / Rue des Sergents",
        "context": "Amiens, Somme",
        "citycode": "80021",
        "depcode": "80"
      }
    },
    {
      "type": "Feature",
      "geometry": {
        "type": "Point",
        "coordinates": [
          2.297545103,
          49.894719406
        ]
      },
      "properties": {
        "name": "Rue des Lombards / Rue des Vergeaux",
        "context": "Amiens, Somme",
        "citycode": "80021",
        "depcode": "80"
      }
    },
    {
      "type": "Feature",
      "geometry": {
        "type": "Point",
        "coordinates": [
          2.297529196,
          49.894727592
        ]
      },
      "properties": {
        "name": "Rue des Lombards / Rue Saint-Patrice",
        "context": "Amiens, Somme",
        "citycode": "80021",
        "depcode": "80"
      }
    },
    {
      "type": "Feature",
      "geometry": {
        "type": "Point",
        "coordinates": [
          2.291708554,
          49.891327188
        ]
      },
      "properties": {
        "name": "Rue des Louvels / Rue du Maréchal de Lattre de Tassigny",
        "context": "Amiens, Somme",
        "citycode": "80021",
        "depcode": "80"
      }
    },
    {
      "type": "Feature",
      "geometry": {
        "type": "Point",
        "coordinates": [
          2.303829111,
          49.896150145
        ]
      },
      "properties": {
        "name": "Rue des Majots / Rivière des Clairons",
        "context": "Amiens, Somme",
        "citycode": "80021",
        "depcode": "80"
      }
    },
    {
      "type": "Feature",
      "geometry": {
        "type": "Point",
        "coordinates": [
          2.303320254,
          49.896522296
        ]
      },
      "properties": {
        "name": "Rue des Majots / Rue d'Engoulvent",
        "context": "Amiens, Somme",
        "citycode": "80021",
        "depcode": "80"
      }
    },
    {
      "type": "Feature",
      "geometry": {
        "type": "Point",
        "coordinates": [
          2.303784806,
          49.896195267
        ]
      },
      "properties": {
        "name": "Rue des Majots / Rue de la Dodane",
        "context": "Amiens, Somme",
        "citycode": "80021",
        "depcode": "80"
      }
    },
    {
      "type": "Feature",
      "geometry": {
        "type": "Point",
        "coordinates": [
          2.302422524,
          49.896903344
        ]
      },
      "properties": {
        "name": "Rue des Majots / Rue de la Plumette",
        "context": "Amiens, Somme",
        "citycode": "80021",
        "depcode": "80"
      }
    },
    {
      "type": "Feature",
      "geometry": {
        "type": "Point",
        "coordinates": [
          2.303723383,
          49.896118035
        ]
      },
      "properties": {
        "name": "Rue des Majots / Rue Vanmarcke",
        "context": "Amiens, Somme",
        "citycode": "80021",
        "depcode": "80"
      }
    },
    {
      "type": "Feature",
      "geometry": {
        "type": "Point",
        "coordinates": [
          2.319123782,
          49.891759568
        ]
      },
      "properties": {
        "name": "Rue des Maraîchers / Allée des Faucardeurs",
        "context": "Amiens, Somme",
        "citycode": "80021",
        "depcode": "80"
      }
    },
    {
      "type": "Feature",
      "geometry": {
        "type": "Point",
        "coordinates": [
          2.323533682,
          49.877990037
        ]
      },
      "properties": {
        "name": "Rue des Mésanges / Rue des Alouettes",
        "context": "Amiens, Somme",
        "citycode": "80021",
        "depcode": "80"
      }
    },
    {
      "type": "Feature",
      "geometry": {
        "type": "Point",
        "coordinates": [
          2.321070657,
          49.879635669
        ]
      },
      "properties": {
        "name": "Rue des Mésanges / Rue du Chemin Vert",
        "context": "Amiens, Somme",
        "citycode": "80021",
        "depcode": "80"
      }
    },
    {
      "type": "Feature",
      "geometry": {
        "type": "Point",
        "coordinates": [
          2.299767223,
          49.895780817
        ]
      },
      "properties": {
        "name": "Rue des Orfèvres / Esplanade Madeleine Cinquin dite \"Soeur Emmanuelle\"",
        "context": "Amiens, Somme",
        "citycode": "80021",
        "depcode": "80"
      }
    },
    {
      "type": "Feature",
      "geometry": {
        "type": "Point",
        "coordinates": [
          2.299751501,
          49.895749801
        ]
      },
      "properties": {
        "name": "Rue des Orfèvres / Rue André",
        "context": "Amiens, Somme",
        "citycode": "80021",
        "depcode": "80"
      }
    },
    {
      "type": "Feature",
      "geometry": {
        "type": "Point",
        "coordinates": [
          2.297735838,
          49.896045888
        ]
      },
      "properties": {
        "name": "Rue des Orfèvres / Rue du Marché Lanselles",
        "context": "Amiens, Somme",
        "citycode": "80021",
        "depcode": "80"
      }
    },
    {
      "type": "Feature",
      "geometry": {
        "type": "Point",
        "coordinates": [
          2.299746264,
          49.895757324
        ]
      },
      "properties": {
        "name": "Rue des Orfèvres / Rue Flatters",
        "context": "Amiens, Somme",
        "citycode": "80021",
        "depcode": "80"
      }
    },
    {
      "type": "Feature",
      "geometry": {
        "type": "Point",
        "coordinates": [
          2.297728201,
          49.896051806
        ]
      },
      "properties": {
        "name": "Rue des Orfèvres / Rue Saint-Germain",
        "context": "Amiens, Somme",
        "citycode": "80021",
        "depcode": "80"
      }
    },
    {
      "type": "Feature",
      "geometry": {
        "type": "Point",
        "coordinates": [
          2.303057499,
          49.888711524
        ]
      },
      "properties": {
        "name": "Rue des Otages / Boulevard de Belfort",
        "context": "Amiens, Somme",
        "citycode": "80021",
        "depcode": "80"
      }
    },
    {
      "type": "Feature",
      "geometry": {
        "type": "Point",
        "coordinates": [
          2.303030334,
          49.888695292
        ]
      },
      "properties": {
        "name": "Rue des Otages / Mail Albert 1er",
        "context": "Amiens, Somme",
        "citycode": "80021",
        "depcode": "80"
      }
    },
    {
      "type": "Feature",
      "geometry": {
        "type": "Point",
        "coordinates": [
          2.303079946,
          49.888618162
        ]
      },
      "properties": {
        "name": "Rue des Otages / Place du Maréchal Joffre D7",
        "context": "Amiens, Somme",
        "citycode": "80021",
        "depcode": "80"
      }
    },
    {
      "type": "Feature",
      "geometry": {
        "type": "Point",
        "coordinates": [
          2.298999674,
          49.912813931
        ]
      },
      "properties": {
        "name": "Rue des Poètes de Sept Ans / Rue de la Rivière de Cassis",
        "context": "Amiens, Somme",
        "citycode": "80021",
        "depcode": "80"
      }
    },
    {
      "type": "Feature",
      "geometry": {
        "type": "Point",
        "coordinates": [
          2.3000848,
          49.912548299
        ]
      },
      "properties": {
        "name": "Rue des Poètes de Sept Ans / Rue Ingres",
        "context": "Amiens, Somme",
        "citycode": "80021",
        "depcode": "80"
      }
    },
    {
      "type": "Feature",
      "geometry": {
        "type": "Point",
        "coordinates": [
          2.282689405,
          49.894891556
        ]
      },
      "properties": {
        "name": "Rue des Prémontrés / Rue Blin de Bourdon",
        "context": "Amiens, Somme",
        "citycode": "80021",
        "depcode": "80"
      }
    },
    {
      "type": "Feature",
      "geometry": {
        "type": "Point",
        "coordinates": [
          2.28188104,
          49.893334243
        ]
      },
      "properties": {
        "name": "Rue des Prémontrés / Rue Bruno d'Agay",
        "context": "Amiens, Somme",
        "citycode": "80021",
        "depcode": "80"
      }
    },
    {
      "type": "Feature",
      "geometry": {
        "type": "Point",
        "coordinates": [
          2.281605927,
          49.892745623
        ]
      },
      "properties": {
        "name": "Rue des Prémontrés / Rue Chabannes",
        "context": "Amiens, Somme",
        "citycode": "80021",
        "depcode": "80"
      }
    },
    {
      "type": "Feature",
      "geometry": {
        "type": "Point",
        "coordinates": [
          2.282444928,
          49.894404991
        ]
      },
      "properties": {
        "name": "Rue des Prémontrés / Rue Lucien Fournier",
        "context": "Amiens, Somme",
        "citycode": "80021",
        "depcode": "80"
      }
    },
    {
      "type": "Feature",
      "geometry": {
        "type": "Point",
        "coordinates": [
          2.281584498,
          49.8927305
        ]
      },
      "properties": {
        "name": "Rue des Prémontrés / Rue Philippe Lebon",
        "context": "Amiens, Somme",
        "citycode": "80021",
        "depcode": "80"
      }
    },
    {
      "type": "Feature",
      "geometry": {
        "type": "Point",
        "coordinates": [
          2.284187416,
          49.901560183
        ]
      },
      "properties": {
        "name": "Rue des Prés Forêts / Avenue Pierre Mendès France D1235",
        "context": "Amiens, Somme",
        "citycode": "80021",
        "depcode": "80"
      }
    },
    {
      "type": "Feature",
      "geometry": {
        "type": "Point",
        "coordinates": [
          2.283877669,
          49.900733083
        ]
      },
      "properties": {
        "name": "Rue des Prés Forêts / La Basse Selle",
        "context": "Amiens, Somme",
        "citycode": "80021",
        "depcode": "80"
      }
    },
    {
      "type": "Feature",
      "geometry": {
        "type": "Point",
        "coordinates": [
          2.279039935,
          49.884976711
        ]
      },
      "properties": {
        "name": "Rue des Quatre Lemaire / Allée des Tisserands",
        "context": "Amiens, Somme",
        "citycode": "80021",
        "depcode": "80"
      }
    },
    {
      "type": "Feature",
      "geometry": {
        "type": "Point",
        "coordinates": [
          2.280026033,
          49.885283094
        ]
      },
      "properties": {
        "name": "Rue des Quatre Lemaire / Boulevard Chateaudun",
        "context": "Amiens, Somme",
        "citycode": "80021",
        "depcode": "80"
      }
    },
    {
      "type": "Feature",
      "geometry": {
        "type": "Point",
        "coordinates": [
          2.276152841,
          49.882753073
        ]
      },
      "properties": {
        "name": "Rue des Quatre Lemaire / Chemin des Plantes",
        "context": "Amiens, Somme",
        "citycode": "80021",
        "depcode": "80"
      }
    },
    {
      "type": "Feature",
      "geometry": {
        "type": "Point",
        "coordinates": [
          2.276179501,
          49.882792766
        ]
      },
      "properties": {
        "name": "Rue des Quatre Lemaire / Rue de la Sablonnière",
        "context": "Amiens, Somme",
        "citycode": "80021",
        "depcode": "80"
      }
    },
    {
      "type": "Feature",
      "geometry": {
        "type": "Point",
        "coordinates": [
          2.275019708,
          49.881565884
        ]
      },
      "properties": {
        "name": "Rue des Quatre Lemaire / Rue George Samuel Perrottet",
        "context": "Amiens, Somme",
        "citycode": "80021",
        "depcode": "80"
      }
    },
    {
      "type": "Feature",
      "geometry": {
        "type": "Point",
        "coordinates": [
          2.272080844,
          49.878373008
        ]
      },
      "properties": {
        "name": "Rue des Quatre Lemaire / Rue Marie Boudier",
        "context": "Amiens, Somme",
        "citycode": "80021",
        "depcode": "80"
      }
    },
    {
      "type": "Feature",
      "geometry": {
        "type": "Point",
        "coordinates": [
          2.300598202,
          49.896061181
        ]
      },
      "properties": {
        "name": "Rue des Rinchevaux / Rivière des Clairons",
        "context": "Amiens, Somme",
        "citycode": "80021",
        "depcode": "80"
      }
    },
    {
      "type": "Feature",
      "geometry": {
        "type": "Point",
        "coordinates": [
          2.300845088,
          49.89604712
        ]
      },
      "properties": {
        "name": "Rue des Rinchevaux / Rue des Huchers",
        "context": "Amiens, Somme",
        "citycode": "80021",
        "depcode": "80"
      }
    },
    {
      "type": "Feature",
      "geometry": {
        "type": "Point",
        "coordinates": [
          2.301379305,
          49.895932449
        ]
      },
      "properties": {
        "name": "Rue des Rinchevaux / Rue du Don",
        "context": "Amiens, Somme",
        "citycode": "80021",
        "depcode": "80"
      }
    },
    {
      "type": "Feature",
      "geometry": {
        "type": "Point",
        "coordinates": [
          2.30007076,
          49.896207305
        ]
      },
      "properties": {
        "name": "Rue des Rinchevaux / Rue Flatters",
        "context": "Amiens, Somme",
        "citycode": "80021",
        "depcode": "80"
      }
    },
    {
      "type": "Feature",
      "geometry": {
        "type": "Point",
        "coordinates": [
          2.300081787,
          49.896217656
        ]
      },
      "properties": {
        "name": "Rue des Rinchevaux / Rue Saint-Leu",
        "context": "Amiens, Somme",
        "citycode": "80021",
        "depcode": "80"
      }
    },
    {
      "type": "Feature",
      "geometry": {
        "type": "Point",
        "coordinates": [
          2.260181547,
          49.894777717
        ]
      },
      "properties": {
        "name": "Rue des Roselins / Rue Émile Francfort",
        "context": "Amiens, Somme",
        "citycode": "80021",
        "depcode": "80"
      }
    },
    {
      "type": "Feature",
      "geometry": {
        "type": "Point",
        "coordinates": [
          2.298816431,
          49.900764709
        ]
      },
      "properties": {
        "name": "Rue des Saintes-Claires / Rue des Déportés",
        "context": "Amiens, Somme",
        "citycode": "80021",
        "depcode": "80"
      }
    },
    {
      "type": "Feature",
      "geometry": {
        "type": "Point",
        "coordinates": [
          2.300156522,
          49.900655443
        ]
      },
      "properties": {
        "name": "Rue des Saintes-Claires / Rue Saint-Leu",
        "context": "Amiens, Somme",
        "citycode": "80021",
        "depcode": "80"
      }
    },
    {
      "type": "Feature",
      "geometry": {
        "type": "Point",
        "coordinates": [
          2.298775146,
          49.900781747
        ]
      },
      "properties": {
        "name": "Rue des Saintes-Claires / Square de Darlington",
        "context": "Amiens, Somme",
        "citycode": "80021",
        "depcode": "80"
      }
    },
    {
      "type": "Feature",
      "geometry": {
        "type": "Point",
        "coordinates": [
          2.298023641,
          49.893611555
        ]
      },
      "properties": {
        "name": "Rue des Sergents / Place Gambetta",
        "context": "Amiens, Somme",
        "citycode": "80021",
        "depcode": "80"
      }
    },
    {
      "type": "Feature",
      "geometry": {
        "type": "Point",
        "coordinates": [
          2.298611642,
          49.893957679
        ]
      },
      "properties": {
        "name": "Rue des Sergents / Rue Dusevel",
        "context": "Amiens, Somme",
        "citycode": "80021",
        "depcode": "80"
      }
    },
    {
      "type": "Feature",
      "geometry": {
        "type": "Point",
        "coordinates": [
          2.299204475,
          49.89494933
        ]
      },
      "properties": {
        "name": "Rue des Sergents / Rue Henri IV",
        "context": "Amiens, Somme",
        "citycode": "80021",
        "depcode": "80"
      }
    },
    {
      "type": "Feature",
      "geometry": {
        "type": "Point",
        "coordinates": [
          2.290854504,
          49.902366539
        ]
      },
      "properties": {
        "name": "Rue des Teinturiers / Rue des Teinturiers Prolongée",
        "context": "Amiens, Somme",
        "citycode": "80021",
        "depcode": "80"
      }
    },
    {
      "type": "Feature",
      "geometry": {
        "type": "Point",
        "coordinates": [
          2.319084363,
          49.891719383
        ]
      },
      "properties": {
        "name": "Rue des Tourbiers / Allée des Faucardeurs",
        "context": "Amiens, Somme",
        "citycode": "80021",
        "depcode": "80"
      }
    },
    {
      "type": "Feature",
      "geometry": {
        "type": "Point",
        "coordinates": [
          2.319044851,
          49.8916792
        ]
      },
      "properties": {
        "name": "Rue des Tourbiers / Rue des Maraîchers",
        "context": "Amiens, Somme",
        "citycode": "80021",
        "depcode": "80"
      }
    },
    {
      "type": "Feature",
      "geometry": {
        "type": "Point",
        "coordinates": [
          2.298988981,
          49.912265028
        ]
      },
      "properties": {
        "name": "Rue des Trois Baisers / Rue de la Rivière de Cassis",
        "context": "Amiens, Somme",
        "citycode": "80021",
        "depcode": "80"
      }
    },
    {
      "type": "Feature",
      "geometry": {
        "type": "Point",
        "coordinates": [
          2.29771823,
          49.912262664
        ]
      },
      "properties": {
        "name": "Rue des Trois Baisers / Rue Eugène Delacroix",
        "context": "Amiens, Somme",
        "citycode": "80021",
        "depcode": "80"
      }
    },
    {
      "type": "Feature",
      "geometry": {
        "type": "Point",
        "coordinates": [
          2.297666998,
          49.893091396
        ]
      },
      "properties": {
        "name": "Rue des Trois Cailloux / Place Gambetta",
        "context": "Amiens, Somme",
        "citycode": "80021",
        "depcode": "80"
      }
    },
    {
      "type": "Feature",
      "geometry": {
        "type": "Point",
        "coordinates": [
          2.30035244,
          49.892272289
        ]
      },
      "properties": {
        "name": "Rue des Trois Cailloux / Rue Robert de Luzarches",
        "context": "Amiens, Somme",
        "citycode": "80021",
        "depcode": "80"
      }
    },
    {
      "type": "Feature",
      "geometry": {
        "type": "Point",
        "coordinates": [
          2.305398949,
          49.87825798
        ]
      },
      "properties": {
        "name": "Rue des Trois Pavillons / Rue Saint-Fuscien D7",
        "context": "Amiens, Somme",
        "citycode": "80021",
        "depcode": "80"
      }
    },
    {
      "type": "Feature",
      "geometry": {
        "type": "Point",
        "coordinates": [
          2.260019647,
          49.897067065
        ]
      },
      "properties": {
        "name": "Rue des Verdiers / Allée des Chardonnerets",
        "context": "Amiens, Somme",
        "citycode": "80021",
        "depcode": "80"
      }
    },
    {
      "type": "Feature",
      "geometry": {
        "type": "Point",
        "coordinates": [
          2.259593565,
          49.897323605
        ]
      },
      "properties": {
        "name": "Rue des Verdiers / Allée des Epis de Blé",
        "context": "Amiens, Somme",
        "citycode": "80021",
        "depcode": "80"
      }
    },
    {
      "type": "Feature",
      "geometry": {
        "type": "Point",
        "coordinates": [
          2.25968629,
          49.897377846
        ]
      },
      "properties": {
        "name": "Rue des Verdiers / Allée des Semailles",
        "context": "Amiens, Somme",
        "citycode": "80021",
        "depcode": "80"
      }
    },
    {
      "type": "Feature",
      "geometry": {
        "type": "Point",
        "coordinates": [
          2.25964399,
          49.897351993
        ]
      },
      "properties": {
        "name": "Rue des Verdiers / Rue Simone Renant",
        "context": "Amiens, Somme",
        "citycode": "80021",
        "depcode": "80"
      }
    },
    {
      "type": "Feature",
      "geometry": {
        "type": "Point",
        "coordinates": [
          2.297375409,
          49.893807835
        ]
      },
      "properties": {
        "name": "Rue des Vergeaux / Place Gambetta",
        "context": "Amiens, Somme",
        "citycode": "80021",
        "depcode": "80"
      }
    },
    {
      "type": "Feature",
      "geometry": {
        "type": "Point",
        "coordinates": [
          2.297600573,
          49.895241543
        ]
      },
      "properties": {
        "name": "Rue des Vergeaux / Rue des Chaudronniers",
        "context": "Amiens, Somme",
        "citycode": "80021",
        "depcode": "80"
      }
    },
    {
      "type": "Feature",
      "geometry": {
        "type": "Point",
        "coordinates": [
          2.297607699,
          49.8952447
        ]
      },
      "properties": {
        "name": "Rue des Vergeaux / Rue du Marché Lanselles",
        "context": "Amiens, Somme",
        "citycode": "80021",
        "depcode": "80"
      }
    },
    {
      "type": "Feature",
      "geometry": {
        "type": "Point",
        "coordinates": [
          2.297618093,
          49.895235372
        ]
      },
      "properties": {
        "name": "Rue des Vergeaux / Rue Saint-Martin aux Waides",
        "context": "Amiens, Somme",
        "citycode": "80021",
        "depcode": "80"
      }
    },
    {
      "type": "Feature",
      "geometry": {
        "type": "Point",
        "coordinates": [
          2.280581009,
          49.877767439
        ]
      },
      "properties": {
        "name": "Rue des Visages Radieux / Allée du Château de Brangues",
        "context": "Amiens, Somme",
        "citycode": "80021",
        "depcode": "80"
      }
    },
    {
      "type": "Feature",
      "geometry": {
        "type": "Point",
        "coordinates": [
          2.290868559,
          49.891951214
        ]
      },
      "properties": {
        "name": "Rue Desprez / Rue Frédéric Petit",
        "context": "Amiens, Somme",
        "citycode": "80021",
        "depcode": "80"
      }
    },
    {
      "type": "Feature",
      "geometry": {
        "type": "Point",
        "coordinates": [
          2.306888968,
          49.907302816
        ]
      },
      "properties": {
        "name": "Rue Desrousseaux / Rue René Coty",
        "context": "Amiens, Somme",
        "citycode": "80021",
        "depcode": "80"
      }
    },
    {
      "type": "Feature",
      "geometry": {
        "type": "Point",
        "coordinates": [
          2.299211843,
          49.879311667
        ]
      },
      "properties": {
        "name": "Rue Dhavernas / Boulevard de Saint-Quentin",
        "context": "Amiens, Somme",
        "citycode": "80021",
        "depcode": "80"
      }
    },
    {
      "type": "Feature",
      "geometry": {
        "type": "Point",
        "coordinates": [
          2.299733152,
          49.881866403
        ]
      },
      "properties": {
        "name": "Rue Dhavernas / Rue Camille Desmoulins",
        "context": "Amiens, Somme",
        "citycode": "80021",
        "depcode": "80"
      }
    },
    {
      "type": "Feature",
      "geometry": {
        "type": "Point",
        "coordinates": [
          2.290495388,
          49.886994207
        ]
      },
      "properties": {
        "name": "Rue Dheilly / Rue Laurendeau",
        "context": "Amiens, Somme",
        "citycode": "80021",
        "depcode": "80"
      }
    },
    {
      "type": "Feature",
      "geometry": {
        "type": "Point",
        "coordinates": [
          2.289971545,
          49.886094835
        ]
      },
      "properties": {
        "name": "Rue Dheilly / Rue Liénard Lesecq",
        "context": "Amiens, Somme",
        "citycode": "80021",
        "depcode": "80"
      }
    },
    {
      "type": "Feature",
      "geometry": {
        "type": "Point",
        "coordinates": [
          2.324404147,
          49.885024088
        ]
      },
      "properties": {
        "name": "Rue Diderot / Avenue de Londres",
        "context": "Amiens, Somme",
        "citycode": "80021",
        "depcode": "80"
      }
    },
    {
      "type": "Feature",
      "geometry": {
        "type": "Point",
        "coordinates": [
          2.326875826,
          49.884181074
        ]
      },
      "properties": {
        "name": "Rue Diderot / Rue Saint-Acheul",
        "context": "Amiens, Somme",
        "citycode": "80021",
        "depcode": "80"
      }
    },
    {
      "type": "Feature",
      "geometry": {
        "type": "Point",
        "coordinates": [
          2.305569113,
          49.887440622
        ]
      },
      "properties": {
        "name": "Rue Dijon / Rue Gribeauval",
        "context": "Amiens, Somme",
        "citycode": "80021",
        "depcode": "80"
      }
    },
    {
      "type": "Feature",
      "geometry": {
        "type": "Point",
        "coordinates": [
          2.289529614,
          49.889626253
        ]
      },
      "properties": {
        "name": "Rue Dom Bouquet / Route de Rouen",
        "context": "Amiens, Somme",
        "citycode": "80021",
        "depcode": "80"
      }
    },
    {
      "type": "Feature",
      "geometry": {
        "type": "Point",
        "coordinates": [
          2.288456842,
          49.891013731
        ]
      },
      "properties": {
        "name": "Rue Domaine Grenier / Boulevard Guyencourt",
        "context": "Amiens, Somme",
        "citycode": "80021",
        "depcode": "80"
      }
    },
    {
      "type": "Feature",
      "geometry": {
        "type": "Point",
        "coordinates": [
          2.287627831,
          49.890298334
        ]
      },
      "properties": {
        "name": "Rue Domaine Grenier / Rue Dom Bouquet",
        "context": "Amiens, Somme",
        "citycode": "80021",
        "depcode": "80"
      }
    },
    {
      "type": "Feature",
      "geometry": {
        "type": "Point",
        "coordinates": [
          2.301356287,
          49.904054687
        ]
      },
      "properties": {
        "name": "Rue Drouot / Rue de l'Amiral Courrejolles",
        "context": "Amiens, Somme",
        "citycode": "80021",
        "depcode": "80"
      }
    },
    {
      "type": "Feature",
      "geometry": {
        "type": "Point",
        "coordinates": [
          2.302101738,
          49.904209573
        ]
      },
      "properties": {
        "name": "Rue Drouot / Rue du 8e Bataillon de Chasseurs à Pied",
        "context": "Amiens, Somme",
        "citycode": "80021",
        "depcode": "80"
      }
    },
    {
      "type": "Feature",
      "geometry": {
        "type": "Point",
        "coordinates": [
          2.302101193,
          49.904209913
        ]
      },
      "properties": {
        "name": "Rue Drouot / Rue du Général Frère",
        "context": "Amiens, Somme",
        "citycode": "80021",
        "depcode": "80"
      }
    },
    {
      "type": "Feature",
      "geometry": {
        "type": "Point",
        "coordinates": [
          2.30051959,
          49.908020775
        ]
      },
      "properties": {
        "name": "Rue du 11 Novembre 1918 / Rue Franklin Roosevelt D933",
        "context": "Amiens, Somme",
        "citycode": "80021",
        "depcode": "80"
      }
    },
    {
      "type": "Feature",
      "geometry": {
        "type": "Point",
        "coordinates": [
          2.300523647,
          49.907663246
        ]
      },
      "properties": {
        "name": "Rue du 11 Novembre 1918 / Rue Louis Blériot",
        "context": "Amiens, Somme",
        "citycode": "80021",
        "depcode": "80"
      }
    },
    {
      "type": "Feature",
      "geometry": {
        "type": "Point",
        "coordinates": [
          2.300491247,
          49.907582625
        ]
      },
      "properties": {
        "name": "Rue du 11 Novembre 1918 / Rue René Fonck",
        "context": "Amiens, Somme",
        "citycode": "80021",
        "depcode": "80"
      }
    },
    {
      "type": "Feature",
      "geometry": {
        "type": "Point",
        "coordinates": [
          2.299789487,
          49.906896179
        ]
      },
      "properties": {
        "name": "Rue du 11 Novembre 1918 / Rue Roland Garros",
        "context": "Amiens, Somme",
        "citycode": "80021",
        "depcode": "80"
      }
    },
    {
      "type": "Feature",
      "geometry": {
        "type": "Point",
        "coordinates": [
          2.326519504,
          49.882752671
        ]
      },
      "properties": {
        "name": "Rue du 31 Août 1944 / Chaussée Jules Ferry",
        "context": "Amiens, Somme",
        "citycode": "80021",
        "depcode": "80"
      }
    },
    {
      "type": "Feature",
      "geometry": {
        "type": "Point",
        "coordinates": [
          2.324851148,
          49.880840978
        ]
      },
      "properties": {
        "name": "Rue du 31 Août 1944 / Rue Cyrille Werbrouck",
        "context": "Amiens, Somme",
        "citycode": "80021",
        "depcode": "80"
      }
    },
    {
      "type": "Feature",
      "geometry": {
        "type": "Point",
        "coordinates": [
          2.32342235,
          49.879144282
        ]
      },
      "properties": {
        "name": "Rue du 31 Août 1944 / Rue de Cagny",
        "context": "Amiens, Somme",
        "citycode": "80021",
        "depcode": "80"
      }
    },
    {
      "type": "Feature",
      "geometry": {
        "type": "Point",
        "coordinates": [
          2.324418928,
          49.880340052
        ]
      },
      "properties": {
        "name": "Rue du 31 Août 1944 / Rue Robespierre",
        "context": "Amiens, Somme",
        "citycode": "80021",
        "depcode": "80"
      }
    },
    {
      "type": "Feature",
      "geometry": {
        "type": "Point",
        "coordinates": [
          2.312732517,
          49.874606141
        ]
      },
      "properties": {
        "name": "Rue du 8 Mai 1945 / Allée de Vallauris",
        "context": "Amiens, Somme",
        "citycode": "80021",
        "depcode": "80"
      }
    },
    {
      "type": "Feature",
      "geometry": {
        "type": "Point",
        "coordinates": [
          2.312024261,
          49.874578849
        ]
      },
      "properties": {
        "name": "Rue du 8 Mai 1945 / Allée Germaine Dulac",
        "context": "Amiens, Somme",
        "citycode": "80021",
        "depcode": "80"
      }
    },
    {
      "type": "Feature",
      "geometry": {
        "type": "Point",
        "coordinates": [
          2.312584458,
          49.874572303
        ]
      },
      "properties": {
        "name": "Rue du 8 Mai 1945 / Rue d'Assas",
        "context": "Amiens, Somme",
        "citycode": "80021",
        "depcode": "80"
      }
    },
    {
      "type": "Feature",
      "geometry": {
        "type": "Point",
        "coordinates": [
          2.309675803,
          49.874536177
        ]
      },
      "properties": {
        "name": "Rue du 8 Mai 1945 / Rue de Dortmund",
        "context": "Amiens, Somme",
        "citycode": "80021",
        "depcode": "80"
      }
    },
    {
      "type": "Feature",
      "geometry": {
        "type": "Point",
        "coordinates": [
          2.314415088,
          49.875447725
        ]
      },
      "properties": {
        "name": "Rue du 8 Mai 1945 / Rue Pierre Rollin",
        "context": "Amiens, Somme",
        "citycode": "80021",
        "depcode": "80"
      }
    },
    {
      "type": "Feature",
      "geometry": {
        "type": "Point",
        "coordinates": [
          2.306510968,
          49.874357549
        ]
      },
      "properties": {
        "name": "Rue du 8 Mai 1945 / Rue Saint-Fuscien D7",
        "context": "Amiens, Somme",
        "citycode": "80021",
        "depcode": "80"
      }
    },
    {
      "type": "Feature",
      "geometry": {
        "type": "Point",
        "coordinates": [
          2.302423119,
          49.904267247
        ]
      },
      "properties": {
        "name": "Rue du 8e Bataillon de Chasseurs à Pied / Rue Berryer",
        "context": "Amiens, Somme",
        "citycode": "80021",
        "depcode": "80"
      }
    },
    {
      "type": "Feature",
      "geometry": {
        "type": "Point",
        "coordinates": [
          2.306099496,
          49.905323633
        ]
      },
      "properties": {
        "name": "Rue du 8e Bataillon de Chasseurs à Pied / Rue de Doullens",
        "context": "Amiens, Somme",
        "citycode": "80021",
        "depcode": "80"
      }
    },
    {
      "type": "Feature",
      "geometry": {
        "type": "Point",
        "coordinates": [
          2.302166038,
          49.904260083
        ]
      },
      "properties": {
        "name": "Rue du 8e Bataillon de Chasseurs à Pied / Rue du Général Frère",
        "context": "Amiens, Somme",
        "citycode": "80021",
        "depcode": "80"
      }
    },
    {
      "type": "Feature",
      "geometry": {
        "type": "Point",
        "coordinates": [
          2.275259528,
          49.89588779
        ]
      },
      "properties": {
        "name": "Rue du Bâtonnier Mahiu / Allée Sablée",
        "context": "Amiens, Somme",
        "citycode": "80021",
        "depcode": "80"
      }
    },
    {
      "type": "Feature",
      "geometry": {
        "type": "Point",
        "coordinates": [
          2.277467499,
          49.896154479
        ]
      },
      "properties": {
        "name": "Rue du Bâtonnier Mahiu / Rue de l'Abbaye",
        "context": "Amiens, Somme",
        "citycode": "80021",
        "depcode": "80"
      }
    },
    {
      "type": "Feature",
      "geometry": {
        "type": "Point",
        "coordinates": [
          2.338823086,
          49.865242356
        ]
      },
      "properties": {
        "name": "Rue du Bel Air / Rue de la Ruelle",
        "context": "Amiens, Somme",
        "citycode": "80021",
        "depcode": "80"
      }
    },
    {
      "type": "Feature",
      "geometry": {
        "type": "Point",
        "coordinates": [
          2.336356606,
          49.873555158
        ]
      },
      "properties": {
        "name": "Rue du Bel Air / Rue des Saules",
        "context": "Amiens, Somme",
        "citycode": "80021",
        "depcode": "80"
      }
    },
    {
      "type": "Feature",
      "geometry": {
        "type": "Point",
        "coordinates": [
          2.33762752,
          49.869708318
        ]
      },
      "properties": {
        "name": "Rue du Bel Air / Rue du Héron Cendré",
        "context": "Amiens, Somme",
        "citycode": "80021",
        "depcode": "80"
      }
    },
    {
      "type": "Feature",
      "geometry": {
        "type": "Point",
        "coordinates": [
          2.281155732,
          49.884830075
        ]
      },
      "properties": {
        "name": "Rue Du Bellay / Boulevard Chateaudun",
        "context": "Amiens, Somme",
        "citycode": "80021",
        "depcode": "80"
      }
    },
    {
      "type": "Feature",
      "geometry": {
        "type": "Point",
        "coordinates": [
          2.281919168,
          49.885556939
        ]
      },
      "properties": {
        "name": "Rue Du Bellay / Rue de Forceville",
        "context": "Amiens, Somme",
        "citycode": "80021",
        "depcode": "80"
      }
    },
    {
      "type": "Feature",
      "geometry": {
        "type": "Point",
        "coordinates": [
          2.312259826,
          49.886228436
        ]
      },
      "properties": {
        "name": "Rue du Blamont / Rue Daire",
        "context": "Amiens, Somme",
        "citycode": "80021",
        "depcode": "80"
      }
    },
    {
      "type": "Feature",
      "geometry": {
        "type": "Point",
        "coordinates": [
          2.312228745,
          49.884422968
        ]
      },
      "properties": {
        "name": "Rue du Blamont / Rue de Cottenchy",
        "context": "Amiens, Somme",
        "citycode": "80021",
        "depcode": "80"
      }
    },
    {
      "type": "Feature",
      "geometry": {
        "type": "Point",
        "coordinates": [
          2.312185892,
          49.884989677
        ]
      },
      "properties": {
        "name": "Rue du Blamont / Rue Jean Macé",
        "context": "Amiens, Somme",
        "citycode": "80021",
        "depcode": "80"
      }
    },
    {
      "type": "Feature",
      "geometry": {
        "type": "Point",
        "coordinates": [
          2.311193145,
          49.88882008
        ]
      },
      "properties": {
        "name": "Rue du Blamont / Rue Jules Barni",
        "context": "Amiens, Somme",
        "citycode": "80021",
        "depcode": "80"
      }
    },
    {
      "type": "Feature",
      "geometry": {
        "type": "Point",
        "coordinates": [
          2.312301467,
          49.886298024
        ]
      },
      "properties": {
        "name": "Rue du Blamont / Rue Just Haüy",
        "context": "Amiens, Somme",
        "citycode": "80021",
        "depcode": "80"
      }
    },
    {
      "type": "Feature",
      "geometry": {
        "type": "Point",
        "coordinates": [
          2.312034532,
          49.886590652
        ]
      },
      "properties": {
        "name": "Rue du Blamont / Rue Pauquy",
        "context": "Amiens, Somme",
        "citycode": "80021",
        "depcode": "80"
      }
    },
    {
      "type": "Feature",
      "geometry": {
        "type": "Point",
        "coordinates": [
          2.310841593,
          49.888077391
        ]
      },
      "properties": {
        "name": "Rue du Blamont / Square René Lamps",
        "context": "Amiens, Somme",
        "citycode": "80021",
        "depcode": "80"
      }
    },
    {
      "type": "Feature",
      "geometry": {
        "type": "Point",
        "coordinates": [
          2.297799527,
          49.89880115
        ]
      },
      "properties": {
        "name": "Rue du Bout de la Veillère / Grande Rue de la Veillère",
        "context": "Amiens, Somme",
        "citycode": "80021",
        "depcode": "80"
      }
    },
    {
      "type": "Feature",
      "geometry": {
        "type": "Point",
        "coordinates": [
          2.296517802,
          49.898763858
        ]
      },
      "properties": {
        "name": "Rue du Bout de la Veillère / Rue de la Résistance",
        "context": "Amiens, Somme",
        "citycode": "80021",
        "depcode": "80"
      }
    },
    {
      "type": "Feature",
      "geometry": {
        "type": "Point",
        "coordinates": [
          2.258076446,
          49.893049953
        ]
      },
      "properties": {
        "name": "Rue du Bout du Monde / La Selle",
        "context": "Amiens, Somme",
        "citycode": "80021",
        "depcode": "80"
      }
    },
    {
      "type": "Feature",
      "geometry": {
        "type": "Point",
        "coordinates": [
          2.258406251,
          49.893238785
        ]
      },
      "properties": {
        "name": "Rue du Bout du Monde / Rue du Chapitre",
        "context": "Amiens, Somme",
        "citycode": "80021",
        "depcode": "80"
      }
    },
    {
      "type": "Feature",
      "geometry": {
        "type": "Point",
        "coordinates": [
          2.312093537,
          49.878428781
        ]
      },
      "properties": {
        "name": "Rue du Cabaret de la Belle Femme / Rue Pierre Rollin",
        "context": "Amiens, Somme",
        "citycode": "80021",
        "depcode": "80"
      }
    },
    {
      "type": "Feature",
      "geometry": {
        "type": "Point",
        "coordinates": [
          2.257489187,
          49.894853558
        ]
      },
      "properties": {
        "name": "Rue du Calvaire / Impasse Cattin",
        "context": "Amiens, Somme",
        "citycode": "80021",
        "depcode": "80"
      }
    },
    {
      "type": "Feature",
      "geometry": {
        "type": "Point",
        "coordinates": [
          2.258356902,
          49.894261253
        ]
      },
      "properties": {
        "name": "Rue du Calvaire / Rue Émile Francfort",
        "context": "Amiens, Somme",
        "citycode": "80021",
        "depcode": "80"
      }
    },
    {
      "type": "Feature",
      "geometry": {
        "type": "Point",
        "coordinates": [
          2.258274772,
          49.894242945
        ]
      },
      "properties": {
        "name": "Rue du Calvaire / Rue Malesherbes",
        "context": "Amiens, Somme",
        "citycode": "80021",
        "depcode": "80"
      }
    },
    {
      "type": "Feature",
      "geometry": {
        "type": "Point",
        "coordinates": [
          2.309887831,
          49.912440954
        ]
      },
      "properties": {
        "name": "Rue du Cambrésis / Rue César Franck",
        "context": "Amiens, Somme",
        "citycode": "80021",
        "depcode": "80"
      }
    },
    {
      "type": "Feature",
      "geometry": {
        "type": "Point",
        "coordinates": [
          2.267687225,
          49.877849454
        ]
      },
      "properties": {
        "name": "Rue du Campus / Rue Charles Nicolle",
        "context": "Amiens, Somme",
        "citycode": "80021",
        "depcode": "80"
      }
    },
    {
      "type": "Feature",
      "geometry": {
        "type": "Point",
        "coordinates": [
          2.265985625,
          49.878100743
        ]
      },
      "properties": {
        "name": "Rue du Campus / Rue Jean-Nicolas Corvisart",
        "context": "Amiens, Somme",
        "citycode": "80021",
        "depcode": "80"
      }
    },
    {
      "type": "Feature",
      "geometry": {
        "type": "Point",
        "coordinates": [
          2.279377754,
          49.905736023
        ]
      },
      "properties": {
        "name": "Rue du Canal / La Selle",
        "context": "Amiens, Somme",
        "citycode": "80021",
        "depcode": "80"
      }
    },
    {
      "type": "Feature",
      "geometry": {
        "type": "Point",
        "coordinates": [
          2.265803446,
          49.904147928
        ]
      },
      "properties": {
        "name": "Rue du Champ de Tir / Route de Saveuse D211",
        "context": "Amiens, Somme",
        "citycode": "80021",
        "depcode": "80"
      }
    },
    {
      "type": "Feature",
      "geometry": {
        "type": "Point",
        "coordinates": [
          2.268368534,
          49.902110109
        ]
      },
      "properties": {
        "name": "Rue du Champ de Tir / Rue Haute des Champs",
        "context": "Amiens, Somme",
        "citycode": "80021",
        "depcode": "80"
      }
    },
    {
      "type": "Feature",
      "geometry": {
        "type": "Point",
        "coordinates": [
          2.269504991,
          49.90065755
        ]
      },
      "properties": {
        "name": "Rue du Champ de Tir / Rue Robert le Coq",
        "context": "Amiens, Somme",
        "citycode": "80021",
        "depcode": "80"
      }
    },
    {
      "type": "Feature",
      "geometry": {
        "type": "Point",
        "coordinates": [
          2.296219798,
          49.895534986
        ]
      },
      "properties": {
        "name": "Rue du Chapeau de Violettes / Place au Fil",
        "context": "Amiens, Somme",
        "citycode": "80021",
        "depcode": "80"
      }
    },
    {
      "type": "Feature",
      "geometry": {
        "type": "Point",
        "coordinates": [
          2.296175075,
          49.89555743
        ]
      },
      "properties": {
        "name": "Rue du Chapeau de Violettes / Rue au Lin",
        "context": "Amiens, Somme",
        "citycode": "80021",
        "depcode": "80"
      }
    },
    {
      "type": "Feature",
      "geometry": {
        "type": "Point",
        "coordinates": [
          2.29619102,
          49.895549202
        ]
      },
      "properties": {
        "name": "Rue du Chapeau de Violettes / Rue des Chaudronniers",
        "context": "Amiens, Somme",
        "citycode": "80021",
        "depcode": "80"
      }
    },
    {
      "type": "Feature",
      "geometry": {
        "type": "Point",
        "coordinates": [
          2.296448065,
          49.89623325
        ]
      },
      "properties": {
        "name": "Rue du Chapeau de Violettes / Rue Saint-Germain",
        "context": "Amiens, Somme",
        "citycode": "80021",
        "depcode": "80"
      }
    },
    {
      "type": "Feature",
      "geometry": {
        "type": "Point",
        "coordinates": [
          2.258308758,
          49.89333977
        ]
      },
      "properties": {
        "name": "Rue du Chapitre / La Selle",
        "context": "Amiens, Somme",
        "citycode": "80021",
        "depcode": "80"
      }
    },
    {
      "type": "Feature",
      "geometry": {
        "type": "Point",
        "coordinates": [
          2.260749204,
          49.890720301
        ]
      },
      "properties": {
        "name": "Rue du Chapitre / Rue des Deux Ponts",
        "context": "Amiens, Somme",
        "citycode": "80021",
        "depcode": "80"
      }
    },
    {
      "type": "Feature",
      "geometry": {
        "type": "Point",
        "coordinates": [
          2.258534711,
          49.913421585
        ]
      },
      "properties": {
        "name": "Rue du Château / Rue Baudoin d'Ailly",
        "context": "Amiens, Somme",
        "citycode": "80021",
        "depcode": "80"
      }
    },
    {
      "type": "Feature",
      "geometry": {
        "type": "Point",
        "coordinates": [
          2.259506584,
          49.913646466
        ]
      },
      "properties": {
        "name": "Rue du Château / Rue du Longuet",
        "context": "Amiens, Somme",
        "citycode": "80021",
        "depcode": "80"
      }
    },
    {
      "type": "Feature",
      "geometry": {
        "type": "Point",
        "coordinates": [
          2.284189728,
          49.901571523
        ]
      },
      "properties": {
        "name": "Rue du Château Milan / Avenue Pierre Mendès France D1235",
        "context": "Amiens, Somme",
        "citycode": "80021",
        "depcode": "80"
      }
    },
    {
      "type": "Feature",
      "geometry": {
        "type": "Point",
        "coordinates": [
          2.286244401,
          49.903184531
        ]
      },
      "properties": {
        "name": "Rue du Château Milan / La Basse Selle",
        "context": "Amiens, Somme",
        "citycode": "80021",
        "depcode": "80"
      }
    },
    {
      "type": "Feature",
      "geometry": {
        "type": "Point",
        "coordinates": [
          2.286364537,
          49.903227054
        ]
      },
      "properties": {
        "name": "Rue du Château Milan / Quai Charles Tellier",
        "context": "Amiens, Somme",
        "citycode": "80021",
        "depcode": "80"
      }
    },
    {
      "type": "Feature",
      "geometry": {
        "type": "Point",
        "coordinates": [
          2.284179645,
          49.90156889
        ]
      },
      "properties": {
        "name": "Rue du Château Milan / Rue des Prés Forêts",
        "context": "Amiens, Somme",
        "citycode": "80021",
        "depcode": "80"
      }
    },
    {
      "type": "Feature",
      "geometry": {
        "type": "Point",
        "coordinates": [
          2.284289189,
          49.901976369
        ]
      },
      "properties": {
        "name": "Rue du Château Milan / Rue des Prés Forêts Prolongée",
        "context": "Amiens, Somme",
        "citycode": "80021",
        "depcode": "80"
      }
    },
    {
      "type": "Feature",
      "geometry": {
        "type": "Point",
        "coordinates": [
          2.321832713,
          49.880173745
        ]
      },
      "properties": {
        "name": "Rue du Chemin Vert / Rue de Cagny",
        "context": "Amiens, Somme",
        "citycode": "80021",
        "depcode": "80"
      }
    },
    {
      "type": "Feature",
      "geometry": {
        "type": "Point",
        "coordinates": [
          2.261554916,
          49.886380784
        ]
      },
      "properties": {
        "name": "Rue du Christ / Rue de la Montagne",
        "context": "Amiens, Somme",
        "citycode": "80021",
        "depcode": "80"
      }
    },
    {
      "type": "Feature",
      "geometry": {
        "type": "Point",
        "coordinates": [
          2.300411713,
          49.893427174
        ]
      },
      "properties": {
        "name": "Rue du Cloître de la Barge / Passage du Logis du Roi",
        "context": "Amiens, Somme",
        "citycode": "80021",
        "depcode": "80"
      }
    },
    {
      "type": "Feature",
      "geometry": {
        "type": "Point",
        "coordinates": [
          2.301102367,
          49.893295117
        ]
      },
      "properties": {
        "name": "Rue du Cloître de la Barge / Place d'Aguesseau",
        "context": "Amiens, Somme",
        "citycode": "80021",
        "depcode": "80"
      }
    },
    {
      "type": "Feature",
      "geometry": {
        "type": "Point",
        "coordinates": [
          2.30110596,
          49.893290774
        ]
      },
      "properties": {
        "name": "Rue du Cloître de la Barge / Rue Lesueur",
        "context": "Amiens, Somme",
        "citycode": "80021",
        "depcode": "80"
      }
    },
    {
      "type": "Feature",
      "geometry": {
        "type": "Point",
        "coordinates": [
          2.300417977,
          49.893510286
        ]
      },
      "properties": {
        "name": "Rue du Cloître de la Barge / Rue Porion",
        "context": "Amiens, Somme",
        "citycode": "80021",
        "depcode": "80"
      }
    },
    {
      "type": "Feature",
      "geometry": {
        "type": "Point",
        "coordinates": [
          2.288011571,
          49.898381462
        ]
      },
      "properties": {
        "name": "Rue du Cocher / Allée des Henson",
        "context": "Amiens, Somme",
        "citycode": "80021",
        "depcode": "80"
      }
    },
    {
      "type": "Feature",
      "geometry": {
        "type": "Point",
        "coordinates": [
          2.288286935,
          49.898340964
        ]
      },
      "properties": {
        "name": "Rue du Cocher / Place Louis Sellier",
        "context": "Amiens, Somme",
        "citycode": "80021",
        "depcode": "80"
      }
    },
    {
      "type": "Feature",
      "geometry": {
        "type": "Point",
        "coordinates": [
          2.288275376,
          49.89833492
        ]
      },
      "properties": {
        "name": "Rue du Cocher / Rue de l'Écuyer",
        "context": "Amiens, Somme",
        "citycode": "80021",
        "depcode": "80"
      }
    },
    {
      "type": "Feature",
      "geometry": {
        "type": "Point",
        "coordinates": [
          2.292036187,
          49.884109689
        ]
      },
      "properties": {
        "name": "Rue du Colonel Tempez / Rue Gaulthier de Rumilly",
        "context": "Amiens, Somme",
        "citycode": "80021",
        "depcode": "80"
      }
    },
    {
      "type": "Feature",
      "geometry": {
        "type": "Point",
        "coordinates": [
          2.292045397,
          49.884108789
        ]
      },
      "properties": {
        "name": "Rue du Colonel Tempez / Rue Jeanne d'Arc",
        "context": "Amiens, Somme",
        "citycode": "80021",
        "depcode": "80"
      }
    },
    {
      "type": "Feature",
      "geometry": {
        "type": "Point",
        "coordinates": [
          2.316850687,
          49.88400262
        ]
      },
      "properties": {
        "name": "Rue du Comte Raoul / Allée du Régent",
        "context": "Amiens, Somme",
        "citycode": "80021",
        "depcode": "80"
      }
    },
    {
      "type": "Feature",
      "geometry": {
        "type": "Point",
        "coordinates": [
          2.315696592,
          49.884524627
        ]
      },
      "properties": {
        "name": "Rue du Comte Raoul / Rue Caussin De Perceval",
        "context": "Amiens, Somme",
        "citycode": "80021",
        "depcode": "80"
      }
    },
    {
      "type": "Feature",
      "geometry": {
        "type": "Point",
        "coordinates": [
          2.317255023,
          49.883815364
        ]
      },
      "properties": {
        "name": "Rue du Comte Raoul / Rue de Cagny",
        "context": "Amiens, Somme",
        "citycode": "80021",
        "depcode": "80"
      }
    },
    {
      "type": "Feature",
      "geometry": {
        "type": "Point",
        "coordinates": [
          2.313751547,
          49.885387605
        ]
      },
      "properties": {
        "name": "Rue du Comte Raoul / Rue de Cottenchy",
        "context": "Amiens, Somme",
        "citycode": "80021",
        "depcode": "80"
      }
    },
    {
      "type": "Feature",
      "geometry": {
        "type": "Point",
        "coordinates": [
          2.317261541,
          49.88380207
        ]
      },
      "properties": {
        "name": "Rue du Comte Raoul / Rue de la Croix Saint-Firmin",
        "context": "Amiens, Somme",
        "citycode": "80021",
        "depcode": "80"
      }
    },
    {
      "type": "Feature",
      "geometry": {
        "type": "Point",
        "coordinates": [
          2.316547702,
          49.88414109
        ]
      },
      "properties": {
        "name": "Rue du Comte Raoul / Rue Richard de Fournival",
        "context": "Amiens, Somme",
        "citycode": "80021",
        "depcode": "80"
      }
    },
    {
      "type": "Feature",
      "geometry": {
        "type": "Point",
        "coordinates": [
          2.318636651,
          49.869085673
        ]
      },
      "properties": {
        "name": "Rue du Congrès d'Amiens / Rue Frédéric Mistral",
        "context": "Amiens, Somme",
        "citycode": "80021",
        "depcode": "80"
      }
    },
    {
      "type": "Feature",
      "geometry": {
        "type": "Point",
        "coordinates": [
          2.318541521,
          49.869224151
        ]
      },
      "properties": {
        "name": "Rue du Congrès d'Amiens / Rue Jean Giono",
        "context": "Amiens, Somme",
        "citycode": "80021",
        "depcode": "80"
      }
    },
    {
      "type": "Feature",
      "geometry": {
        "type": "Point",
        "coordinates": [
          2.317322359,
          49.871127969
        ]
      },
      "properties": {
        "name": "Rue du Congrès d'Amiens / Rue Jean-Marc Laurent",
        "context": "Amiens, Somme",
        "citycode": "80021",
        "depcode": "80"
      }
    },
    {
      "type": "Feature",
      "geometry": {
        "type": "Point",
        "coordinates": [
          2.314602371,
          49.908411075
        ]
      },
      "properties": {
        "name": "Rue du Docteur Christian Perdu / Place Paul Bourget",
        "context": "Amiens, Somme",
        "citycode": "80021",
        "depcode": "80"
      }
    },
    {
      "type": "Feature",
      "geometry": {
        "type": "Point",
        "coordinates": [
          2.315185603,
          49.909739972
        ]
      },
      "properties": {
        "name": "Rue du Docteur Christian Perdu / Rue Alexandre Ribot",
        "context": "Amiens, Somme",
        "citycode": "80021",
        "depcode": "80"
      }
    },
    {
      "type": "Feature",
      "geometry": {
        "type": "Point",
        "coordinates": [
          2.315237227,
          49.909761343
        ]
      },
      "properties": {
        "name": "Rue du Docteur Christian Perdu / Rue de la Bruyère",
        "context": "Amiens, Somme",
        "citycode": "80021",
        "depcode": "80"
      }
    },
    {
      "type": "Feature",
      "geometry": {
        "type": "Point",
        "coordinates": [
          2.271610143,
          49.90363975
        ]
      },
      "properties": {
        "name": "Rue du Docteur Francq / Avenue Louis Blanc",
        "context": "Amiens, Somme",
        "citycode": "80021",
        "depcode": "80"
      }
    },
    {
      "type": "Feature",
      "geometry": {
        "type": "Point",
        "coordinates": [
          2.272169416,
          49.90417273
        ]
      },
      "properties": {
        "name": "Rue du Docteur Francq / Cité Roger",
        "context": "Amiens, Somme",
        "citycode": "80021",
        "depcode": "80"
      }
    },
    {
      "type": "Feature",
      "geometry": {
        "type": "Point",
        "coordinates": [
          2.273511136,
          49.904576174
        ]
      },
      "properties": {
        "name": "Rue du Docteur Francq / Rue du Faubourg de Hem",
        "context": "Amiens, Somme",
        "citycode": "80021",
        "depcode": "80"
      }
    },
    {
      "type": "Feature",
      "geometry": {
        "type": "Point",
        "coordinates": [
          2.271565629,
          49.903685317
        ]
      },
      "properties": {
        "name": "Rue du Docteur Francq / Rue du Maréchal Gallieni",
        "context": "Amiens, Somme",
        "citycode": "80021",
        "depcode": "80"
      }
    },
    {
      "type": "Feature",
      "geometry": {
        "type": "Point",
        "coordinates": [
          2.271895428,
          49.903888059
        ]
      },
      "properties": {
        "name": "Rue du Docteur Francq / Rue Pétin",
        "context": "Amiens, Somme",
        "citycode": "80021",
        "depcode": "80"
      }
    },
    {
      "type": "Feature",
      "geometry": {
        "type": "Point",
        "coordinates": [
          2.301292647,
          49.903378853
        ]
      },
      "properties": {
        "name": "Rue du Docteur Lenoel / Rue de l'Amiral Courrejolles",
        "context": "Amiens, Somme",
        "citycode": "80021",
        "depcode": "80"
      }
    },
    {
      "type": "Feature",
      "geometry": {
        "type": "Point",
        "coordinates": [
          2.31621601,
          49.912828324
        ]
      },
      "properties": {
        "name": "Rue du Docteur Louis Fafet / Allée de l'Albatros",
        "context": "Amiens, Somme",
        "citycode": "80021",
        "depcode": "80"
      }
    },
    {
      "type": "Feature",
      "geometry": {
        "type": "Point",
        "coordinates": [
          2.315295096,
          49.913300941
        ]
      },
      "properties": {
        "name": "Rue du Docteur Louis Fafet / Allée Pontus de Tyard",
        "context": "Amiens, Somme",
        "citycode": "80021",
        "depcode": "80"
      }
    },
    {
      "type": "Feature",
      "geometry": {
        "type": "Point",
        "coordinates": [
          2.310589989,
          49.915256196
        ]
      },
      "properties": {
        "name": "Rue du Docteur Louis Fafet / Route de Rainneville",
        "context": "Amiens, Somme",
        "citycode": "80021",
        "depcode": "80"
      }
    },
    {
      "type": "Feature",
      "geometry": {
        "type": "Point",
        "coordinates": [
          2.317029561,
          49.912446778
        ]
      },
      "properties": {
        "name": "Rue du Docteur Louis Fafet / Rue d'Allonville D919",
        "context": "Amiens, Somme",
        "citycode": "80021",
        "depcode": "80"
      }
    },
    {
      "type": "Feature",
      "geometry": {
        "type": "Point",
        "coordinates": [
          2.314083293,
          49.913721678
        ]
      },
      "properties": {
        "name": "Rue du Docteur Louis Fafet / Rue du Cambrésis",
        "context": "Amiens, Somme",
        "citycode": "80021",
        "depcode": "80"
      }
    },
    {
      "type": "Feature",
      "geometry": {
        "type": "Point",
        "coordinates": [
          2.314473063,
          49.913765638
        ]
      },
      "properties": {
        "name": "Rue du Docteur Louis Fafet / Rue Ronsard",
        "context": "Amiens, Somme",
        "citycode": "80021",
        "depcode": "80"
      }
    },
    {
      "type": "Feature",
      "geometry": {
        "type": "Point",
        "coordinates": [
          2.28423888,
          49.896328077
        ]
      },
      "properties": {
        "name": "Rue du Docteur Roux / Rue Pinsard",
        "context": "Amiens, Somme",
        "citycode": "80021",
        "depcode": "80"
      }
    },
    {
      "type": "Feature",
      "geometry": {
        "type": "Point",
        "coordinates": [
          2.311220021,
          49.909820608
        ]
      },
      "properties": {
        "name": "Rue du Docteur Schweitzer / Rue René Coty",
        "context": "Amiens, Somme",
        "citycode": "80021",
        "depcode": "80"
      }
    },
    {
      "type": "Feature",
      "geometry": {
        "type": "Point",
        "coordinates": [
          2.301377055,
          49.895901669
        ]
      },
      "properties": {
        "name": "Rue du Don / Rivière des Clairons",
        "context": "Amiens, Somme",
        "citycode": "80021",
        "depcode": "80"
      }
    },
    {
      "type": "Feature",
      "geometry": {
        "type": "Point",
        "coordinates": [
          2.298969862,
          49.912955407
        ]
      },
      "properties": {
        "name": "Rue du Dormeur du Val / Rue de la Rivière de Cassis",
        "context": "Amiens, Somme",
        "citycode": "80021",
        "depcode": "80"
      }
    },
    {
      "type": "Feature",
      "geometry": {
        "type": "Point",
        "coordinates": [
          2.298194099,
          49.912879577
        ]
      },
      "properties": {
        "name": "Rue du Dormeur du Val / Rue des Poètes de Sept Ans",
        "context": "Amiens, Somme",
        "citycode": "80021",
        "depcode": "80"
      }
    },
    {
      "type": "Feature",
      "geometry": {
        "type": "Point",
        "coordinates": [
          2.297699756,
          49.912861112
        ]
      },
      "properties": {
        "name": "Rue du Dormeur du Val / Rue Édouard Manet",
        "context": "Amiens, Somme",
        "citycode": "80021",
        "depcode": "80"
      }
    },
    {
      "type": "Feature",
      "geometry": {
        "type": "Point",
        "coordinates": [
          2.297707053,
          49.912855596
        ]
      },
      "properties": {
        "name": "Rue du Dormeur du Val / Rue Eugène Delacroix",
        "context": "Amiens, Somme",
        "citycode": "80021",
        "depcode": "80"
      }
    },
    {
      "type": "Feature",
      "geometry": {
        "type": "Point",
        "coordinates": [
          2.272235619,
          49.905562096
        ]
      },
      "properties": {
        "name": "Rue du Faubourg de Hem D1235 / Cour Joly",
        "context": "Amiens, Somme",
        "citycode": "80021",
        "depcode": "80"
      }
    },
    {
      "type": "Feature",
      "geometry": {
        "type": "Point",
        "coordinates": [
          2.274819426,
          49.903420659
        ]
      },
      "properties": {
        "name": "Rue du Faubourg de Hem / Cour Pigeon",
        "context": "Amiens, Somme",
        "citycode": "80021",
        "depcode": "80"
      }
    },
    {
      "type": "Feature",
      "geometry": {
        "type": "Point",
        "coordinates": [
          2.282600768,
          49.900370967
        ]
      },
      "properties": {
        "name": "Rue du Faubourg de Hem / La Basse Selle",
        "context": "Amiens, Somme",
        "citycode": "80021",
        "depcode": "80"
      }
    },
    {
      "type": "Feature",
      "geometry": {
        "type": "Point",
        "coordinates": [
          2.2777517,
          49.902268715
        ]
      },
      "properties": {
        "name": "Rue du Faubourg de Hem / La Selle",
        "context": "Amiens, Somme",
        "citycode": "80021",
        "depcode": "80"
      }
    },
    {
      "type": "Feature",
      "geometry": {
        "type": "Point",
        "coordinates": [
          2.271336477,
          49.905751524
        ]
      },
      "properties": {
        "name": "Rue du Faubourg de Hem D1235 / Route de Saveuse D211",
        "context": "Amiens, Somme",
        "citycode": "80021",
        "depcode": "80"
      }
    },
    {
      "type": "Feature",
      "geometry": {
        "type": "Point",
        "coordinates": [
          2.278191099,
          49.902338799
        ]
      },
      "properties": {
        "name": "Rue du Faubourg de Hem / Rue d'Australie",
        "context": "Amiens, Somme",
        "citycode": "80021",
        "depcode": "80"
      }
    },
    {
      "type": "Feature",
      "geometry": {
        "type": "Point",
        "coordinates": [
          2.273316713,
          49.933495797
        ]
      },
      "properties": {
        "name": "Rue du Fief / Rue André Durouchez D12",
        "context": "Amiens, Somme",
        "citycode": "80021",
        "depcode": "80"
      }
    },
    {
      "type": "Feature",
      "geometry": {
        "type": "Point",
        "coordinates": [
          2.306408786,
          49.888665713
        ]
      },
      "properties": {
        "name": "Rue du Fossé / Rue de la Contrescarpe",
        "context": "Amiens, Somme",
        "citycode": "80021",
        "depcode": "80"
      }
    },
    {
      "type": "Feature",
      "geometry": {
        "type": "Point",
        "coordinates": [
          2.280690805,
          49.888553815
        ]
      },
      "properties": {
        "name": "Rue du Général Barbou / Avenue du Général Foy",
        "context": "Amiens, Somme",
        "citycode": "80021",
        "depcode": "80"
      }
    },
    {
      "type": "Feature",
      "geometry": {
        "type": "Point",
        "coordinates": [
          2.28279948,
          49.887158215
        ]
      },
      "properties": {
        "name": "Rue du Général Barbou / Rue Béranger",
        "context": "Amiens, Somme",
        "citycode": "80021",
        "depcode": "80"
      }
    },
    {
      "type": "Feature",
      "geometry": {
        "type": "Point",
        "coordinates": [
          2.282168775,
          49.889436469
        ]
      },
      "properties": {
        "name": "Rue du Général Boyeldieu / Rue Jourdel",
        "context": "Amiens, Somme",
        "citycode": "80021",
        "depcode": "80"
      }
    },
    {
      "type": "Feature",
      "geometry": {
        "type": "Point",
        "coordinates": [
          2.281480654,
          49.889385636
        ]
      },
      "properties": {
        "name": "Rue du Général Chanzy / Avenue du Général Foy",
        "context": "Amiens, Somme",
        "citycode": "80021",
        "depcode": "80"
      }
    },
    {
      "type": "Feature",
      "geometry": {
        "type": "Point",
        "coordinates": [
          2.284168992,
          49.888294649
        ]
      },
      "properties": {
        "name": "Rue du Général Chanzy / Rue Béranger",
        "context": "Amiens, Somme",
        "citycode": "80021",
        "depcode": "80"
      }
    },
    {
      "type": "Feature",
      "geometry": {
        "type": "Point",
        "coordinates": [
          2.283322582,
          49.888613969
        ]
      },
      "properties": {
        "name": "Rue du Général Chanzy / Rue Cavillier",
        "context": "Amiens, Somme",
        "citycode": "80021",
        "depcode": "80"
      }
    },
    {
      "type": "Feature",
      "geometry": {
        "type": "Point",
        "coordinates": [
          2.281892957,
          49.889234251
        ]
      },
      "properties": {
        "name": "Rue du Général Chanzy / Rue du Général Boyeldieu",
        "context": "Amiens, Somme",
        "citycode": "80021",
        "depcode": "80"
      }
    },
    {
      "type": "Feature",
      "geometry": {
        "type": "Point",
        "coordinates": [
          2.282587371,
          49.888953683
        ]
      },
      "properties": {
        "name": "Rue du Général Chanzy / Rue François Delavigne",
        "context": "Amiens, Somme",
        "citycode": "80021",
        "depcode": "80"
      }
    },
    {
      "type": "Feature",
      "geometry": {
        "type": "Point",
        "coordinates": [
          2.278006881,
          49.888763951
        ]
      },
      "properties": {
        "name": "Rue du Général Domon / Boulevard de Strasbourg",
        "context": "Amiens, Somme",
        "citycode": "80021",
        "depcode": "80"
      }
    },
    {
      "type": "Feature",
      "geometry": {
        "type": "Point",
        "coordinates": [
          2.304164956,
          49.906311956
        ]
      },
      "properties": {
        "name": "Rue du Général Frère / Allée du Castillon",
        "context": "Amiens, Somme",
        "citycode": "80021",
        "depcode": "80"
      }
    },
    {
      "type": "Feature",
      "geometry": {
        "type": "Point",
        "coordinates": [
          2.303364152,
          49.90616454
        ]
      },
      "properties": {
        "name": "Rue du Général Frère / Rue du Président Kennedy",
        "context": "Amiens, Somme",
        "citycode": "80021",
        "depcode": "80"
      }
    },
    {
      "type": "Feature",
      "geometry": {
        "type": "Point",
        "coordinates": [
          2.303203298,
          49.905993271
        ]
      },
      "properties": {
        "name": "Rue du Général Frère / Rue Maréchal Juin",
        "context": "Amiens, Somme",
        "citycode": "80021",
        "depcode": "80"
      }
    },
    {
      "type": "Feature",
      "geometry": {
        "type": "Point",
        "coordinates": [
          2.281118263,
          49.889005227
        ]
      },
      "properties": {
        "name": "Rue du Général Friant / Avenue du Général Foy",
        "context": "Amiens, Somme",
        "citycode": "80021",
        "depcode": "80"
      }
    },
    {
      "type": "Feature",
      "geometry": {
        "type": "Point",
        "coordinates": [
          2.283542291,
          49.887724682
        ]
      },
      "properties": {
        "name": "Rue du Général Friant / Rue Béranger",
        "context": "Amiens, Somme",
        "citycode": "80021",
        "depcode": "80"
      }
    },
    {
      "type": "Feature",
      "geometry": {
        "type": "Point",
        "coordinates": [
          2.295337983,
          49.897869561
        ]
      },
      "properties": {
        "name": "Rue du Général Leclerc / Boulevard Port d'Aval",
        "context": "Amiens, Somme",
        "citycode": "80021",
        "depcode": "80"
      }
    },
    {
      "type": "Feature",
      "geometry": {
        "type": "Point",
        "coordinates": [
          2.293116239,
          49.894253321
        ]
      },
      "properties": {
        "name": "Rue du Général Leclerc / Place Léon Gontier",
        "context": "Amiens, Somme",
        "citycode": "80021",
        "depcode": "80"
      }
    },
    {
      "type": "Feature",
      "geometry": {
        "type": "Point",
        "coordinates": [
          2.295418138,
          49.897821048
        ]
      },
      "properties": {
        "name": "Rue du Général Leclerc / Place Vogel",
        "context": "Amiens, Somme",
        "citycode": "80021",
        "depcode": "80"
      }
    },
    {
      "type": "Feature",
      "geometry": {
        "type": "Point",
        "coordinates": [
          2.295058443,
          49.897344047
        ]
      },
      "properties": {
        "name": "Rue du Général Leclerc / Rivière des Clairons",
        "context": "Amiens, Somme",
        "citycode": "80021",
        "depcode": "80"
      }
    },
    {
      "type": "Feature",
      "geometry": {
        "type": "Point",
        "coordinates": [
          2.294054524,
          49.896163805
        ]
      },
      "properties": {
        "name": "Rue du Général Leclerc / Rue au Lin",
        "context": "Amiens, Somme",
        "citycode": "80021",
        "depcode": "80"
      }
    },
    {
      "type": "Feature",
      "geometry": {
        "type": "Point",
        "coordinates": [
          2.295388013,
          49.897908045
        ]
      },
      "properties": {
        "name": "Rue du Général Leclerc / Rue de la Résistance",
        "context": "Amiens, Somme",
        "citycode": "80021",
        "depcode": "80"
      }
    },
    {
      "type": "Feature",
      "geometry": {
        "type": "Point",
        "coordinates": [
          2.293610804,
          49.895381721
        ]
      },
      "properties": {
        "name": "Rue du Général Leclerc / Rue de Metz",
        "context": "Amiens, Somme",
        "citycode": "80021",
        "depcode": "80"
      }
    },
    {
      "type": "Feature",
      "geometry": {
        "type": "Point",
        "coordinates": [
          2.295000318,
          49.897418637
        ]
      },
      "properties": {
        "name": "Rue du Général Leclerc / Rue des Doubles-Chaises",
        "context": "Amiens, Somme",
        "citycode": "80021",
        "depcode": "80"
      }
    },
    {
      "type": "Feature",
      "geometry": {
        "type": "Point",
        "coordinates": [
          2.293989396,
          49.896184554
        ]
      },
      "properties": {
        "name": "Rue du Général Leclerc / Rue Florimond Leroux",
        "context": "Amiens, Somme",
        "citycode": "80021",
        "depcode": "80"
      }
    },
    {
      "type": "Feature",
      "geometry": {
        "type": "Point",
        "coordinates": [
          2.293399067,
          49.895060208
        ]
      },
      "properties": {
        "name": "Rue du Général Leclerc / Rue Jean Calvin",
        "context": "Amiens, Somme",
        "citycode": "80021",
        "depcode": "80"
      }
    },
    {
      "type": "Feature",
      "geometry": {
        "type": "Point",
        "coordinates": [
          2.294953745,
          49.897328787
        ]
      },
      "properties": {
        "name": "Rue du Général Leclerc / Rue Riquier",
        "context": "Amiens, Somme",
        "citycode": "80021",
        "depcode": "80"
      }
    },
    {
      "type": "Feature",
      "geometry": {
        "type": "Point",
        "coordinates": [
          2.29448415,
          49.89667657
        ]
      },
      "properties": {
        "name": "Rue du Général Leclerc / Rue Saint-Germain",
        "context": "Amiens, Somme",
        "citycode": "80021",
        "depcode": "80"
      }
    },
    {
      "type": "Feature",
      "geometry": {
        "type": "Point",
        "coordinates": [
          2.293420634,
          49.897656767
        ]
      },
      "properties": {
        "name": "Rue du Grand Vidame / Passage de l'Aventure",
        "context": "Amiens, Somme",
        "citycode": "80021",
        "depcode": "80"
      }
    },
    {
      "type": "Feature",
      "geometry": {
        "type": "Point",
        "coordinates": [
          2.291290928,
          49.897089481
        ]
      },
      "properties": {
        "name": "Rue du Grand Vidame / Passage de la Glacière",
        "context": "Amiens, Somme",
        "citycode": "80021",
        "depcode": "80"
      }
    },
    {
      "type": "Feature",
      "geometry": {
        "type": "Point",
        "coordinates": [
          2.29262536,
          49.897711739
        ]
      },
      "properties": {
        "name": "Rue du Grand Vidame / Rue Anatole France",
        "context": "Amiens, Somme",
        "citycode": "80021",
        "depcode": "80"
      }
    },
    {
      "type": "Feature",
      "geometry": {
        "type": "Point",
        "coordinates": [
          2.291076875,
          49.896793577
        ]
      },
      "properties": {
        "name": "Rue du Grand Vidame / Rue de la Hotoie",
        "context": "Amiens, Somme",
        "citycode": "80021",
        "depcode": "80"
      }
    },
    {
      "type": "Feature",
      "geometry": {
        "type": "Point",
        "coordinates": [
          2.293418445,
          49.897651112
        ]
      },
      "properties": {
        "name": "Rue du Grand Vidame / Rue Henri Dunant",
        "context": "Amiens, Somme",
        "citycode": "80021",
        "depcode": "80"
      }
    },
    {
      "type": "Feature",
      "geometry": {
        "type": "Point",
        "coordinates": [
          2.336557907,
          49.86987625
        ]
      },
      "properties": {
        "name": "Rue du Héron Cendré / Rue Marcel Paul",
        "context": "Amiens, Somme",
        "citycode": "80021",
        "depcode": "80"
      }
    },
    {
      "type": "Feature",
      "geometry": {
        "type": "Point",
        "coordinates": [
          2.305957403,
          49.894985905
        ]
      },
      "properties": {
        "name": "Rue du Hocquet / Rue de la Barette",
        "context": "Amiens, Somme",
        "citycode": "80021",
        "depcode": "80"
      }
    },
    {
      "type": "Feature",
      "geometry": {
        "type": "Point",
        "coordinates": [
          2.304546615,
          49.895271254
        ]
      },
      "properties": {
        "name": "Rue du Hocquet / Rue de Metz-l'Evèque",
        "context": "Amiens, Somme",
        "citycode": "80021",
        "depcode": "80"
      }
    },
    {
      "type": "Feature",
      "geometry": {
        "type": "Point",
        "coordinates": [
          2.305946218,
          49.894982567
        ]
      },
      "properties": {
        "name": "Rue du Hocquet / Rue des Augustins",
        "context": "Amiens, Somme",
        "citycode": "80021",
        "depcode": "80"
      }
    },
    {
      "type": "Feature",
      "geometry": {
        "type": "Point",
        "coordinates": [
          2.303485727,
          49.895483269
        ]
      },
      "properties": {
        "name": "Rue du Hocquet / Rue des Bondes",
        "context": "Amiens, Somme",
        "citycode": "80021",
        "depcode": "80"
      }
    },
    {
      "type": "Feature",
      "geometry": {
        "type": "Point",
        "coordinates": [
          2.301919193,
          49.89562176
        ]
      },
      "properties": {
        "name": "Rue du Hocquet / Rue des Gantiers",
        "context": "Amiens, Somme",
        "citycode": "80021",
        "depcode": "80"
      }
    },
    {
      "type": "Feature",
      "geometry": {
        "type": "Point",
        "coordinates": [
          2.30437625,
          49.895318396
        ]
      },
      "properties": {
        "name": "Rue du Hocquet / Rue des Hautes Cornes",
        "context": "Amiens, Somme",
        "citycode": "80021",
        "depcode": "80"
      }
    },
    {
      "type": "Feature",
      "geometry": {
        "type": "Point",
        "coordinates": [
          2.296386424,
          49.902150312
        ]
      },
      "properties": {
        "name": "Rue du Jardin des Plantes / Boulevard des Fusillés",
        "context": "Amiens, Somme",
        "citycode": "80021",
        "depcode": "80"
      }
    },
    {
      "type": "Feature",
      "geometry": {
        "type": "Point",
        "coordinates": [
          2.295752846,
          49.899768411
        ]
      },
      "properties": {
        "name": "Rue du Jardin des Plantes / Boulevard du Jardin des Plantes",
        "context": "Amiens, Somme",
        "citycode": "80021",
        "depcode": "80"
      }
    },
    {
      "type": "Feature",
      "geometry": {
        "type": "Point",
        "coordinates": [
          2.295183614,
          49.898004349
        ]
      },
      "properties": {
        "name": "Rue du Jardin des Plantes / Boulevard Port d'Aval",
        "context": "Amiens, Somme",
        "citycode": "80021",
        "depcode": "80"
      }
    },
    {
      "type": "Feature",
      "geometry": {
        "type": "Point",
        "coordinates": [
          2.296333962,
          49.901787122
        ]
      },
      "properties": {
        "name": "Rue du Jardin des Plantes / Boulevard Saint-Sulpice",
        "context": "Amiens, Somme",
        "citycode": "80021",
        "depcode": "80"
      }
    },
    {
      "type": "Feature",
      "geometry": {
        "type": "Point",
        "coordinates": [
          2.296366119,
          49.902165401
        ]
      },
      "properties": {
        "name": "Rue du Jardin des Plantes / Place Kruger",
        "context": "Amiens, Somme",
        "citycode": "80021",
        "depcode": "80"
      }
    },
    {
      "type": "Feature",
      "geometry": {
        "type": "Point",
        "coordinates": [
          2.295406179,
          49.898517132
        ]
      },
      "properties": {
        "name": "Rue du Jardin des Plantes / Rue Guidé",
        "context": "Amiens, Somme",
        "citycode": "80021",
        "depcode": "80"
      }
    },
    {
      "type": "Feature",
      "geometry": {
        "type": "Point",
        "coordinates": [
          2.296364842,
          49.902164871
        ]
      },
      "properties": {
        "name": "Rue du Jardin des Plantes / Rue Octave Tierce",
        "context": "Amiens, Somme",
        "citycode": "80021",
        "depcode": "80"
      }
    },
    {
      "type": "Feature",
      "geometry": {
        "type": "Point",
        "coordinates": [
          2.25867638,
          49.914044777
        ]
      },
      "properties": {
        "name": "Rue du Longuet / Rue Baudoin d'Ailly",
        "context": "Amiens, Somme",
        "citycode": "80021",
        "depcode": "80"
      }
    },
    {
      "type": "Feature",
      "geometry": {
        "type": "Point",
        "coordinates": [
          2.281233458,
          49.886806134
        ]
      },
      "properties": {
        "name": "Rue du Manège / Route de Rouen",
        "context": "Amiens, Somme",
        "citycode": "80021",
        "depcode": "80"
      }
    },
    {
      "type": "Feature",
      "geometry": {
        "type": "Point",
        "coordinates": [
          2.281484456,
          49.886073779
        ]
      },
      "properties": {
        "name": "Rue du Manège / Rue Alfred Lemaire",
        "context": "Amiens, Somme",
        "citycode": "80021",
        "depcode": "80"
      }
    },
    {
      "type": "Feature",
      "geometry": {
        "type": "Point",
        "coordinates": [
          2.289479935,
          49.897246778
        ]
      },
      "properties": {
        "name": "Rue du Marché aux Chevaux / Boulevard du Port",
        "context": "Amiens, Somme",
        "citycode": "80021",
        "depcode": "80"
      }
    },
    {
      "type": "Feature",
      "geometry": {
        "type": "Point",
        "coordinates": [
          2.289461867,
          49.89723618
        ]
      },
      "properties": {
        "name": "Rue du Marché aux Chevaux / Boulevard Faidherbe",
        "context": "Amiens, Somme",
        "citycode": "80021",
        "depcode": "80"
      }
    },
    {
      "type": "Feature",
      "geometry": {
        "type": "Point",
        "coordinates": [
          2.288012235,
          49.89747854
        ]
      },
      "properties": {
        "name": "Rue du Marché aux Chevaux / Rue de l'Écuyer",
        "context": "Amiens, Somme",
        "citycode": "80021",
        "depcode": "80"
      }
    },
    {
      "type": "Feature",
      "geometry": {
        "type": "Point",
        "coordinates": [
          2.288001712,
          49.897474225
        ]
      },
      "properties": {
        "name": "Rue du Marché aux Chevaux / Rue Jean Jaurès",
        "context": "Amiens, Somme",
        "citycode": "80021",
        "depcode": "80"
      }
    },
    {
      "type": "Feature",
      "geometry": {
        "type": "Point",
        "coordinates": [
          2.297865256,
          49.897353999
        ]
      },
      "properties": {
        "name": "Rue du Marché Lanselles / Grande Rue de la Veillère",
        "context": "Amiens, Somme",
        "citycode": "80021",
        "depcode": "80"
      }
    },
    {
      "type": "Feature",
      "geometry": {
        "type": "Point",
        "coordinates": [
          2.297801465,
          49.89670481
        ]
      },
      "properties": {
        "name": "Rue du Marché Lanselles / Place au Feurre",
        "context": "Amiens, Somme",
        "citycode": "80021",
        "depcode": "80"
      }
    },
    {
      "type": "Feature",
      "geometry": {
        "type": "Point",
        "coordinates": [
          2.297871883,
          49.897329856
        ]
      },
      "properties": {
        "name": "Rue du Marché Lanselles / Place Vogel",
        "context": "Amiens, Somme",
        "citycode": "80021",
        "depcode": "80"
      }
    },
    {
      "type": "Feature",
      "geometry": {
        "type": "Point",
        "coordinates": [
          2.297884629,
          49.89664824
        ]
      },
      "properties": {
        "name": "Rue du Marché Lanselles / Rivière des Clairons",
        "context": "Amiens, Somme",
        "citycode": "80021",
        "depcode": "80"
      }
    },
    {
      "type": "Feature",
      "geometry": {
        "type": "Point",
        "coordinates": [
          2.297738292,
          49.896057349
        ]
      },
      "properties": {
        "name": "Rue du Marché Lanselles / Rue des Orfèvres",
        "context": "Amiens, Somme",
        "citycode": "80021",
        "depcode": "80"
      }
    },
    {
      "type": "Feature",
      "geometry": {
        "type": "Point",
        "coordinates": [
          2.297836437,
          49.896706895
        ]
      },
      "properties": {
        "name": "Rue du Marché Lanselles / Rue Haute des Tanneurs",
        "context": "Amiens, Somme",
        "citycode": "80021",
        "depcode": "80"
      }
    },
    {
      "type": "Feature",
      "geometry": {
        "type": "Point",
        "coordinates": [
          2.297718773,
          49.89605292
        ]
      },
      "properties": {
        "name": "Rue du Marché Lanselles / Rue Saint-Germain",
        "context": "Amiens, Somme",
        "citycode": "80021",
        "depcode": "80"
      }
    },
    {
      "type": "Feature",
      "geometry": {
        "type": "Point",
        "coordinates": [
          2.313482763,
          49.872782381
        ]
      },
      "properties": {
        "name": "Rue du Maréchal de Castries / Rue d'Antibes",
        "context": "Amiens, Somme",
        "citycode": "80021",
        "depcode": "80"
      }
    },
    {
      "type": "Feature",
      "geometry": {
        "type": "Point",
        "coordinates": [
          2.292382827,
          49.892436972
        ]
      },
      "properties": {
        "name": "Rue du Maréchal de Lattre de Tassigny / Rue de l'Amiral Lejeune",
        "context": "Amiens, Somme",
        "citycode": "80021",
        "depcode": "80"
      }
    },
    {
      "type": "Feature",
      "geometry": {
        "type": "Point",
        "coordinates": [
          2.292400072,
          49.892433017
        ]
      },
      "properties": {
        "name": "Rue du Maréchal de Lattre de Tassigny / Rue de la 2e D.B.",
        "context": "Amiens, Somme",
        "citycode": "80021",
        "depcode": "80"
      }
    },
    {
      "type": "Feature",
      "geometry": {
        "type": "Point",
        "coordinates": [
          2.291839109,
          49.891662632
        ]
      },
      "properties": {
        "name": "Rue du Maréchal de Lattre de Tassigny / Rue Frédéric Petit",
        "context": "Amiens, Somme",
        "citycode": "80021",
        "depcode": "80"
      }
    },
    {
      "type": "Feature",
      "geometry": {
        "type": "Point",
        "coordinates": [
          2.271513254,
          49.903713691
        ]
      },
      "properties": {
        "name": "Rue du Maréchal Gallieni / Avenue Louis Blanc",
        "context": "Amiens, Somme",
        "citycode": "80021",
        "depcode": "80"
      }
    },
    {
      "type": "Feature",
      "geometry": {
        "type": "Point",
        "coordinates": [
          2.270082688,
          49.902808413
        ]
      },
      "properties": {
        "name": "Rue du Maréchal Gallieni / Rue Narcisse Lebel",
        "context": "Amiens, Somme",
        "citycode": "80021",
        "depcode": "80"
      }
    },
    {
      "type": "Feature",
      "geometry": {
        "type": "Point",
        "coordinates": [
          2.336505072,
          49.863226636
        ]
      },
      "properties": {
        "name": "Rue du Méridien / Rue Wasse",
        "context": "Amiens, Somme",
        "citycode": "80021",
        "depcode": "80"
      }
    },
    {
      "type": "Feature",
      "geometry": {
        "type": "Point",
        "coordinates": [
          2.250017473,
          49.914701373
        ]
      },
      "properties": {
        "name": "Rue du Morvan / Rue de Lorraine",
        "context": "Amiens, Somme",
        "citycode": "80021",
        "depcode": "80"
      }
    },
    {
      "type": "Feature",
      "geometry": {
        "type": "Point",
        "coordinates": [
          2.284732796,
          49.882052948
        ]
      },
      "properties": {
        "name": "Rue du Moulin / Boulevard Chateaudun",
        "context": "Amiens, Somme",
        "citycode": "80021",
        "depcode": "80"
      }
    },
    {
      "type": "Feature",
      "geometry": {
        "type": "Point",
        "coordinates": [
          2.286219948,
          49.885849644
        ]
      },
      "properties": {
        "name": "Rue du Moulin / Rue Saint-Honoré",
        "context": "Amiens, Somme",
        "citycode": "80021",
        "depcode": "80"
      }
    },
    {
      "type": "Feature",
      "geometry": {
        "type": "Point",
        "coordinates": [
          2.297334966,
          49.898433265
        ]
      },
      "properties": {
        "name": "Rue du Moulin Neuf / Passage des Bains Neveux",
        "context": "Amiens, Somme",
        "citycode": "80021",
        "depcode": "80"
      }
    },
    {
      "type": "Feature",
      "geometry": {
        "type": "Point",
        "coordinates": [
          2.296917496,
          49.897549272
        ]
      },
      "properties": {
        "name": "Rue du Moulin Neuf / Place Vogel",
        "context": "Amiens, Somme",
        "citycode": "80021",
        "depcode": "80"
      }
    },
    {
      "type": "Feature",
      "geometry": {
        "type": "Point",
        "coordinates": [
          2.296911345,
          49.89753881
        ]
      },
      "properties": {
        "name": "Rue du Moulin Neuf / Rue Sainte-Catherine",
        "context": "Amiens, Somme",
        "citycode": "80021",
        "depcode": "80"
      }
    },
    {
      "type": "Feature",
      "geometry": {
        "type": "Point",
        "coordinates": [
          2.328096274,
          49.876225199
        ]
      },
      "properties": {
        "name": "Rue du Nouveau Siècle / Rue de Cagny",
        "context": "Amiens, Somme",
        "citycode": "80021",
        "depcode": "80"
      }
    },
    {
      "type": "Feature",
      "geometry": {
        "type": "Point",
        "coordinates": [
          2.313218162,
          49.885037838
        ]
      },
      "properties": {
        "name": "Rue du Paraclet / Cour Huret",
        "context": "Amiens, Somme",
        "citycode": "80021",
        "depcode": "80"
      }
    },
    {
      "type": "Feature",
      "geometry": {
        "type": "Point",
        "coordinates": [
          2.285458316,
          49.883990332
        ]
      },
      "properties": {
        "name": "Rue du Pierre Lefort / Rue du Moulin",
        "context": "Amiens, Somme",
        "citycode": "80021",
        "depcode": "80"
      }
    },
    {
      "type": "Feature",
      "geometry": {
        "type": "Point",
        "coordinates": [
          2.283949003,
          49.884674813
        ]
      },
      "properties": {
        "name": "Rue du Pierre Lefort / Rue Saint-Honoré",
        "context": "Amiens, Somme",
        "citycode": "80021",
        "depcode": "80"
      }
    },
    {
      "type": "Feature",
      "geometry": {
        "type": "Point",
        "coordinates": [
          2.316143916,
          49.887011315
        ]
      },
      "properties": {
        "name": "Rue du Pinceau / Rue Jules Barni",
        "context": "Amiens, Somme",
        "citycode": "80021",
        "depcode": "80"
      }
    },
    {
      "type": "Feature",
      "geometry": {
        "type": "Point",
        "coordinates": [
          2.318041519,
          49.888553363
        ]
      },
      "properties": {
        "name": "Rue du Pinceau / Rue Riolan",
        "context": "Amiens, Somme",
        "citycode": "80021",
        "depcode": "80"
      }
    },
    {
      "type": "Feature",
      "geometry": {
        "type": "Point",
        "coordinates": [
          2.254924237,
          49.915324498
        ]
      },
      "properties": {
        "name": "Rue du Poitou / Place d'Auvergne",
        "context": "Amiens, Somme",
        "citycode": "80021",
        "depcode": "80"
      }
    },
    {
      "type": "Feature",
      "geometry": {
        "type": "Point",
        "coordinates": [
          2.253773154,
          49.917238598
        ]
      },
      "properties": {
        "name": "Rue du Poitou / Place de Bretagne",
        "context": "Amiens, Somme",
        "citycode": "80021",
        "depcode": "80"
      }
    },
    {
      "type": "Feature",
      "geometry": {
        "type": "Point",
        "coordinates": [
          2.301646477,
          49.897777457
        ]
      },
      "properties": {
        "name": "Rue du Pont À Moinet / Petite Rue Saint-Leu",
        "context": "Amiens, Somme",
        "citycode": "80021",
        "depcode": "80"
      }
    },
    {
      "type": "Feature",
      "geometry": {
        "type": "Point",
        "coordinates": [
          2.30167902,
          49.897788277
        ]
      },
      "properties": {
        "name": "Rue du Pont À Moinet / Rue d'Engoulvent",
        "context": "Amiens, Somme",
        "citycode": "80021",
        "depcode": "80"
      }
    },
    {
      "type": "Feature",
      "geometry": {
        "type": "Point",
        "coordinates": [
          2.302213797,
          49.898011479
        ]
      },
      "properties": {
        "name": "Rue du Pont À Moinet / Rue des Marissons",
        "context": "Amiens, Somme",
        "citycode": "80021",
        "depcode": "80"
      }
    },
    {
      "type": "Feature",
      "geometry": {
        "type": "Point",
        "coordinates": [
          2.254093232,
          49.890718283
        ]
      },
      "properties": {
        "name": "Rue du Pont de Metz / Allée des Anémones",
        "context": "Amiens, Somme",
        "citycode": "80021",
        "depcode": "80"
      }
    },
    {
      "type": "Feature",
      "geometry": {
        "type": "Point",
        "coordinates": [
          2.254727276,
          49.891202609
        ]
      },
      "properties": {
        "name": "Rue du Pont de Metz / Allée des Capucines",
        "context": "Amiens, Somme",
        "citycode": "80021",
        "depcode": "80"
      }
    },
    {
      "type": "Feature",
      "geometry": {
        "type": "Point",
        "coordinates": [
          2.255609255,
          49.891735789
        ]
      },
      "properties": {
        "name": "Rue du Pont de Metz / Allée des Coquelicots",
        "context": "Amiens, Somme",
        "citycode": "80021",
        "depcode": "80"
      }
    },
    {
      "type": "Feature",
      "geometry": {
        "type": "Point",
        "coordinates": [
          2.258051888,
          49.89320354
        ]
      },
      "properties": {
        "name": "Rue du Pont de Metz / La Selle",
        "context": "Amiens, Somme",
        "citycode": "80021",
        "depcode": "80"
      }
    },
    {
      "type": "Feature",
      "geometry": {
        "type": "Point",
        "coordinates": [
          2.258248008,
          49.893380986
        ]
      },
      "properties": {
        "name": "Rue du Pont de Metz / Rue du Chapitre",
        "context": "Amiens, Somme",
        "citycode": "80021",
        "depcode": "80"
      }
    },
    {
      "type": "Feature",
      "geometry": {
        "type": "Point",
        "coordinates": [
          2.253346579,
          49.89005031
        ]
      },
      "properties": {
        "name": "Rue du Pont de Metz / Rue du Terrain",
        "context": "Amiens, Somme",
        "citycode": "80021",
        "depcode": "80"
      }
    },
    {
      "type": "Feature",
      "geometry": {
        "type": "Point",
        "coordinates": [
          2.258914549,
          49.876790165
        ]
      },
      "properties": {
        "name": "Rue du Professeur Christian Cabrol / Allée Alfred Lorriaux",
        "context": "Amiens, Somme",
        "citycode": "80021",
        "depcode": "80"
      }
    },
    {
      "type": "Feature",
      "geometry": {
        "type": "Point",
        "coordinates": [
          2.267079726,
          49.879523392
        ]
      },
      "properties": {
        "name": "Rue du Professeur Christian Cabrol / Avenue Valéry Giscard d'Estaing",
        "context": "Amiens, Somme",
        "citycode": "80021",
        "depcode": "80"
      }
    },
    {
      "type": "Feature",
      "geometry": {
        "type": "Point",
        "coordinates": [
          2.266992289,
          49.879458915
        ]
      },
      "properties": {
        "name": "Rue du Professeur Christian Cabrol / Boulevard Ambroise Paré",
        "context": "Amiens, Somme",
        "citycode": "80021",
        "depcode": "80"
      }
    },
    {
      "type": "Feature",
      "geometry": {
        "type": "Point",
        "coordinates": [
          2.274111436,
          49.882708399
        ]
      },
      "properties": {
        "name": "Rue du Professeur Christian Cabrol / Chemin des Plantes",
        "context": "Amiens, Somme",
        "citycode": "80021",
        "depcode": "80"
      }
    },
    {
      "type": "Feature",
      "geometry": {
        "type": "Point",
        "coordinates": [
          2.274694205,
          49.883370498
        ]
      },
      "properties": {
        "name": "Rue du Professeur Christian Cabrol / Impasse André Thouin",
        "context": "Amiens, Somme",
        "citycode": "80021",
        "depcode": "80"
      }
    },
    {
      "type": "Feature",
      "geometry": {
        "type": "Point",
        "coordinates": [
          2.2567143,
          49.876668831
        ]
      },
      "properties": {
        "name": "Rue du Professeur Christian Cabrol / Rond-Point du Professeur Christian Cabrol",
        "context": "Amiens, Somme",
        "citycode": "80021",
        "depcode": "80"
      }
    },
    {
      "type": "Feature",
      "geometry": {
        "type": "Point",
        "coordinates": [
          2.260092506,
          49.876790298
        ]
      },
      "properties": {
        "name": "Rue du Professeur Christian Cabrol / Rue de la Sablonnière",
        "context": "Amiens, Somme",
        "citycode": "80021",
        "depcode": "80"
      }
    },
    {
      "type": "Feature",
      "geometry": {
        "type": "Point",
        "coordinates": [
          2.265149614,
          49.878749188
        ]
      },
      "properties": {
        "name": "Rue du Professeur Christian Cabrol / Rue du Campus",
        "context": "Amiens, Somme",
        "citycode": "80021",
        "depcode": "80"
      }
    },
    {
      "type": "Feature",
      "geometry": {
        "type": "Point",
        "coordinates": [
          2.269972004,
          49.880345505
        ]
      },
      "properties": {
        "name": "Rue du Professeur Christian Cabrol / Rue Jean Baptiste Trannoy",
        "context": "Amiens, Somme",
        "citycode": "80021",
        "depcode": "80"
      }
    },
    {
      "type": "Feature",
      "geometry": {
        "type": "Point",
        "coordinates": [
          2.269010879,
          49.880035555
        ]
      },
      "properties": {
        "name": "Rue du Professeur Christian Cabrol / Rue Marie Boudier",
        "context": "Amiens, Somme",
        "citycode": "80021",
        "depcode": "80"
      }
    },
    {
      "type": "Feature",
      "geometry": {
        "type": "Point",
        "coordinates": [
          2.268021442,
          49.933773396
        ]
      },
      "properties": {
        "name": "Rue du Santerre / Rue de Vaux",
        "context": "Amiens, Somme",
        "citycode": "80021",
        "depcode": "80"
      }
    },
    {
      "type": "Feature",
      "geometry": {
        "type": "Point",
        "coordinates": [
          2.279674614,
          49.877230935
        ]
      },
      "properties": {
        "name": "Rue du Soleil Levant / Allée de l'Échauguette",
        "context": "Amiens, Somme",
        "citycode": "80021",
        "depcode": "80"
      }
    },
    {
      "type": "Feature",
      "geometry": {
        "type": "Point",
        "coordinates": [
          2.280286643,
          49.87712096
        ]
      },
      "properties": {
        "name": "Rue du Soleil Levant / Allée du Château de Brangues",
        "context": "Amiens, Somme",
        "citycode": "80021",
        "depcode": "80"
      }
    },
    {
      "type": "Feature",
      "geometry": {
        "type": "Point",
        "coordinates": [
          2.27851367,
          49.877530137
        ]
      },
      "properties": {
        "name": "Rue du Soleil Levant / Allée Violaine",
        "context": "Amiens, Somme",
        "citycode": "80021",
        "depcode": "80"
      }
    },
    {
      "type": "Feature",
      "geometry": {
        "type": "Point",
        "coordinates": [
          2.283654446,
          49.885216919
        ]
      },
      "properties": {
        "name": "Rue du Tour de Ville / Allée de la Quintinie",
        "context": "Amiens, Somme",
        "citycode": "80021",
        "depcode": "80"
      }
    },
    {
      "type": "Feature",
      "geometry": {
        "type": "Point",
        "coordinates": [
          2.283960492,
          49.884695381
        ]
      },
      "properties": {
        "name": "Rue du Tour de Ville / Rue du Pierre Lefort",
        "context": "Amiens, Somme",
        "citycode": "80021",
        "depcode": "80"
      }
    },
    {
      "type": "Feature",
      "geometry": {
        "type": "Point",
        "coordinates": [
          2.283971205,
          49.884717202
        ]
      },
      "properties": {
        "name": "Rue du Tour de Ville / Rue Saint-Honoré",
        "context": "Amiens, Somme",
        "citycode": "80021",
        "depcode": "80"
      }
    },
    {
      "type": "Feature",
      "geometry": {
        "type": "Point",
        "coordinates": [
          2.302816367,
          49.872697158
        ]
      },
      "properties": {
        "name": "Rue du Vicomte de Bragelonne / Enclos de la Bergerie",
        "context": "Amiens, Somme",
        "citycode": "80021",
        "depcode": "80"
      }
    },
    {
      "type": "Feature",
      "geometry": {
        "type": "Point",
        "coordinates": [
          2.304744028,
          49.872635965
        ]
      },
      "properties": {
        "name": "Rue du Vicomte de Bragelonne / Rue de Monsoreau",
        "context": "Amiens, Somme",
        "citycode": "80021",
        "depcode": "80"
      }
    },
    {
      "type": "Feature",
      "geometry": {
        "type": "Point",
        "coordinates": [
          2.306764986,
          49.872800189
        ]
      },
      "properties": {
        "name": "Rue du Vicomte de Bragelonne / Rue Saint-Fuscien D7",
        "context": "Amiens, Somme",
        "citycode": "80021",
        "depcode": "80"
      }
    },
    {
      "type": "Feature",
      "geometry": {
        "type": "Point",
        "coordinates": [
          2.309323804,
          49.893536501
        ]
      },
      "properties": {
        "name": "Rue du Vivier / Rue de la Morlière",
        "context": "Amiens, Somme",
        "citycode": "80021",
        "depcode": "80"
      }
    },
    {
      "type": "Feature",
      "geometry": {
        "type": "Point",
        "coordinates": [
          2.309916757,
          49.894327133
        ]
      },
      "properties": {
        "name": "Rue du Vivier / Rue de Verdun",
        "context": "Amiens, Somme",
        "citycode": "80021",
        "depcode": "80"
      }
    },
    {
      "type": "Feature",
      "geometry": {
        "type": "Point",
        "coordinates": [
          2.306260294,
          49.885872086
        ]
      },
      "properties": {
        "name": "Rue Ducange / Rue Dufresne",
        "context": "Amiens, Somme",
        "citycode": "80021",
        "depcode": "80"
      }
    },
    {
      "type": "Feature",
      "geometry": {
        "type": "Point",
        "coordinates": [
          2.305378632,
          49.885870153
        ]
      },
      "properties": {
        "name": "Rue Ducange / Rue Gribeauval",
        "context": "Amiens, Somme",
        "citycode": "80021",
        "depcode": "80"
      }
    },
    {
      "type": "Feature",
      "geometry": {
        "type": "Point",
        "coordinates": [
          2.303700566,
          49.885883349
        ]
      },
      "properties": {
        "name": "Rue Ducange / Rue Saint-Fuscien D7",
        "context": "Amiens, Somme",
        "citycode": "80021",
        "depcode": "80"
      }
    },
    {
      "type": "Feature",
      "geometry": {
        "type": "Point",
        "coordinates": [
          2.307069754,
          49.885844572
        ]
      },
      "properties": {
        "name": "Rue Ducange / Rue Vulfran Warmé",
        "context": "Amiens, Somme",
        "citycode": "80021",
        "depcode": "80"
      }
    },
    {
      "type": "Feature",
      "geometry": {
        "type": "Point",
        "coordinates": [
          2.297837099,
          49.8866685
        ]
      },
      "properties": {
        "name": "Rue Dufour / Rue Duminy",
        "context": "Amiens, Somme",
        "citycode": "80021",
        "depcode": "80"
      }
    },
    {
      "type": "Feature",
      "geometry": {
        "type": "Point",
        "coordinates": [
          2.295898949,
          49.883546907
        ]
      },
      "properties": {
        "name": "Rue Dufour / Rue Jeanne d'Arc",
        "context": "Amiens, Somme",
        "citycode": "80021",
        "depcode": "80"
      }
    },
    {
      "type": "Feature",
      "geometry": {
        "type": "Point",
        "coordinates": [
          2.297039956,
          49.885408055
        ]
      },
      "properties": {
        "name": "Rue Dufour / Rue Laurendeau",
        "context": "Amiens, Somme",
        "citycode": "80021",
        "depcode": "80"
      }
    },
    {
      "type": "Feature",
      "geometry": {
        "type": "Point",
        "coordinates": [
          2.295591143,
          49.892956837
        ]
      },
      "properties": {
        "name": "Rue Duméril / Place de l'Hôtel de Ville",
        "context": "Amiens, Somme",
        "citycode": "80021",
        "depcode": "80"
      }
    },
    {
      "type": "Feature",
      "geometry": {
        "type": "Point",
        "coordinates": [
          2.297070715,
          49.892651732
        ]
      },
      "properties": {
        "name": "Rue Duméril / Rue de la République",
        "context": "Amiens, Somme",
        "citycode": "80021",
        "depcode": "80"
      }
    },
    {
      "type": "Feature",
      "geometry": {
        "type": "Point",
        "coordinates": [
          2.2986653,
          49.888031425
        ]
      },
      "properties": {
        "name": "Rue Duminy / Boulevard Jules Verne",
        "context": "Amiens, Somme",
        "citycode": "80021",
        "depcode": "80"
      }
    },
    {
      "type": "Feature",
      "geometry": {
        "type": "Point",
        "coordinates": [
          2.313353338,
          49.903391752
        ]
      },
      "properties": {
        "name": "Rue Dupont Bacqueville / Rue Louis Braille",
        "context": "Amiens, Somme",
        "citycode": "80021",
        "depcode": "80"
      }
    },
    {
      "type": "Feature",
      "geometry": {
        "type": "Point",
        "coordinates": [
          2.312537473,
          49.9012227
        ]
      },
      "properties": {
        "name": "Rue Dupont Bacqueville / Rue Vulfran Mollet",
        "context": "Amiens, Somme",
        "citycode": "80021",
        "depcode": "80"
      }
    },
    {
      "type": "Feature",
      "geometry": {
        "type": "Point",
        "coordinates": [
          2.304280213,
          49.894618556
        ]
      },
      "properties": {
        "name": "Rue Dupuis / Rue de Metz-l'Evèque",
        "context": "Amiens, Somme",
        "citycode": "80021",
        "depcode": "80"
      }
    },
    {
      "type": "Feature",
      "geometry": {
        "type": "Point",
        "coordinates": [
          2.305474643,
          49.89432018
        ]
      },
      "properties": {
        "name": "Rue Dupuis / Rue des Augustins",
        "context": "Amiens, Somme",
        "citycode": "80021",
        "depcode": "80"
      }
    },
    {
      "type": "Feature",
      "geometry": {
        "type": "Point",
        "coordinates": [
          2.314912852,
          49.88819872
        ]
      },
      "properties": {
        "name": "Rue Duroyer / Rue Galland",
        "context": "Amiens, Somme",
        "citycode": "80021",
        "depcode": "80"
      }
    },
    {
      "type": "Feature",
      "geometry": {
        "type": "Point",
        "coordinates": [
          2.315637813,
          49.88888194
        ]
      },
      "properties": {
        "name": "Rue Duroyer / Rue Riolan",
        "context": "Amiens, Somme",
        "citycode": "80021",
        "depcode": "80"
      }
    },
    {
      "type": "Feature",
      "geometry": {
        "type": "Point",
        "coordinates": [
          2.30017398,
          49.894584217
        ]
      },
      "properties": {
        "name": "Rue Dusevel / Place Notre-Dame",
        "context": "Amiens, Somme",
        "citycode": "80021",
        "depcode": "80"
      }
    },
    {
      "type": "Feature",
      "geometry": {
        "type": "Point",
        "coordinates": [
          2.29858689,
          49.893928912
        ]
      },
      "properties": {
        "name": "Rue Dusevel / Rue des Sergents",
        "context": "Amiens, Somme",
        "citycode": "80021",
        "depcode": "80"
      }
    },
    {
      "type": "Feature",
      "geometry": {
        "type": "Point",
        "coordinates": [
          2.29978985,
          49.889316203
        ]
      },
      "properties": {
        "name": "Rue Duthoit / Rue Émile Zola",
        "context": "Amiens, Somme",
        "citycode": "80021",
        "depcode": "80"
      }
    },
    {
      "type": "Feature",
      "geometry": {
        "type": "Point",
        "coordinates": [
          2.30062463,
          49.889072928
        ]
      },
      "properties": {
        "name": "Rue Duthoit / Rue Péru Lorel",
        "context": "Amiens, Somme",
        "citycode": "80021",
        "depcode": "80"
      }
    },
    {
      "type": "Feature",
      "geometry": {
        "type": "Point",
        "coordinates": [
          2.260410775,
          49.899110679
        ]
      },
      "properties": {
        "name": "Rue Edith Piaf / Rue Louise Lefrançois Pillion",
        "context": "Amiens, Somme",
        "citycode": "80021",
        "depcode": "80"
      }
    },
    {
      "type": "Feature",
      "geometry": {
        "type": "Point",
        "coordinates": [
          2.25971361,
          49.899356764
        ]
      },
      "properties": {
        "name": "Rue Edith Piaf / Rue Maurice Domon",
        "context": "Amiens, Somme",
        "citycode": "80021",
        "depcode": "80"
      }
    },
    {
      "type": "Feature",
      "geometry": {
        "type": "Point",
        "coordinates": [
          2.301705714,
          49.898515732
        ]
      },
      "properties": {
        "name": "Rue Edmond Fontaine / Rue des Archers",
        "context": "Amiens, Somme",
        "citycode": "80021",
        "depcode": "80"
      }
    },
    {
      "type": "Feature",
      "geometry": {
        "type": "Point",
        "coordinates": [
          2.300406175,
          49.899622879
        ]
      },
      "properties": {
        "name": "Rue Edmond Fontaine / Rue Saint-Leu",
        "context": "Amiens, Somme",
        "citycode": "80021",
        "depcode": "80"
      }
    },
    {
      "type": "Feature",
      "geometry": {
        "type": "Point",
        "coordinates": [
          2.298429782,
          49.88044446
        ]
      },
      "properties": {
        "name": "Rue Edmond Lebel / Rue Lemerchier",
        "context": "Amiens, Somme",
        "citycode": "80021",
        "depcode": "80"
      }
    },
    {
      "type": "Feature",
      "geometry": {
        "type": "Point",
        "coordinates": [
          2.326655866,
          49.874006499
        ]
      },
      "properties": {
        "name": "Rue Edmond Rostand / Rue Cyrano",
        "context": "Amiens, Somme",
        "citycode": "80021",
        "depcode": "80"
      }
    },
    {
      "type": "Feature",
      "geometry": {
        "type": "Point",
        "coordinates": [
          2.329556126,
          49.875299085
        ]
      },
      "properties": {
        "name": "Rue Edmond Rostand / Rue de Cagny",
        "context": "Amiens, Somme",
        "citycode": "80021",
        "depcode": "80"
      }
    },
    {
      "type": "Feature",
      "geometry": {
        "type": "Point",
        "coordinates": [
          2.319912239,
          49.871436948
        ]
      },
      "properties": {
        "name": "Rue Edmond Rostand / Rue de Prague",
        "context": "Amiens, Somme",
        "citycode": "80021",
        "depcode": "80"
      }
    },
    {
      "type": "Feature",
      "geometry": {
        "type": "Point",
        "coordinates": [
          2.319928309,
          49.871426102
        ]
      },
      "properties": {
        "name": "Rue Edmond Rostand / Rue de Québec",
        "context": "Amiens, Somme",
        "citycode": "80021",
        "depcode": "80"
      }
    },
    {
      "type": "Feature",
      "geometry": {
        "type": "Point",
        "coordinates": [
          2.319908798,
          49.871432709
        ]
      },
      "properties": {
        "name": "Rue Edmond Rostand / Rue Jean-Marc Laurent",
        "context": "Amiens, Somme",
        "citycode": "80021",
        "depcode": "80"
      }
    },
    {
      "type": "Feature",
      "geometry": {
        "type": "Point",
        "coordinates": [
          2.321237548,
          49.871840536
        ]
      },
      "properties": {
        "name": "Rue Edmond Rostand / Rue Laënnec",
        "context": "Amiens, Somme",
        "citycode": "80021",
        "depcode": "80"
      }
    },
    {
      "type": "Feature",
      "geometry": {
        "type": "Point",
        "coordinates": [
          2.301912846,
          49.897175098
        ]
      },
      "properties": {
        "name": "Rue Edouard David / Rue des Majots",
        "context": "Amiens, Somme",
        "citycode": "80021",
        "depcode": "80"
      }
    },
    {
      "type": "Feature",
      "geometry": {
        "type": "Point",
        "coordinates": [
          2.301594735,
          49.896567994
        ]
      },
      "properties": {
        "name": "Rue Edouard David / Rue Vanmarcke",
        "context": "Amiens, Somme",
        "citycode": "80021",
        "depcode": "80"
      }
    },
    {
      "type": "Feature",
      "geometry": {
        "type": "Point",
        "coordinates": [
          2.305647491,
          49.887999445
        ]
      },
      "properties": {
        "name": "Rue Édouard Gand / Rue de la Contrescarpe",
        "context": "Amiens, Somme",
        "citycode": "80021",
        "depcode": "80"
      }
    },
    {
      "type": "Feature",
      "geometry": {
        "type": "Point",
        "coordinates": [
          2.308837167,
          49.907500348
        ]
      },
      "properties": {
        "name": "Rue Édouard Lalo / Rue Desrousseaux",
        "context": "Amiens, Somme",
        "citycode": "80021",
        "depcode": "80"
      }
    },
    {
      "type": "Feature",
      "geometry": {
        "type": "Point",
        "coordinates": [
          2.308930174,
          49.908216374
        ]
      },
      "properties": {
        "name": "Rue Édouard Lalo / Rue René Coty",
        "context": "Amiens, Somme",
        "citycode": "80021",
        "depcode": "80"
      }
    },
    {
      "type": "Feature",
      "geometry": {
        "type": "Point",
        "coordinates": [
          2.270421632,
          49.897382937
        ]
      },
      "properties": {
        "name": "Rue Édouard Lucas / Avenue de l'Hippodrome",
        "context": "Amiens, Somme",
        "citycode": "80021",
        "depcode": "80"
      }
    },
    {
      "type": "Feature",
      "geometry": {
        "type": "Point",
        "coordinates": [
          2.268587116,
          49.90013625
        ]
      },
      "properties": {
        "name": "Rue Édouard Lucas / Rue Robert le Coq",
        "context": "Amiens, Somme",
        "citycode": "80021",
        "depcode": "80"
      }
    },
    {
      "type": "Feature",
      "geometry": {
        "type": "Point",
        "coordinates": [
          2.297706993,
          49.912855572
        ]
      },
      "properties": {
        "name": "Rue Édouard Manet / Rue des Poètes de Sept Ans",
        "context": "Amiens, Somme",
        "citycode": "80021",
        "depcode": "80"
      }
    },
    {
      "type": "Feature",
      "geometry": {
        "type": "Point",
        "coordinates": [
          2.311166285,
          49.900774418
        ]
      },
      "properties": {
        "name": "Rue Éloi Morel / Allée Suzanne Filachet",
        "context": "Amiens, Somme",
        "citycode": "80021",
        "depcode": "80"
      }
    },
    {
      "type": "Feature",
      "geometry": {
        "type": "Point",
        "coordinates": [
          2.306407963,
          49.901998494
        ]
      },
      "properties": {
        "name": "Rue Éloi Morel / Rue Cordier",
        "context": "Amiens, Somme",
        "citycode": "80021",
        "depcode": "80"
      }
    },
    {
      "type": "Feature",
      "geometry": {
        "type": "Point",
        "coordinates": [
          2.306292024,
          49.901962382
        ]
      },
      "properties": {
        "name": "Rue Éloi Morel / Rue Decourt",
        "context": "Amiens, Somme",
        "citycode": "80021",
        "depcode": "80"
      }
    },
    {
      "type": "Feature",
      "geometry": {
        "type": "Point",
        "coordinates": [
          2.306755187,
          49.901824341
        ]
      },
      "properties": {
        "name": "Rue Éloi Morel / Rue des Bonnards",
        "context": "Amiens, Somme",
        "citycode": "80021",
        "depcode": "80"
      }
    },
    {
      "type": "Feature",
      "geometry": {
        "type": "Point",
        "coordinates": [
          2.312307293,
          49.900439817
        ]
      },
      "properties": {
        "name": "Rue Éloi Morel / Rue Massey",
        "context": "Amiens, Somme",
        "citycode": "80021",
        "depcode": "80"
      }
    },
    {
      "type": "Feature",
      "geometry": {
        "type": "Point",
        "coordinates": [
          2.327323647,
          49.870313533
        ]
      },
      "properties": {
        "name": "Rue Elsa Triolet / Rue Colette",
        "context": "Amiens, Somme",
        "citycode": "80021",
        "depcode": "80"
      }
    },
    {
      "type": "Feature",
      "geometry": {
        "type": "Point",
        "coordinates": [
          2.327384513,
          49.869712692
        ]
      },
      "properties": {
        "name": "Rue Elsa Triolet / Rue de Québec",
        "context": "Amiens, Somme",
        "citycode": "80021",
        "depcode": "80"
      }
    },
    {
      "type": "Feature",
      "geometry": {
        "type": "Point",
        "coordinates": [
          2.327272574,
          49.871054008
        ]
      },
      "properties": {
        "name": "Rue Elsa Triolet / Rue Marie Laurencin",
        "context": "Amiens, Somme",
        "citycode": "80021",
        "depcode": "80"
      }
    },
    {
      "type": "Feature",
      "geometry": {
        "type": "Point",
        "coordinates": [
          2.261624848,
          49.895353321
        ]
      },
      "properties": {
        "name": "Rue Émile Francfort / La Selle",
        "context": "Amiens, Somme",
        "citycode": "80021",
        "depcode": "80"
      }
    },
    {
      "type": "Feature",
      "geometry": {
        "type": "Point",
        "coordinates": [
          2.262147812,
          49.89570423
        ]
      },
      "properties": {
        "name": "Rue Émile Francfort / Rue des Verdiers",
        "context": "Amiens, Somme",
        "citycode": "80021",
        "depcode": "80"
      }
    },
    {
      "type": "Feature",
      "geometry": {
        "type": "Point",
        "coordinates": [
          2.258362417,
          49.894218081
        ]
      },
      "properties": {
        "name": "Rue Émile Francfort / Rue Malesherbes",
        "context": "Amiens, Somme",
        "citycode": "80021",
        "depcode": "80"
      }
    },
    {
      "type": "Feature",
      "geometry": {
        "type": "Point",
        "coordinates": [
          2.298545253,
          49.908452364
        ]
      },
      "properties": {
        "name": "Rue Émile Lesot / Chemin de la Flaque",
        "context": "Amiens, Somme",
        "citycode": "80021",
        "depcode": "80"
      }
    },
    {
      "type": "Feature",
      "geometry": {
        "type": "Point",
        "coordinates": [
          2.297877789,
          49.908649512
        ]
      },
      "properties": {
        "name": "Rue Émile Lesot / Rue Auguste Carvin",
        "context": "Amiens, Somme",
        "citycode": "80021",
        "depcode": "80"
      }
    },
    {
      "type": "Feature",
      "geometry": {
        "type": "Point",
        "coordinates": [
          2.299692428,
          49.908450345
        ]
      },
      "properties": {
        "name": "Rue Émile Lesot / Rue Franklin Roosevelt D933",
        "context": "Amiens, Somme",
        "citycode": "80021",
        "depcode": "80"
      }
    },
    {
      "type": "Feature",
      "geometry": {
        "type": "Point",
        "coordinates": [
          2.291638976,
          49.908621952
        ]
      },
      "properties": {
        "name": "Rue Émile Lesot / Rue Terral",
        "context": "Amiens, Somme",
        "citycode": "80021",
        "depcode": "80"
      }
    },
    {
      "type": "Feature",
      "geometry": {
        "type": "Point",
        "coordinates": [
          2.296693693,
          49.908749381
        ]
      },
      "properties": {
        "name": "Rue Émile Lesot / Voies Internes CHU Amiens Picardie Hôpital Nord",
        "context": "Amiens, Somme",
        "citycode": "80021",
        "depcode": "80"
      }
    },
    {
      "type": "Feature",
      "geometry": {
        "type": "Point",
        "coordinates": [
          2.300955189,
          49.890881273
        ]
      },
      "properties": {
        "name": "Rue Émile Zola / Rue des Jacobins",
        "context": "Amiens, Somme",
        "citycode": "80021",
        "depcode": "80"
      }
    },
    {
      "type": "Feature",
      "geometry": {
        "type": "Point",
        "coordinates": [
          2.299798417,
          49.889326631
        ]
      },
      "properties": {
        "name": "Rue Émile Zola / Rue Duthoit",
        "context": "Amiens, Somme",
        "citycode": "80021",
        "depcode": "80"
      }
    },
    {
      "type": "Feature",
      "geometry": {
        "type": "Point",
        "coordinates": [
          2.300957199,
          49.8908935
        ]
      },
      "properties": {
        "name": "Rue Émile Zola / Rue Marotte",
        "context": "Amiens, Somme",
        "citycode": "80021",
        "depcode": "80"
      }
    },
    {
      "type": "Feature",
      "geometry": {
        "type": "Point",
        "coordinates": [
          2.300210747,
          49.889836671
        ]
      },
      "properties": {
        "name": "Rue Émile Zola / Rue Pierre l'Hermite",
        "context": "Amiens, Somme",
        "citycode": "80021",
        "depcode": "80"
      }
    },
    {
      "type": "Feature",
      "geometry": {
        "type": "Point",
        "coordinates": [
          2.257002802,
          49.913704849
        ]
      },
      "properties": {
        "name": "Rue Emmanuel Bourgeois / Rue d'Étouvie",
        "context": "Amiens, Somme",
        "citycode": "80021",
        "depcode": "80"
      }
    },
    {
      "type": "Feature",
      "geometry": {
        "type": "Point",
        "coordinates": [
          2.318070716,
          49.883104903
        ]
      },
      "properties": {
        "name": "Rue Enguerrand / Rue de Cagny",
        "context": "Amiens, Somme",
        "citycode": "80021",
        "depcode": "80"
      }
    },
    {
      "type": "Feature",
      "geometry": {
        "type": "Point",
        "coordinates": [
          2.3187282,
          49.883800615
        ]
      },
      "properties": {
        "name": "Rue Enguerrand / Rue de Mons",
        "context": "Amiens, Somme",
        "citycode": "80021",
        "depcode": "80"
      }
    },
    {
      "type": "Feature",
      "geometry": {
        "type": "Point",
        "coordinates": [
          2.320103155,
          49.885282922
        ]
      },
      "properties": {
        "name": "Rue Enguerrand / Rue Jules Barni",
        "context": "Amiens, Somme",
        "citycode": "80021",
        "depcode": "80"
      }
    },
    {
      "type": "Feature",
      "geometry": {
        "type": "Point",
        "coordinates": [
          2.32014491,
          49.885346423
        ]
      },
      "properties": {
        "name": "Rue Enguerrand / Rue le Mongnier",
        "context": "Amiens, Somme",
        "citycode": "80021",
        "depcode": "80"
      }
    },
    {
      "type": "Feature",
      "geometry": {
        "type": "Point",
        "coordinates": [
          2.319540719,
          49.884683459
        ]
      },
      "properties": {
        "name": "Rue Enguerrand / Rue Vatable",
        "context": "Amiens, Somme",
        "citycode": "80021",
        "depcode": "80"
      }
    },
    {
      "type": "Feature",
      "geometry": {
        "type": "Point",
        "coordinates": [
          2.299746277,
          49.891520679
        ]
      },
      "properties": {
        "name": "Rue Ernest Cauvin / Rue des Jacobins",
        "context": "Amiens, Somme",
        "citycode": "80021",
        "depcode": "80"
      }
    },
    {
      "type": "Feature",
      "geometry": {
        "type": "Point",
        "coordinates": [
          2.300228298,
          49.892193301
        ]
      },
      "properties": {
        "name": "Rue Ernest Cauvin / Rue des Trois Cailloux",
        "context": "Amiens, Somme",
        "citycode": "80021",
        "depcode": "80"
      }
    },
    {
      "type": "Feature",
      "geometry": {
        "type": "Point",
        "coordinates": [
          2.297698841,
          49.911644398
        ]
      },
      "properties": {
        "name": "Rue Eugène Delacroix / Avenue de la Paix",
        "context": "Amiens, Somme",
        "citycode": "80021",
        "depcode": "80"
      }
    },
    {
      "type": "Feature",
      "geometry": {
        "type": "Point",
        "coordinates": [
          2.297718492,
          49.912846375
        ]
      },
      "properties": {
        "name": "Rue Eugène Delacroix / Rue des Poètes de Sept Ans",
        "context": "Amiens, Somme",
        "citycode": "80021",
        "depcode": "80"
      }
    },
    {
      "type": "Feature",
      "geometry": {
        "type": "Point",
        "coordinates": [
          2.297698509,
          49.912850579
        ]
      },
      "properties": {
        "name": "Rue Eugène Delacroix / Rue Édouard Manet",
        "context": "Amiens, Somme",
        "citycode": "80021",
        "depcode": "80"
      }
    },
    {
      "type": "Feature",
      "geometry": {
        "type": "Point",
        "coordinates": [
          2.302220309,
          49.884613351
        ]
      },
      "properties": {
        "name": "Rue Évrard de Fouilloy / Rue Albéric de Calonne",
        "context": "Amiens, Somme",
        "citycode": "80021",
        "depcode": "80"
      }
    },
    {
      "type": "Feature",
      "geometry": {
        "type": "Point",
        "coordinates": [
          2.302161655,
          49.884599422
        ]
      },
      "properties": {
        "name": "Rue Évrard de Fouilloy / Rue Laurendeau",
        "context": "Amiens, Somme",
        "citycode": "80021",
        "depcode": "80"
      }
    },
    {
      "type": "Feature",
      "geometry": {
        "type": "Point",
        "coordinates": [
          2.30414407,
          49.883759684
        ]
      },
      "properties": {
        "name": "Rue Évrard de Fouilloy / Rue Saint-Fuscien D7",
        "context": "Amiens, Somme",
        "citycode": "80021",
        "depcode": "80"
      }
    },
    {
      "type": "Feature",
      "geometry": {
        "type": "Point",
        "coordinates": [
          2.319562699,
          49.9146242
        ]
      },
      "properties": {
        "name": "Rue Fénelon / Rue d'Allonville",
        "context": "Amiens, Somme",
        "citycode": "80021",
        "depcode": "80"
      }
    },
    {
      "type": "Feature",
      "geometry": {
        "type": "Point",
        "coordinates": [
          2.311057625,
          49.883464921
        ]
      },
      "properties": {
        "name": "Rue Fernand Choquart / Rue Paul Bert",
        "context": "Amiens, Somme",
        "citycode": "80021",
        "depcode": "80"
      }
    },
    {
      "type": "Feature",
      "geometry": {
        "type": "Point",
        "coordinates": [
          2.300839463,
          49.897425508
        ]
      },
      "properties": {
        "name": "Rue Fernel / Rue des Majots",
        "context": "Amiens, Somme",
        "citycode": "80021",
        "depcode": "80"
      }
    },
    {
      "type": "Feature",
      "geometry": {
        "type": "Point",
        "coordinates": [
          2.300809056,
          49.897379689
        ]
      },
      "properties": {
        "name": "Rue Fernel / Rue Saint-Leu",
        "context": "Amiens, Somme",
        "citycode": "80021",
        "depcode": "80"
      }
    },
    {
      "type": "Feature",
      "geometry": {
        "type": "Point",
        "coordinates": [
          2.292270767,
          49.895743133
        ]
      },
      "properties": {
        "name": "Rue Flamant / Rue Saint-Jacques",
        "context": "Amiens, Somme",
        "citycode": "80021",
        "depcode": "80"
      }
    },
    {
      "type": "Feature",
      "geometry": {
        "type": "Point",
        "coordinates": [
          2.291057874,
          49.896085964
        ]
      },
      "properties": {
        "name": "Rue Flamant / Rue Voclin",
        "context": "Amiens, Somme",
        "citycode": "80021",
        "depcode": "80"
      }
    },
    {
      "type": "Feature",
      "geometry": {
        "type": "Point",
        "coordinates": [
          2.299775368,
          49.895773295
        ]
      },
      "properties": {
        "name": "Rue Flatters / Esplanade Madeleine Cinquin dite \"Soeur Emmanuelle\"",
        "context": "Amiens, Somme",
        "citycode": "80021",
        "depcode": "80"
      }
    },
    {
      "type": "Feature",
      "geometry": {
        "type": "Point",
        "coordinates": [
          2.300024912,
          49.896154094
        ]
      },
      "properties": {
        "name": "Rue Flatters / Rivière des Clairons",
        "context": "Amiens, Somme",
        "citycode": "80021",
        "depcode": "80"
      }
    },
    {
      "type": "Feature",
      "geometry": {
        "type": "Point",
        "coordinates": [
          2.299760107,
          49.895748196
        ]
      },
      "properties": {
        "name": "Rue Flatters / Rue André",
        "context": "Amiens, Somme",
        "citycode": "80021",
        "depcode": "80"
      }
    },
    {
      "type": "Feature",
      "geometry": {
        "type": "Point",
        "coordinates": [
          2.300025604,
          49.896016764
        ]
      },
      "properties": {
        "name": "Rue Flatters / Rue des Gantiers",
        "context": "Amiens, Somme",
        "citycode": "80021",
        "depcode": "80"
      }
    },
    {
      "type": "Feature",
      "geometry": {
        "type": "Point",
        "coordinates": [
          2.299738592,
          49.895746247
        ]
      },
      "properties": {
        "name": "Rue Flatters / Rue des Orfèvres",
        "context": "Amiens, Somme",
        "citycode": "80021",
        "depcode": "80"
      }
    },
    {
      "type": "Feature",
      "geometry": {
        "type": "Point",
        "coordinates": [
          2.29920169,
          49.894953703
        ]
      },
      "properties": {
        "name": "Rue Flatters / Rue des Sergents",
        "context": "Amiens, Somme",
        "citycode": "80021",
        "depcode": "80"
      }
    },
    {
      "type": "Feature",
      "geometry": {
        "type": "Point",
        "coordinates": [
          2.299219921,
          49.894958728
        ]
      },
      "properties": {
        "name": "Rue Flatters / Rue Henri IV",
        "context": "Amiens, Somme",
        "citycode": "80021",
        "depcode": "80"
      }
    },
    {
      "type": "Feature",
      "geometry": {
        "type": "Point",
        "coordinates": [
          2.299198762,
          49.894957792
        ]
      },
      "properties": {
        "name": "Rue Flatters / Rue Saint-Martin aux Waides",
        "context": "Amiens, Somme",
        "citycode": "80021",
        "depcode": "80"
      }
    },
    {
      "type": "Feature",
      "geometry": {
        "type": "Point",
        "coordinates": [
          2.283525129,
          49.897004655
        ]
      },
      "properties": {
        "name": "Rue Florent Caille / Allée du Bicêtre",
        "context": "Amiens, Somme",
        "citycode": "80021",
        "depcode": "80"
      }
    },
    {
      "type": "Feature",
      "geometry": {
        "type": "Point",
        "coordinates": [
          2.283070676,
          49.896782443
        ]
      },
      "properties": {
        "name": "Rue Florent Caille / Boulevard des Fédérés",
        "context": "Amiens, Somme",
        "citycode": "80021",
        "depcode": "80"
      }
    },
    {
      "type": "Feature",
      "geometry": {
        "type": "Point",
        "coordinates": [
          2.283862596,
          49.896965239
        ]
      },
      "properties": {
        "name": "Rue Florent Caille / Rue du Docteur Roux",
        "context": "Amiens, Somme",
        "citycode": "80021",
        "depcode": "80"
      }
    },
    {
      "type": "Feature",
      "geometry": {
        "type": "Point",
        "coordinates": [
          2.284885936,
          49.896482951
        ]
      },
      "properties": {
        "name": "Rue Florent Caille / Rue Pinsard",
        "context": "Amiens, Somme",
        "citycode": "80021",
        "depcode": "80"
      }
    },
    {
      "type": "Feature",
      "geometry": {
        "type": "Point",
        "coordinates": [
          2.292871403,
          49.896441708
        ]
      },
      "properties": {
        "name": "Rue Florimond Leroux / Rue de la Hotoie",
        "context": "Amiens, Somme",
        "citycode": "80021",
        "depcode": "80"
      }
    },
    {
      "type": "Feature",
      "geometry": {
        "type": "Point",
        "coordinates": [
          2.294005829,
          49.896204927
        ]
      },
      "properties": {
        "name": "Rue Florimond Leroux / Rue du Général Leclerc",
        "context": "Amiens, Somme",
        "citycode": "80021",
        "depcode": "80"
      }
    },
    {
      "type": "Feature",
      "geometry": {
        "type": "Point",
        "coordinates": [
          2.292887758,
          49.89644779
        ]
      },
      "properties": {
        "name": "Rue Florimond Leroux / Rue Henri Dunant",
        "context": "Amiens, Somme",
        "citycode": "80021",
        "depcode": "80"
      }
    },
    {
      "type": "Feature",
      "geometry": {
        "type": "Point",
        "coordinates": [
          2.29287751,
          49.896435726
        ]
      },
      "properties": {
        "name": "Rue Florimond Leroux / Rue Saint-Jacques",
        "context": "Amiens, Somme",
        "citycode": "80021",
        "depcode": "80"
      }
    },
    {
      "type": "Feature",
      "geometry": {
        "type": "Point",
        "coordinates": [
          2.327479087,
          49.882376607
        ]
      },
      "properties": {
        "name": "Rue Francis Tattegrain / Chaussée Jules Ferry",
        "context": "Amiens, Somme",
        "citycode": "80021",
        "depcode": "80"
      }
    },
    {
      "type": "Feature",
      "geometry": {
        "type": "Point",
        "coordinates": [
          2.282821274,
          49.889211867
        ]
      },
      "properties": {
        "name": "Rue François Delavigne / Rue Jourdel",
        "context": "Amiens, Somme",
        "citycode": "80021",
        "depcode": "80"
      }
    },
    {
      "type": "Feature",
      "geometry": {
        "type": "Point",
        "coordinates": [
          2.317238064,
          49.898911597
        ]
      },
      "properties": {
        "name": "Rue François Genin / Avenue du Malaquis",
        "context": "Amiens, Somme",
        "citycode": "80021",
        "depcode": "80"
      }
    },
    {
      "type": "Feature",
      "geometry": {
        "type": "Point",
        "coordinates": [
          2.313308006,
          49.899653719
        ]
      },
      "properties": {
        "name": "Rue François Genin / Boulevard de Beauvillé",
        "context": "Amiens, Somme",
        "citycode": "80021",
        "depcode": "80"
      }
    },
    {
      "type": "Feature",
      "geometry": {
        "type": "Point",
        "coordinates": [
          2.317709569,
          49.89940668
        ]
      },
      "properties": {
        "name": "Rue François Genin / Rue Abbé de l'Épée",
        "context": "Amiens, Somme",
        "citycode": "80021",
        "depcode": "80"
      }
    },
    {
      "type": "Feature",
      "geometry": {
        "type": "Point",
        "coordinates": [
          2.287448682,
          49.891515834
        ]
      },
      "properties": {
        "name": "Rue François Meusnier / Boulevard Guyencourt",
        "context": "Amiens, Somme",
        "citycode": "80021",
        "depcode": "80"
      }
    },
    {
      "type": "Feature",
      "geometry": {
        "type": "Point",
        "coordinates": [
          2.286468744,
          49.890681983
        ]
      },
      "properties": {
        "name": "Rue François Meusnier / Rue Béranger",
        "context": "Amiens, Somme",
        "citycode": "80021",
        "depcode": "80"
      }
    },
    {
      "type": "Feature",
      "geometry": {
        "type": "Point",
        "coordinates": [
          2.286488592,
          49.890680428
        ]
      },
      "properties": {
        "name": "Rue François Meusnier / Rue Dom Bouquet",
        "context": "Amiens, Somme",
        "citycode": "80021",
        "depcode": "80"
      }
    },
    {
      "type": "Feature",
      "geometry": {
        "type": "Point",
        "coordinates": [
          2.286937556,
          49.876050806
        ]
      },
      "properties": {
        "name": "Rue François Rabelais / Rue Georges Beauvais",
        "context": "Amiens, Somme",
        "citycode": "80021",
        "depcode": "80"
      }
    },
    {
      "type": "Feature",
      "geometry": {
        "type": "Point",
        "coordinates": [
          2.284735989,
          49.878042688
        ]
      },
      "properties": {
        "name": "Rue François Villon / Rue Alain Chartier",
        "context": "Amiens, Somme",
        "citycode": "80021",
        "depcode": "80"
      }
    },
    {
      "type": "Feature",
      "geometry": {
        "type": "Point",
        "coordinates": [
          2.284912038,
          49.877506837
        ]
      },
      "properties": {
        "name": "Rue François Villon / Rue André Chénier",
        "context": "Amiens, Somme",
        "citycode": "80021",
        "depcode": "80"
      }
    },
    {
      "type": "Feature",
      "geometry": {
        "type": "Point",
        "coordinates": [
          2.253412027,
          49.897318297
        ]
      },
      "properties": {
        "name": "Rue Françoise Rose / Allée Daniel Leullier",
        "context": "Amiens, Somme",
        "citycode": "80021",
        "depcode": "80"
      }
    },
    {
      "type": "Feature",
      "geometry": {
        "type": "Point",
        "coordinates": [
          2.252987771,
          49.897568276
        ]
      },
      "properties": {
        "name": "Rue Françoise Rose / Rue André Grillon",
        "context": "Amiens, Somme",
        "citycode": "80021",
        "depcode": "80"
      }
    },
    {
      "type": "Feature",
      "geometry": {
        "type": "Point",
        "coordinates": [
          2.253838472,
          49.897088851
        ]
      },
      "properties": {
        "name": "Rue Françoise Rose / Rue de la Vénus de Renancourt",
        "context": "Amiens, Somme",
        "citycode": "80021",
        "depcode": "80"
      }
    },
    {
      "type": "Feature",
      "geometry": {
        "type": "Point",
        "coordinates": [
          2.2560693,
          49.895716675
        ]
      },
      "properties": {
        "name": "Rue Françoise Rose / Rue du Calvaire",
        "context": "Amiens, Somme",
        "citycode": "80021",
        "depcode": "80"
      }
    },
    {
      "type": "Feature",
      "geometry": {
        "type": "Point",
        "coordinates": [
          2.254781991,
          49.896529193
        ]
      },
      "properties": {
        "name": "Rue Françoise Rose / Rue France Gall",
        "context": "Amiens, Somme",
        "citycode": "80021",
        "depcode": "80"
      }
    },
    {
      "type": "Feature",
      "geometry": {
        "type": "Point",
        "coordinates": [
          2.255265299,
          49.896244114
        ]
      },
      "properties": {
        "name": "Rue Françoise Rose / Rue Jack Braun",
        "context": "Amiens, Somme",
        "citycode": "80021",
        "depcode": "80"
      }
    },
    {
      "type": "Feature",
      "geometry": {
        "type": "Point",
        "coordinates": [
          2.253807029,
          49.897076752
        ]
      },
      "properties": {
        "name": "Rue Françoise Rose / Rue Johnny Hallyday",
        "context": "Amiens, Somme",
        "citycode": "80021",
        "depcode": "80"
      }
    },
    {
      "type": "Feature",
      "geometry": {
        "type": "Point",
        "coordinates": [
          2.252964478,
          49.897551188
        ]
      },
      "properties": {
        "name": "Rue Françoise Rose / Rue Joseph Porphyre Pinchon",
        "context": "Amiens, Somme",
        "citycode": "80021",
        "depcode": "80"
      }
    },
    {
      "type": "Feature",
      "geometry": {
        "type": "Point",
        "coordinates": [
          2.287527757,
          49.926221806
        ]
      },
      "properties": {
        "name": "Rue Frankin Roosvelt / Avenue Roger Dumoulin D933",
        "context": "Amiens, Somme",
        "citycode": "80021",
        "depcode": "80"
      }
    },
    {
      "type": "Feature",
      "geometry": {
        "type": "Point",
        "coordinates": [
          2.301931365,
          49.907515468
        ]
      },
      "properties": {
        "name": "Rue Franklin Roosevelt D933 / Avenue de l'Europe",
        "context": "Amiens, Somme",
        "citycode": "80021",
        "depcode": "80"
      }
    },
    {
      "type": "Feature",
      "geometry": {
        "type": "Point",
        "coordinates": [
          2.2963743,
          49.91162245
        ]
      },
      "properties": {
        "name": "Rue Franklin Roosevelt D933 / Avenue de la Paix",
        "context": "Amiens, Somme",
        "citycode": "80021",
        "depcode": "80"
      }
    },
    {
      "type": "Feature",
      "geometry": {
        "type": "Point",
        "coordinates": [
          2.30190672,
          49.907496866
        ]
      },
      "properties": {
        "name": "Rue Franklin Roosevelt D933 / Avenue du Général de Gaulle",
        "context": "Amiens, Somme",
        "citycode": "80021",
        "depcode": "80"
      }
    },
    {
      "type": "Feature",
      "geometry": {
        "type": "Point",
        "coordinates": [
          2.292932506,
          49.917785798
        ]
      },
      "properties": {
        "name": "Rue Franklin Roosevelt D933 / Avenue Roger Dumoulin D933",
        "context": "Amiens, Somme",
        "citycode": "80021",
        "depcode": "80"
      }
    },
    {
      "type": "Feature",
      "geometry": {
        "type": "Point",
        "coordinates": [
          2.293074005,
          49.917630833
        ]
      },
      "properties": {
        "name": "Rue Franklin Roosevelt D933 / Rue Raphaël",
        "context": "Amiens, Somme",
        "citycode": "80021",
        "depcode": "80"
      }
    },
    {
      "type": "Feature",
      "geometry": {
        "type": "Point",
        "coordinates": [
          2.296157136,
          49.91171515
        ]
      },
      "properties": {
        "name": "Rue Franklin Roosevelt D933 / Rue Terral",
        "context": "Amiens, Somme",
        "citycode": "80021",
        "depcode": "80"
      }
    },
    {
      "type": "Feature",
      "geometry": {
        "type": "Point",
        "coordinates": [
          2.31415828,
          49.869379844
        ]
      },
      "properties": {
        "name": "Rue Frédéric Mistral / Rue de Cernay",
        "context": "Amiens, Somme",
        "citycode": "80021",
        "depcode": "80"
      }
    },
    {
      "type": "Feature",
      "geometry": {
        "type": "Point",
        "coordinates": [
          2.315957987,
          49.869304055
        ]
      },
      "properties": {
        "name": "Rue Frédéric Mistral / Rue de Colmar",
        "context": "Amiens, Somme",
        "citycode": "80021",
        "depcode": "80"
      }
    },
    {
      "type": "Feature",
      "geometry": {
        "type": "Point",
        "coordinates": [
          2.32257116,
          49.869473057
        ]
      },
      "properties": {
        "name": "Rue Frédéric Mistral / Rue de Québec",
        "context": "Amiens, Somme",
        "citycode": "80021",
        "depcode": "80"
      }
    },
    {
      "type": "Feature",
      "geometry": {
        "type": "Point",
        "coordinates": [
          2.316669129,
          49.869076724
        ]
      },
      "properties": {
        "name": "Rue Frédéric Mistral / Rue de Redon",
        "context": "Amiens, Somme",
        "citycode": "80021",
        "depcode": "80"
      }
    },
    {
      "type": "Feature",
      "geometry": {
        "type": "Point",
        "coordinates": [
          2.311808088,
          49.869288875
        ]
      },
      "properties": {
        "name": "Rue Frédéric Mistral / Rue de Tarascon",
        "context": "Amiens, Somme",
        "citycode": "80021",
        "depcode": "80"
      }
    },
    {
      "type": "Feature",
      "geometry": {
        "type": "Point",
        "coordinates": [
          2.314186576,
          49.86935626
        ]
      },
      "properties": {
        "name": "Rue Frédéric Mistral / Rue de Thann",
        "context": "Amiens, Somme",
        "citycode": "80021",
        "depcode": "80"
      }
    },
    {
      "type": "Feature",
      "geometry": {
        "type": "Point",
        "coordinates": [
          2.311343295,
          49.869925535
        ]
      },
      "properties": {
        "name": "Rue Frédéric Mistral / Rue des Alpilles",
        "context": "Amiens, Somme",
        "citycode": "80021",
        "depcode": "80"
      }
    },
    {
      "type": "Feature",
      "geometry": {
        "type": "Point",
        "coordinates": [
          2.312103683,
          49.869576682
        ]
      },
      "properties": {
        "name": "Rue Frédéric Mistral / Rue des Santons",
        "context": "Amiens, Somme",
        "citycode": "80021",
        "depcode": "80"
      }
    },
    {
      "type": "Feature",
      "geometry": {
        "type": "Point",
        "coordinates": [
          2.318439355,
          49.869071928
        ]
      },
      "properties": {
        "name": "Rue Frédéric Mistral / Rue du Congrès d'Amiens",
        "context": "Amiens, Somme",
        "citycode": "80021",
        "depcode": "80"
      }
    },
    {
      "type": "Feature",
      "geometry": {
        "type": "Point",
        "coordinates": [
          2.310808143,
          49.870837018
        ]
      },
      "properties": {
        "name": "Rue Frédéric Mistral / Rue Jean-Marc Laurent",
        "context": "Amiens, Somme",
        "citycode": "80021",
        "depcode": "80"
      }
    },
    {
      "type": "Feature",
      "geometry": {
        "type": "Point",
        "coordinates": [
          2.286254127,
          49.893285008
        ]
      },
      "properties": {
        "name": "Rue Frédéric Petit / Boulevard Carnot",
        "context": "Amiens, Somme",
        "citycode": "80021",
        "depcode": "80"
      }
    },
    {
      "type": "Feature",
      "geometry": {
        "type": "Point",
        "coordinates": [
          2.286266941,
          49.893296501
        ]
      },
      "properties": {
        "name": "Rue Frédéric Petit / Boulevard Faidherbe",
        "context": "Amiens, Somme",
        "citycode": "80021",
        "depcode": "80"
      }
    },
    {
      "type": "Feature",
      "geometry": {
        "type": "Point",
        "coordinates": [
          2.306507622,
          49.908238745
        ]
      },
      "properties": {
        "name": "Rue Gabriel Fauré / Rue Delalande",
        "context": "Amiens, Somme",
        "citycode": "80021",
        "depcode": "80"
      }
    },
    {
      "type": "Feature",
      "geometry": {
        "type": "Point",
        "coordinates": [
          2.308518451,
          49.90900217
        ]
      },
      "properties": {
        "name": "Rue Gabriel Fauré / Rue Pierre et Maurice Garet",
        "context": "Amiens, Somme",
        "citycode": "80021",
        "depcode": "80"
      }
    },
    {
      "type": "Feature",
      "geometry": {
        "type": "Point",
        "coordinates": [
          2.314893535,
          49.88819645
        ]
      },
      "properties": {
        "name": "Rue Galland / Rue Duroyer",
        "context": "Amiens, Somme",
        "citycode": "80021",
        "depcode": "80"
      }
    },
    {
      "type": "Feature",
      "geometry": {
        "type": "Point",
        "coordinates": [
          2.269056313,
          49.903318096
        ]
      },
      "properties": {
        "name": "Rue Garnier / Rue Narcisse Lebel",
        "context": "Amiens, Somme",
        "citycode": "80021",
        "depcode": "80"
      }
    },
    {
      "type": "Feature",
      "geometry": {
        "type": "Point",
        "coordinates": [
          2.32717093,
          49.88012293
        ]
      },
      "properties": {
        "name": "Rue Gaston Blanchard / Chemin Noir",
        "context": "Amiens, Somme",
        "citycode": "80021",
        "depcode": "80"
      }
    },
    {
      "type": "Feature",
      "geometry": {
        "type": "Point",
        "coordinates": [
          2.27951299,
          49.891379784
        ]
      },
      "properties": {
        "name": "Rue Gaston Moutardier / Rue Chabannes",
        "context": "Amiens, Somme",
        "citycode": "80021",
        "depcode": "80"
      }
    },
    {
      "type": "Feature",
      "geometry": {
        "type": "Point",
        "coordinates": [
          2.279570516,
          49.891378062
        ]
      },
      "properties": {
        "name": "Rue Gaston Moutardier / Rue Philippe Lebon",
        "context": "Amiens, Somme",
        "citycode": "80021",
        "depcode": "80"
      }
    },
    {
      "type": "Feature",
      "geometry": {
        "type": "Point",
        "coordinates": [
          2.303363227,
          49.898022001
        ]
      },
      "properties": {
        "name": "Rue Gaudissart / Rue Daveluy",
        "context": "Amiens, Somme",
        "citycode": "80021",
        "depcode": "80"
      }
    },
    {
      "type": "Feature",
      "geometry": {
        "type": "Point",
        "coordinates": [
          2.304704997,
          49.89822542
        ]
      },
      "properties": {
        "name": "Rue Gaudissart / Rue de la Dodane",
        "context": "Amiens, Somme",
        "citycode": "80021",
        "depcode": "80"
      }
    },
    {
      "type": "Feature",
      "geometry": {
        "type": "Point",
        "coordinates": [
          2.290859193,
          49.879894969
        ]
      },
      "properties": {
        "name": "Rue Gaulthier de Rumilly / Boulevard de Saint-Quentin",
        "context": "Amiens, Somme",
        "citycode": "80021",
        "depcode": "80"
      }
    },
    {
      "type": "Feature",
      "geometry": {
        "type": "Point",
        "coordinates": [
          2.294841735,
          49.88886592
        ]
      },
      "properties": {
        "name": "Rue Gaulthier de Rumilly / Boulevard Maignan-Larivière",
        "context": "Amiens, Somme",
        "citycode": "80021",
        "depcode": "80"
      }
    },
    {
      "type": "Feature",
      "geometry": {
        "type": "Point",
        "coordinates": [
          2.294478131,
          49.888439512
        ]
      },
      "properties": {
        "name": "Rue Gaulthier de Rumilly / Boulevard Pasteur",
        "context": "Amiens, Somme",
        "citycode": "80021",
        "depcode": "80"
      }
    },
    {
      "type": "Feature",
      "geometry": {
        "type": "Point",
        "coordinates": [
          2.294903212,
          49.888827684
        ]
      },
      "properties": {
        "name": "Rue Gaulthier de Rumilly / Mail Albert 1er",
        "context": "Amiens, Somme",
        "citycode": "80021",
        "depcode": "80"
      }
    },
    {
      "type": "Feature",
      "geometry": {
        "type": "Point",
        "coordinates": [
          2.294747591,
          49.888647207
        ]
      },
      "properties": {
        "name": "Rue Gaulthier de Rumilly / Rue Blasset",
        "context": "Amiens, Somme",
        "citycode": "80021",
        "depcode": "80"
      }
    },
    {
      "type": "Feature",
      "geometry": {
        "type": "Point",
        "coordinates": [
          2.292055143,
          49.884112942
        ]
      },
      "properties": {
        "name": "Rue Gaulthier de Rumilly / Rue Jeanne d'Arc",
        "context": "Amiens, Somme",
        "citycode": "80021",
        "depcode": "80"
      }
    },
    {
      "type": "Feature",
      "geometry": {
        "type": "Point",
        "coordinates": [
          2.293025757,
          49.886392246
        ]
      },
      "properties": {
        "name": "Rue Gaulthier de Rumilly / Rue Laurendeau",
        "context": "Amiens, Somme",
        "citycode": "80021",
        "depcode": "80"
      }
    },
    {
      "type": "Feature",
      "geometry": {
        "type": "Point",
        "coordinates": [
          2.273637479,
          49.882087861
        ]
      },
      "properties": {
        "name": "Rue George Samuel Perrottet / Rue du Professeur Christian Cabrol",
        "context": "Amiens, Somme",
        "citycode": "80021",
        "depcode": "80"
      }
    },
    {
      "type": "Feature",
      "geometry": {
        "type": "Point",
        "coordinates": [
          2.318716875,
          49.914962012
        ]
      },
      "properties": {
        "name": "Rue George Sand / Rue d'Allonville",
        "context": "Amiens, Somme",
        "citycode": "80021",
        "depcode": "80"
      }
    },
    {
      "type": "Feature",
      "geometry": {
        "type": "Point",
        "coordinates": [
          2.304616681,
          49.888829591
        ]
      },
      "properties": {
        "name": "Rue Georges Antoine / Boulevard de Belfort",
        "context": "Amiens, Somme",
        "citycode": "80021",
        "depcode": "80"
      }
    },
    {
      "type": "Feature",
      "geometry": {
        "type": "Point",
        "coordinates": [
          2.304526305,
          49.889527873
        ]
      },
      "properties": {
        "name": "Rue Georges Antoine / Rue Vincent Auriol",
        "context": "Amiens, Somme",
        "citycode": "80021",
        "depcode": "80"
      }
    },
    {
      "type": "Feature",
      "geometry": {
        "type": "Point",
        "coordinates": [
          2.287929623,
          49.874291817
        ]
      },
      "properties": {
        "name": "Rue Georges Beauvais / Avenue d'Espagne",
        "context": "Amiens, Somme",
        "citycode": "80021",
        "depcode": "80"
      }
    },
    {
      "type": "Feature",
      "geometry": {
        "type": "Point",
        "coordinates": [
          2.284568091,
          49.880973017
        ]
      },
      "properties": {
        "name": "Rue Georges Beauvais / Avenue du 14 Juillet 1789 D1001",
        "context": "Amiens, Somme",
        "citycode": "80021",
        "depcode": "80"
      }
    },
    {
      "type": "Feature",
      "geometry": {
        "type": "Point",
        "coordinates": [
          2.287932567,
          49.874293053
        ]
      },
      "properties": {
        "name": "Rue Georges Beauvais / Rue Alexandre Dumas",
        "context": "Amiens, Somme",
        "citycode": "80021",
        "depcode": "80"
      }
    },
    {
      "type": "Feature",
      "geometry": {
        "type": "Point",
        "coordinates": [
          2.286397639,
          49.877623848
        ]
      },
      "properties": {
        "name": "Rue Georges Beauvais / Rue André Chénier",
        "context": "Amiens, Somme",
        "citycode": "80021",
        "depcode": "80"
      }
    },
    {
      "type": "Feature",
      "geometry": {
        "type": "Point",
        "coordinates": [
          2.300498731,
          49.908047499
        ]
      },
      "properties": {
        "name": "Rue Georges Guynemer / Rue du 11 Novembre 1918",
        "context": "Amiens, Somme",
        "citycode": "80021",
        "depcode": "80"
      }
    },
    {
      "type": "Feature",
      "geometry": {
        "type": "Point",
        "coordinates": [
          2.300364321,
          49.908120556
        ]
      },
      "properties": {
        "name": "Rue Georges Guynemer / Rue Franklin Roosevelt D933",
        "context": "Amiens, Somme",
        "citycode": "80021",
        "depcode": "80"
      }
    },
    {
      "type": "Feature",
      "geometry": {
        "type": "Point",
        "coordinates": [
          2.25759988,
          49.914823528
        ]
      },
      "properties": {
        "name": "Rue Georges Quarante / Rue Baudoin d'Ailly",
        "context": "Amiens, Somme",
        "citycode": "80021",
        "depcode": "80"
      }
    },
    {
      "type": "Feature",
      "geometry": {
        "type": "Point",
        "coordinates": [
          2.257598187,
          49.914823854
        ]
      },
      "properties": {
        "name": "Rue Georges Quarante / Rue Becquestoile",
        "context": "Amiens, Somme",
        "citycode": "80021",
        "depcode": "80"
      }
    },
    {
      "type": "Feature",
      "geometry": {
        "type": "Point",
        "coordinates": [
          2.28764466,
          49.893924012
        ]
      },
      "properties": {
        "name": "Rue Germain Bleuet / Rue Caumartin",
        "context": "Amiens, Somme",
        "citycode": "80021",
        "depcode": "80"
      }
    },
    {
      "type": "Feature",
      "geometry": {
        "type": "Point",
        "coordinates": [
          2.28697304,
          49.893111234
        ]
      },
      "properties": {
        "name": "Rue Germain Bleuet / Rue Frédéric Petit",
        "context": "Amiens, Somme",
        "citycode": "80021",
        "depcode": "80"
      }
    },
    {
      "type": "Feature",
      "geometry": {
        "type": "Point",
        "coordinates": [
          2.307434312,
          49.892428617
        ]
      },
      "properties": {
        "name": "Rue Gloriette / Boulevard d'Alsace-Lorraine",
        "context": "Amiens, Somme",
        "citycode": "80021",
        "depcode": "80"
      }
    },
    {
      "type": "Feature",
      "geometry": {
        "type": "Point",
        "coordinates": [
          2.301635987,
          49.897778756
        ]
      },
      "properties": {
        "name": "Rue Grainville / Petite Rue Saint-Leu",
        "context": "Amiens, Somme",
        "citycode": "80021",
        "depcode": "80"
      }
    },
    {
      "type": "Feature",
      "geometry": {
        "type": "Point",
        "coordinates": [
          2.301662993,
          49.897788495
        ]
      },
      "properties": {
        "name": "Rue Grainville / Rue d'Engoulvent",
        "context": "Amiens, Somme",
        "citycode": "80021",
        "depcode": "80"
      }
    },
    {
      "type": "Feature",
      "geometry": {
        "type": "Point",
        "coordinates": [
          2.300907199,
          49.898249535
        ]
      },
      "properties": {
        "name": "Rue Grainville / Rue des Archers",
        "context": "Amiens, Somme",
        "citycode": "80021",
        "depcode": "80"
      }
    },
    {
      "type": "Feature",
      "geometry": {
        "type": "Point",
        "coordinates": [
          2.301662989,
          49.897795249
        ]
      },
      "properties": {
        "name": "Rue Grainville / Rue du Pont À Moinet",
        "context": "Amiens, Somme",
        "citycode": "80021",
        "depcode": "80"
      }
    },
    {
      "type": "Feature",
      "geometry": {
        "type": "Point",
        "coordinates": [
          2.300830864,
          49.898235432
        ]
      },
      "properties": {
        "name": "Rue Grainville / Rue Saint-Leu",
        "context": "Amiens, Somme",
        "citycode": "80021",
        "depcode": "80"
      }
    },
    {
      "type": "Feature",
      "geometry": {
        "type": "Point",
        "coordinates": [
          2.299190778,
          49.897713354
        ]
      },
      "properties": {
        "name": "Rue Grenier et Bernard / Rue Fernel",
        "context": "Amiens, Somme",
        "citycode": "80021",
        "depcode": "80"
      }
    },
    {
      "type": "Feature",
      "geometry": {
        "type": "Point",
        "coordinates": [
          2.299327373,
          49.898170525
        ]
      },
      "properties": {
        "name": "Rue Grenier et Bernard / Rue Tagault",
        "context": "Amiens, Somme",
        "citycode": "80021",
        "depcode": "80"
      }
    },
    {
      "type": "Feature",
      "geometry": {
        "type": "Point",
        "coordinates": [
          2.295155114,
          49.893781618
        ]
      },
      "properties": {
        "name": "Rue Gresset / Place de l'Hôtel de Ville",
        "context": "Amiens, Somme",
        "citycode": "80021",
        "depcode": "80"
      }
    },
    {
      "type": "Feature",
      "geometry": {
        "type": "Point",
        "coordinates": [
          2.293081964,
          49.894073115
        ]
      },
      "properties": {
        "name": "Rue Gresset / Place Léon Gontier",
        "context": "Amiens, Somme",
        "citycode": "80021",
        "depcode": "80"
      }
    },
    {
      "type": "Feature",
      "geometry": {
        "type": "Point",
        "coordinates": [
          2.295105748,
          49.893829634
        ]
      },
      "properties": {
        "name": "Rue Gresset / Rue de la Malmaison",
        "context": "Amiens, Somme",
        "citycode": "80021",
        "depcode": "80"
      }
    },
    {
      "type": "Feature",
      "geometry": {
        "type": "Point",
        "coordinates": [
          2.305650028,
          49.887998048
        ]
      },
      "properties": {
        "name": "Rue Gribeauval / Rue de la Contrescarpe",
        "context": "Amiens, Somme",
        "citycode": "80021",
        "depcode": "80"
      }
    },
    {
      "type": "Feature",
      "geometry": {
        "type": "Point",
        "coordinates": [
          2.305570917,
          49.887452367
        ]
      },
      "properties": {
        "name": "Rue Gribeauval / Rue Dijon",
        "context": "Amiens, Somme",
        "citycode": "80021",
        "depcode": "80"
      }
    },
    {
      "type": "Feature",
      "geometry": {
        "type": "Point",
        "coordinates": [
          2.305358669,
          49.88586772
        ]
      },
      "properties": {
        "name": "Rue Gribeauval / Rue Ducange",
        "context": "Amiens, Somme",
        "citycode": "80021",
        "depcode": "80"
      }
    },
    {
      "type": "Feature",
      "geometry": {
        "type": "Point",
        "coordinates": [
          2.305637432,
          49.887993571
        ]
      },
      "properties": {
        "name": "Rue Gribeauval / Rue Édouard Gand",
        "context": "Amiens, Somme",
        "citycode": "80021",
        "depcode": "80"
      }
    },
    {
      "type": "Feature",
      "geometry": {
        "type": "Point",
        "coordinates": [
          2.290766544,
          49.902644684
        ]
      },
      "properties": {
        "name": "Rue Guérard / Cité Guénin",
        "context": "Amiens, Somme",
        "citycode": "80021",
        "depcode": "80"
      }
    },
    {
      "type": "Feature",
      "geometry": {
        "type": "Point",
        "coordinates": [
          2.290790201,
          49.90308561
        ]
      },
      "properties": {
        "name": "Rue Guérard / Rue Delahaye",
        "context": "Amiens, Somme",
        "citycode": "80021",
        "depcode": "80"
      }
    },
    {
      "type": "Feature",
      "geometry": {
        "type": "Point",
        "coordinates": [
          2.290845309,
          49.9024292
        ]
      },
      "properties": {
        "name": "Rue Guérard / Rue des Teinturiers",
        "context": "Amiens, Somme",
        "citycode": "80021",
        "depcode": "80"
      }
    },
    {
      "type": "Feature",
      "geometry": {
        "type": "Point",
        "coordinates": [
          2.2908166,
          49.902427528
        ]
      },
      "properties": {
        "name": "Rue Guérard / Rue des Teinturiers Prolongée",
        "context": "Amiens, Somme",
        "citycode": "80021",
        "depcode": "80"
      }
    },
    {
      "type": "Feature",
      "geometry": {
        "type": "Point",
        "coordinates": [
          2.290780187,
          49.903122019
        ]
      },
      "properties": {
        "name": "Rue Guérard / Rue Octave Tierce",
        "context": "Amiens, Somme",
        "citycode": "80021",
        "depcode": "80"
      }
    },
    {
      "type": "Feature",
      "geometry": {
        "type": "Point",
        "coordinates": [
          2.290764364,
          49.903128326
        ]
      },
      "properties": {
        "name": "Rue Guérard / Rue Saint-Maurice",
        "context": "Amiens, Somme",
        "citycode": "80021",
        "depcode": "80"
      }
    },
    {
      "type": "Feature",
      "geometry": {
        "type": "Point",
        "coordinates": [
          2.290771285,
          49.903130901
        ]
      },
      "properties": {
        "name": "Rue Guérard / Rue Zamenhof",
        "context": "Amiens, Somme",
        "citycode": "80021",
        "depcode": "80"
      }
    },
    {
      "type": "Feature",
      "geometry": {
        "type": "Point",
        "coordinates": [
          2.285933549,
          49.888124376
        ]
      },
      "properties": {
        "name": "Rue Guermond / Route de Rouen",
        "context": "Amiens, Somme",
        "citycode": "80021",
        "depcode": "80"
      }
    },
    {
      "type": "Feature",
      "geometry": {
        "type": "Point",
        "coordinates": [
          2.284747199,
          49.888757197
        ]
      },
      "properties": {
        "name": "Rue Guermond / Rue Béranger",
        "context": "Amiens, Somme",
        "citycode": "80021",
        "depcode": "80"
      }
    },
    {
      "type": "Feature",
      "geometry": {
        "type": "Point",
        "coordinates": [
          2.285478096,
          49.888376644
        ]
      },
      "properties": {
        "name": "Rue Guermond / Rue des Huguenots",
        "context": "Amiens, Somme",
        "citycode": "80021",
        "depcode": "80"
      }
    },
    {
      "type": "Feature",
      "geometry": {
        "type": "Point",
        "coordinates": [
          2.295612888,
          49.899087638
        ]
      },
      "properties": {
        "name": "Rue Guidé / Boulevard du Jardin des Plantes",
        "context": "Amiens, Somme",
        "citycode": "80021",
        "depcode": "80"
      }
    },
    {
      "type": "Feature",
      "geometry": {
        "type": "Point",
        "coordinates": [
          2.295400146,
          49.898480499
        ]
      },
      "properties": {
        "name": "Rue Guidé / Rue du Jardin des Plantes",
        "context": "Amiens, Somme",
        "citycode": "80021",
        "depcode": "80"
      }
    },
    {
      "type": "Feature",
      "geometry": {
        "type": "Point",
        "coordinates": [
          2.269415914,
          49.878052453
        ]
      },
      "properties": {
        "name": "Rue Guillaume Dupuytren / Boulevard Ambroise Paré",
        "context": "Amiens, Somme",
        "citycode": "80021",
        "depcode": "80"
      }
    },
    {
      "type": "Feature",
      "geometry": {
        "type": "Point",
        "coordinates": [
          2.268616343,
          49.877536879
        ]
      },
      "properties": {
        "name": "Rue Guillaume Dupuytren / Rue du Campus",
        "context": "Amiens, Somme",
        "citycode": "80021",
        "depcode": "80"
      }
    },
    {
      "type": "Feature",
      "geometry": {
        "type": "Point",
        "coordinates": [
          2.270891607,
          49.878970648
        ]
      },
      "properties": {
        "name": "Rue Guillaume Dupuytren / Rue Marie Boudier",
        "context": "Amiens, Somme",
        "citycode": "80021",
        "depcode": "80"
      }
    },
    {
      "type": "Feature",
      "geometry": {
        "type": "Point",
        "coordinates": [
          2.309771793,
          49.913661198
        ]
      },
      "properties": {
        "name": "Rue Gustave Charpentier / Rue César Franck",
        "context": "Amiens, Somme",
        "citycode": "80021",
        "depcode": "80"
      }
    },
    {
      "type": "Feature",
      "geometry": {
        "type": "Point",
        "coordinates": [
          2.309760181,
          49.91366582
        ]
      },
      "properties": {
        "name": "Rue Gustave Charpentier / Rue Maurice Ravel",
        "context": "Amiens, Somme",
        "citycode": "80021",
        "depcode": "80"
      }
    },
    {
      "type": "Feature",
      "geometry": {
        "type": "Point",
        "coordinates": [
          2.33557599,
          49.882108358
        ]
      },
      "properties": {
        "name": "Rue Haleine Ridoux / Impasse du Petit Marais",
        "context": "Amiens, Somme",
        "citycode": "80021",
        "depcode": "80"
      }
    },
    {
      "type": "Feature",
      "geometry": {
        "type": "Point",
        "coordinates": [
          2.332198185,
          49.886125868
        ]
      },
      "properties": {
        "name": "Rue Haleine Ridoux / Place Augustin Dujardin",
        "context": "Amiens, Somme",
        "citycode": "80021",
        "depcode": "80"
      }
    },
    {
      "type": "Feature",
      "geometry": {
        "type": "Point",
        "coordinates": [
          2.335306853,
          49.883994209
        ]
      },
      "properties": {
        "name": "Rue Haleine Ridoux / Rue Léon Duvauchel",
        "context": "Amiens, Somme",
        "citycode": "80021",
        "depcode": "80"
      }
    },
    {
      "type": "Feature",
      "geometry": {
        "type": "Point",
        "coordinates": [
          2.335228958,
          49.882574288
        ]
      },
      "properties": {
        "name": "Rue Haleine Ridoux / Rue Renée Cossin",
        "context": "Amiens, Somme",
        "citycode": "80021",
        "depcode": "80"
      }
    },
    {
      "type": "Feature",
      "geometry": {
        "type": "Point",
        "coordinates": [
          2.334419767,
          49.884947549
        ]
      },
      "properties": {
        "name": "Rue Haleine Ridoux / Rue Robert Colléatte",
        "context": "Amiens, Somme",
        "citycode": "80021",
        "depcode": "80"
      }
    },
    {
      "type": "Feature",
      "geometry": {
        "type": "Point",
        "coordinates": [
          2.335436685,
          49.88353137
        ]
      },
      "properties": {
        "name": "Rue Haleine Ridoux / Ruellette du Bois",
        "context": "Amiens, Somme",
        "citycode": "80021",
        "depcode": "80"
      }
    },
    {
      "type": "Feature",
      "geometry": {
        "type": "Point",
        "coordinates": [
          2.259530784,
          49.897303697
        ]
      },
      "properties": {
        "name": "Rue Haute des Champs / Allée des Epis de Blé",
        "context": "Amiens, Somme",
        "citycode": "80021",
        "depcode": "80"
      }
    },
    {
      "type": "Feature",
      "geometry": {
        "type": "Point",
        "coordinates": [
          2.262979988,
          49.899856319
        ]
      },
      "properties": {
        "name": "Rue Haute des Champs / Allée des Jachères",
        "context": "Amiens, Somme",
        "citycode": "80021",
        "depcode": "80"
      }
    },
    {
      "type": "Feature",
      "geometry": {
        "type": "Point",
        "coordinates": [
          2.260996066,
          49.898211192
        ]
      },
      "properties": {
        "name": "Rue Haute des Champs / Allée des Labours",
        "context": "Amiens, Somme",
        "citycode": "80021",
        "depcode": "80"
      }
    },
    {
      "type": "Feature",
      "geometry": {
        "type": "Point",
        "coordinates": [
          2.258382572,
          49.896742834
        ]
      },
      "properties": {
        "name": "Rue Haute des Champs / Allée des Moissons",
        "context": "Amiens, Somme",
        "citycode": "80021",
        "depcode": "80"
      }
    },
    {
      "type": "Feature",
      "geometry": {
        "type": "Point",
        "coordinates": [
          2.259815404,
          49.897496109
        ]
      },
      "properties": {
        "name": "Rue Haute des Champs / Allée des Semailles",
        "context": "Amiens, Somme",
        "citycode": "80021",
        "depcode": "80"
      }
    },
    {
      "type": "Feature",
      "geometry": {
        "type": "Point",
        "coordinates": [
          2.266118026,
          49.90114285
        ]
      },
      "properties": {
        "name": "Rue Haute des Champs / Cité Esnault Pelterie",
        "context": "Amiens, Somme",
        "citycode": "80021",
        "depcode": "80"
      }
    },
    {
      "type": "Feature",
      "geometry": {
        "type": "Point",
        "coordinates": [
          2.259654575,
          49.897344283
        ]
      },
      "properties": {
        "name": "Rue Haute des Champs / Rue des Verdiers",
        "context": "Amiens, Somme",
        "citycode": "80021",
        "depcode": "80"
      }
    },
    {
      "type": "Feature",
      "geometry": {
        "type": "Point",
        "coordinates": [
          2.256089872,
          49.895718234
        ]
      },
      "properties": {
        "name": "Rue Haute des Champs / Rue du Calvaire",
        "context": "Amiens, Somme",
        "citycode": "80021",
        "depcode": "80"
      }
    },
    {
      "type": "Feature",
      "geometry": {
        "type": "Point",
        "coordinates": [
          2.261586661,
          49.898671526
        ]
      },
      "properties": {
        "name": "Rue Haute des Champs / Rue Edith Piaf",
        "context": "Amiens, Somme",
        "citycode": "80021",
        "depcode": "80"
      }
    },
    {
      "type": "Feature",
      "geometry": {
        "type": "Point",
        "coordinates": [
          2.257982088,
          49.896576965
        ]
      },
      "properties": {
        "name": "Rue Haute des Champs / Rue Ethel et Julius Rosenberg",
        "context": "Amiens, Somme",
        "citycode": "80021",
        "depcode": "80"
      }
    },
    {
      "type": "Feature",
      "geometry": {
        "type": "Point",
        "coordinates": [
          2.256080588,
          49.895735702
        ]
      },
      "properties": {
        "name": "Rue Haute des Champs / Rue Françoise Rose",
        "context": "Amiens, Somme",
        "citycode": "80021",
        "depcode": "80"
      }
    },
    {
      "type": "Feature",
      "geometry": {
        "type": "Point",
        "coordinates": [
          2.256081008,
          49.895726995
        ]
      },
      "properties": {
        "name": "Rue Haute des Champs / Rue Isidore François",
        "context": "Amiens, Somme",
        "citycode": "80021",
        "depcode": "80"
      }
    },
    {
      "type": "Feature",
      "geometry": {
        "type": "Point",
        "coordinates": [
          2.259630066,
          49.897359858
        ]
      },
      "properties": {
        "name": "Rue Haute des Champs / Rue Simone Renant",
        "context": "Amiens, Somme",
        "citycode": "80021",
        "depcode": "80"
      }
    },
    {
      "type": "Feature",
      "geometry": {
        "type": "Point",
        "coordinates": [
          2.2978206,
          49.896707873
        ]
      },
      "properties": {
        "name": "Rue Haute des Tanneurs / Place au Feurre",
        "context": "Amiens, Somme",
        "citycode": "80021",
        "depcode": "80"
      }
    },
    {
      "type": "Feature",
      "geometry": {
        "type": "Point",
        "coordinates": [
          2.299149138,
          49.896412214
        ]
      },
      "properties": {
        "name": "Rue Haute des Tanneurs / Rivière des Clairons",
        "context": "Amiens, Somme",
        "citycode": "80021",
        "depcode": "80"
      }
    },
    {
      "type": "Feature",
      "geometry": {
        "type": "Point",
        "coordinates": [
          2.300066604,
          49.896213607
        ]
      },
      "properties": {
        "name": "Rue Haute des Tanneurs / Rue des Rinchevaux",
        "context": "Amiens, Somme",
        "citycode": "80021",
        "depcode": "80"
      }
    },
    {
      "type": "Feature",
      "geometry": {
        "type": "Point",
        "coordinates": [
          2.300053171,
          49.896210118
        ]
      },
      "properties": {
        "name": "Rue Haute des Tanneurs / Rue Flatters",
        "context": "Amiens, Somme",
        "citycode": "80021",
        "depcode": "80"
      }
    },
    {
      "type": "Feature",
      "geometry": {
        "type": "Point",
        "coordinates": [
          2.300062527,
          49.896220308
        ]
      },
      "properties": {
        "name": "Rue Haute des Tanneurs / Rue Saint-Leu",
        "context": "Amiens, Somme",
        "citycode": "80021",
        "depcode": "80"
      }
    },
    {
      "type": "Feature",
      "geometry": {
        "type": "Point",
        "coordinates": [
          2.288615702,
          49.883507226
        ]
      },
      "properties": {
        "name": "Rue Hecquet / Chemin de la Fosse au Lait",
        "context": "Amiens, Somme",
        "citycode": "80021",
        "depcode": "80"
      }
    },
    {
      "type": "Feature",
      "geometry": {
        "type": "Point",
        "coordinates": [
          2.286449774,
          49.883786976
        ]
      },
      "properties": {
        "name": "Rue Hecquet / Route de Paris D1001",
        "context": "Amiens, Somme",
        "citycode": "80021",
        "depcode": "80"
      }
    },
    {
      "type": "Feature",
      "geometry": {
        "type": "Point",
        "coordinates": [
          2.268966038,
          49.885887447
        ]
      },
      "properties": {
        "name": "Rue Hélène Lockert / Allée du Puits de la Roche",
        "context": "Amiens, Somme",
        "citycode": "80021",
        "depcode": "80"
      }
    },
    {
      "type": "Feature",
      "geometry": {
        "type": "Point",
        "coordinates": [
          2.294015029,
          49.892894972
        ]
      },
      "properties": {
        "name": "Rue Henri Barbusse / Rue de Beauvais",
        "context": "Amiens, Somme",
        "citycode": "80021",
        "depcode": "80"
      }
    },
    {
      "type": "Feature",
      "geometry": {
        "type": "Point",
        "coordinates": [
          2.294234362,
          49.893875408
        ]
      },
      "properties": {
        "name": "Rue Henri Barbusse / Rue Gresset",
        "context": "Amiens, Somme",
        "citycode": "80021",
        "depcode": "80"
      }
    },
    {
      "type": "Feature",
      "geometry": {
        "type": "Point",
        "coordinates": [
          2.294238896,
          49.8938983
        ]
      },
      "properties": {
        "name": "Rue Henri Barbusse / Rue Léon Blum",
        "context": "Amiens, Somme",
        "citycode": "80021",
        "depcode": "80"
      }
    },
    {
      "type": "Feature",
      "geometry": {
        "type": "Point",
        "coordinates": [
          2.296954915,
          49.914967203
        ]
      },
      "properties": {
        "name": "Rue Henri Becquerel / Rue Henri Moissan",
        "context": "Amiens, Somme",
        "citycode": "80021",
        "depcode": "80"
      }
    },
    {
      "type": "Feature",
      "geometry": {
        "type": "Point",
        "coordinates": [
          2.298627665,
          49.915301035
        ]
      },
      "properties": {
        "name": "Rue Henri Bergson / Rue Roger Martin du Gard",
        "context": "Amiens, Somme",
        "citycode": "80021",
        "depcode": "80"
      }
    },
    {
      "type": "Feature",
      "geometry": {
        "type": "Point",
        "coordinates": [
          2.304356234,
          49.882956493
        ]
      },
      "properties": {
        "name": "Rue Henri Daussy / Rue Saint-Fuscien D7",
        "context": "Amiens, Somme",
        "citycode": "80021",
        "depcode": "80"
      }
    },
    {
      "type": "Feature",
      "geometry": {
        "type": "Point",
        "coordinates": [
          2.306348149,
          49.883069896
        ]
      },
      "properties": {
        "name": "Rue Henri Daussy / Rue Saint-Hubert",
        "context": "Amiens, Somme",
        "citycode": "80021",
        "depcode": "80"
      }
    },
    {
      "type": "Feature",
      "geometry": {
        "type": "Point",
        "coordinates": [
          2.307348449,
          49.883153536
        ]
      },
      "properties": {
        "name": "Rue Henri Daussy / Rue Vulfran Warmé",
        "context": "Amiens, Somme",
        "citycode": "80021",
        "depcode": "80"
      }
    },
    {
      "type": "Feature",
      "geometry": {
        "type": "Point",
        "coordinates": [
          2.293424368,
          49.897651662
        ]
      },
      "properties": {
        "name": "Rue Henri Dunant / Passage de l'Aventure",
        "context": "Amiens, Somme",
        "citycode": "80021",
        "depcode": "80"
      }
    },
    {
      "type": "Feature",
      "geometry": {
        "type": "Point",
        "coordinates": [
          2.300536156,
          49.910078156
        ]
      },
      "properties": {
        "name": "Rue Henri Farman / Rue Georges Guynemer",
        "context": "Amiens, Somme",
        "citycode": "80021",
        "depcode": "80"
      }
    },
    {
      "type": "Feature",
      "geometry": {
        "type": "Point",
        "coordinates": [
          2.325693559,
          49.883116322
        ]
      },
      "properties": {
        "name": "Rue Henri Giffard / Chaussée Jules Ferry",
        "context": "Amiens, Somme",
        "citycode": "80021",
        "depcode": "80"
      }
    },
    {
      "type": "Feature",
      "geometry": {
        "type": "Point",
        "coordinates": [
          2.326153279,
          49.883976147
        ]
      },
      "properties": {
        "name": "Rue Henri Giffard / Rue Saint-Acheul",
        "context": "Amiens, Somme",
        "citycode": "80021",
        "depcode": "80"
      }
    },
    {
      "type": "Feature",
      "geometry": {
        "type": "Point",
        "coordinates": [
          2.300193583,
          49.894752072
        ]
      },
      "properties": {
        "name": "Rue Henri IV / Place Notre-Dame",
        "context": "Amiens, Somme",
        "citycode": "80021",
        "depcode": "80"
      }
    },
    {
      "type": "Feature",
      "geometry": {
        "type": "Point",
        "coordinates": [
          2.271194511,
          49.904310045
        ]
      },
      "properties": {
        "name": "Rue Henri Martin / Avenue Louis Blanc",
        "context": "Amiens, Somme",
        "citycode": "80021",
        "depcode": "80"
      }
    },
    {
      "type": "Feature",
      "geometry": {
        "type": "Point",
        "coordinates": [
          2.272640966,
          49.905352765
        ]
      },
      "properties": {
        "name": "Rue Henri Martin / Rue du Faubourg de Hem D1235",
        "context": "Amiens, Somme",
        "citycode": "80021",
        "depcode": "80"
      }
    },
    {
      "type": "Feature",
      "geometry": {
        "type": "Point",
        "coordinates": [
          2.271185206,
          49.904288096
        ]
      },
      "properties": {
        "name": "Rue Henri Martin / Rue Pierre Derobertmazure",
        "context": "Amiens, Somme",
        "citycode": "80021",
        "depcode": "80"
      }
    },
    {
      "type": "Feature",
      "geometry": {
        "type": "Point",
        "coordinates": [
          2.296954821,
          49.915347906
        ]
      },
      "properties": {
        "name": "Rue Henri Moissan / Rue Romain Rolland",
        "context": "Amiens, Somme",
        "citycode": "80021",
        "depcode": "80"
      }
    },
    {
      "type": "Feature",
      "geometry": {
        "type": "Point",
        "coordinates": [
          2.292449919,
          49.896983565
        ]
      },
      "properties": {
        "name": "Rue Henriette Dumuin / Passage de la Glacière",
        "context": "Amiens, Somme",
        "citycode": "80021",
        "depcode": "80"
      }
    },
    {
      "type": "Feature",
      "geometry": {
        "type": "Point",
        "coordinates": [
          2.29246051,
          49.896988569
        ]
      },
      "properties": {
        "name": "Rue Henriette Dumuin / Rue Anatole France",
        "context": "Amiens, Somme",
        "citycode": "80021",
        "depcode": "80"
      }
    },
    {
      "type": "Feature",
      "geometry": {
        "type": "Point",
        "coordinates": [
          2.293891653,
          49.896783783
        ]
      },
      "properties": {
        "name": "Rue Henriette Dumuin / Rue de Condé",
        "context": "Amiens, Somme",
        "citycode": "80021",
        "depcode": "80"
      }
    },
    {
      "type": "Feature",
      "geometry": {
        "type": "Point",
        "coordinates": [
          2.294423494,
          49.89667423
        ]
      },
      "properties": {
        "name": "Rue Henriette Dumuin / Rue du Général Leclerc",
        "context": "Amiens, Somme",
        "citycode": "80021",
        "depcode": "80"
      }
    },
    {
      "type": "Feature",
      "geometry": {
        "type": "Point",
        "coordinates": [
          2.293141353,
          49.896901709
        ]
      },
      "properties": {
        "name": "Rue Henriette Dumuin / Rue Henri Dunant",
        "context": "Amiens, Somme",
        "citycode": "80021",
        "depcode": "80"
      }
    },
    {
      "type": "Feature",
      "geometry": {
        "type": "Point",
        "coordinates": [
          2.294461402,
          49.896672455
        ]
      },
      "properties": {
        "name": "Rue Henriette Dumuin / Rue Saint-Germain",
        "context": "Amiens, Somme",
        "citycode": "80021",
        "depcode": "80"
      }
    },
    {
      "type": "Feature",
      "geometry": {
        "type": "Point",
        "coordinates": [
          2.32559219,
          49.911405173
        ]
      },
      "properties": {
        "name": "Rue Henry de Montherlant / Rue de la Rochefoucauld",
        "context": "Amiens, Somme",
        "citycode": "80021",
        "depcode": "80"
      }
    },
    {
      "type": "Feature",
      "geometry": {
        "type": "Point",
        "coordinates": [
          2.300943799,
          49.912763136
        ]
      },
      "properties": {
        "name": "Rue Ingres / Rue des Poètes de Sept Ans",
        "context": "Amiens, Somme",
        "citycode": "80021",
        "depcode": "80"
      }
    },
    {
      "type": "Feature",
      "geometry": {
        "type": "Point",
        "coordinates": [
          2.252437826,
          49.893195055
        ]
      },
      "properties": {
        "name": "Rue Isidore François / Allée des Anémones",
        "context": "Amiens, Somme",
        "citycode": "80021",
        "depcode": "80"
      }
    },
    {
      "type": "Feature",
      "geometry": {
        "type": "Point",
        "coordinates": [
          2.253759366,
          49.894102827
        ]
      },
      "properties": {
        "name": "Rue Isidore François / Allée des Jonquilles",
        "context": "Amiens, Somme",
        "citycode": "80021",
        "depcode": "80"
      }
    },
    {
      "type": "Feature",
      "geometry": {
        "type": "Point",
        "coordinates": [
          2.2560558,
          49.895697986
        ]
      },
      "properties": {
        "name": "Rue Isidore François / Rue du Calvaire",
        "context": "Amiens, Somme",
        "citycode": "80021",
        "depcode": "80"
      }
    },
    {
      "type": "Feature",
      "geometry": {
        "type": "Point",
        "coordinates": [
          2.256068565,
          49.895726682
        ]
      },
      "properties": {
        "name": "Rue Isidore François / Rue Françoise Rose",
        "context": "Amiens, Somme",
        "citycode": "80021",
        "depcode": "80"
      }
    },
    {
      "type": "Feature",
      "geometry": {
        "type": "Point",
        "coordinates": [
          2.255715973,
          49.897685647
        ]
      },
      "properties": {
        "name": "Rue Jack Braun / Allée Michel Macquet",
        "context": "Amiens, Somme",
        "citycode": "80021",
        "depcode": "80"
      }
    },
    {
      "type": "Feature",
      "geometry": {
        "type": "Point",
        "coordinates": [
          2.255438997,
          49.897906929
        ]
      },
      "properties": {
        "name": "Rue Jack Braun / Rue de la Vénus de Renancourt",
        "context": "Amiens, Somme",
        "citycode": "80021",
        "depcode": "80"
      }
    },
    {
      "type": "Feature",
      "geometry": {
        "type": "Point",
        "coordinates": [
          2.25612418,
          49.897400265
        ]
      },
      "properties": {
        "name": "Rue Jack Braun / Rue France Gall",
        "context": "Amiens, Somme",
        "citycode": "80021",
        "depcode": "80"
      }
    },
    {
      "type": "Feature",
      "geometry": {
        "type": "Point",
        "coordinates": [
          2.2816911,
          49.900891629
        ]
      },
      "properties": {
        "name": "Rue Jacquart / Rue du Faubourg de Hem",
        "context": "Amiens, Somme",
        "citycode": "80021",
        "depcode": "80"
      }
    },
    {
      "type": "Feature",
      "geometry": {
        "type": "Point",
        "coordinates": [
          2.282632046,
          49.901591271
        ]
      },
      "properties": {
        "name": "Rue Jacquart / Rue Philippe de Girard",
        "context": "Amiens, Somme",
        "citycode": "80021",
        "depcode": "80"
      }
    },
    {
      "type": "Feature",
      "geometry": {
        "type": "Point",
        "coordinates": [
          2.294995224,
          49.920493586
        ]
      },
      "properties": {
        "name": "Rue Jacques Brel / Rue Boris Vian",
        "context": "Amiens, Somme",
        "citycode": "80021",
        "depcode": "80"
      }
    },
    {
      "type": "Feature",
      "geometry": {
        "type": "Point",
        "coordinates": [
          2.318266632,
          49.871232339
        ]
      },
      "properties": {
        "name": "Rue Jacques Cartier / Rue Jean-Marc Laurent",
        "context": "Amiens, Somme",
        "citycode": "80021",
        "depcode": "80"
      }
    },
    {
      "type": "Feature",
      "geometry": {
        "type": "Point",
        "coordinates": [
          2.32682822,
          49.876959098
        ]
      },
      "properties": {
        "name": "Rue Jacques Prévert / Rue Condorcet",
        "context": "Amiens, Somme",
        "citycode": "80021",
        "depcode": "80"
      }
    },
    {
      "type": "Feature",
      "geometry": {
        "type": "Point",
        "coordinates": [
          2.326821253,
          49.876984443
        ]
      },
      "properties": {
        "name": "Rue Jacques Prévert / Rue de Cagny",
        "context": "Amiens, Somme",
        "citycode": "80021",
        "depcode": "80"
      }
    },
    {
      "type": "Feature",
      "geometry": {
        "type": "Point",
        "coordinates": [
          2.302602998,
          49.881034337
        ]
      },
      "properties": {
        "name": "Rue Janvier / Rue Louis Thuillier",
        "context": "Amiens, Somme",
        "citycode": "80021",
        "depcode": "80"
      }
    },
    {
      "type": "Feature",
      "geometry": {
        "type": "Point",
        "coordinates": [
          2.304707247,
          49.881210548
        ]
      },
      "properties": {
        "name": "Rue Janvier / Rue Saint-Fuscien D7",
        "context": "Amiens, Somme",
        "citycode": "80021",
        "depcode": "80"
      }
    },
    {
      "type": "Feature",
      "geometry": {
        "type": "Point",
        "coordinates": [
          2.303768278,
          49.905150326
        ]
      },
      "properties": {
        "name": "Rue Jean Bart / Rue de Dunkerque",
        "context": "Amiens, Somme",
        "citycode": "80021",
        "depcode": "80"
      }
    },
    {
      "type": "Feature",
      "geometry": {
        "type": "Point",
        "coordinates": [
          2.304207785,
          49.904605655
        ]
      },
      "properties": {
        "name": "Rue Jean Bart / Rue du 8e Bataillon de Chasseurs à Pied",
        "context": "Amiens, Somme",
        "citycode": "80021",
        "depcode": "80"
      }
    },
    {
      "type": "Feature",
      "geometry": {
        "type": "Point",
        "coordinates": [
          2.302740152,
          49.905398951
        ]
      },
      "properties": {
        "name": "Rue Jean Bart / Rue du Général Frère",
        "context": "Amiens, Somme",
        "citycode": "80021",
        "depcode": "80"
      }
    },
    {
      "type": "Feature",
      "geometry": {
        "type": "Point",
        "coordinates": [
          2.324371291,
          49.88503187
        ]
      },
      "properties": {
        "name": "Rue Jean Boen / Avenue de Londres",
        "context": "Amiens, Somme",
        "citycode": "80021",
        "depcode": "80"
      }
    },
    {
      "type": "Feature",
      "geometry": {
        "type": "Point",
        "coordinates": [
          2.323374374,
          49.885599697
        ]
      },
      "properties": {
        "name": "Rue Jean Boen / Rue de la Cité",
        "context": "Amiens, Somme",
        "citycode": "80021",
        "depcode": "80"
      }
    },
    {
      "type": "Feature",
      "geometry": {
        "type": "Point",
        "coordinates": [
          2.32438849,
          49.885028587
        ]
      },
      "properties": {
        "name": "Rue Jean Boen / Rue Diderot",
        "context": "Amiens, Somme",
        "citycode": "80021",
        "depcode": "80"
      }
    },
    {
      "type": "Feature",
      "geometry": {
        "type": "Point",
        "coordinates": [
          2.321335763,
          49.88653531
        ]
      },
      "properties": {
        "name": "Rue Jean Boen / Rue le Mongnier",
        "context": "Amiens, Somme",
        "citycode": "80021",
        "depcode": "80"
      }
    },
    {
      "type": "Feature",
      "geometry": {
        "type": "Point",
        "coordinates": [
          2.29334828,
          49.895072818
        ]
      },
      "properties": {
        "name": "Rue Jean Calvin / Rue du Général Leclerc",
        "context": "Amiens, Somme",
        "citycode": "80021",
        "depcode": "80"
      }
    },
    {
      "type": "Feature",
      "geometry": {
        "type": "Point",
        "coordinates": [
          2.288908302,
          49.896513027
        ]
      },
      "properties": {
        "name": "Rue Jean Catelas / Boulevard Faidherbe",
        "context": "Amiens, Somme",
        "citycode": "80021",
        "depcode": "80"
      }
    },
    {
      "type": "Feature",
      "geometry": {
        "type": "Point",
        "coordinates": [
          2.292649531,
          49.894296135
        ]
      },
      "properties": {
        "name": "Rue Jean Catelas / Place Léon Gontier",
        "context": "Amiens, Somme",
        "citycode": "80021",
        "depcode": "80"
      }
    },
    {
      "type": "Feature",
      "geometry": {
        "type": "Point",
        "coordinates": [
          2.288905697,
          49.896529698
        ]
      },
      "properties": {
        "name": "Rue Jean Catelas / Rue du Commandant Defontaine",
        "context": "Amiens, Somme",
        "citycode": "80021",
        "depcode": "80"
      }
    },
    {
      "type": "Feature",
      "geometry": {
        "type": "Point",
        "coordinates": [
          2.258005054,
          49.911878168
        ]
      },
      "properties": {
        "name": "Rue Jean de la Fontaine / Rue Baudoin d'Ailly",
        "context": "Amiens, Somme",
        "citycode": "80021",
        "depcode": "80"
      }
    },
    {
      "type": "Feature",
      "geometry": {
        "type": "Point",
        "coordinates": [
          2.255030215,
          49.911278672
        ]
      },
      "properties": {
        "name": "Rue Jean de la Fontaine / Rue d'Abbeville D1235",
        "context": "Amiens, Somme",
        "citycode": "80021",
        "depcode": "80"
      }
    },
    {
      "type": "Feature",
      "geometry": {
        "type": "Point",
        "coordinates": [
          2.256126271,
          49.912032637
        ]
      },
      "properties": {
        "name": "Rue Jean de la Fontaine / Rue de la Ruellette",
        "context": "Amiens, Somme",
        "citycode": "80021",
        "depcode": "80"
      }
    },
    {
      "type": "Feature",
      "geometry": {
        "type": "Point",
        "coordinates": [
          2.255736773,
          49.912025417
        ]
      },
      "properties": {
        "name": "Rue Jean de la Fontaine / Rue de la Valoise",
        "context": "Amiens, Somme",
        "citycode": "80021",
        "depcode": "80"
      }
    },
    {
      "type": "Feature",
      "geometry": {
        "type": "Point",
        "coordinates": [
          2.257171024,
          49.911986455
        ]
      },
      "properties": {
        "name": "Rue Jean de la Fontaine / Rue Van Robais",
        "context": "Amiens, Somme",
        "citycode": "80021",
        "depcode": "80"
      }
    },
    {
      "type": "Feature",
      "geometry": {
        "type": "Point",
        "coordinates": [
          2.29369319,
          49.918336395
        ]
      },
      "properties": {
        "name": "Rue Jean François Millet / Rue Raphaël",
        "context": "Amiens, Somme",
        "citycode": "80021",
        "depcode": "80"
      }
    },
    {
      "type": "Feature",
      "geometry": {
        "type": "Point",
        "coordinates": [
          2.286689531,
          49.87665179
        ]
      },
      "properties": {
        "name": "Rue Jean Froissart / Rue Georges Beauvais",
        "context": "Amiens, Somme",
        "citycode": "80021",
        "depcode": "80"
      }
    },
    {
      "type": "Feature",
      "geometry": {
        "type": "Point",
        "coordinates": [
          2.28888605,
          49.874925769
        ]
      },
      "properties": {
        "name": "Rue Jean Froissart / Rue Philippe de Commynes",
        "context": "Amiens, Somme",
        "citycode": "80021",
        "depcode": "80"
      }
    },
    {
      "type": "Feature",
      "geometry": {
        "type": "Point",
        "coordinates": [
          2.289690644,
          49.874537009
        ]
      },
      "properties": {
        "name": "Rue Jean Froissart / Rue Sagebien",
        "context": "Amiens, Somme",
        "citycode": "80021",
        "depcode": "80"
      }
    },
    {
      "type": "Feature",
      "geometry": {
        "type": "Point",
        "coordinates": [
          2.320841699,
          49.86902222
        ]
      },
      "properties": {
        "name": "Rue Jean Giono / Rue Alphonse Daudet",
        "context": "Amiens, Somme",
        "citycode": "80021",
        "depcode": "80"
      }
    },
    {
      "type": "Feature",
      "geometry": {
        "type": "Point",
        "coordinates": [
          2.318521304,
          49.869231675
        ]
      },
      "properties": {
        "name": "Rue Jean Giono / Rue du Congrès d'Amiens",
        "context": "Amiens, Somme",
        "citycode": "80021",
        "depcode": "80"
      }
    },
    {
      "type": "Feature",
      "geometry": {
        "type": "Point",
        "coordinates": [
          2.320798333,
          49.868699226
        ]
      },
      "properties": {
        "name": "Rue Jean Giono / Rue Frédéric Mistral",
        "context": "Amiens, Somme",
        "citycode": "80021",
        "depcode": "80"
      }
    },
    {
      "type": "Feature",
      "geometry": {
        "type": "Point",
        "coordinates": [
          2.297251259,
          49.896747853
        ]
      },
      "properties": {
        "name": "Rue Jean Godris / Place au Feurre",
        "context": "Amiens, Somme",
        "citycode": "80021",
        "depcode": "80"
      }
    },
    {
      "type": "Feature",
      "geometry": {
        "type": "Point",
        "coordinates": [
          2.29716312,
          49.896726088
        ]
      },
      "properties": {
        "name": "Rue Jean Godris / Rivière des Clairons",
        "context": "Amiens, Somme",
        "citycode": "80021",
        "depcode": "80"
      }
    },
    {
      "type": "Feature",
      "geometry": {
        "type": "Point",
        "coordinates": [
          2.296902499,
          49.896161178
        ]
      },
      "properties": {
        "name": "Rue Jean Godris / Rue Saint-Germain",
        "context": "Amiens, Somme",
        "citycode": "80021",
        "depcode": "80"
      }
    },
    {
      "type": "Feature",
      "geometry": {
        "type": "Point",
        "coordinates": [
          2.286621373,
          49.897730276
        ]
      },
      "properties": {
        "name": "Rue Jean Jaurès / Allée du Bicêtre",
        "context": "Amiens, Somme",
        "citycode": "80021",
        "depcode": "80"
      }
    },
    {
      "type": "Feature",
      "geometry": {
        "type": "Point",
        "coordinates": [
          2.282630856,
          49.900301707
        ]
      },
      "properties": {
        "name": "Rue Jean Jaurès / La Basse Selle",
        "context": "Amiens, Somme",
        "citycode": "80021",
        "depcode": "80"
      }
    },
    {
      "type": "Feature",
      "geometry": {
        "type": "Point",
        "coordinates": [
          2.28351964,
          49.899736649
        ]
      },
      "properties": {
        "name": "Rue Jean Jaurès / Rue des Prés Forêts",
        "context": "Amiens, Somme",
        "citycode": "80021",
        "depcode": "80"
      }
    },
    {
      "type": "Feature",
      "geometry": {
        "type": "Point",
        "coordinates": [
          2.28717583,
          49.897572404
        ]
      },
      "properties": {
        "name": "Rue Jean Jaurès / Rue du Commandant Defontaine",
        "context": "Amiens, Somme",
        "citycode": "80021",
        "depcode": "80"
      }
    },
    {
      "type": "Feature",
      "geometry": {
        "type": "Point",
        "coordinates": [
          2.28264761,
          49.900308004
        ]
      },
      "properties": {
        "name": "Rue Jean Jaurès / Rue du Faubourg de Hem",
        "context": "Amiens, Somme",
        "citycode": "80021",
        "depcode": "80"
      }
    },
    {
      "type": "Feature",
      "geometry": {
        "type": "Point",
        "coordinates": [
          2.286914111,
          49.897688299
        ]
      },
      "properties": {
        "name": "Rue Jean Jaurès / Rue Ledieu",
        "context": "Amiens, Somme",
        "citycode": "80021",
        "depcode": "80"
      }
    },
    {
      "type": "Feature",
      "geometry": {
        "type": "Point",
        "coordinates": [
          2.312205681,
          49.884401129
        ]
      },
      "properties": {
        "name": "Rue Jean Macé / Rue de Cottenchy",
        "context": "Amiens, Somme",
        "citycode": "80021",
        "depcode": "80"
      }
    },
    {
      "type": "Feature",
      "geometry": {
        "type": "Point",
        "coordinates": [
          2.308459333,
          49.893037015
        ]
      },
      "properties": {
        "name": "Rue Jean Mermoz / Boulevard d'Alsace-Lorraine",
        "context": "Amiens, Somme",
        "citycode": "80021",
        "depcode": "80"
      }
    },
    {
      "type": "Feature",
      "geometry": {
        "type": "Point",
        "coordinates": [
          2.310046545,
          49.89255369
        ]
      },
      "properties": {
        "name": "Rue Jean Mermoz / Rue Claudius Antoine Serrassaint",
        "context": "Amiens, Somme",
        "citycode": "80021",
        "depcode": "80"
      }
    },
    {
      "type": "Feature",
      "geometry": {
        "type": "Point",
        "coordinates": [
          2.311837427,
          49.892041311
        ]
      },
      "properties": {
        "name": "Rue Jean Mermoz / Rue des Sagittaires",
        "context": "Amiens, Somme",
        "citycode": "80021",
        "depcode": "80"
      }
    },
    {
      "type": "Feature",
      "geometry": {
        "type": "Point",
        "coordinates": [
          2.308899773,
          49.892914414
        ]
      },
      "properties": {
        "name": "Rue Jean Mermoz / Rue du Vivier",
        "context": "Amiens, Somme",
        "citycode": "80021",
        "depcode": "80"
      }
    },
    {
      "type": "Feature",
      "geometry": {
        "type": "Point",
        "coordinates": [
          2.278972988,
          49.881875787
        ]
      },
      "properties": {
        "name": "Rue Jean Moulin D8 / Allée de Conty",
        "context": "Amiens, Somme",
        "citycode": "80021",
        "depcode": "80"
      }
    },
    {
      "type": "Feature",
      "geometry": {
        "type": "Point",
        "coordinates": [
          2.273171403,
          49.878764485
        ]
      },
      "properties": {
        "name": "Rue Jean Moulin D8 / Avenue de la Sagesse",
        "context": "Amiens, Somme",
        "citycode": "80021",
        "depcode": "80"
      }
    },
    {
      "type": "Feature",
      "geometry": {
        "type": "Point",
        "coordinates": [
          2.266065755,
          49.874676364
        ]
      },
      "properties": {
        "name": "Rue Jean Moulin D8 / Avenue des Facultés D8",
        "context": "Amiens, Somme",
        "citycode": "80021",
        "depcode": "80"
      }
    },
    {
      "type": "Feature",
      "geometry": {
        "type": "Point",
        "coordinates": [
          2.276619322,
          49.880375542
        ]
      },
      "properties": {
        "name": "Rue Jean Moulin D8 / Avenue du Soulier de Satin",
        "context": "Amiens, Somme",
        "citycode": "80021",
        "depcode": "80"
      }
    },
    {
      "type": "Feature",
      "geometry": {
        "type": "Point",
        "coordinates": [
          2.266106988,
          49.874637419
        ]
      },
      "properties": {
        "name": "Rue Jean Moulin D8 / Avenue Paul Claudel",
        "context": "Amiens, Somme",
        "citycode": "80021",
        "depcode": "80"
      }
    },
    {
      "type": "Feature",
      "geometry": {
        "type": "Point",
        "coordinates": [
          2.270554116,
          49.877400966
        ]
      },
      "properties": {
        "name": "Rue Jean Moulin D8 / Boulevard Ambroise Paré",
        "context": "Amiens, Somme",
        "citycode": "80021",
        "depcode": "80"
      }
    },
    {
      "type": "Feature",
      "geometry": {
        "type": "Point",
        "coordinates": [
          2.282277216,
          49.883765235
        ]
      },
      "properties": {
        "name": "Rue Jean Moulin D8 / Boulevard Chateaudun",
        "context": "Amiens, Somme",
        "citycode": "80021",
        "depcode": "80"
      }
    },
    {
      "type": "Feature",
      "geometry": {
        "type": "Point",
        "coordinates": [
          2.275284782,
          49.879639807
        ]
      },
      "properties": {
        "name": "Rue Jean Moulin D8 / Cité Jean Petit",
        "context": "Amiens, Somme",
        "citycode": "80021",
        "depcode": "80"
      }
    },
    {
      "type": "Feature",
      "geometry": {
        "type": "Point",
        "coordinates": [
          2.277442879,
          49.880833997
        ]
      },
      "properties": {
        "name": "Rue Jean Moulin D8 / Rue de l'Offrande",
        "context": "Amiens, Somme",
        "citycode": "80021",
        "depcode": "80"
      }
    },
    {
      "type": "Feature",
      "geometry": {
        "type": "Point",
        "coordinates": [
          2.27216647,
          49.878339705
        ]
      },
      "properties": {
        "name": "Rue Jean Moulin D8 / Rue des Quatre Lemaire",
        "context": "Amiens, Somme",
        "citycode": "80021",
        "depcode": "80"
      }
    },
    {
      "type": "Feature",
      "geometry": {
        "type": "Point",
        "coordinates": [
          2.272140957,
          49.878321823
        ]
      },
      "properties": {
        "name": "Rue Jean Moulin D8 / Rue Marie Boudier",
        "context": "Amiens, Somme",
        "citycode": "80021",
        "depcode": "80"
      }
    },
    {
      "type": "Feature",
      "geometry": {
        "type": "Point",
        "coordinates": [
          2.282365902,
          49.883813898
        ]
      },
      "properties": {
        "name": "Rue Jean Moulin D8 / Rue Saint-Honoré",
        "context": "Amiens, Somme",
        "citycode": "80021",
        "depcode": "80"
      }
    },
    {
      "type": "Feature",
      "geometry": {
        "type": "Point",
        "coordinates": [
          2.33843396,
          49.864474745
        ]
      },
      "properties": {
        "name": "Rue Jean Racine / Rue de Hollande",
        "context": "Amiens, Somme",
        "citycode": "80021",
        "depcode": "80"
      }
    },
    {
      "type": "Feature",
      "geometry": {
        "type": "Point",
        "coordinates": [
          2.337794622,
          49.864863548
        ]
      },
      "properties": {
        "name": "Rue Jean Racine / Rue du Bel Air",
        "context": "Amiens, Somme",
        "citycode": "80021",
        "depcode": "80"
      }
    },
    {
      "type": "Feature",
      "geometry": {
        "type": "Point",
        "coordinates": [
          2.3396068,
          49.863364799
        ]
      },
      "properties": {
        "name": "Rue Jean Racine / Rue Jean Marie Djibaou",
        "context": "Amiens, Somme",
        "citycode": "80021",
        "depcode": "80"
      }
    },
    {
      "type": "Feature",
      "geometry": {
        "type": "Point",
        "coordinates": [
          2.338392636,
          49.864468574
        ]
      },
      "properties": {
        "name": "Rue Jean Racine / Rue Wasse",
        "context": "Amiens, Somme",
        "citycode": "80021",
        "depcode": "80"
      }
    },
    {
      "type": "Feature",
      "geometry": {
        "type": "Point",
        "coordinates": [
          2.339207233,
          49.863664441
        ]
      },
      "properties": {
        "name": "Rue Jean Racine / Ruelle du Marais Aux Vaches",
        "context": "Amiens, Somme",
        "citycode": "80021",
        "depcode": "80"
      }
    },
    {
      "type": "Feature",
      "geometry": {
        "type": "Point",
        "coordinates": [
          2.307299289,
          49.894155422
        ]
      },
      "properties": {
        "name": "Rue Jean XXIII / Rue Cardon",
        "context": "Amiens, Somme",
        "citycode": "80021",
        "depcode": "80"
      }
    },
    {
      "type": "Feature",
      "geometry": {
        "type": "Point",
        "coordinates": [
          2.305726664,
          49.894637943
        ]
      },
      "properties": {
        "name": "Rue Jean XXIII / Rue des Augustins",
        "context": "Amiens, Somme",
        "citycode": "80021",
        "depcode": "80"
      }
    },
    {
      "type": "Feature",
      "geometry": {
        "type": "Point",
        "coordinates": [
          2.308624538,
          49.870783371
        ]
      },
      "properties": {
        "name": "Rue Jean-Marc Laurent / Rue de la Croix Rompue",
        "context": "Amiens, Somme",
        "citycode": "80021",
        "depcode": "80"
      }
    },
    {
      "type": "Feature",
      "geometry": {
        "type": "Point",
        "coordinates": [
          2.30725153,
          49.870788655
        ]
      },
      "properties": {
        "name": "Rue Jean-Marc Laurent / Rue Saint-Fuscien D7",
        "context": "Amiens, Somme",
        "citycode": "80021",
        "depcode": "80"
      }
    },
    {
      "type": "Feature",
      "geometry": {
        "type": "Point",
        "coordinates": [
          2.26747157,
          49.87914341
        ]
      },
      "properties": {
        "name": "Rue Jean-Nicolas Corvisart / Boulevard Ambroise Paré",
        "context": "Amiens, Somme",
        "citycode": "80021",
        "depcode": "80"
      }
    },
    {
      "type": "Feature",
      "geometry": {
        "type": "Point",
        "coordinates": [
          2.294617818,
          49.883735941
        ]
      },
      "properties": {
        "name": "Rue Jeanne d'Arc / Rue Delpech",
        "context": "Amiens, Somme",
        "citycode": "80021",
        "depcode": "80"
      }
    },
    {
      "type": "Feature",
      "geometry": {
        "type": "Point",
        "coordinates": [
          2.299948902,
          49.88291758
        ]
      },
      "properties": {
        "name": "Rue Jeanne d'Arc / Rue Dhavernas",
        "context": "Amiens, Somme",
        "citycode": "80021",
        "depcode": "80"
      }
    },
    {
      "type": "Feature",
      "geometry": {
        "type": "Point",
        "coordinates": [
          2.292053087,
          49.884101149
        ]
      },
      "properties": {
        "name": "Rue Jeanne d'Arc / Rue Gaulthier de Rumilly",
        "context": "Amiens, Somme",
        "citycode": "80021",
        "depcode": "80"
      }
    },
    {
      "type": "Feature",
      "geometry": {
        "type": "Point",
        "coordinates": [
          2.298962093,
          49.883067688
        ]
      },
      "properties": {
        "name": "Rue Jeanne d'Arc / Rue Lemerchier",
        "context": "Amiens, Somme",
        "citycode": "80021",
        "depcode": "80"
      }
    },
    {
      "type": "Feature",
      "geometry": {
        "type": "Point",
        "coordinates": [
          2.29494989,
          49.895878772
        ]
      },
      "properties": {
        "name": "Rue Jeanne Natière / Passage des Halles",
        "context": "Amiens, Somme",
        "citycode": "80021",
        "depcode": "80"
      }
    },
    {
      "type": "Feature",
      "geometry": {
        "type": "Point",
        "coordinates": [
          2.295343182,
          49.896479604
        ]
      },
      "properties": {
        "name": "Rue Jeanne Natière / Place Saint-Germain",
        "context": "Amiens, Somme",
        "citycode": "80021",
        "depcode": "80"
      }
    },
    {
      "type": "Feature",
      "geometry": {
        "type": "Point",
        "coordinates": [
          2.294926503,
          49.895925605
        ]
      },
      "properties": {
        "name": "Rue Jeanne Natière / Rue au Lin",
        "context": "Amiens, Somme",
        "citycode": "80021",
        "depcode": "80"
      }
    },
    {
      "type": "Feature",
      "geometry": {
        "type": "Point",
        "coordinates": [
          2.295331827,
          49.896470088
        ]
      },
      "properties": {
        "name": "Rue Jeanne Natière / Rue Saint-Germain",
        "context": "Amiens, Somme",
        "citycode": "80021",
        "depcode": "80"
      }
    },
    {
      "type": "Feature",
      "geometry": {
        "type": "Point",
        "coordinates": [
          2.315525381,
          49.914488116
        ]
      },
      "properties": {
        "name": "Rue Jodelle / Rue Ronsard",
        "context": "Amiens, Somme",
        "citycode": "80021",
        "depcode": "80"
      }
    },
    {
      "type": "Feature",
      "geometry": {
        "type": "Point",
        "coordinates": [
          2.306396008,
          49.890622952
        ]
      },
      "properties": {
        "name": "Rue Jules Barni / Boulevard d'Alsace-Lorraine",
        "context": "Amiens, Somme",
        "citycode": "80021",
        "depcode": "80"
      }
    },
    {
      "type": "Feature",
      "geometry": {
        "type": "Point",
        "coordinates": [
          2.306377799,
          49.890552909
        ]
      },
      "properties": {
        "name": "Rue Jules Barni / Boulevard de Belfort",
        "context": "Amiens, Somme",
        "citycode": "80021",
        "depcode": "80"
      }
    },
    {
      "type": "Feature",
      "geometry": {
        "type": "Point",
        "coordinates": [
          2.321412441,
          49.884809528
        ]
      },
      "properties": {
        "name": "Rue Jules Barni / Boulevard de Pont-Noyelles",
        "context": "Amiens, Somme",
        "citycode": "80021",
        "depcode": "80"
      }
    },
    {
      "type": "Feature",
      "geometry": {
        "type": "Point",
        "coordinates": [
          2.321533249,
          49.884774265
        ]
      },
      "properties": {
        "name": "Rue Jules Barni / Chaussée Jules Ferry",
        "context": "Amiens, Somme",
        "citycode": "80021",
        "depcode": "80"
      }
    },
    {
      "type": "Feature",
      "geometry": {
        "type": "Point",
        "coordinates": [
          2.313267471,
          49.888145539
        ]
      },
      "properties": {
        "name": "Rue Jules Barni / Impasse Capperonnier",
        "context": "Amiens, Somme",
        "citycode": "80021",
        "depcode": "80"
      }
    },
    {
      "type": "Feature",
      "geometry": {
        "type": "Point",
        "coordinates": [
          2.318259428,
          49.886186744
        ]
      },
      "properties": {
        "name": "Rue Jules Barni / Résidence Le Belvédère",
        "context": "Amiens, Somme",
        "citycode": "80021",
        "depcode": "80"
      }
    },
    {
      "type": "Feature",
      "geometry": {
        "type": "Point",
        "coordinates": [
          2.308787614,
          49.889802386
        ]
      },
      "properties": {
        "name": "Rue Jules Barni / Rue Charles de Foucauld",
        "context": "Amiens, Somme",
        "citycode": "80021",
        "depcode": "80"
      }
    },
    {
      "type": "Feature",
      "geometry": {
        "type": "Point",
        "coordinates": [
          2.316770155,
          49.886632189
        ]
      },
      "properties": {
        "name": "Rue Jules Barni / Rue de Cagny",
        "context": "Amiens, Somme",
        "citycode": "80021",
        "depcode": "80"
      }
    },
    {
      "type": "Feature",
      "geometry": {
        "type": "Point",
        "coordinates": [
          2.315506102,
          49.887167688
        ]
      },
      "properties": {
        "name": "Rue Jules Barni / Rue de Cottenchy",
        "context": "Amiens, Somme",
        "citycode": "80021",
        "depcode": "80"
      }
    },
    {
      "type": "Feature",
      "geometry": {
        "type": "Point",
        "coordinates": [
          2.319138335,
          49.885823467
        ]
      },
      "properties": {
        "name": "Rue Jules Barni / Rue de Croy",
        "context": "Amiens, Somme",
        "citycode": "80021",
        "depcode": "80"
      }
    },
    {
      "type": "Feature",
      "geometry": {
        "type": "Point",
        "coordinates": [
          2.319049753,
          49.885716663
        ]
      },
      "properties": {
        "name": "Rue Jules Barni / Rue de la Croix Saint-Firmin",
        "context": "Amiens, Somme",
        "citycode": "80021",
        "depcode": "80"
      }
    },
    {
      "type": "Feature",
      "geometry": {
        "type": "Point",
        "coordinates": [
          2.316101597,
          49.886996215
        ]
      },
      "properties": {
        "name": "Rue Jules Barni / Rue du Pinceau",
        "context": "Amiens, Somme",
        "citycode": "80021",
        "depcode": "80"
      }
    },
    {
      "type": "Feature",
      "geometry": {
        "type": "Point",
        "coordinates": [
          2.31434975,
          49.887692203
        ]
      },
      "properties": {
        "name": "Rue Jules Barni / Rue Duroyer",
        "context": "Amiens, Somme",
        "citycode": "80021",
        "depcode": "80"
      }
    },
    {
      "type": "Feature",
      "geometry": {
        "type": "Point",
        "coordinates": [
          2.320111667,
          49.885320013
        ]
      },
      "properties": {
        "name": "Rue Jules Barni / Rue Enguerrand",
        "context": "Amiens, Somme",
        "citycode": "80021",
        "depcode": "80"
      }
    },
    {
      "type": "Feature",
      "geometry": {
        "type": "Point",
        "coordinates": [
          2.31371068,
          49.887910497
        ]
      },
      "properties": {
        "name": "Rue Jules Barni / Rue Just Haüy",
        "context": "Amiens, Somme",
        "citycode": "80021",
        "depcode": "80"
      }
    },
    {
      "type": "Feature",
      "geometry": {
        "type": "Point",
        "coordinates": [
          2.320168917,
          49.885384989
        ]
      },
      "properties": {
        "name": "Rue Jules Barni / Rue le Mongnier",
        "context": "Amiens, Somme",
        "citycode": "80021",
        "depcode": "80"
      }
    },
    {
      "type": "Feature",
      "geometry": {
        "type": "Point",
        "coordinates": [
          2.31176818,
          49.888653568
        ]
      },
      "properties": {
        "name": "Rue Jules Barni / Square René Lamps",
        "context": "Amiens, Somme",
        "citycode": "80021",
        "depcode": "80"
      }
    },
    {
      "type": "Feature",
      "geometry": {
        "type": "Point",
        "coordinates": [
          2.322179356,
          49.879961741
        ]
      },
      "properties": {
        "name": "Rue Jules Guesde / Rue de Cagny",
        "context": "Amiens, Somme",
        "citycode": "80021",
        "depcode": "80"
      }
    },
    {
      "type": "Feature",
      "geometry": {
        "type": "Point",
        "coordinates": [
          2.290986694,
          49.886892052
        ]
      },
      "properties": {
        "name": "Rue Jules Lefebvre / Rue Laurendeau",
        "context": "Amiens, Somme",
        "citycode": "80021",
        "depcode": "80"
      }
    },
    {
      "type": "Feature",
      "geometry": {
        "type": "Point",
        "coordinates": [
          2.313724251,
          49.887875873
        ]
      },
      "properties": {
        "name": "Rue Just Haüy / Rue Jules Barni",
        "context": "Amiens, Somme",
        "citycode": "80021",
        "depcode": "80"
      }
    },
    {
      "type": "Feature",
      "geometry": {
        "type": "Point",
        "coordinates": [
          2.322102678,
          49.872203012
        ]
      },
      "properties": {
        "name": "Rue Laënnec / Allée du Parc",
        "context": "Amiens, Somme",
        "citycode": "80021",
        "depcode": "80"
      }
    },
    {
      "type": "Feature",
      "geometry": {
        "type": "Point",
        "coordinates": [
          2.321715707,
          49.872028136
        ]
      },
      "properties": {
        "name": "Rue Laënnec / Rue Edmond Rostand",
        "context": "Amiens, Somme",
        "citycode": "80021",
        "depcode": "80"
      }
    },
    {
      "type": "Feature",
      "geometry": {
        "type": "Point",
        "coordinates": [
          2.296374563,
          49.902303748
        ]
      },
      "properties": {
        "name": "Rue Lafayette / Place Kruger",
        "context": "Amiens, Somme",
        "citycode": "80021",
        "depcode": "80"
      }
    },
    {
      "type": "Feature",
      "geometry": {
        "type": "Point",
        "coordinates": [
          2.296373193,
          49.902309465
        ]
      },
      "properties": {
        "name": "Rue Lafayette / Rue Montesquieu",
        "context": "Amiens, Somme",
        "citycode": "80021",
        "depcode": "80"
      }
    },
    {
      "type": "Feature",
      "geometry": {
        "type": "Point",
        "coordinates": [
          2.297253678,
          49.888824917
        ]
      },
      "properties": {
        "name": "Rue Lamarck / Mail Albert 1er",
        "context": "Amiens, Somme",
        "citycode": "80021",
        "depcode": "80"
      }
    },
    {
      "type": "Feature",
      "geometry": {
        "type": "Point",
        "coordinates": [
          2.297207247,
          49.88876045
        ]
      },
      "properties": {
        "name": "Rue Lamarck / Rue Delpech",
        "context": "Amiens, Somme",
        "citycode": "80021",
        "depcode": "80"
      }
    },
    {
      "type": "Feature",
      "geometry": {
        "type": "Point",
        "coordinates": [
          2.299321239,
          49.891755229
        ]
      },
      "properties": {
        "name": "Rue Lamarck / Rue des Jacobins",
        "context": "Amiens, Somme",
        "citycode": "80021",
        "depcode": "80"
      }
    },
    {
      "type": "Feature",
      "geometry": {
        "type": "Point",
        "coordinates": [
          2.298010021,
          49.88987955
        ]
      },
      "properties": {
        "name": "Rue Lamarck / Rue Duthoit",
        "context": "Amiens, Somme",
        "citycode": "80021",
        "depcode": "80"
      }
    },
    {
      "type": "Feature",
      "geometry": {
        "type": "Point",
        "coordinates": [
          2.304538534,
          49.891573766
        ]
      },
      "properties": {
        "name": "Rue Lamartine / Passage Auguste Perret",
        "context": "Amiens, Somme",
        "citycode": "80021",
        "depcode": "80"
      }
    },
    {
      "type": "Feature",
      "geometry": {
        "type": "Point",
        "coordinates": [
          2.304172582,
          49.891249879
        ]
      },
      "properties": {
        "name": "Rue Lamartine / Place René Goblet",
        "context": "Amiens, Somme",
        "citycode": "80021",
        "depcode": "80"
      }
    },
    {
      "type": "Feature",
      "geometry": {
        "type": "Point",
        "coordinates": [
          2.304173058,
          49.891247773
        ]
      },
      "properties": {
        "name": "Rue Lamartine / Rue Caudron",
        "context": "Amiens, Somme",
        "citycode": "80021",
        "depcode": "80"
      }
    },
    {
      "type": "Feature",
      "geometry": {
        "type": "Point",
        "coordinates": [
          2.308118039,
          49.893392142
        ]
      },
      "properties": {
        "name": "Rue Lameth / Boulevard d'Alsace-Lorraine",
        "context": "Amiens, Somme",
        "citycode": "80021",
        "depcode": "80"
      }
    },
    {
      "type": "Feature",
      "geometry": {
        "type": "Point",
        "coordinates": [
          2.307009983,
          49.893695593
        ]
      },
      "properties": {
        "name": "Rue Lameth / Rue Cardon",
        "context": "Amiens, Somme",
        "citycode": "80021",
        "depcode": "80"
      }
    },
    {
      "type": "Feature",
      "geometry": {
        "type": "Point",
        "coordinates": [
          2.30701079,
          49.893690395
        ]
      },
      "properties": {
        "name": "Rue Lameth / Rue des Cannettes",
        "context": "Amiens, Somme",
        "citycode": "80021",
        "depcode": "80"
      }
    },
    {
      "type": "Feature",
      "geometry": {
        "type": "Point",
        "coordinates": [
          2.309373229,
          49.884472526
        ]
      },
      "properties": {
        "name": "Rue Langles / Impasse Retel",
        "context": "Amiens, Somme",
        "citycode": "80021",
        "depcode": "80"
      }
    },
    {
      "type": "Feature",
      "geometry": {
        "type": "Point",
        "coordinates": [
          2.284313252,
          49.892345422
        ]
      },
      "properties": {
        "name": "Rue Lannoy / Avenue du Général Foy",
        "context": "Amiens, Somme",
        "citycode": "80021",
        "depcode": "80"
      }
    },
    {
      "type": "Feature",
      "geometry": {
        "type": "Point",
        "coordinates": [
          2.316648555,
          49.8928658
        ]
      },
      "properties": {
        "name": "Rue Lapostolle / Petite Avre",
        "context": "Amiens, Somme",
        "citycode": "80021",
        "depcode": "80"
      }
    },
    {
      "type": "Feature",
      "geometry": {
        "type": "Point",
        "coordinates": [
          2.316807875,
          49.893172571
        ]
      },
      "properties": {
        "name": "Rue Lapostolle / Rue de Verdun",
        "context": "Amiens, Somme",
        "citycode": "80021",
        "depcode": "80"
      }
    },
    {
      "type": "Feature",
      "geometry": {
        "type": "Point",
        "coordinates": [
          2.316460732,
          49.892486524
        ]
      },
      "properties": {
        "name": "Rue Lapostolle / Rue Denis Papin",
        "context": "Amiens, Somme",
        "citycode": "80021",
        "depcode": "80"
      }
    },
    {
      "type": "Feature",
      "geometry": {
        "type": "Point",
        "coordinates": [
          2.316646583,
          49.892826756
        ]
      },
      "properties": {
        "name": "Rue Lapostolle / Rue Stephenson",
        "context": "Amiens, Somme",
        "citycode": "80021",
        "depcode": "80"
      }
    },
    {
      "type": "Feature",
      "geometry": {
        "type": "Point",
        "coordinates": [
          2.288925942,
          49.887402259
        ]
      },
      "properties": {
        "name": "Rue Laurendeau / Route de Paris D1001",
        "context": "Amiens, Somme",
        "citycode": "80021",
        "depcode": "80"
      }
    },
    {
      "type": "Feature",
      "geometry": {
        "type": "Point",
        "coordinates": [
          2.302160798,
          49.884601164
        ]
      },
      "properties": {
        "name": "Rue Laurendeau / Rue Albéric de Calonne",
        "context": "Amiens, Somme",
        "citycode": "80021",
        "depcode": "80"
      }
    },
    {
      "type": "Feature",
      "geometry": {
        "type": "Point",
        "coordinates": [
          2.295783521,
          49.885714553
        ]
      },
      "properties": {
        "name": "Rue Laurendeau / Rue Delpech",
        "context": "Amiens, Somme",
        "citycode": "80021",
        "depcode": "80"
      }
    },
    {
      "type": "Feature",
      "geometry": {
        "type": "Point",
        "coordinates": [
          2.300326117,
          49.884749327
        ]
      },
      "properties": {
        "name": "Rue Laurendeau / Rue Dhavernas",
        "context": "Amiens, Somme",
        "citycode": "80021",
        "depcode": "80"
      }
    },
    {
      "type": "Feature",
      "geometry": {
        "type": "Point",
        "coordinates": [
          2.293034365,
          49.886402883
        ]
      },
      "properties": {
        "name": "Rue Laurendeau / Rue Gaulthier de Rumilly",
        "context": "Amiens, Somme",
        "citycode": "80021",
        "depcode": "80"
      }
    },
    {
      "type": "Feature",
      "geometry": {
        "type": "Point",
        "coordinates": [
          2.292065577,
          49.886617707
        ]
      },
      "properties": {
        "name": "Rue Laurendeau / Rue Le Mattre",
        "context": "Amiens, Somme",
        "citycode": "80021",
        "depcode": "80"
      }
    },
    {
      "type": "Feature",
      "geometry": {
        "type": "Point",
        "coordinates": [
          2.299328263,
          49.884842332
        ]
      },
      "properties": {
        "name": "Rue Laurendeau / Rue Lemerchier",
        "context": "Amiens, Somme",
        "citycode": "80021",
        "depcode": "80"
      }
    },
    {
      "type": "Feature",
      "geometry": {
        "type": "Point",
        "coordinates": [
          2.294420182,
          49.891698298
        ]
      },
      "properties": {
        "name": "Rue Lavalard / Rue Albert Roze",
        "context": "Amiens, Somme",
        "citycode": "80021",
        "depcode": "80"
      }
    },
    {
      "type": "Feature",
      "geometry": {
        "type": "Point",
        "coordinates": [
          2.295068224,
          49.892562069
        ]
      },
      "properties": {
        "name": "Rue Lavalard / Rue des Cordeliers",
        "context": "Amiens, Somme",
        "citycode": "80021",
        "depcode": "80"
      }
    },
    {
      "type": "Feature",
      "geometry": {
        "type": "Point",
        "coordinates": [
          2.293707044,
          49.890647042
        ]
      },
      "properties": {
        "name": "Rue Lavalard / Rue des Louvels",
        "context": "Amiens, Somme",
        "citycode": "80021",
        "depcode": "80"
      }
    },
    {
      "type": "Feature",
      "geometry": {
        "type": "Point",
        "coordinates": [
          2.286126622,
          49.894111491
        ]
      },
      "properties": {
        "name": "Rue Lavoisier / Boulevard Garibaldi",
        "context": "Amiens, Somme",
        "citycode": "80021",
        "depcode": "80"
      }
    },
    {
      "type": "Feature",
      "geometry": {
        "type": "Point",
        "coordinates": [
          2.322150753,
          49.868296963
        ]
      },
      "properties": {
        "name": "Rue Le Corbusier / Chemin de Cottenchy",
        "context": "Amiens, Somme",
        "citycode": "80021",
        "depcode": "80"
      }
    },
    {
      "type": "Feature",
      "geometry": {
        "type": "Point",
        "coordinates": [
          2.332746899,
          49.869059701
        ]
      },
      "properties": {
        "name": "Rue Le Corbusier / Impasse Andre Lurcat",
        "context": "Amiens, Somme",
        "citycode": "80021",
        "depcode": "80"
      }
    },
    {
      "type": "Feature",
      "geometry": {
        "type": "Point",
        "coordinates": [
          2.323216468,
          49.868580702
        ]
      },
      "properties": {
        "name": "Rue Le Corbusier / Rue Jacques Vignole",
        "context": "Amiens, Somme",
        "citycode": "80021",
        "depcode": "80"
      }
    },
    {
      "type": "Feature",
      "geometry": {
        "type": "Point",
        "coordinates": [
          2.326804357,
          49.868597963
        ]
      },
      "properties": {
        "name": "Rue Le Corbusier / Rue Niémeyer",
        "context": "Amiens, Somme",
        "citycode": "80021",
        "depcode": "80"
      }
    },
    {
      "type": "Feature",
      "geometry": {
        "type": "Point",
        "coordinates": [
          2.330029714,
          49.868934915
        ]
      },
      "properties": {
        "name": "Rue Le Corbusier / Rue Philibert Delorme",
        "context": "Amiens, Somme",
        "citycode": "80021",
        "depcode": "80"
      }
    },
    {
      "type": "Feature",
      "geometry": {
        "type": "Point",
        "coordinates": [
          2.329546391,
          49.868837308
        ]
      },
      "properties": {
        "name": "Rue Le Corbusier / Rue Rousseau",
        "context": "Amiens, Somme",
        "citycode": "80021",
        "depcode": "80"
      }
    },
    {
      "type": "Feature",
      "geometry": {
        "type": "Point",
        "coordinates": [
          2.325042361,
          49.868261677
        ]
      },
      "properties": {
        "name": "Rue Le Corbusier / Rue Soufflot",
        "context": "Amiens, Somme",
        "citycode": "80021",
        "depcode": "80"
      }
    },
    {
      "type": "Feature",
      "geometry": {
        "type": "Point",
        "coordinates": [
          2.327682911,
          49.868541696
        ]
      },
      "properties": {
        "name": "Rue Le Corbusier / Rue Tourmamiantz",
        "context": "Amiens, Somme",
        "citycode": "80021",
        "depcode": "80"
      }
    },
    {
      "type": "Feature",
      "geometry": {
        "type": "Point",
        "coordinates": [
          2.332280934,
          49.869174129
        ]
      },
      "properties": {
        "name": "Rue Le Corbusier / Rue Viollet le Duc",
        "context": "Amiens, Somme",
        "citycode": "80021",
        "depcode": "80"
      }
    },
    {
      "type": "Feature",
      "geometry": {
        "type": "Point",
        "coordinates": [
          2.302088506,
          49.924687546
        ]
      },
      "properties": {
        "name": "Rue Le Gréco / Rue le Tintoret",
        "context": "Amiens, Somme",
        "citycode": "80021",
        "depcode": "80"
      }
    },
    {
      "type": "Feature",
      "geometry": {
        "type": "Point",
        "coordinates": [
          2.291655175,
          49.886117034
        ]
      },
      "properties": {
        "name": "Rue Le Mattre / Allée des Vignerons",
        "context": "Amiens, Somme",
        "citycode": "80021",
        "depcode": "80"
      }
    },
    {
      "type": "Feature",
      "geometry": {
        "type": "Point",
        "coordinates": [
          2.291278028,
          49.885614136
        ]
      },
      "properties": {
        "name": "Rue Le Mattre / Allée Olympe de Gouges",
        "context": "Amiens, Somme",
        "citycode": "80021",
        "depcode": "80"
      }
    },
    {
      "type": "Feature",
      "geometry": {
        "type": "Point",
        "coordinates": [
          2.293725657,
          49.888627427
        ]
      },
      "properties": {
        "name": "Rue Le Mattre / Boulevard Pasteur",
        "context": "Amiens, Somme",
        "citycode": "80021",
        "depcode": "80"
      }
    },
    {
      "type": "Feature",
      "geometry": {
        "type": "Point",
        "coordinates": [
          2.290672077,
          49.884825387
        ]
      },
      "properties": {
        "name": "Rue Le Mattre / Rue de la Fosse au Lait",
        "context": "Amiens, Somme",
        "citycode": "80021",
        "depcode": "80"
      }
    },
    {
      "type": "Feature",
      "geometry": {
        "type": "Point",
        "coordinates": [
          2.290538318,
          49.884278614
        ]
      },
      "properties": {
        "name": "Rue Le Mattre / Rue du Colonel Tempez",
        "context": "Amiens, Somme",
        "citycode": "80021",
        "depcode": "80"
      }
    },
    {
      "type": "Feature",
      "geometry": {
        "type": "Point",
        "coordinates": [
          2.290251073,
          49.883357209
        ]
      },
      "properties": {
        "name": "Rue Le Mattre / Rue Hecquet",
        "context": "Amiens, Somme",
        "citycode": "80021",
        "depcode": "80"
      }
    },
    {
      "type": "Feature",
      "geometry": {
        "type": "Point",
        "coordinates": [
          2.292071055,
          49.88661032
        ]
      },
      "properties": {
        "name": "Rue Le Mattre / Rue Laurendeau",
        "context": "Amiens, Somme",
        "citycode": "80021",
        "depcode": "80"
      }
    },
    {
      "type": "Feature",
      "geometry": {
        "type": "Point",
        "coordinates": [
          2.291265415,
          49.885627188
        ]
      },
      "properties": {
        "name": "Rue Le Mattre / Rue Liénard Lesecq",
        "context": "Amiens, Somme",
        "citycode": "80021",
        "depcode": "80"
      }
    },
    {
      "type": "Feature",
      "geometry": {
        "type": "Point",
        "coordinates": [
          2.32249901,
          49.887687552
        ]
      },
      "properties": {
        "name": "Rue le Mongnier / Rue de la Délivrance",
        "context": "Amiens, Somme",
        "citycode": "80021",
        "depcode": "80"
      }
    },
    {
      "type": "Feature",
      "geometry": {
        "type": "Point",
        "coordinates": [
          2.321345293,
          49.886545637
        ]
      },
      "properties": {
        "name": "Rue le Mongnier / Rue Jean Boen",
        "context": "Amiens, Somme",
        "citycode": "80021",
        "depcode": "80"
      }
    },
    {
      "type": "Feature",
      "geometry": {
        "type": "Point",
        "coordinates": [
          2.320193126,
          49.88538664
        ]
      },
      "properties": {
        "name": "Rue le Mongnier / Rue Jules Barni",
        "context": "Amiens, Somme",
        "citycode": "80021",
        "depcode": "80"
      }
    },
    {
      "type": "Feature",
      "geometry": {
        "type": "Point",
        "coordinates": [
          2.32248018,
          49.887689913
        ]
      },
      "properties": {
        "name": "Rue le Mongnier / Rue Riolan",
        "context": "Amiens, Somme",
        "citycode": "80021",
        "depcode": "80"
      }
    },
    {
      "type": "Feature",
      "geometry": {
        "type": "Point",
        "coordinates": [
          2.321927627,
          49.887147127
        ]
      },
      "properties": {
        "name": "Rue le Mongnier / Rue Sire Bernard",
        "context": "Amiens, Somme",
        "citycode": "80021",
        "depcode": "80"
      }
    },
    {
      "type": "Feature",
      "geometry": {
        "type": "Point",
        "coordinates": [
          2.321655332,
          49.886838282
        ]
      },
      "properties": {
        "name": "Rue le Mongnier / Rue Vion",
        "context": "Amiens, Somme",
        "citycode": "80021",
        "depcode": "80"
      }
    },
    {
      "type": "Feature",
      "geometry": {
        "type": "Point",
        "coordinates": [
          2.290851582,
          49.889385008
        ]
      },
      "properties": {
        "name": "Rue Le Nôtre / Esplanade Édouard Branly",
        "context": "Amiens, Somme",
        "citycode": "80021",
        "depcode": "80"
      }
    },
    {
      "type": "Feature",
      "geometry": {
        "type": "Point",
        "coordinates": [
          2.294482271,
          49.888007144
        ]
      },
      "properties": {
        "name": "Rue Le Nôtre / Rue Blasset",
        "context": "Amiens, Somme",
        "citycode": "80021",
        "depcode": "80"
      }
    },
    {
      "type": "Feature",
      "geometry": {
        "type": "Point",
        "coordinates": [
          2.294082889,
          49.888116546
        ]
      },
      "properties": {
        "name": "Rue Le Nôtre / Rue Gaulthier de Rumilly",
        "context": "Amiens, Somme",
        "citycode": "80021",
        "depcode": "80"
      }
    },
    {
      "type": "Feature",
      "geometry": {
        "type": "Point",
        "coordinates": [
          2.292728911,
          49.888625867
        ]
      },
      "properties": {
        "name": "Rue Le Nôtre / Rue Jules Lefebvre",
        "context": "Amiens, Somme",
        "citycode": "80021",
        "depcode": "80"
      }
    },
    {
      "type": "Feature",
      "geometry": {
        "type": "Point",
        "coordinates": [
          2.293500634,
          49.888348766
        ]
      },
      "properties": {
        "name": "Rue Le Nôtre / Rue Le Mattre",
        "context": "Amiens, Somme",
        "citycode": "80021",
        "depcode": "80"
      }
    },
    {
      "type": "Feature",
      "geometry": {
        "type": "Point",
        "coordinates": [
          2.270096635,
          49.904620503
        ]
      },
      "properties": {
        "name": "Rue Le Séneschal / Rue de l'Escalopier",
        "context": "Amiens, Somme",
        "citycode": "80021",
        "depcode": "80"
      }
    },
    {
      "type": "Feature",
      "geometry": {
        "type": "Point",
        "coordinates": [
          2.270330494,
          49.90424671
        ]
      },
      "properties": {
        "name": "Rue Le Séneschal / Rue Garnier",
        "context": "Amiens, Somme",
        "citycode": "80021",
        "depcode": "80"
      }
    },
    {
      "type": "Feature",
      "geometry": {
        "type": "Point",
        "coordinates": [
          2.270616625,
          49.903878221
        ]
      },
      "properties": {
        "name": "Rue Le Séneschal / Rue Pierre Derobertmazure",
        "context": "Amiens, Somme",
        "citycode": "80021",
        "depcode": "80"
      }
    },
    {
      "type": "Feature",
      "geometry": {
        "type": "Point",
        "coordinates": [
          2.3020951,
          49.9247037
        ]
      },
      "properties": {
        "name": "Rue le Tintoret / Rue Le Gréco",
        "context": "Amiens, Somme",
        "citycode": "80021",
        "depcode": "80"
      }
    },
    {
      "type": "Feature",
      "geometry": {
        "type": "Point",
        "coordinates": [
          2.296952356,
          49.923527875
        ]
      },
      "properties": {
        "name": "Rue le Tintoret / Rue Titien",
        "context": "Amiens, Somme",
        "citycode": "80021",
        "depcode": "80"
      }
    },
    {
      "type": "Feature",
      "geometry": {
        "type": "Point",
        "coordinates": [
          2.287408444,
          49.899207794
        ]
      },
      "properties": {
        "name": "Rue Ledieu / Allée des Henson",
        "context": "Amiens, Somme",
        "citycode": "80021",
        "depcode": "80"
      }
    },
    {
      "type": "Feature",
      "geometry": {
        "type": "Point",
        "coordinates": [
          2.287181867,
          49.898468245
        ]
      },
      "properties": {
        "name": "Rue Ledieu / Rue du Cocher",
        "context": "Amiens, Somme",
        "citycode": "80021",
        "depcode": "80"
      }
    },
    {
      "type": "Feature",
      "geometry": {
        "type": "Point",
        "coordinates": [
          2.313109976,
          49.893523155
        ]
      },
      "properties": {
        "name": "Rue Legrand d'Aussy / Petite Avre",
        "context": "Amiens, Somme",
        "citycode": "80021",
        "depcode": "80"
      }
    },
    {
      "type": "Feature",
      "geometry": {
        "type": "Point",
        "coordinates": [
          2.313045341,
          49.893439829
        ]
      },
      "properties": {
        "name": "Rue Legrand d'Aussy / Rue Cottrelle-Maisant",
        "context": "Amiens, Somme",
        "citycode": "80021",
        "depcode": "80"
      }
    },
    {
      "type": "Feature",
      "geometry": {
        "type": "Point",
        "coordinates": [
          2.311883108,
          49.891258202
        ]
      },
      "properties": {
        "name": "Rue Legrand d'Aussy / Rue de la Vallée",
        "context": "Amiens, Somme",
        "citycode": "80021",
        "depcode": "80"
      }
    },
    {
      "type": "Feature",
      "geometry": {
        "type": "Point",
        "coordinates": [
          2.312868216,
          49.893121279
        ]
      },
      "properties": {
        "name": "Rue Legrand d'Aussy / Rue de Mareuil",
        "context": "Amiens, Somme",
        "citycode": "80021",
        "depcode": "80"
      }
    },
    {
      "type": "Feature",
      "geometry": {
        "type": "Point",
        "coordinates": [
          2.313361163,
          49.8939981
        ]
      },
      "properties": {
        "name": "Rue Legrand d'Aussy / Rue de Verdun",
        "context": "Amiens, Somme",
        "citycode": "80021",
        "depcode": "80"
      }
    },
    {
      "type": "Feature",
      "geometry": {
        "type": "Point",
        "coordinates": [
          2.31226429,
          49.891919346
        ]
      },
      "properties": {
        "name": "Rue Legrand d'Aussy / Rue Dejean",
        "context": "Amiens, Somme",
        "citycode": "80021",
        "depcode": "80"
      }
    },
    {
      "type": "Feature",
      "geometry": {
        "type": "Point",
        "coordinates": [
          2.312246343,
          49.891919901
        ]
      },
      "properties": {
        "name": "Rue Legrand d'Aussy / Rue Jean Mermoz",
        "context": "Amiens, Somme",
        "citycode": "80021",
        "depcode": "80"
      }
    },
    {
      "type": "Feature",
      "geometry": {
        "type": "Point",
        "coordinates": [
          2.312439451,
          49.892343909
        ]
      },
      "properties": {
        "name": "Rue Legrand d'Aussy / Rue Masclef",
        "context": "Amiens, Somme",
        "citycode": "80021",
        "depcode": "80"
      }
    },
    {
      "type": "Feature",
      "geometry": {
        "type": "Point",
        "coordinates": [
          2.312676118,
          49.892709453
        ]
      },
      "properties": {
        "name": "Rue Legrand d'Aussy / Rue Saint-Fiacre",
        "context": "Amiens, Somme",
        "citycode": "80021",
        "depcode": "80"
      }
    },
    {
      "type": "Feature",
      "geometry": {
        "type": "Point",
        "coordinates": [
          2.298233491,
          49.879363329
        ]
      },
      "properties": {
        "name": "Rue Lemerchier / Boulevard de Saint-Quentin",
        "context": "Amiens, Somme",
        "citycode": "80021",
        "depcode": "80"
      }
    },
    {
      "type": "Feature",
      "geometry": {
        "type": "Point",
        "coordinates": [
          2.299325605,
          49.8848556
        ]
      },
      "properties": {
        "name": "Rue Lemerchier / Rue Laurendeau",
        "context": "Amiens, Somme",
        "citycode": "80021",
        "depcode": "80"
      }
    },
    {
      "type": "Feature",
      "geometry": {
        "type": "Point",
        "coordinates": [
          2.299523615,
          49.885822819
        ]
      },
      "properties": {
        "name": "Rue Lemerchier / Rue Morgan",
        "context": "Amiens, Somme",
        "citycode": "80021",
        "depcode": "80"
      }
    },
    {
      "type": "Feature",
      "geometry": {
        "type": "Point",
        "coordinates": [
          2.299651354,
          49.886517813
        ]
      },
      "properties": {
        "name": "Rue Lemerchier / Rue Voiture",
        "context": "Amiens, Somme",
        "citycode": "80021",
        "depcode": "80"
      }
    },
    {
      "type": "Feature",
      "geometry": {
        "type": "Point",
        "coordinates": [
          2.309746249,
          49.910583457
        ]
      },
      "properties": {
        "name": "Rue Léo Lagrange / Rue César Franck",
        "context": "Amiens, Somme",
        "citycode": "80021",
        "depcode": "80"
      }
    },
    {
      "type": "Feature",
      "geometry": {
        "type": "Point",
        "coordinates": [
          2.315190895,
          49.910552965
        ]
      },
      "properties": {
        "name": "Rue Léo Lagrange / Rue Lucien Lecointe",
        "context": "Amiens, Somme",
        "citycode": "80021",
        "depcode": "80"
      }
    },
    {
      "type": "Feature",
      "geometry": {
        "type": "Point",
        "coordinates": [
          2.313630751,
          49.910582062
        ]
      },
      "properties": {
        "name": "Rue Léo Lagrange / Rue Massenet",
        "context": "Amiens, Somme",
        "citycode": "80021",
        "depcode": "80"
      }
    },
    {
      "type": "Feature",
      "geometry": {
        "type": "Point",
        "coordinates": [
          2.311205172,
          49.910574912
        ]
      },
      "properties": {
        "name": "Rue Léo Lagrange / Rue René Coty",
        "context": "Amiens, Somme",
        "citycode": "80021",
        "depcode": "80"
      }
    },
    {
      "type": "Feature",
      "geometry": {
        "type": "Point",
        "coordinates": [
          2.306720858,
          49.910583357
        ]
      },
      "properties": {
        "name": "Rue Léo Lagrange / Rue Winston Churchill",
        "context": "Amiens, Somme",
        "citycode": "80021",
        "depcode": "80"
      }
    },
    {
      "type": "Feature",
      "geometry": {
        "type": "Point",
        "coordinates": [
          2.294703986,
          49.895204901
        ]
      },
      "properties": {
        "name": "Rue Léon Blum / Passage des Halles",
        "context": "Amiens, Somme",
        "citycode": "80021",
        "depcode": "80"
      }
    },
    {
      "type": "Feature",
      "geometry": {
        "type": "Point",
        "coordinates": [
          2.294526603,
          49.89462895
        ]
      },
      "properties": {
        "name": "Rue Léon Blum / Passage du Baillage",
        "context": "Amiens, Somme",
        "citycode": "80021",
        "depcode": "80"
      }
    },
    {
      "type": "Feature",
      "geometry": {
        "type": "Point",
        "coordinates": [
          2.294701932,
          49.895199293
        ]
      },
      "properties": {
        "name": "Rue Léon Blum / Rue de Metz",
        "context": "Amiens, Somme",
        "citycode": "80021",
        "depcode": "80"
      }
    },
    {
      "type": "Feature",
      "geometry": {
        "type": "Point",
        "coordinates": [
          2.294242629,
          49.893896481
        ]
      },
      "properties": {
        "name": "Rue Léon Blum / Rue Gresset",
        "context": "Amiens, Somme",
        "citycode": "80021",
        "depcode": "80"
      }
    },
    {
      "type": "Feature",
      "geometry": {
        "type": "Point",
        "coordinates": [
          2.308601572,
          49.904055399
        ]
      },
      "properties": {
        "name": "Rue Léon Dupontreué D929 / Rue Valentin Haüy",
        "context": "Amiens, Somme",
        "citycode": "80021",
        "depcode": "80"
      }
    },
    {
      "type": "Feature",
      "geometry": {
        "type": "Point",
        "coordinates": [
          2.316663161,
          49.885904365
        ]
      },
      "properties": {
        "name": "Rue Leprince / Rue de Cagny",
        "context": "Amiens, Somme",
        "citycode": "80021",
        "depcode": "80"
      }
    },
    {
      "type": "Feature",
      "geometry": {
        "type": "Point",
        "coordinates": [
          2.315524139,
          49.88585148
        ]
      },
      "properties": {
        "name": "Rue Leprince / Rue Jean Burger",
        "context": "Amiens, Somme",
        "citycode": "80021",
        "depcode": "80"
      }
    },
    {
      "type": "Feature",
      "geometry": {
        "type": "Point",
        "coordinates": [
          2.320462894,
          49.876702956
        ]
      },
      "properties": {
        "name": "Rue Les Provinciales / Rue Blaise Pascal",
        "context": "Amiens, Somme",
        "citycode": "80021",
        "depcode": "80"
      }
    },
    {
      "type": "Feature",
      "geometry": {
        "type": "Point",
        "coordinates": [
          2.319414041,
          49.875193917
        ]
      },
      "properties": {
        "name": "Rue Les Provinciales / Rue Descartes",
        "context": "Amiens, Somme",
        "citycode": "80021",
        "depcode": "80"
      }
    },
    {
      "type": "Feature",
      "geometry": {
        "type": "Point",
        "coordinates": [
          2.277185928,
          49.890930889
        ]
      },
      "properties": {
        "name": "Rue Lescouvé / Pont Jacques Chirac",
        "context": "Amiens, Somme",
        "citycode": "80021",
        "depcode": "80"
      }
    },
    {
      "type": "Feature",
      "geometry": {
        "type": "Point",
        "coordinates": [
          2.279505155,
          49.891379579
        ]
      },
      "properties": {
        "name": "Rue Lescouvé / Rue Chabannes",
        "context": "Amiens, Somme",
        "citycode": "80021",
        "depcode": "80"
      }
    },
    {
      "type": "Feature",
      "geometry": {
        "type": "Point",
        "coordinates": [
          2.2647859,
          49.88813476
        ]
      },
      "properties": {
        "name": "Rue Lescouvé / Rue Colbert",
        "context": "Amiens, Somme",
        "citycode": "80021",
        "depcode": "80"
      }
    },
    {
      "type": "Feature",
      "geometry": {
        "type": "Point",
        "coordinates": [
          2.279508374,
          49.891376898
        ]
      },
      "properties": {
        "name": "Rue Lescouvé / Rue Gaston Moutardier",
        "context": "Amiens, Somme",
        "citycode": "80021",
        "depcode": "80"
      }
    },
    {
      "type": "Feature",
      "geometry": {
        "type": "Point",
        "coordinates": [
          2.279508393,
          49.891378109
        ]
      },
      "properties": {
        "name": "Rue Lescouvé / Rue Philippe Lebon",
        "context": "Amiens, Somme",
        "citycode": "80021",
        "depcode": "80"
      }
    },
    {
      "type": "Feature",
      "geometry": {
        "type": "Point",
        "coordinates": [
          2.301118461,
          49.893294111
        ]
      },
      "properties": {
        "name": "Rue Lesueur / Place d'Aguesseau",
        "context": "Amiens, Somme",
        "citycode": "80021",
        "depcode": "80"
      }
    },
    {
      "type": "Feature",
      "geometry": {
        "type": "Point",
        "coordinates": [
          2.302368539,
          49.892886002
        ]
      },
      "properties": {
        "name": "Rue Lesueur / Rue Victor Hugo",
        "context": "Amiens, Somme",
        "citycode": "80021",
        "depcode": "80"
      }
    },
    {
      "type": "Feature",
      "geometry": {
        "type": "Point",
        "coordinates": [
          2.288662616,
          49.892607027
        ]
      },
      "properties": {
        "name": "Rue Lhomond / Rue Frédéric Petit",
        "context": "Amiens, Somme",
        "citycode": "80021",
        "depcode": "80"
      }
    },
    {
      "type": "Feature",
      "geometry": {
        "type": "Point",
        "coordinates": [
          2.28866989,
          49.892611848
        ]
      },
      "properties": {
        "name": "Rue Lhomond / Rue Robert Pierre",
        "context": "Amiens, Somme",
        "citycode": "80021",
        "depcode": "80"
      }
    },
    {
      "type": "Feature",
      "geometry": {
        "type": "Point",
        "coordinates": [
          2.291269905,
          49.885617906
        ]
      },
      "properties": {
        "name": "Rue Liénard Lesecq / Allée Olympe de Gouges",
        "context": "Amiens, Somme",
        "citycode": "80021",
        "depcode": "80"
      }
    },
    {
      "type": "Feature",
      "geometry": {
        "type": "Point",
        "coordinates": [
          2.291260421,
          49.885615819
        ]
      },
      "properties": {
        "name": "Rue Liénard Lesecq / Rue Le Mattre",
        "context": "Amiens, Somme",
        "citycode": "80021",
        "depcode": "80"
      }
    },
    {
      "type": "Feature",
      "geometry": {
        "type": "Point",
        "coordinates": [
          2.31632534,
          49.871021687
        ]
      },
      "properties": {
        "name": "Rue Lord Cornwallis / Rue Jean-Marc Laurent",
        "context": "Amiens, Somme",
        "citycode": "80021",
        "depcode": "80"
      }
    },
    {
      "type": "Feature",
      "geometry": {
        "type": "Point",
        "coordinates": [
          2.276513505,
          49.889203364
        ]
      },
      "properties": {
        "name": "Rue Louis Antoine de Saint-Just / Rue Dauphin-Obry",
        "context": "Amiens, Somme",
        "citycode": "80021",
        "depcode": "80"
      }
    },
    {
      "type": "Feature",
      "geometry": {
        "type": "Point",
        "coordinates": [
          2.300507216,
          49.907622885
        ]
      },
      "properties": {
        "name": "Rue Louis Blériot / Rue René Fonck",
        "context": "Amiens, Somme",
        "citycode": "80021",
        "depcode": "80"
      }
    },
    {
      "type": "Feature",
      "geometry": {
        "type": "Point",
        "coordinates": [
          2.312970214,
          49.905316946
        ]
      },
      "properties": {
        "name": "Rue Louis Braille / Rue Léon Dupontreué D929",
        "context": "Amiens, Somme",
        "citycode": "80021",
        "depcode": "80"
      }
    },
    {
      "type": "Feature",
      "geometry": {
        "type": "Point",
        "coordinates": [
          2.309346611,
          49.905394931
        ]
      },
      "properties": {
        "name": "Rue Louis Ruffel / Impasse Blancard",
        "context": "Amiens, Somme",
        "citycode": "80021",
        "depcode": "80"
      }
    },
    {
      "type": "Feature",
      "geometry": {
        "type": "Point",
        "coordinates": [
          2.309968346,
          49.904499222
        ]
      },
      "properties": {
        "name": "Rue Louis Ruffel / Rue Léon Dupontreué D929",
        "context": "Amiens, Somme",
        "citycode": "80021",
        "depcode": "80"
      }
    },
    {
      "type": "Feature",
      "geometry": {
        "type": "Point",
        "coordinates": [
          2.308872296,
          49.906033188
        ]
      },
      "properties": {
        "name": "Rue Louis Ruffel / Rue Lucien Lecointe",
        "context": "Amiens, Somme",
        "citycode": "80021",
        "depcode": "80"
      }
    },
    {
      "type": "Feature",
      "geometry": {
        "type": "Point",
        "coordinates": [
          2.302132224,
          49.884590507
        ]
      },
      "properties": {
        "name": "Rue Louis Thuillier / Rue Albéric de Calonne",
        "context": "Amiens, Somme",
        "citycode": "80021",
        "depcode": "80"
      }
    },
    {
      "type": "Feature",
      "geometry": {
        "type": "Point",
        "coordinates": [
          2.302481972,
          49.881553019
        ]
      },
      "properties": {
        "name": "Rue Louis Thuillier / Rue Camille Desmoulins",
        "context": "Amiens, Somme",
        "citycode": "80021",
        "depcode": "80"
      }
    },
    {
      "type": "Feature",
      "geometry": {
        "type": "Point",
        "coordinates": [
          2.302170013,
          49.884590479
        ]
      },
      "properties": {
        "name": "Rue Louis Thuillier / Rue Évrard de Fouilloy",
        "context": "Amiens, Somme",
        "citycode": "80021",
        "depcode": "80"
      }
    },
    {
      "type": "Feature",
      "geometry": {
        "type": "Point",
        "coordinates": [
          2.302101433,
          49.884584369
        ]
      },
      "properties": {
        "name": "Rue Louis Thuillier / Rue Laurendeau",
        "context": "Amiens, Somme",
        "citycode": "80021",
        "depcode": "80"
      }
    },
    {
      "type": "Feature",
      "geometry": {
        "type": "Point",
        "coordinates": [
          2.246348172,
          49.914631103
        ]
      },
      "properties": {
        "name": "Rue Louise Michel / Allée de la Réunion",
        "context": "Amiens, Somme",
        "citycode": "80021",
        "depcode": "80"
      }
    },
    {
      "type": "Feature",
      "geometry": {
        "type": "Point",
        "coordinates": [
          2.246315599,
          49.914421899
        ]
      },
      "properties": {
        "name": "Rue Louise Michel / Rue de l'Île de France",
        "context": "Amiens, Somme",
        "citycode": "80021",
        "depcode": "80"
      }
    },
    {
      "type": "Feature",
      "geometry": {
        "type": "Point",
        "coordinates": [
          2.246184831,
          49.91549129
        ]
      },
      "properties": {
        "name": "Rue Louise Michel / Rue Victor Camélinat",
        "context": "Amiens, Somme",
        "citycode": "80021",
        "depcode": "80"
      }
    },
    {
      "type": "Feature",
      "geometry": {
        "type": "Point",
        "coordinates": [
          2.246310831,
          49.914972479
        ]
      },
      "properties": {
        "name": "Rue Louise Michel / Square de la Martinique",
        "context": "Amiens, Somme",
        "citycode": "80021",
        "depcode": "80"
      }
    },
    {
      "type": "Feature",
      "geometry": {
        "type": "Point",
        "coordinates": [
          2.30816166,
          49.905489756
        ]
      },
      "properties": {
        "name": "Rue Lucien Lecointe / Cour du Chalet",
        "context": "Amiens, Somme",
        "citycode": "80021",
        "depcode": "80"
      }
    },
    {
      "type": "Feature",
      "geometry": {
        "type": "Point",
        "coordinates": [
          2.314851085,
          49.910198733
        ]
      },
      "properties": {
        "name": "Rue Lucien Lecointe / Rue Alexandre Ribot",
        "context": "Amiens, Somme",
        "citycode": "80021",
        "depcode": "80"
      }
    },
    {
      "type": "Feature",
      "geometry": {
        "type": "Point",
        "coordinates": [
          2.306913926,
          49.904502091
        ]
      },
      "properties": {
        "name": "Rue Lucien Lecointe / Rue de Doullens",
        "context": "Amiens, Somme",
        "citycode": "80021",
        "depcode": "80"
      }
    },
    {
      "type": "Feature",
      "geometry": {
        "type": "Point",
        "coordinates": [
          2.31524709,
          49.910579857
        ]
      },
      "properties": {
        "name": "Rue Lucien Lecointe / Rue Léo Lagrange",
        "context": "Amiens, Somme",
        "citycode": "80021",
        "depcode": "80"
      }
    },
    {
      "type": "Feature",
      "geometry": {
        "type": "Point",
        "coordinates": [
          2.275176315,
          49.905971844
        ]
      },
      "properties": {
        "name": "Rue Maberly / Cité Tattegrain",
        "context": "Amiens, Somme",
        "citycode": "80021",
        "depcode": "80"
      }
    },
    {
      "type": "Feature",
      "geometry": {
        "type": "Point",
        "coordinates": [
          2.27576858,
          49.906163225
        ]
      },
      "properties": {
        "name": "Rue Maberly / Rue Alfred Catel",
        "context": "Amiens, Somme",
        "citycode": "80021",
        "depcode": "80"
      }
    },
    {
      "type": "Feature",
      "geometry": {
        "type": "Point",
        "coordinates": [
          2.277362347,
          49.906813873
        ]
      },
      "properties": {
        "name": "Rue Maberly / Rue de la Céramique",
        "context": "Amiens, Somme",
        "citycode": "80021",
        "depcode": "80"
      }
    },
    {
      "type": "Feature",
      "geometry": {
        "type": "Point",
        "coordinates": [
          2.273452043,
          49.904957582
        ]
      },
      "properties": {
        "name": "Rue Maberly / Rue du Faubourg de Hem D1235",
        "context": "Amiens, Somme",
        "citycode": "80021",
        "depcode": "80"
      }
    },
    {
      "type": "Feature",
      "geometry": {
        "type": "Point",
        "coordinates": [
          2.281083902,
          49.89176329
        ]
      },
      "properties": {
        "name": "Rue Macquet Vion / Rue Philippe Lebon",
        "context": "Amiens, Somme",
        "citycode": "80021",
        "depcode": "80"
      }
    },
    {
      "type": "Feature",
      "geometry": {
        "type": "Point",
        "coordinates": [
          2.295679183,
          49.910278218
        ]
      },
      "properties": {
        "name": "Rue Maillard / Allée du Docteur Degouy",
        "context": "Amiens, Somme",
        "citycode": "80021",
        "depcode": "80"
      }
    },
    {
      "type": "Feature",
      "geometry": {
        "type": "Point",
        "coordinates": [
          2.295159849,
          49.911321279
        ]
      },
      "properties": {
        "name": "Rue Maillard / Rue Terral",
        "context": "Amiens, Somme",
        "citycode": "80021",
        "depcode": "80"
      }
    },
    {
      "type": "Feature",
      "geometry": {
        "type": "Point",
        "coordinates": [
          2.257951419,
          49.893601712
        ]
      },
      "properties": {
        "name": "Rue Malesherbes / Rue du Chapitre",
        "context": "Amiens, Somme",
        "citycode": "80021",
        "depcode": "80"
      }
    },
    {
      "type": "Feature",
      "geometry": {
        "type": "Point",
        "coordinates": [
          2.330464063,
          49.870223861
        ]
      },
      "properties": {
        "name": "Rue Mansart / Rue de Québec",
        "context": "Amiens, Somme",
        "citycode": "80021",
        "depcode": "80"
      }
    },
    {
      "type": "Feature",
      "geometry": {
        "type": "Point",
        "coordinates": [
          2.331078354,
          49.869225763
        ]
      },
      "properties": {
        "name": "Rue Mansart / Rue Le Corbusier",
        "context": "Amiens, Somme",
        "citycode": "80021",
        "depcode": "80"
      }
    },
    {
      "type": "Feature",
      "geometry": {
        "type": "Point",
        "coordinates": [
          2.318262682,
          49.869585987
        ]
      },
      "properties": {
        "name": "Rue Marcel Pagnol / Rue du Congrès d'Amiens",
        "context": "Amiens, Somme",
        "citycode": "80021",
        "depcode": "80"
      }
    },
    {
      "type": "Feature",
      "geometry": {
        "type": "Point",
        "coordinates": [
          2.332906824,
          49.871222117
        ]
      },
      "properties": {
        "name": "Rue Marcel Paul / Rue de Cagny",
        "context": "Amiens, Somme",
        "citycode": "80021",
        "depcode": "80"
      }
    },
    {
      "type": "Feature",
      "geometry": {
        "type": "Point",
        "coordinates": [
          2.336683495,
          49.869917005
        ]
      },
      "properties": {
        "name": "Rue Marcel Paul / Rue des Aigrettes",
        "context": "Amiens, Somme",
        "citycode": "80021",
        "depcode": "80"
      }
    },
    {
      "type": "Feature",
      "geometry": {
        "type": "Point",
        "coordinates": [
          2.33754609,
          49.870038491
        ]
      },
      "properties": {
        "name": "Rue Marcel Paul / Rue du Bel Air",
        "context": "Amiens, Somme",
        "citycode": "80021",
        "depcode": "80"
      }
    },
    {
      "type": "Feature",
      "geometry": {
        "type": "Point",
        "coordinates": [
          2.336599988,
          49.869882031
        ]
      },
      "properties": {
        "name": "Rue Marcel Paul / Rue du Héron Cendré",
        "context": "Amiens, Somme",
        "citycode": "80021",
        "depcode": "80"
      }
    },
    {
      "type": "Feature",
      "geometry": {
        "type": "Point",
        "coordinates": [
          2.31464251,
          49.88355934
        ]
      },
      "properties": {
        "name": "Rue Marcellin Berthelot / Rue Caussin De Perceval",
        "context": "Amiens, Somme",
        "citycode": "80021",
        "depcode": "80"
      }
    },
    {
      "type": "Feature",
      "geometry": {
        "type": "Point",
        "coordinates": [
          2.31520396,
          49.883180318
        ]
      },
      "properties": {
        "name": "Rue Marcellin Berthelot / Rue Richard de Fournival",
        "context": "Amiens, Somme",
        "citycode": "80021",
        "depcode": "80"
      }
    },
    {
      "type": "Feature",
      "geometry": {
        "type": "Point",
        "coordinates": [
          2.303174122,
          49.905979766
        ]
      },
      "properties": {
        "name": "Rue Maréchal Juin / Rue du Général Frère",
        "context": "Amiens, Somme",
        "citycode": "80021",
        "depcode": "80"
      }
    },
    {
      "type": "Feature",
      "geometry": {
        "type": "Point",
        "coordinates": [
          2.295866841,
          49.879493878
        ]
      },
      "properties": {
        "name": "Rue Marguerite Hémart-Férandier / Boulevard de Saint-Quentin",
        "context": "Amiens, Somme",
        "citycode": "80021",
        "depcode": "80"
      }
    },
    {
      "type": "Feature",
      "geometry": {
        "type": "Point",
        "coordinates": [
          2.296400121,
          49.882292497
        ]
      },
      "properties": {
        "name": "Rue Marguerite Hémart-Férandier / Rue Camille Desmoulins",
        "context": "Amiens, Somme",
        "citycode": "80021",
        "depcode": "80"
      }
    },
    {
      "type": "Feature",
      "geometry": {
        "type": "Point",
        "coordinates": [
          2.296081717,
          49.880624597
        ]
      },
      "properties": {
        "name": "Rue Marguerite Hémart-Férandier / Rue Edmond Lebel",
        "context": "Amiens, Somme",
        "citycode": "80021",
        "depcode": "80"
      }
    },
    {
      "type": "Feature",
      "geometry": {
        "type": "Point",
        "coordinates": [
          2.296618153,
          49.883413772
        ]
      },
      "properties": {
        "name": "Rue Marguerite Hémart-Férandier / Rue Jeanne d'Arc",
        "context": "Amiens, Somme",
        "citycode": "80021",
        "depcode": "80"
      }
    },
    {
      "type": "Feature",
      "geometry": {
        "type": "Point",
        "coordinates": [
          2.270403591,
          49.879296696
        ]
      },
      "properties": {
        "name": "Rue Marie Boudier / Rue Charles Duflot",
        "context": "Amiens, Somme",
        "citycode": "80021",
        "depcode": "80"
      }
    },
    {
      "type": "Feature",
      "geometry": {
        "type": "Point",
        "coordinates": [
          2.323602724,
          49.913703333
        ]
      },
      "properties": {
        "name": "Rue Marivaux / Rue Fénelon",
        "context": "Amiens, Somme",
        "citycode": "80021",
        "depcode": "80"
      }
    },
    {
      "type": "Feature",
      "geometry": {
        "type": "Point",
        "coordinates": [
          2.300959905,
          49.890907603
        ]
      },
      "properties": {
        "name": "Rue Marotte / Rue des Jacobins",
        "context": "Amiens, Somme",
        "citycode": "80021",
        "depcode": "80"
      }
    },
    {
      "type": "Feature",
      "geometry": {
        "type": "Point",
        "coordinates": [
          2.29055395,
          49.893253065
        ]
      },
      "properties": {
        "name": "Rue Martin Bleu-Dieu / Place Louis Dewailly",
        "context": "Amiens, Somme",
        "citycode": "80021",
        "depcode": "80"
      }
    },
    {
      "type": "Feature",
      "geometry": {
        "type": "Point",
        "coordinates": [
          2.290954259,
          49.893821299
        ]
      },
      "properties": {
        "name": "Rue Martin Bleu-Dieu / Rue de Cerisy",
        "context": "Amiens, Somme",
        "citycode": "80021",
        "depcode": "80"
      }
    },
    {
      "type": "Feature",
      "geometry": {
        "type": "Point",
        "coordinates": [
          2.291768517,
          49.894811513
        ]
      },
      "properties": {
        "name": "Rue Martin Bleu-Dieu / Rue Jean Catelas",
        "context": "Amiens, Somme",
        "citycode": "80021",
        "depcode": "80"
      }
    },
    {
      "type": "Feature",
      "geometry": {
        "type": "Point",
        "coordinates": [
          2.290654896,
          49.893310558
        ]
      },
      "properties": {
        "name": "Rue Martin Bleu-Dieu / Rue Marc Sangnier",
        "context": "Amiens, Somme",
        "citycode": "80021",
        "depcode": "80"
      }
    },
    {
      "type": "Feature",
      "geometry": {
        "type": "Point",
        "coordinates": [
          2.291374608,
          49.894420614
        ]
      },
      "properties": {
        "name": "Rue Martin Bleu-Dieu / Rue Maurice Thédié",
        "context": "Amiens, Somme",
        "citycode": "80021",
        "depcode": "80"
      }
    },
    {
      "type": "Feature",
      "geometry": {
        "type": "Point",
        "coordinates": [
          2.290479086,
          49.893212334
        ]
      },
      "properties": {
        "name": "Rue Martin Bleu-Dieu / Rue Robert Pierre",
        "context": "Amiens, Somme",
        "citycode": "80021",
        "depcode": "80"
      }
    },
    {
      "type": "Feature",
      "geometry": {
        "type": "Point",
        "coordinates": [
          2.310472472,
          49.892881467
        ]
      },
      "properties": {
        "name": "Rue Masclef / Rue Claudius Antoine Serrassaint",
        "context": "Amiens, Somme",
        "citycode": "80021",
        "depcode": "80"
      }
    },
    {
      "type": "Feature",
      "geometry": {
        "type": "Point",
        "coordinates": [
          2.312068794,
          49.892423923
        ]
      },
      "properties": {
        "name": "Rue Masclef / Rue des Sagittaires",
        "context": "Amiens, Somme",
        "citycode": "80021",
        "depcode": "80"
      }
    },
    {
      "type": "Feature",
      "geometry": {
        "type": "Point",
        "coordinates": [
          2.304476386,
          49.902940075
        ]
      },
      "properties": {
        "name": "Rue Masséna / Chaussée Saint-Pierre D929",
        "context": "Amiens, Somme",
        "citycode": "80021",
        "depcode": "80"
      }
    },
    {
      "type": "Feature",
      "geometry": {
        "type": "Point",
        "coordinates": [
          2.304128042,
          49.903957357
        ]
      },
      "properties": {
        "name": "Rue Masséna / Rue Berryer",
        "context": "Amiens, Somme",
        "citycode": "80021",
        "depcode": "80"
      }
    },
    {
      "type": "Feature",
      "geometry": {
        "type": "Point",
        "coordinates": [
          2.304217764,
          49.90346112
        ]
      },
      "properties": {
        "name": "Rue Masséna / Rue de Turenne",
        "context": "Amiens, Somme",
        "citycode": "80021",
        "depcode": "80"
      }
    },
    {
      "type": "Feature",
      "geometry": {
        "type": "Point",
        "coordinates": [
          2.304125732,
          49.903951166
        ]
      },
      "properties": {
        "name": "Rue Masséna / Rue du Docteur Lenoel",
        "context": "Amiens, Somme",
        "citycode": "80021",
        "depcode": "80"
      }
    },
    {
      "type": "Feature",
      "geometry": {
        "type": "Point",
        "coordinates": [
          2.313607006,
          49.911402812
        ]
      },
      "properties": {
        "name": "Rue Massenet / Rue Rameau",
        "context": "Amiens, Somme",
        "citycode": "80021",
        "depcode": "80"
      }
    },
    {
      "type": "Feature",
      "geometry": {
        "type": "Point",
        "coordinates": [
          2.312174757,
          49.898577895
        ]
      },
      "properties": {
        "name": "Rue Massey / Boulevard de Beauvillé D1",
        "context": "Amiens, Somme",
        "citycode": "80021",
        "depcode": "80"
      }
    },
    {
      "type": "Feature",
      "geometry": {
        "type": "Point",
        "coordinates": [
          2.258554509,
          49.913803917
        ]
      },
      "properties": {
        "name": "Rue Mathieu / Rue Baudoin d'Ailly",
        "context": "Amiens, Somme",
        "citycode": "80021",
        "depcode": "80"
      }
    },
    {
      "type": "Feature",
      "geometry": {
        "type": "Point",
        "coordinates": [
          2.257167982,
          49.914313384
        ]
      },
      "properties": {
        "name": "Rue Mathieu / Rue Becquestoile",
        "context": "Amiens, Somme",
        "citycode": "80021",
        "depcode": "80"
      }
    },
    {
      "type": "Feature",
      "geometry": {
        "type": "Point",
        "coordinates": [
          2.259592072,
          49.898835429
        ]
      },
      "properties": {
        "name": "Rue Maurice Domon / Rue Louise Lefrançois Pillion",
        "context": "Amiens, Somme",
        "citycode": "80021",
        "depcode": "80"
      }
    },
    {
      "type": "Feature",
      "geometry": {
        "type": "Point",
        "coordinates": [
          2.302637724,
          49.913640906
        ]
      },
      "properties": {
        "name": "Rue Maurice Ravel / Avenue de l'Europe",
        "context": "Amiens, Somme",
        "citycode": "80021",
        "depcode": "80"
      }
    },
    {
      "type": "Feature",
      "geometry": {
        "type": "Point",
        "coordinates": [
          2.308291307,
          49.913621862
        ]
      },
      "properties": {
        "name": "Rue Maurice Ravel / Rue Charles Gounod",
        "context": "Amiens, Somme",
        "citycode": "80021",
        "depcode": "80"
      }
    },
    {
      "type": "Feature",
      "geometry": {
        "type": "Point",
        "coordinates": [
          2.305624384,
          49.913621689
        ]
      },
      "properties": {
        "name": "Rue Maurice Ravel / Rue Couperin",
        "context": "Amiens, Somme",
        "citycode": "80021",
        "depcode": "80"
      }
    },
    {
      "type": "Feature",
      "geometry": {
        "type": "Point",
        "coordinates": [
          2.287630945,
          49.894881902
        ]
      },
      "properties": {
        "name": "Rue Maurice Thédié / Boulevard Faidherbe",
        "context": "Amiens, Somme",
        "citycode": "80021",
        "depcode": "80"
      }
    },
    {
      "type": "Feature",
      "geometry": {
        "type": "Point",
        "coordinates": [
          2.307306298,
          49.913609932
        ]
      },
      "properties": {
        "name": "Rue Messager / Rue Maurice Ravel",
        "context": "Amiens, Somme",
        "citycode": "80021",
        "depcode": "80"
      }
    },
    {
      "type": "Feature",
      "geometry": {
        "type": "Point",
        "coordinates": [
          2.302288441,
          49.901845658
        ]
      },
      "properties": {
        "name": "Rue Michel Carbonnelle / Boulevard des Célestins",
        "context": "Amiens, Somme",
        "citycode": "80021",
        "depcode": "80"
      }
    },
    {
      "type": "Feature",
      "geometry": {
        "type": "Point",
        "coordinates": [
          2.301963188,
          49.902419205
        ]
      },
      "properties": {
        "name": "Rue Michel Carbonnelle / Chaussée Saint-Pierre D929",
        "context": "Amiens, Somme",
        "citycode": "80021",
        "depcode": "80"
      }
    },
    {
      "type": "Feature",
      "geometry": {
        "type": "Point",
        "coordinates": [
          2.298543316,
          49.919370898
        ]
      },
      "properties": {
        "name": "Rue Michel-Ange / Allée de Mougins",
        "context": "Amiens, Somme",
        "citycode": "80021",
        "depcode": "80"
      }
    },
    {
      "type": "Feature",
      "geometry": {
        "type": "Point",
        "coordinates": [
          2.298577548,
          49.920625905
        ]
      },
      "properties": {
        "name": "Rue Michel-Ange / Rue Léonard de Vinci",
        "context": "Amiens, Somme",
        "citycode": "80021",
        "depcode": "80"
      }
    },
    {
      "type": "Feature",
      "geometry": {
        "type": "Point",
        "coordinates": [
          2.299090885,
          49.921661247
        ]
      },
      "properties": {
        "name": "Rue Michel-Ange / Rue Modigliani",
        "context": "Amiens, Somme",
        "citycode": "80021",
        "depcode": "80"
      }
    },
    {
      "type": "Feature",
      "geometry": {
        "type": "Point",
        "coordinates": [
          2.298442896,
          49.920385952
        ]
      },
      "properties": {
        "name": "Rue Michel-Ange / Rue Rembrandt",
        "context": "Amiens, Somme",
        "citycode": "80021",
        "depcode": "80"
      }
    },
    {
      "type": "Feature",
      "geometry": {
        "type": "Point",
        "coordinates": [
          2.298506771,
          49.921236796
        ]
      },
      "properties": {
        "name": "Rue Michel-Ange / Rue Rubens",
        "context": "Amiens, Somme",
        "citycode": "80021",
        "depcode": "80"
      }
    },
    {
      "type": "Feature",
      "geometry": {
        "type": "Point",
        "coordinates": [
          2.248606671,
          49.893467582
        ]
      },
      "properties": {
        "name": "Rue Micheline Ostermeyer / Rue Johnny Hallyday",
        "context": "Amiens, Somme",
        "citycode": "80021",
        "depcode": "80"
      }
    },
    {
      "type": "Feature",
      "geometry": {
        "type": "Point",
        "coordinates": [
          2.294461004,
          49.887412797
        ]
      },
      "properties": {
        "name": "Rue Millevoye / Rue Blasset",
        "context": "Amiens, Somme",
        "citycode": "80021",
        "depcode": "80"
      }
    },
    {
      "type": "Feature",
      "geometry": {
        "type": "Point",
        "coordinates": [
          2.298793125,
          49.886502526
        ]
      },
      "properties": {
        "name": "Rue Millevoye / Rue Boucher de Perthes",
        "context": "Amiens, Somme",
        "citycode": "80021",
        "depcode": "80"
      }
    },
    {
      "type": "Feature",
      "geometry": {
        "type": "Point",
        "coordinates": [
          2.295159982,
          49.887268881
        ]
      },
      "properties": {
        "name": "Rue Millevoye / Rue Cozette",
        "context": "Amiens, Somme",
        "citycode": "80021",
        "depcode": "80"
      }
    },
    {
      "type": "Feature",
      "geometry": {
        "type": "Point",
        "coordinates": [
          2.29651731,
          49.88693564
        ]
      },
      "properties": {
        "name": "Rue Millevoye / Rue Delpech",
        "context": "Amiens, Somme",
        "citycode": "80021",
        "depcode": "80"
      }
    },
    {
      "type": "Feature",
      "geometry": {
        "type": "Point",
        "coordinates": [
          2.297827544,
          49.886659419
        ]
      },
      "properties": {
        "name": "Rue Millevoye / Rue Dufour",
        "context": "Amiens, Somme",
        "citycode": "80021",
        "depcode": "80"
      }
    },
    {
      "type": "Feature",
      "geometry": {
        "type": "Point",
        "coordinates": [
          2.297847719,
          49.886679035
        ]
      },
      "properties": {
        "name": "Rue Millevoye / Rue Duminy",
        "context": "Amiens, Somme",
        "citycode": "80021",
        "depcode": "80"
      }
    },
    {
      "type": "Feature",
      "geometry": {
        "type": "Point",
        "coordinates": [
          2.298807514,
          49.886507475
        ]
      },
      "properties": {
        "name": "Rue Millevoye / Rue Voiture",
        "context": "Amiens, Somme",
        "citycode": "80021",
        "depcode": "80"
      }
    },
    {
      "type": "Feature",
      "geometry": {
        "type": "Point",
        "coordinates": [
          2.32526002,
          49.885986865
        ]
      },
      "properties": {
        "name": "Rue Miraumont / Avenue de Londres",
        "context": "Amiens, Somme",
        "citycode": "80021",
        "depcode": "80"
      }
    },
    {
      "type": "Feature",
      "geometry": {
        "type": "Point",
        "coordinates": [
          2.328747375,
          49.884748399
        ]
      },
      "properties": {
        "name": "Rue Miraumont / Impasse Bobillot",
        "context": "Amiens, Somme",
        "citycode": "80021",
        "depcode": "80"
      }
    },
    {
      "type": "Feature",
      "geometry": {
        "type": "Point",
        "coordinates": [
          2.326765515,
          49.885511182
        ]
      },
      "properties": {
        "name": "Rue Miraumont / Rue Beaumanoir",
        "context": "Amiens, Somme",
        "citycode": "80021",
        "depcode": "80"
      }
    },
    {
      "type": "Feature",
      "geometry": {
        "type": "Point",
        "coordinates": [
          2.32600668,
          49.885739297
        ]
      },
      "properties": {
        "name": "Rue Miraumont / Rue de Lisbonne",
        "context": "Amiens, Somme",
        "citycode": "80021",
        "depcode": "80"
      }
    },
    {
      "type": "Feature",
      "geometry": {
        "type": "Point",
        "coordinates": [
          2.328716073,
          49.884748869
        ]
      },
      "properties": {
        "name": "Rue Miraumont / Rue Saint-Acheul",
        "context": "Amiens, Somme",
        "citycode": "80021",
        "depcode": "80"
      }
    },
    {
      "type": "Feature",
      "geometry": {
        "type": "Point",
        "coordinates": [
          2.29912286,
          49.921870747
        ]
      },
      "properties": {
        "name": "Rue Modigliani / Place Van Gogh",
        "context": "Amiens, Somme",
        "citycode": "80021",
        "depcode": "80"
      }
    },
    {
      "type": "Feature",
      "geometry": {
        "type": "Point",
        "coordinates": [
          2.298628031,
          49.923213726
        ]
      },
      "properties": {
        "name": "Rue Modigliani / Rue Titien",
        "context": "Amiens, Somme",
        "citycode": "80021",
        "depcode": "80"
      }
    },
    {
      "type": "Feature",
      "geometry": {
        "type": "Point",
        "coordinates": [
          2.289494675,
          49.907430825
        ]
      },
      "properties": {
        "name": "Rue Moise Delouard / Chemin de la Salle",
        "context": "Amiens, Somme",
        "citycode": "80021",
        "depcode": "80"
      }
    },
    {
      "type": "Feature",
      "geometry": {
        "type": "Point",
        "coordinates": [
          2.290087643,
          49.907136251
        ]
      },
      "properties": {
        "name": "Rue Moise Delouard / Place Victor Pauchet",
        "context": "Amiens, Somme",
        "citycode": "80021",
        "depcode": "80"
      }
    },
    {
      "type": "Feature",
      "geometry": {
        "type": "Point",
        "coordinates": [
          2.292854863,
          49.90579508
        ]
      },
      "properties": {
        "name": "Rue Moise Delouard / Rue Montesquieu",
        "context": "Amiens, Somme",
        "citycode": "80021",
        "depcode": "80"
      }
    },
    {
      "type": "Feature",
      "geometry": {
        "type": "Point",
        "coordinates": [
          2.291386393,
          49.906441322
        ]
      },
      "properties": {
        "name": "Rue Moise Delouard / Rue Zamenhof",
        "context": "Amiens, Somme",
        "citycode": "80021",
        "depcode": "80"
      }
    },
    {
      "type": "Feature",
      "geometry": {
        "type": "Point",
        "coordinates": [
          2.263245704,
          49.888167494
        ]
      },
      "properties": {
        "name": "Rue Molière / Rue des Deux Ponts",
        "context": "Amiens, Somme",
        "citycode": "80021",
        "depcode": "80"
      }
    },
    {
      "type": "Feature",
      "geometry": {
        "type": "Point",
        "coordinates": [
          2.289484933,
          49.907432734
        ]
      },
      "properties": {
        "name": "Rue Monstrelet / Chemin de la Salle",
        "context": "Amiens, Somme",
        "citycode": "80021",
        "depcode": "80"
      }
    },
    {
      "type": "Feature",
      "geometry": {
        "type": "Point",
        "coordinates": [
          2.287117051,
          49.906325635
        ]
      },
      "properties": {
        "name": "Rue Monstrelet / Rue de Bouvines",
        "context": "Amiens, Somme",
        "citycode": "80021",
        "depcode": "80"
      }
    },
    {
      "type": "Feature",
      "geometry": {
        "type": "Point",
        "coordinates": [
          2.2894921,
          49.907428184
        ]
      },
      "properties": {
        "name": "Rue Monstrelet / Rue Moise Delouard",
        "context": "Amiens, Somme",
        "citycode": "80021",
        "depcode": "80"
      }
    },
    {
      "type": "Feature",
      "geometry": {
        "type": "Point",
        "coordinates": [
          2.287021826,
          49.905139146
        ]
      },
      "properties": {
        "name": "Rue Monstrelet / Rue Saint-Maurice",
        "context": "Amiens, Somme",
        "citycode": "80021",
        "depcode": "80"
      }
    },
    {
      "type": "Feature",
      "geometry": {
        "type": "Point",
        "coordinates": [
          2.322324918,
          49.914018678
        ]
      },
      "properties": {
        "name": "Rue Montaigne / Rue Fénelon",
        "context": "Amiens, Somme",
        "citycode": "80021",
        "depcode": "80"
      }
    },
    {
      "type": "Feature",
      "geometry": {
        "type": "Point",
        "coordinates": [
          2.323282867,
          49.870344289
        ]
      },
      "properties": {
        "name": "Rue Montcalm / Rue Alfred de Musset",
        "context": "Amiens, Somme",
        "citycode": "80021",
        "depcode": "80"
      }
    },
    {
      "type": "Feature",
      "geometry": {
        "type": "Point",
        "coordinates": [
          2.324199206,
          49.870163659
        ]
      },
      "properties": {
        "name": "Rue Montcalm / Rue Champlain",
        "context": "Amiens, Somme",
        "citycode": "80021",
        "depcode": "80"
      }
    },
    {
      "type": "Feature",
      "geometry": {
        "type": "Point",
        "coordinates": [
          2.323113887,
          49.870267709
        ]
      },
      "properties": {
        "name": "Rue Montcalm / Rue Chateaubriand",
        "context": "Amiens, Somme",
        "citycode": "80021",
        "depcode": "80"
      }
    },
    {
      "type": "Feature",
      "geometry": {
        "type": "Point",
        "coordinates": [
          2.326007387,
          49.869545339
        ]
      },
      "properties": {
        "name": "Rue Montcalm / Rue de Québec",
        "context": "Amiens, Somme",
        "citycode": "80021",
        "depcode": "80"
      }
    },
    {
      "type": "Feature",
      "geometry": {
        "type": "Point",
        "coordinates": [
          2.304152723,
          49.896563612
        ]
      },
      "properties": {
        "name": "Rue Motte / Quai Bélu",
        "context": "Amiens, Somme",
        "citycode": "80021",
        "depcode": "80"
      }
    },
    {
      "type": "Feature",
      "geometry": {
        "type": "Point",
        "coordinates": [
          2.303510178,
          49.897556298
        ]
      },
      "properties": {
        "name": "Rue Motte / Rue Daveluy",
        "context": "Amiens, Somme",
        "citycode": "80021",
        "depcode": "80"
      }
    },
    {
      "type": "Feature",
      "geometry": {
        "type": "Point",
        "coordinates": [
          2.30408651,
          49.913623895
        ]
      },
      "properties": {
        "name": "Rue Mozart / Rue Maurice Ravel",
        "context": "Amiens, Somme",
        "citycode": "80021",
        "depcode": "80"
      }
    },
    {
      "type": "Feature",
      "geometry": {
        "type": "Point",
        "coordinates": [
          2.281707822,
          49.886880792
        ]
      },
      "properties": {
        "name": "Rue Neuve d'Agrain / Route de Rouen",
        "context": "Amiens, Somme",
        "citycode": "80021",
        "depcode": "80"
      }
    },
    {
      "type": "Feature",
      "geometry": {
        "type": "Point",
        "coordinates": [
          2.318186383,
          49.891846334
        ]
      },
      "properties": {
        "name": "Rue Neuve-Dejean / Rue des Tourbiers",
        "context": "Amiens, Somme",
        "citycode": "80021",
        "depcode": "80"
      }
    },
    {
      "type": "Feature",
      "geometry": {
        "type": "Point",
        "coordinates": [
          2.316615832,
          49.883087925
        ]
      },
      "properties": {
        "name": "Rue Nithard / Rue de la Croix Saint-Firmin",
        "context": "Amiens, Somme",
        "citycode": "80021",
        "depcode": "80"
      }
    },
    {
      "type": "Feature",
      "geometry": {
        "type": "Point",
        "coordinates": [
          2.296366159,
          49.902165479
        ]
      },
      "properties": {
        "name": "Rue Octave Tierce / Boulevard des Fusillés",
        "context": "Amiens, Somme",
        "citycode": "80021",
        "depcode": "80"
      }
    },
    {
      "type": "Feature",
      "geometry": {
        "type": "Point",
        "coordinates": [
          2.295030448,
          49.902966396
        ]
      },
      "properties": {
        "name": "Rue Octave Tierce / Impasse Marceau",
        "context": "Amiens, Somme",
        "citycode": "80021",
        "depcode": "80"
      }
    },
    {
      "type": "Feature",
      "geometry": {
        "type": "Point",
        "coordinates": [
          2.296343914,
          49.902190754
        ]
      },
      "properties": {
        "name": "Rue Octave Tierce / Place Kruger",
        "context": "Amiens, Somme",
        "citycode": "80021",
        "depcode": "80"
      }
    },
    {
      "type": "Feature",
      "geometry": {
        "type": "Point",
        "coordinates": [
          2.29527102,
          49.902624026
        ]
      },
      "properties": {
        "name": "Rue Octave Tierce / Rue de la Barrière du Gayan",
        "context": "Amiens, Somme",
        "citycode": "80021",
        "depcode": "80"
      }
    },
    {
      "type": "Feature",
      "geometry": {
        "type": "Point",
        "coordinates": [
          2.290771308,
          49.903130916
        ]
      },
      "properties": {
        "name": "Rue Octave Tierce / Rue Saint-Maurice",
        "context": "Amiens, Somme",
        "citycode": "80021",
        "depcode": "80"
      }
    },
    {
      "type": "Feature",
      "geometry": {
        "type": "Point",
        "coordinates": [
          2.290778961,
          49.903134243
        ]
      },
      "properties": {
        "name": "Rue Octave Tierce / Rue Zamenhof",
        "context": "Amiens, Somme",
        "citycode": "80021",
        "depcode": "80"
      }
    },
    {
      "type": "Feature",
      "geometry": {
        "type": "Point",
        "coordinates": [
          2.325227256,
          49.885994652
        ]
      },
      "properties": {
        "name": "Rue Olivier de Serres / Avenue de Londres",
        "context": "Amiens, Somme",
        "citycode": "80021",
        "depcode": "80"
      }
    },
    {
      "type": "Feature",
      "geometry": {
        "type": "Point",
        "coordinates": [
          2.324449366,
          49.886268163
        ]
      },
      "properties": {
        "name": "Rue Olivier de Serres / Rue Christophe Colomb",
        "context": "Amiens, Somme",
        "citycode": "80021",
        "depcode": "80"
      }
    },
    {
      "type": "Feature",
      "geometry": {
        "type": "Point",
        "coordinates": [
          2.323861167,
          49.886468797
        ]
      },
      "properties": {
        "name": "Rue Olivier de Serres / Rue Commandant Charcot",
        "context": "Amiens, Somme",
        "citycode": "80021",
        "depcode": "80"
      }
    },
    {
      "type": "Feature",
      "geometry": {
        "type": "Point",
        "coordinates": [
          2.324939499,
          49.886103343
        ]
      },
      "properties": {
        "name": "Rue Olivier de Serres / Rue La Pérouse",
        "context": "Amiens, Somme",
        "citycode": "80021",
        "depcode": "80"
      }
    },
    {
      "type": "Feature",
      "geometry": {
        "type": "Point",
        "coordinates": [
          2.325242803,
          49.885990604
        ]
      },
      "properties": {
        "name": "Rue Olivier de Serres / Rue Miraumont",
        "context": "Amiens, Somme",
        "citycode": "80021",
        "depcode": "80"
      }
    },
    {
      "type": "Feature",
      "geometry": {
        "type": "Point",
        "coordinates": [
          2.323393728,
          49.886635703
        ]
      },
      "properties": {
        "name": "Rue Olivier de Serres / Rue Robert Surcouf",
        "context": "Amiens, Somme",
        "citycode": "80021",
        "depcode": "80"
      }
    },
    {
      "type": "Feature",
      "geometry": {
        "type": "Point",
        "coordinates": [
          2.322169762,
          49.886636878
        ]
      },
      "properties": {
        "name": "Rue Olivier de Serres / Rue Vion",
        "context": "Amiens, Somme",
        "citycode": "80021",
        "depcode": "80"
      }
    },
    {
      "type": "Feature",
      "geometry": {
        "type": "Point",
        "coordinates": [
          2.315405145,
          49.900314195
        ]
      },
      "properties": {
        "name": "Rue Oscar Dassonville / Impasse des Bateliers",
        "context": "Amiens, Somme",
        "citycode": "80021",
        "depcode": "80"
      }
    },
    {
      "type": "Feature",
      "geometry": {
        "type": "Point",
        "coordinates": [
          2.315892316,
          49.900213363
        ]
      },
      "properties": {
        "name": "Rue Oscar Dassonville / Rue Mercier",
        "context": "Amiens, Somme",
        "citycode": "80021",
        "depcode": "80"
      }
    },
    {
      "type": "Feature",
      "geometry": {
        "type": "Point",
        "coordinates": [
          2.286952882,
          49.886371192
        ]
      },
      "properties": {
        "name": "Rue Pagès / Cour Suzanne",
        "context": "Amiens, Somme",
        "citycode": "80021",
        "depcode": "80"
      }
    },
    {
      "type": "Feature",
      "geometry": {
        "type": "Point",
        "coordinates": [
          2.284366419,
          49.887462264
        ]
      },
      "properties": {
        "name": "Rue Pagès / Route de Rouen",
        "context": "Amiens, Somme",
        "citycode": "80021",
        "depcode": "80"
      }
    },
    {
      "type": "Feature",
      "geometry": {
        "type": "Point",
        "coordinates": [
          2.28556077,
          49.886955341
        ]
      },
      "properties": {
        "name": "Rue Pagès / Rue du Tour de Ville",
        "context": "Amiens, Somme",
        "citycode": "80021",
        "depcode": "80"
      }
    },
    {
      "type": "Feature",
      "geometry": {
        "type": "Point",
        "coordinates": [
          2.286953378,
          49.886401277
        ]
      },
      "properties": {
        "name": "Rue Pagès / Rue Saint-Honoré",
        "context": "Amiens, Somme",
        "citycode": "80021",
        "depcode": "80"
      }
    },
    {
      "type": "Feature",
      "geometry": {
        "type": "Point",
        "coordinates": [
          2.311959964,
          49.88334841
        ]
      },
      "properties": {
        "name": "Rue Paul Bert / Rue de Cottenchy",
        "context": "Amiens, Somme",
        "citycode": "80021",
        "depcode": "80"
      }
    },
    {
      "type": "Feature",
      "geometry": {
        "type": "Point",
        "coordinates": [
          2.311075433,
          49.883462218
        ]
      },
      "properties": {
        "name": "Rue Paul Bert / Rue Fernand Choquart",
        "context": "Amiens, Somme",
        "citycode": "80021",
        "depcode": "80"
      }
    },
    {
      "type": "Feature",
      "geometry": {
        "type": "Point",
        "coordinates": [
          2.294711877,
          49.919189265
        ]
      },
      "properties": {
        "name": "Rue Paul Meurisse / Rue Jean François Millet",
        "context": "Amiens, Somme",
        "citycode": "80021",
        "depcode": "80"
      }
    },
    {
      "type": "Feature",
      "geometry": {
        "type": "Point",
        "coordinates": [
          2.329845088,
          49.9100094
        ]
      },
      "properties": {
        "name": "Rue Paul Pruvost / Avenue de la Défense Passive D929",
        "context": "Amiens, Somme",
        "citycode": "80021",
        "depcode": "80"
      }
    },
    {
      "type": "Feature",
      "geometry": {
        "type": "Point",
        "coordinates": [
          2.303694604,
          49.885878968
        ]
      },
      "properties": {
        "name": "Rue Paul Sautai / Rue Ducange",
        "context": "Amiens, Somme",
        "citycode": "80021",
        "depcode": "80"
      }
    },
    {
      "type": "Feature",
      "geometry": {
        "type": "Point",
        "coordinates": [
          2.302481598,
          49.885750007
        ]
      },
      "properties": {
        "name": "Rue Paul Sautai / Rue Morgan",
        "context": "Amiens, Somme",
        "citycode": "80021",
        "depcode": "80"
      }
    },
    {
      "type": "Feature",
      "geometry": {
        "type": "Point",
        "coordinates": [
          2.303684746,
          49.88588366
        ]
      },
      "properties": {
        "name": "Rue Paul Sautai / Rue Saint-Fuscien D7",
        "context": "Amiens, Somme",
        "citycode": "80021",
        "depcode": "80"
      }
    },
    {
      "type": "Feature",
      "geometry": {
        "type": "Point",
        "coordinates": [
          2.308493952,
          49.891082989
        ]
      },
      "properties": {
        "name": "Rue Paul Tellier / Gare Routière",
        "context": "Amiens, Somme",
        "citycode": "80021",
        "depcode": "80"
      }
    },
    {
      "type": "Feature",
      "geometry": {
        "type": "Point",
        "coordinates": [
          2.308606294,
          49.891095111
        ]
      },
      "properties": {
        "name": "Rue Paul Tellier / Gare Routière (accès Rue Paul Tellier)",
        "context": "Amiens, Somme",
        "citycode": "80021",
        "depcode": "80"
      }
    },
    {
      "type": "Feature",
      "geometry": {
        "type": "Point",
        "coordinates": [
          2.310555208,
          49.891541427
        ]
      },
      "properties": {
        "name": "Rue Paul Tellier / Rue de la Vallée",
        "context": "Amiens, Somme",
        "citycode": "80021",
        "depcode": "80"
      }
    },
    {
      "type": "Feature",
      "geometry": {
        "type": "Point",
        "coordinates": [
          2.322252245,
          49.872989157
        ]
      },
      "properties": {
        "name": "Rue Paul Verlaine / Allée du Parc",
        "context": "Amiens, Somme",
        "citycode": "80021",
        "depcode": "80"
      }
    },
    {
      "type": "Feature",
      "geometry": {
        "type": "Point",
        "coordinates": [
          2.322419869,
          49.873738108
        ]
      },
      "properties": {
        "name": "Rue Paul Verlaine / Rue Arthur Rimbaud",
        "context": "Amiens, Somme",
        "citycode": "80021",
        "depcode": "80"
      }
    },
    {
      "type": "Feature",
      "geometry": {
        "type": "Point",
        "coordinates": [
          2.321008189,
          49.873303441
        ]
      },
      "properties": {
        "name": "Rue Paul Verlaine / Rue d'Ophélie",
        "context": "Amiens, Somme",
        "citycode": "80021",
        "depcode": "80"
      }
    },
    {
      "type": "Feature",
      "geometry": {
        "type": "Point",
        "coordinates": [
          2.320111377,
          49.875483465
        ]
      },
      "properties": {
        "name": "Rue Paul Verlaine / Rue Descartes",
        "context": "Amiens, Somme",
        "citycode": "80021",
        "depcode": "80"
      }
    },
    {
      "type": "Feature",
      "geometry": {
        "type": "Point",
        "coordinates": [
          2.32031746,
          49.873297959
        ]
      },
      "properties": {
        "name": "Rue Paul Verlaine / Rue du Cabaret Vert",
        "context": "Amiens, Somme",
        "citycode": "80021",
        "depcode": "80"
      }
    },
    {
      "type": "Feature",
      "geometry": {
        "type": "Point",
        "coordinates": [
          2.322791309,
          49.872480205
        ]
      },
      "properties": {
        "name": "Rue Paul Verlaine / Rue Edmond Rostand",
        "context": "Amiens, Somme",
        "citycode": "80021",
        "depcode": "80"
      }
    },
    {
      "type": "Feature",
      "geometry": {
        "type": "Point",
        "coordinates": [
          2.312001086,
          49.886605969
        ]
      },
      "properties": {
        "name": "Rue Pauquy / Rue du Blamont",
        "context": "Amiens, Somme",
        "citycode": "80021",
        "depcode": "80"
      }
    },
    {
      "type": "Feature",
      "geometry": {
        "type": "Point",
        "coordinates": [
          2.319681205,
          49.881702456
        ]
      },
      "properties": {
        "name": "Rue Perimony / Rue de Cagny",
        "context": "Amiens, Somme",
        "citycode": "80021",
        "depcode": "80"
      }
    },
    {
      "type": "Feature",
      "geometry": {
        "type": "Point",
        "coordinates": [
          2.319702973,
          49.881668466
        ]
      },
      "properties": {
        "name": "Rue Perimony / Rue Gabriel de Mortillet",
        "context": "Amiens, Somme",
        "citycode": "80021",
        "depcode": "80"
      }
    },
    {
      "type": "Feature",
      "geometry": {
        "type": "Point",
        "coordinates": [
          2.272744531,
          49.90354549
        ]
      },
      "properties": {
        "name": "Rue Pétin / Cité Doine",
        "context": "Amiens, Somme",
        "citycode": "80021",
        "depcode": "80"
      }
    },
    {
      "type": "Feature",
      "geometry": {
        "type": "Point",
        "coordinates": [
          2.273321209,
          49.903298773
        ]
      },
      "properties": {
        "name": "Rue Pétin / Rue Robert le Coq",
        "context": "Amiens, Somme",
        "citycode": "80021",
        "depcode": "80"
      }
    },
    {
      "type": "Feature",
      "geometry": {
        "type": "Point",
        "coordinates": [
          2.328607235,
          49.875886448
        ]
      },
      "properties": {
        "name": "Rue Philéas Lebesgue / Rue de Cagny",
        "context": "Amiens, Somme",
        "citycode": "80021",
        "depcode": "80"
      }
    },
    {
      "type": "Feature",
      "geometry": {
        "type": "Point",
        "coordinates": [
          2.324959914,
          49.873341172
        ]
      },
      "properties": {
        "name": "Rue Philéas Lebesgue / Rue Edmond Rostand",
        "context": "Amiens, Somme",
        "citycode": "80021",
        "depcode": "80"
      }
    },
    {
      "type": "Feature",
      "geometry": {
        "type": "Point",
        "coordinates": [
          2.330095954,
          49.868967702
        ]
      },
      "properties": {
        "name": "Rue Philibert Delorme / Rue Rousseau",
        "context": "Amiens, Somme",
        "citycode": "80021",
        "depcode": "80"
      }
    },
    {
      "type": "Feature",
      "geometry": {
        "type": "Point",
        "coordinates": [
          2.304830987,
          49.90299586
        ]
      },
      "properties": {
        "name": "Rue Philippe d'Auxy / Chaussée Saint-Pierre D929",
        "context": "Amiens, Somme",
        "citycode": "80021",
        "depcode": "80"
      }
    },
    {
      "type": "Feature",
      "geometry": {
        "type": "Point",
        "coordinates": [
          2.305594903,
          49.901959498
        ]
      },
      "properties": {
        "name": "Rue Philippe d'Auxy / Rue Éloi Morel",
        "context": "Amiens, Somme",
        "citycode": "80021",
        "depcode": "80"
      }
    },
    {
      "type": "Feature",
      "geometry": {
        "type": "Point",
        "coordinates": [
          2.290035318,
          49.877343278
        ]
      },
      "properties": {
        "name": "Rue Philippe de Commynes / Allée Joinville",
        "context": "Amiens, Somme",
        "citycode": "80021",
        "depcode": "80"
      }
    },
    {
      "type": "Feature",
      "geometry": {
        "type": "Point",
        "coordinates": [
          2.289385054,
          49.877909645
        ]
      },
      "properties": {
        "name": "Rue Philippe de Commynes / Rue André Chénier",
        "context": "Amiens, Somme",
        "citycode": "80021",
        "depcode": "80"
      }
    },
    {
      "type": "Feature",
      "geometry": {
        "type": "Point",
        "coordinates": [
          2.281156763,
          49.901103269
        ]
      },
      "properties": {
        "name": "Rue Philippe de Girard / Rue du Faubourg de Hem",
        "context": "Amiens, Somme",
        "citycode": "80021",
        "depcode": "80"
      }
    },
    {
      "type": "Feature",
      "geometry": {
        "type": "Point",
        "coordinates": [
          2.282646998,
          49.901598637
        ]
      },
      "properties": {
        "name": "Rue Philippe de Girard / Rue Jacquart",
        "context": "Amiens, Somme",
        "citycode": "80021",
        "depcode": "80"
      }
    },
    {
      "type": "Feature",
      "geometry": {
        "type": "Point",
        "coordinates": [
          2.280594575,
          49.892087858
        ]
      },
      "properties": {
        "name": "Rue Philippe Lebon / Rue Chabannes",
        "context": "Amiens, Somme",
        "citycode": "80021",
        "depcode": "80"
      }
    },
    {
      "type": "Feature",
      "geometry": {
        "type": "Point",
        "coordinates": [
          2.297168024,
          49.916607555
        ]
      },
      "properties": {
        "name": "Rue Picasso / Allée de Malaga",
        "context": "Amiens, Somme",
        "citycode": "80021",
        "depcode": "80"
      }
    },
    {
      "type": "Feature",
      "geometry": {
        "type": "Point",
        "coordinates": [
          2.299188261,
          49.918859708
        ]
      },
      "properties": {
        "name": "Rue Picasso / Allée de Mougins",
        "context": "Amiens, Somme",
        "citycode": "80021",
        "depcode": "80"
      }
    },
    {
      "type": "Feature",
      "geometry": {
        "type": "Point",
        "coordinates": [
          2.294404156,
          49.915504115
        ]
      },
      "properties": {
        "name": "Rue Picasso / Rue Franklin Roosevelt D933",
        "context": "Amiens, Somme",
        "citycode": "80021",
        "depcode": "80"
      }
    },
    {
      "type": "Feature",
      "geometry": {
        "type": "Point",
        "coordinates": [
          2.296195449,
          49.915639285
        ]
      },
      "properties": {
        "name": "Rue Picasso / Rue Romain Rolland",
        "context": "Amiens, Somme",
        "citycode": "80021",
        "depcode": "80"
      }
    },
    {
      "type": "Feature",
      "geometry": {
        "type": "Point",
        "coordinates": [
          2.29975981,
          49.917552889
        ]
      },
      "properties": {
        "name": "Rue Picasso / Rue Utrillo",
        "context": "Amiens, Somme",
        "citycode": "80021",
        "depcode": "80"
      }
    },
    {
      "type": "Feature",
      "geometry": {
        "type": "Point",
        "coordinates": [
          2.266589527,
          49.922973402
        ]
      },
      "properties": {
        "name": "Rue Pierre Corneille / Allée du Rideau Ridenne",
        "context": "Amiens, Somme",
        "citycode": "80021",
        "depcode": "80"
      }
    },
    {
      "type": "Feature",
      "geometry": {
        "type": "Point",
        "coordinates": [
          2.266593093,
          49.922967188
        ]
      },
      "properties": {
        "name": "Rue Pierre Corneille / Chemin de la Chaussée",
        "context": "Amiens, Somme",
        "citycode": "80021",
        "depcode": "80"
      }
    },
    {
      "type": "Feature",
      "geometry": {
        "type": "Point",
        "coordinates": [
          2.263878759,
          49.92366842
        ]
      },
      "properties": {
        "name": "Rue Pierre Corneille / Rue des Paturelles",
        "context": "Amiens, Somme",
        "citycode": "80021",
        "depcode": "80"
      }
    },
    {
      "type": "Feature",
      "geometry": {
        "type": "Point",
        "coordinates": [
          2.264662325,
          49.923432112
        ]
      },
      "properties": {
        "name": "Rue Pierre Corneille / Rue Joseph Masson",
        "context": "Amiens, Somme",
        "citycode": "80021",
        "depcode": "80"
      }
    },
    {
      "type": "Feature",
      "geometry": {
        "type": "Point",
        "coordinates": [
          2.262159588,
          49.924232481
        ]
      },
      "properties": {
        "name": "Rue Pierre Corneille / Rue Saint-Léger",
        "context": "Amiens, Somme",
        "citycode": "80021",
        "depcode": "80"
      }
    },
    {
      "type": "Feature",
      "geometry": {
        "type": "Point",
        "coordinates": [
          2.262149486,
          49.924233676
        ]
      },
      "properties": {
        "name": "Rue Pierre Corneille / Rue Saint-Sauveur",
        "context": "Amiens, Somme",
        "citycode": "80021",
        "depcode": "80"
      }
    },
    {
      "type": "Feature",
      "geometry": {
        "type": "Point",
        "coordinates": [
          2.321673423,
          49.880302406
        ]
      },
      "properties": {
        "name": "Rue Pierre Curie / Rue de Cagny",
        "context": "Amiens, Somme",
        "citycode": "80021",
        "depcode": "80"
      }
    },
    {
      "type": "Feature",
      "geometry": {
        "type": "Point",
        "coordinates": [
          2.271175932,
          49.90426438
        ]
      },
      "properties": {
        "name": "Rue Pierre Derobertmazure / Avenue Louis Blanc",
        "context": "Amiens, Somme",
        "citycode": "80021",
        "depcode": "80"
      }
    },
    {
      "type": "Feature",
      "geometry": {
        "type": "Point",
        "coordinates": [
          2.269546533,
          49.903070485
        ]
      },
      "properties": {
        "name": "Rue Pierre Derobertmazure / Rue Narcisse Lebel",
        "context": "Amiens, Somme",
        "citycode": "80021",
        "depcode": "80"
      }
    },
    {
      "type": "Feature",
      "geometry": {
        "type": "Point",
        "coordinates": [
          2.300579398,
          49.892541784
        ]
      },
      "properties": {
        "name": "Rue Pierre Dubois / Rue Robert de Luzarches",
        "context": "Amiens, Somme",
        "citycode": "80021",
        "depcode": "80"
      }
    },
    {
      "type": "Feature",
      "geometry": {
        "type": "Point",
        "coordinates": [
          2.302180187,
          49.892021835
        ]
      },
      "properties": {
        "name": "Rue Pierre Dubois / Rue Victor Hugo",
        "context": "Amiens, Somme",
        "citycode": "80021",
        "depcode": "80"
      }
    },
    {
      "type": "Feature",
      "geometry": {
        "type": "Point",
        "coordinates": [
          2.305584019,
          49.909201318
        ]
      },
      "properties": {
        "name": "Rue Pierre et Maurice Garet / Rue Delalande",
        "context": "Amiens, Somme",
        "citycode": "80021",
        "depcode": "80"
      }
    },
    {
      "type": "Feature",
      "geometry": {
        "type": "Point",
        "coordinates": [
          2.309559851,
          49.909231545
        ]
      },
      "properties": {
        "name": "Rue Pierre et Maurice Garet / Rue Gabriel Fauré",
        "context": "Amiens, Somme",
        "citycode": "80021",
        "depcode": "80"
      }
    },
    {
      "type": "Feature",
      "geometry": {
        "type": "Point",
        "coordinates": [
          2.310890943,
          49.909232897
        ]
      },
      "properties": {
        "name": "Rue Pierre et Maurice Garet / Rue René Coty",
        "context": "Amiens, Somme",
        "citycode": "80021",
        "depcode": "80"
      }
    },
    {
      "type": "Feature",
      "geometry": {
        "type": "Point",
        "coordinates": [
          2.305289962,
          49.909268262
        ]
      },
      "properties": {
        "name": "Rue Pierre et Maurice Garet / Rue Winston Churchill",
        "context": "Amiens, Somme",
        "citycode": "80021",
        "depcode": "80"
      }
    },
    {
      "type": "Feature",
      "geometry": {
        "type": "Point",
        "coordinates": [
          2.302807739,
          49.889485961
        ]
      },
      "properties": {
        "name": "Rue Pierre l'Hermite / Rue des Otages",
        "context": "Amiens, Somme",
        "citycode": "80021",
        "depcode": "80"
      }
    },
    {
      "type": "Feature",
      "geometry": {
        "type": "Point",
        "coordinates": [
          2.301007128,
          49.88966467
        ]
      },
      "properties": {
        "name": "Rue Pierre l'Hermite / Rue Péru Lorel",
        "context": "Amiens, Somme",
        "citycode": "80021",
        "depcode": "80"
      }
    },
    {
      "type": "Feature",
      "geometry": {
        "type": "Point",
        "coordinates": [
          2.328931486,
          49.868657163
        ]
      },
      "properties": {
        "name": "Rue Pierre Lescot / Rue Le Corbusier",
        "context": "Amiens, Somme",
        "citycode": "80021",
        "depcode": "80"
      }
    },
    {
      "type": "Feature",
      "geometry": {
        "type": "Point",
        "coordinates": [
          2.3289291,
          49.8686688
        ]
      },
      "properties": {
        "name": "Rue Pierre Lescot / Rue Rousseau",
        "context": "Amiens, Somme",
        "citycode": "80021",
        "depcode": "80"
      }
    },
    {
      "type": "Feature",
      "geometry": {
        "type": "Point",
        "coordinates": [
          2.325006269,
          49.87610983
        ]
      },
      "properties": {
        "name": "Rue Pierre Mac Orlan / Rue Condorcet",
        "context": "Amiens, Somme",
        "citycode": "80021",
        "depcode": "80"
      }
    },
    {
      "type": "Feature",
      "geometry": {
        "type": "Point",
        "coordinates": [
          2.32478377,
          49.876406144
        ]
      },
      "properties": {
        "name": "Rue Pierre Mac Orlan / Square du Tournaisis",
        "context": "Amiens, Somme",
        "citycode": "80021",
        "depcode": "80"
      }
    },
    {
      "type": "Feature",
      "geometry": {
        "type": "Point",
        "coordinates": [
          2.317826216,
          49.874338979
        ]
      },
      "properties": {
        "name": "Rue Pierre Rollin / Rue Descartes",
        "context": "Amiens, Somme",
        "citycode": "80021",
        "depcode": "80"
      }
    },
    {
      "type": "Feature",
      "geometry": {
        "type": "Point",
        "coordinates": [
          2.29651857,
          49.896886232
        ]
      },
      "properties": {
        "name": "Rue Pingre / Rivière des Clairons",
        "context": "Amiens, Somme",
        "citycode": "80021",
        "depcode": "80"
      }
    },
    {
      "type": "Feature",
      "geometry": {
        "type": "Point",
        "coordinates": [
          2.285324432,
          49.896448503
        ]
      },
      "properties": {
        "name": "Rue Pinsard / Passage Couvreur",
        "context": "Amiens, Somme",
        "citycode": "80021",
        "depcode": "80"
      }
    },
    {
      "type": "Feature",
      "geometry": {
        "type": "Point",
        "coordinates": [
          2.286218997,
          49.896090364
        ]
      },
      "properties": {
        "name": "Rue Pinsard / Rue Saint-Roch",
        "context": "Amiens, Somme",
        "citycode": "80021",
        "depcode": "80"
      }
    },
    {
      "type": "Feature",
      "geometry": {
        "type": "Point",
        "coordinates": [
          2.273547776,
          49.890250449
        ]
      },
      "properties": {
        "name": "Rue Pinsonnat / Rue Lescouvé",
        "context": "Amiens, Somme",
        "citycode": "80021",
        "depcode": "80"
      }
    },
    {
      "type": "Feature",
      "geometry": {
        "type": "Point",
        "coordinates": [
          2.313685457,
          49.885379764
        ]
      },
      "properties": {
        "name": "Rue Pointin / Rue de Cottenchy",
        "context": "Amiens, Somme",
        "citycode": "80021",
        "depcode": "80"
      }
    },
    {
      "type": "Feature",
      "geometry": {
        "type": "Point",
        "coordinates": [
          2.312206299,
          49.885485619
        ]
      },
      "properties": {
        "name": "Rue Pointin / Rue du Blamont",
        "context": "Amiens, Somme",
        "citycode": "80021",
        "depcode": "80"
      }
    },
    {
      "type": "Feature",
      "geometry": {
        "type": "Point",
        "coordinates": [
          2.313738063,
          49.885391136
        ]
      },
      "properties": {
        "name": "Rue Pointin / Rue du Comte Raoul",
        "context": "Amiens, Somme",
        "citycode": "80021",
        "depcode": "80"
      }
    },
    {
      "type": "Feature",
      "geometry": {
        "type": "Point",
        "coordinates": [
          2.3070755,
          49.8858483
        ]
      },
      "properties": {
        "name": "Rue Pointin / Rue Ducange",
        "context": "Amiens, Somme",
        "citycode": "80021",
        "depcode": "80"
      }
    },
    {
      "type": "Feature",
      "geometry": {
        "type": "Point",
        "coordinates": [
          2.312148926,
          49.885472757
        ]
      },
      "properties": {
        "name": "Rue Pointin / Rue Jean Macé",
        "context": "Amiens, Somme",
        "citycode": "80021",
        "depcode": "80"
      }
    },
    {
      "type": "Feature",
      "geometry": {
        "type": "Point",
        "coordinates": [
          2.308475413,
          49.885736925
        ]
      },
      "properties": {
        "name": "Rue Pointin / Rue Vascosan",
        "context": "Amiens, Somme",
        "citycode": "80021",
        "depcode": "80"
      }
    },
    {
      "type": "Feature",
      "geometry": {
        "type": "Point",
        "coordinates": [
          2.307090181,
          49.885838768
        ]
      },
      "properties": {
        "name": "Rue Pointin / Rue Vulfran Warmé",
        "context": "Amiens, Somme",
        "citycode": "80021",
        "depcode": "80"
      }
    },
    {
      "type": "Feature",
      "geometry": {
        "type": "Point",
        "coordinates": [
          2.277880084,
          49.889017677
        ]
      },
      "properties": {
        "name": "Rue Porchez / Boulevard de Strasbourg",
        "context": "Amiens, Somme",
        "citycode": "80021",
        "depcode": "80"
      }
    },
    {
      "type": "Feature",
      "geometry": {
        "type": "Point",
        "coordinates": [
          2.278663831,
          49.88930673
        ]
      },
      "properties": {
        "name": "Rue Porchez / Rue Vast Luce",
        "context": "Amiens, Somme",
        "citycode": "80021",
        "depcode": "80"
      }
    },
    {
      "type": "Feature",
      "geometry": {
        "type": "Point",
        "coordinates": [
          2.301092937,
          49.894601818
        ]
      },
      "properties": {
        "name": "Rue Porion / Place Notre-Dame",
        "context": "Amiens, Somme",
        "citycode": "80021",
        "depcode": "80"
      }
    },
    {
      "type": "Feature",
      "geometry": {
        "type": "Point",
        "coordinates": [
          2.294388741,
          49.900161505
        ]
      },
      "properties": {
        "name": "Rue Potier / Quai de l'Écluse",
        "context": "Amiens, Somme",
        "citycode": "80021",
        "depcode": "80"
      }
    },
    {
      "type": "Feature",
      "geometry": {
        "type": "Point",
        "coordinates": [
          2.293712211,
          49.890637414
        ]
      },
      "properties": {
        "name": "Rue Puvis de Chavannes / Rue des Louvels",
        "context": "Amiens, Somme",
        "citycode": "80021",
        "depcode": "80"
      }
    },
    {
      "type": "Feature",
      "geometry": {
        "type": "Point",
        "coordinates": [
          2.293724259,
          49.890640464
        ]
      },
      "properties": {
        "name": "Rue Puvis de Chavannes / Rue Lavalard",
        "context": "Amiens, Somme",
        "citycode": "80021",
        "depcode": "80"
      }
    },
    {
      "type": "Feature",
      "geometry": {
        "type": "Point",
        "coordinates": [
          2.299237969,
          49.923339493
        ]
      },
      "properties": {
        "name": "Rue Quentin Latour / Rue Titien",
        "context": "Amiens, Somme",
        "citycode": "80021",
        "depcode": "80"
      }
    },
    {
      "type": "Feature",
      "geometry": {
        "type": "Point",
        "coordinates": [
          2.32957574,
          49.875304877
        ]
      },
      "properties": {
        "name": "Rue Raymond Gourdain / Rue de Cagny",
        "context": "Amiens, Somme",
        "citycode": "80021",
        "depcode": "80"
      }
    },
    {
      "type": "Feature",
      "geometry": {
        "type": "Point",
        "coordinates": [
          2.331411993,
          49.877124203
        ]
      },
      "properties": {
        "name": "Rue Raymond Gourdain / Rue de la Boutillerie",
        "context": "Amiens, Somme",
        "citycode": "80021",
        "depcode": "80"
      }
    },
    {
      "type": "Feature",
      "geometry": {
        "type": "Point",
        "coordinates": [
          2.331109207,
          49.876848623
        ]
      },
      "properties": {
        "name": "Rue Raymond Gourdain / Rue du Nouveau Siècle",
        "context": "Amiens, Somme",
        "citycode": "80021",
        "depcode": "80"
      }
    },
    {
      "type": "Feature",
      "geometry": {
        "type": "Point",
        "coordinates": [
          2.329574659,
          49.875298088
        ]
      },
      "properties": {
        "name": "Rue Raymond Gourdain / Rue Edmond Rostand",
        "context": "Amiens, Somme",
        "citycode": "80021",
        "depcode": "80"
      }
    },
    {
      "type": "Feature",
      "geometry": {
        "type": "Point",
        "coordinates": [
          2.312588451,
          49.873649099
        ]
      },
      "properties": {
        "name": "Rue Reaumur / Rue d'Assas",
        "context": "Amiens, Somme",
        "citycode": "80021",
        "depcode": "80"
      }
    },
    {
      "type": "Feature",
      "geometry": {
        "type": "Point",
        "coordinates": [
          2.31113112,
          49.873607603
        ]
      },
      "properties": {
        "name": "Rue Reaumur / Rue de l'Amaryllis",
        "context": "Amiens, Somme",
        "citycode": "80021",
        "depcode": "80"
      }
    },
    {
      "type": "Feature",
      "geometry": {
        "type": "Point",
        "coordinates": [
          2.279847838,
          49.895386724
        ]
      },
      "properties": {
        "name": "Rue Rembault / Rue Carpentier",
        "context": "Amiens, Somme",
        "citycode": "80021",
        "depcode": "80"
      }
    },
    {
      "type": "Feature",
      "geometry": {
        "type": "Point",
        "coordinates": [
          2.31473594,
          49.91461392
        ]
      },
      "properties": {
        "name": "Rue Rémi Belleau / Rue Jodelle",
        "context": "Amiens, Somme",
        "citycode": "80021",
        "depcode": "80"
      }
    },
    {
      "type": "Feature",
      "geometry": {
        "type": "Point",
        "coordinates": [
          2.33280483,
          49.874891168
        ]
      },
      "properties": {
        "name": "Rue René Boileau / Allée du Verger",
        "context": "Amiens, Somme",
        "citycode": "80021",
        "depcode": "80"
      }
    },
    {
      "type": "Feature",
      "geometry": {
        "type": "Point",
        "coordinates": [
          2.332962023,
          49.871220892
        ]
      },
      "properties": {
        "name": "Rue René Boileau / Rue de Cagny",
        "context": "Amiens, Somme",
        "citycode": "80021",
        "depcode": "80"
      }
    },
    {
      "type": "Feature",
      "geometry": {
        "type": "Point",
        "coordinates": [
          2.331560395,
          49.877240898
        ]
      },
      "properties": {
        "name": "Rue René Boileau / Rue de la Boutillerie",
        "context": "Amiens, Somme",
        "citycode": "80021",
        "depcode": "80"
      }
    },
    {
      "type": "Feature",
      "geometry": {
        "type": "Point",
        "coordinates": [
          2.333044018,
          49.87125807
        ]
      },
      "properties": {
        "name": "Rue René Boileau / Rue Marcel Paul",
        "context": "Amiens, Somme",
        "citycode": "80021",
        "depcode": "80"
      }
    },
    {
      "type": "Feature",
      "geometry": {
        "type": "Point",
        "coordinates": [
          2.30508386,
          49.906519488
        ]
      },
      "properties": {
        "name": "Rue René Coty / Rue de Doullens",
        "context": "Amiens, Somme",
        "citycode": "80021",
        "depcode": "80"
      }
    },
    {
      "type": "Feature",
      "geometry": {
        "type": "Point",
        "coordinates": [
          2.310536297,
          49.908942614
        ]
      },
      "properties": {
        "name": "Rue René Coty / Rue de l'Abbé Dumont",
        "context": "Amiens, Somme",
        "citycode": "80021",
        "depcode": "80"
      }
    },
    {
      "type": "Feature",
      "geometry": {
        "type": "Point",
        "coordinates": [
          2.310939008,
          49.909250902
        ]
      },
      "properties": {
        "name": "Rue René Coty / Rue Pierre et Maurice Garet",
        "context": "Amiens, Somme",
        "citycode": "80021",
        "depcode": "80"
      }
    },
    {
      "type": "Feature",
      "geometry": {
        "type": "Point",
        "coordinates": [
          2.335158755,
          49.879234148
        ]
      },
      "properties": {
        "name": "Rue René et Marcelle Sobo / Chaussée Jules Ferry",
        "context": "Amiens, Somme",
        "citycode": "80021",
        "depcode": "80"
      }
    },
    {
      "type": "Feature",
      "geometry": {
        "type": "Point",
        "coordinates": [
          2.335426319,
          49.881869529
        ]
      },
      "properties": {
        "name": "Rue René et Marcelle Sobo / Chemin des Réservoirs",
        "context": "Amiens, Somme",
        "citycode": "80021",
        "depcode": "80"
      }
    },
    {
      "type": "Feature",
      "geometry": {
        "type": "Point",
        "coordinates": [
          2.335560927,
          49.882082375
        ]
      },
      "properties": {
        "name": "Rue René et Marcelle Sobo / Impasse du Petit Marais",
        "context": "Amiens, Somme",
        "citycode": "80021",
        "depcode": "80"
      }
    },
    {
      "type": "Feature",
      "geometry": {
        "type": "Point",
        "coordinates": [
          2.335543895,
          49.882065901
        ]
      },
      "properties": {
        "name": "Rue René et Marcelle Sobo / Rue Haleine Ridoux",
        "context": "Amiens, Somme",
        "citycode": "80021",
        "depcode": "80"
      }
    },
    {
      "type": "Feature",
      "geometry": {
        "type": "Point",
        "coordinates": [
          2.331041588,
          49.885677272
        ]
      },
      "properties": {
        "name": "Rue Renée Cossin / Rue de la Terrière",
        "context": "Amiens, Somme",
        "citycode": "80021",
        "depcode": "80"
      }
    },
    {
      "type": "Feature",
      "geometry": {
        "type": "Point",
        "coordinates": [
          2.33522687,
          49.882567987
        ]
      },
      "properties": {
        "name": "Rue Renée Cossin / Rue Haleine Ridoux",
        "context": "Amiens, Somme",
        "citycode": "80021",
        "depcode": "80"
      }
    },
    {
      "type": "Feature",
      "geometry": {
        "type": "Point",
        "coordinates": [
          2.334343217,
          49.883282221
        ]
      },
      "properties": {
        "name": "Rue Renée Cossin / Rue Léon Duvauchel",
        "context": "Amiens, Somme",
        "citycode": "80021",
        "depcode": "80"
      }
    },
    {
      "type": "Feature",
      "geometry": {
        "type": "Point",
        "coordinates": [
          2.331044442,
          49.885667407
        ]
      },
      "properties": {
        "name": "Rue Renée Cossin / Rue Saint-Acheul",
        "context": "Amiens, Somme",
        "citycode": "80021",
        "depcode": "80"
      }
    },
    {
      "type": "Feature",
      "geometry": {
        "type": "Point",
        "coordinates": [
          2.334663319,
          49.883029823
        ]
      },
      "properties": {
        "name": "Rue Renée Cossin / Ruellette du Bois",
        "context": "Amiens, Somme",
        "citycode": "80021",
        "depcode": "80"
      }
    },
    {
      "type": "Feature",
      "geometry": {
        "type": "Point",
        "coordinates": [
          2.312826132,
          49.881472025
        ]
      },
      "properties": {
        "name": "Rue Richard de Fournival / Rue de Cottenchy",
        "context": "Amiens, Somme",
        "citycode": "80021",
        "depcode": "80"
      }
    },
    {
      "type": "Feature",
      "geometry": {
        "type": "Point",
        "coordinates": [
          2.315666646,
          49.883478651
        ]
      },
      "properties": {
        "name": "Rue Richard de Fournival / Rue Nithard",
        "context": "Amiens, Somme",
        "citycode": "80021",
        "depcode": "80"
      }
    },
    {
      "type": "Feature",
      "geometry": {
        "type": "Point",
        "coordinates": [
          2.311537475,
          49.887104154
        ]
      },
      "properties": {
        "name": "Rue Rigollot / Rue du Blamont",
        "context": "Amiens, Somme",
        "citycode": "80021",
        "depcode": "80"
      }
    },
    {
      "type": "Feature",
      "geometry": {
        "type": "Point",
        "coordinates": [
          2.310763209,
          49.887044145
        ]
      },
      "properties": {
        "name": "Rue Rigollot / Rue Pauquy",
        "context": "Amiens, Somme",
        "citycode": "80021",
        "depcode": "80"
      }
    },
    {
      "type": "Feature",
      "geometry": {
        "type": "Point",
        "coordinates": [
          2.279533088,
          49.887386036
        ]
      },
      "properties": {
        "name": "Rue Ringois / Avenue du Général Foy",
        "context": "Amiens, Somme",
        "citycode": "80021",
        "depcode": "80"
      }
    },
    {
      "type": "Feature",
      "geometry": {
        "type": "Point",
        "coordinates": [
          2.278080217,
          49.888668141
        ]
      },
      "properties": {
        "name": "Rue Ringois / Boulevard de Strasbourg",
        "context": "Amiens, Somme",
        "citycode": "80021",
        "depcode": "80"
      }
    },
    {
      "type": "Feature",
      "geometry": {
        "type": "Point",
        "coordinates": [
          2.278043549,
          49.888764134
        ]
      },
      "properties": {
        "name": "Rue Ringois / Rue du Général Domon",
        "context": "Amiens, Somme",
        "citycode": "80021",
        "depcode": "80"
      }
    },
    {
      "type": "Feature",
      "geometry": {
        "type": "Point",
        "coordinates": [
          2.318615409,
          49.888382846
        ]
      },
      "properties": {
        "name": "Rue Riolan / Impasse Legris",
        "context": "Amiens, Somme",
        "citycode": "80021",
        "depcode": "80"
      }
    },
    {
      "type": "Feature",
      "geometry": {
        "type": "Point",
        "coordinates": [
          2.322496508,
          49.88769281
        ]
      },
      "properties": {
        "name": "Rue Riolan / Rue de la Délivrance",
        "context": "Amiens, Somme",
        "citycode": "80021",
        "depcode": "80"
      }
    },
    {
      "type": "Feature",
      "geometry": {
        "type": "Point",
        "coordinates": [
          2.318075095,
          49.888557378
        ]
      },
      "properties": {
        "name": "Rue Riolan / Rue du Pinceau",
        "context": "Amiens, Somme",
        "citycode": "80021",
        "depcode": "80"
      }
    },
    {
      "type": "Feature",
      "geometry": {
        "type": "Point",
        "coordinates": [
          2.310555454,
          49.889202147
        ]
      },
      "properties": {
        "name": "Rue Riolan / Rue Jules Barni",
        "context": "Amiens, Somme",
        "citycode": "80021",
        "depcode": "80"
      }
    },
    {
      "type": "Feature",
      "geometry": {
        "type": "Point",
        "coordinates": [
          2.294768967,
          49.897449218
        ]
      },
      "properties": {
        "name": "Rue Riquier / Rue des Doubles-Chaises",
        "context": "Amiens, Somme",
        "citycode": "80021",
        "depcode": "80"
      }
    },
    {
      "type": "Feature",
      "geometry": {
        "type": "Point",
        "coordinates": [
          2.333368352,
          49.884019769
        ]
      },
      "properties": {
        "name": "Rue Robert Colléatte / Rue Renée Cossin",
        "context": "Amiens, Somme",
        "citycode": "80021",
        "depcode": "80"
      }
    },
    {
      "type": "Feature",
      "geometry": {
        "type": "Point",
        "coordinates": [
          2.30110598,
          49.893290906
        ]
      },
      "properties": {
        "name": "Rue Robert de Luzarches / Place d'Aguesseau",
        "context": "Amiens, Somme",
        "citycode": "80021",
        "depcode": "80"
      }
    },
    {
      "type": "Feature",
      "geometry": {
        "type": "Point",
        "coordinates": [
          2.30108505,
          49.893283853
        ]
      },
      "properties": {
        "name": "Rue Robert de Luzarches / Rue du Cloître de la Barge",
        "context": "Amiens, Somme",
        "citycode": "80021",
        "depcode": "80"
      }
    },
    {
      "type": "Feature",
      "geometry": {
        "type": "Point",
        "coordinates": [
          2.301109574,
          49.893284459
        ]
      },
      "properties": {
        "name": "Rue Robert de Luzarches / Rue Lesueur",
        "context": "Amiens, Somme",
        "citycode": "80021",
        "depcode": "80"
      }
    },
    {
      "type": "Feature",
      "geometry": {
        "type": "Point",
        "coordinates": [
          2.272436369,
          49.902302046
        ]
      },
      "properties": {
        "name": "Rue Robert le Coq / Avenue Louis Blanc",
        "context": "Amiens, Somme",
        "citycode": "80021",
        "depcode": "80"
      }
    },
    {
      "type": "Feature",
      "geometry": {
        "type": "Point",
        "coordinates": [
          2.264501657,
          49.897430234
        ]
      },
      "properties": {
        "name": "Rue Robert le Coq / Chemin du Marais de Renancourt",
        "context": "Amiens, Somme",
        "citycode": "80021",
        "depcode": "80"
      }
    },
    {
      "type": "Feature",
      "geometry": {
        "type": "Point",
        "coordinates": [
          2.2676724,
          49.899683779
        ]
      },
      "properties": {
        "name": "Rue Robert le Coq / Cité Mérelle",
        "context": "Amiens, Somme",
        "citycode": "80021",
        "depcode": "80"
      }
    },
    {
      "type": "Feature",
      "geometry": {
        "type": "Point",
        "coordinates": [
          2.265107406,
          49.898151736
        ]
      },
      "properties": {
        "name": "Rue Robert le Coq / Cité Vasconi",
        "context": "Amiens, Somme",
        "citycode": "80021",
        "depcode": "80"
      }
    },
    {
      "type": "Feature",
      "geometry": {
        "type": "Point",
        "coordinates": [
          2.26824051,
          49.899971288
        ]
      },
      "properties": {
        "name": "Rue Robert le Coq / Rue de la Cotonnière",
        "context": "Amiens, Somme",
        "citycode": "80021",
        "depcode": "80"
      }
    },
    {
      "type": "Feature",
      "geometry": {
        "type": "Point",
        "coordinates": [
          2.27388861,
          49.903746361
        ]
      },
      "properties": {
        "name": "Rue Robert le Coq / Rue du Faubourg de Hem",
        "context": "Amiens, Somme",
        "citycode": "80021",
        "depcode": "80"
      }
    },
    {
      "type": "Feature",
      "geometry": {
        "type": "Point",
        "coordinates": [
          2.264493989,
          49.897430005
        ]
      },
      "properties": {
        "name": "Rue Robert le Coq / Rue Émile Francfort",
        "context": "Amiens, Somme",
        "citycode": "80021",
        "depcode": "80"
      }
    },
    {
      "type": "Feature",
      "geometry": {
        "type": "Point",
        "coordinates": [
          2.290113821,
          49.893102213
        ]
      },
      "properties": {
        "name": "Rue Robert Pierre / Rue Caumartin",
        "context": "Amiens, Somme",
        "citycode": "80021",
        "depcode": "80"
      }
    },
    {
      "type": "Feature",
      "geometry": {
        "type": "Point",
        "coordinates": [
          2.28875517,
          49.892623914
        ]
      },
      "properties": {
        "name": "Rue Robert Pierre / Rue Frédéric Petit",
        "context": "Amiens, Somme",
        "citycode": "80021",
        "depcode": "80"
      }
    },
    {
      "type": "Feature",
      "geometry": {
        "type": "Point",
        "coordinates": [
          2.302019006,
          49.907480639
        ]
      },
      "properties": {
        "name": "Rue Robert Schumann / Avenue de l'Europe",
        "context": "Amiens, Somme",
        "citycode": "80021",
        "depcode": "80"
      }
    },
    {
      "type": "Feature",
      "geometry": {
        "type": "Point",
        "coordinates": [
          2.301996508,
          49.907471829
        ]
      },
      "properties": {
        "name": "Rue Robert Schumann / Avenue du Général de Gaulle",
        "context": "Amiens, Somme",
        "citycode": "80021",
        "depcode": "80"
      }
    },
    {
      "type": "Feature",
      "geometry": {
        "type": "Point",
        "coordinates": [
          2.301950901,
          49.90748995
        ]
      },
      "properties": {
        "name": "Rue Robert Schumann / Rue Franklin Roosevelt D933",
        "context": "Amiens, Somme",
        "citycode": "80021",
        "depcode": "80"
      }
    },
    {
      "type": "Feature",
      "geometry": {
        "type": "Point",
        "coordinates": [
          2.321169519,
          49.880650923
        ]
      },
      "properties": {
        "name": "Rue Robespierre / Rue de Cagny",
        "context": "Amiens, Somme",
        "citycode": "80021",
        "depcode": "80"
      }
    },
    {
      "type": "Feature",
      "geometry": {
        "type": "Point",
        "coordinates": [
          2.323001054,
          49.880788702
        ]
      },
      "properties": {
        "name": "Rue Robespierre / Rue Jules Guesde",
        "context": "Amiens, Somme",
        "citycode": "80021",
        "depcode": "80"
      }
    },
    {
      "type": "Feature",
      "geometry": {
        "type": "Point",
        "coordinates": [
          2.322367551,
          49.88097734
        ]
      },
      "properties": {
        "name": "Rue Robespierre / Rue Pierre Curie",
        "context": "Amiens, Somme",
        "citycode": "80021",
        "depcode": "80"
      }
    },
    {
      "type": "Feature",
      "geometry": {
        "type": "Point",
        "coordinates": [
          2.315735958,
          49.903172186
        ]
      },
      "properties": {
        "name": "Rue Roger Onfray D1 / Boulevard de Beauvillé",
        "context": "Amiens, Somme",
        "citycode": "80021",
        "depcode": "80"
      }
    },
    {
      "type": "Feature",
      "geometry": {
        "type": "Point",
        "coordinates": [
          2.310114688,
          49.88502805
        ]
      },
      "properties": {
        "name": "Rue Rohaut / Rue Clabault",
        "context": "Amiens, Somme",
        "citycode": "80021",
        "depcode": "80"
      }
    },
    {
      "type": "Feature",
      "geometry": {
        "type": "Point",
        "coordinates": [
          2.309456041,
          49.88504855
        ]
      },
      "properties": {
        "name": "Rue Rohaut / Rue Coquerel",
        "context": "Amiens, Somme",
        "citycode": "80021",
        "depcode": "80"
      }
    },
    {
      "type": "Feature",
      "geometry": {
        "type": "Point",
        "coordinates": [
          2.310950472,
          49.884974625
        ]
      },
      "properties": {
        "name": "Rue Rohaut / Rue Cornet",
        "context": "Amiens, Somme",
        "citycode": "80021",
        "depcode": "80"
      }
    },
    {
      "type": "Feature",
      "geometry": {
        "type": "Point",
        "coordinates": [
          2.308667845,
          49.88507415
        ]
      },
      "properties": {
        "name": "Rue Rohaut / Rue de Malakoff",
        "context": "Amiens, Somme",
        "citycode": "80021",
        "depcode": "80"
      }
    },
    {
      "type": "Feature",
      "geometry": {
        "type": "Point",
        "coordinates": [
          2.307168697,
          49.885166346
        ]
      },
      "properties": {
        "name": "Rue Rohaut / Rue Vulfran Warmé",
        "context": "Amiens, Somme",
        "citycode": "80021",
        "depcode": "80"
      }
    },
    {
      "type": "Feature",
      "geometry": {
        "type": "Point",
        "coordinates": [
          2.312853847,
          49.907263612
        ]
      },
      "properties": {
        "name": "Rue Roland Douay / Rue Charles Albert Lecomte",
        "context": "Amiens, Somme",
        "citycode": "80021",
        "depcode": "80"
      }
    },
    {
      "type": "Feature",
      "geometry": {
        "type": "Point",
        "coordinates": [
          2.313749114,
          49.905562119
        ]
      },
      "properties": {
        "name": "Rue Roland Douay / Rue Léon Dupontreué D929",
        "context": "Amiens, Somme",
        "citycode": "80021",
        "depcode": "80"
      }
    },
    {
      "type": "Feature",
      "geometry": {
        "type": "Point",
        "coordinates": [
          2.312255175,
          49.908272835
        ]
      },
      "properties": {
        "name": "Rue Roland Douay / Rue Lucien Lecointe",
        "context": "Amiens, Somme",
        "citycode": "80021",
        "depcode": "80"
      }
    },
    {
      "type": "Feature",
      "geometry": {
        "type": "Point",
        "coordinates": [
          2.298122169,
          49.915737188
        ]
      },
      "properties": {
        "name": "Rue Romain Rolland / Rue Roger Martin du Gard",
        "context": "Amiens, Somme",
        "citycode": "80021",
        "depcode": "80"
      }
    },
    {
      "type": "Feature",
      "geometry": {
        "type": "Point",
        "coordinates": [
          2.315345662,
          49.913291782
        ]
      },
      "properties": {
        "name": "Rue Ronsard / Allée Pontus de Tyard",
        "context": "Amiens, Somme",
        "citycode": "80021",
        "depcode": "80"
      }
    },
    {
      "type": "Feature",
      "geometry": {
        "type": "Point",
        "coordinates": [
          2.313640252,
          49.914413024
        ]
      },
      "properties": {
        "name": "Rue Ronsard / Rue Baïf",
        "context": "Amiens, Somme",
        "citycode": "80021",
        "depcode": "80"
      }
    },
    {
      "type": "Feature",
      "geometry": {
        "type": "Point",
        "coordinates": [
          2.313882979,
          49.914780575
        ]
      },
      "properties": {
        "name": "Rue Ronsard / Rue Jodelle",
        "context": "Amiens, Somme",
        "citycode": "80021",
        "depcode": "80"
      }
    },
    {
      "type": "Feature",
      "geometry": {
        "type": "Point",
        "coordinates": [
          2.315682746,
          49.915229406
        ]
      },
      "properties": {
        "name": "Rue Ronsard / Rue Régnard",
        "context": "Amiens, Somme",
        "citycode": "80021",
        "depcode": "80"
      }
    },
    {
      "type": "Feature",
      "geometry": {
        "type": "Point",
        "coordinates": [
          2.315048826,
          49.915367523
        ]
      },
      "properties": {
        "name": "Rue Ronsard / Rue Rémi Belleau",
        "context": "Amiens, Somme",
        "citycode": "80021",
        "depcode": "80"
      }
    },
    {
      "type": "Feature",
      "geometry": {
        "type": "Point",
        "coordinates": [
          2.290820251,
          49.879757716
        ]
      },
      "properties": {
        "name": "Rue Sagebien / Boulevard de Dury",
        "context": "Amiens, Somme",
        "citycode": "80021",
        "depcode": "80"
      }
    },
    {
      "type": "Feature",
      "geometry": {
        "type": "Point",
        "coordinates": [
          2.290988058,
          49.878259169
        ]
      },
      "properties": {
        "name": "Rue Sagebien / Rue André Chénier",
        "context": "Amiens, Somme",
        "citycode": "80021",
        "depcode": "80"
      }
    },
    {
      "type": "Feature",
      "geometry": {
        "type": "Point",
        "coordinates": [
          2.290821467,
          49.879770006
        ]
      },
      "properties": {
        "name": "Rue Sagebien / Rue Gaulthier de Rumilly",
        "context": "Amiens, Somme",
        "citycode": "80021",
        "depcode": "80"
      }
    },
    {
      "type": "Feature",
      "geometry": {
        "type": "Point",
        "coordinates": [
          2.324574648,
          49.883584186
        ]
      },
      "properties": {
        "name": "Rue Saint-Acheul / Chaussée Jules Ferry",
        "context": "Amiens, Somme",
        "citycode": "80021",
        "depcode": "80"
      }
    },
    {
      "type": "Feature",
      "geometry": {
        "type": "Point",
        "coordinates": [
          2.330119094,
          49.885138024
        ]
      },
      "properties": {
        "name": "Rue Saint-Acheul / Chemin des Réservoirs",
        "context": "Amiens, Somme",
        "citycode": "80021",
        "depcode": "80"
      }
    },
    {
      "type": "Feature",
      "geometry": {
        "type": "Point",
        "coordinates": [
          2.328764335,
          49.884745582
        ]
      },
      "properties": {
        "name": "Rue Saint-Acheul / Impasse Bobillot",
        "context": "Amiens, Somme",
        "citycode": "80021",
        "depcode": "80"
      }
    },
    {
      "type": "Feature",
      "geometry": {
        "type": "Point",
        "coordinates": [
          2.327218521,
          49.884225665
        ]
      },
      "properties": {
        "name": "Rue Saint-Acheul / Rue de l'Étoile",
        "context": "Amiens, Somme",
        "citycode": "80021",
        "depcode": "80"
      }
    },
    {
      "type": "Feature",
      "geometry": {
        "type": "Point",
        "coordinates": [
          2.307710091,
          49.8690511
        ]
      },
      "properties": {
        "name": "Rue Saint-Fuscien D7 / Allée de la Croix Rompue",
        "context": "Amiens, Somme",
        "citycode": "80021",
        "depcode": "80"
      }
    },
    {
      "type": "Feature",
      "geometry": {
        "type": "Point",
        "coordinates": [
          2.307476668,
          49.866722002
        ]
      },
      "properties": {
        "name": "Rue Saint-Fuscien / Allée des C",
        "context": "Amiens, Somme",
        "citycode": "80021",
        "depcode": "80"
      }
    },
    {
      "type": "Feature",
      "geometry": {
        "type": "Point",
        "coordinates": [
          2.303438047,
          49.887145696
        ]
      },
      "properties": {
        "name": "Rue Saint-Fuscien D7 / Place du Maréchal Joffre D7",
        "context": "Amiens, Somme",
        "citycode": "80021",
        "depcode": "80"
      }
    },
    {
      "type": "Feature",
      "geometry": {
        "type": "Point",
        "coordinates": [
          2.303876782,
          49.885012449
        ]
      },
      "properties": {
        "name": "Rue Saint-Fuscien D7 / Rue Beauregard",
        "context": "Amiens, Somme",
        "citycode": "80021",
        "depcode": "80"
      }
    },
    {
      "type": "Feature",
      "geometry": {
        "type": "Point",
        "coordinates": [
          2.303708487,
          49.885871107
        ]
      },
      "properties": {
        "name": "Rue Saint-Fuscien D7 / Rue Ducange",
        "context": "Amiens, Somme",
        "citycode": "80021",
        "depcode": "80"
      }
    },
    {
      "type": "Feature",
      "geometry": {
        "type": "Point",
        "coordinates": [
          2.303686511,
          49.885871889
        ]
      },
      "properties": {
        "name": "Rue Saint-Fuscien D7 / Rue Paul Sautai",
        "context": "Amiens, Somme",
        "citycode": "80021",
        "depcode": "80"
      }
    },
    {
      "type": "Feature",
      "geometry": {
        "type": "Point",
        "coordinates": [
          2.303483097,
          49.886733997
        ]
      },
      "properties": {
        "name": "Rue Saint-Fuscien D7 / Rue Voiture",
        "context": "Amiens, Somme",
        "citycode": "80021",
        "depcode": "80"
      }
    },
    {
      "type": "Feature",
      "geometry": {
        "type": "Point",
        "coordinates": [
          2.30401144,
          49.884551393
        ]
      },
      "properties": {
        "name": "Rue Saint-Geoffroy / Rue Saint-Fuscien D7",
        "context": "Amiens, Somme",
        "citycode": "80021",
        "depcode": "80"
      }
    },
    {
      "type": "Feature",
      "geometry": {
        "type": "Point",
        "coordinates": [
          2.307188333,
          49.884479167
        ]
      },
      "properties": {
        "name": "Rue Saint-Geoffroy / Rue Vulfran Warmé",
        "context": "Amiens, Somme",
        "citycode": "80021",
        "depcode": "80"
      }
    },
    {
      "type": "Feature",
      "geometry": {
        "type": "Point",
        "coordinates": [
          2.295350795,
          49.896489576
        ]
      },
      "properties": {
        "name": "Rue Saint-Germain / Place Saint-Germain",
        "context": "Amiens, Somme",
        "citycode": "80021",
        "depcode": "80"
      }
    },
    {
      "type": "Feature",
      "geometry": {
        "type": "Point",
        "coordinates": [
          2.294519489,
          49.896665174
        ]
      },
      "properties": {
        "name": "Rue Saint-Germain / Rue du Général Leclerc",
        "context": "Amiens, Somme",
        "citycode": "80021",
        "depcode": "80"
      }
    },
    {
      "type": "Feature",
      "geometry": {
        "type": "Point",
        "coordinates": [
          2.286965003,
          49.886371523
        ]
      },
      "properties": {
        "name": "Rue Saint-Honoré / Cour Suzanne",
        "context": "Amiens, Somme",
        "citycode": "80021",
        "depcode": "80"
      }
    },
    {
      "type": "Feature",
      "geometry": {
        "type": "Point",
        "coordinates": [
          2.289378032,
          49.888125643
        ]
      },
      "properties": {
        "name": "Rue Saint-Honoré / Route de Paris D1001",
        "context": "Amiens, Somme",
        "citycode": "80021",
        "depcode": "80"
      }
    },
    {
      "type": "Feature",
      "geometry": {
        "type": "Point",
        "coordinates": [
          2.306529408,
          49.881924929
        ]
      },
      "properties": {
        "name": "Rue Saint-Hubert / Impasse Saint-Hubert",
        "context": "Amiens, Somme",
        "citycode": "80021",
        "depcode": "80"
      }
    },
    {
      "type": "Feature",
      "geometry": {
        "type": "Point",
        "coordinates": [
          2.307652552,
          49.881987953
        ]
      },
      "properties": {
        "name": "Rue Saint-Hubert / Rue Vulfran Warmé",
        "context": "Amiens, Somme",
        "citycode": "80021",
        "depcode": "80"
      }
    },
    {
      "type": "Feature",
      "geometry": {
        "type": "Point",
        "coordinates": [
          2.292858804,
          49.896436627
        ]
      },
      "properties": {
        "name": "Rue Saint-Jacques / Rue de la Hotoie",
        "context": "Amiens, Somme",
        "citycode": "80021",
        "depcode": "80"
      }
    },
    {
      "type": "Feature",
      "geometry": {
        "type": "Point",
        "coordinates": [
          2.292261962,
          49.895735633
        ]
      },
      "properties": {
        "name": "Rue Saint-Jacques / Rue Flamant",
        "context": "Amiens, Somme",
        "citycode": "80021",
        "depcode": "80"
      }
    },
    {
      "type": "Feature",
      "geometry": {
        "type": "Point",
        "coordinates": [
          2.292871434,
          49.896441693
        ]
      },
      "properties": {
        "name": "Rue Saint-Jacques / Rue Henri Dunant",
        "context": "Amiens, Somme",
        "citycode": "80021",
        "depcode": "80"
      }
    },
    {
      "type": "Feature",
      "geometry": {
        "type": "Point",
        "coordinates": [
          2.292075611,
          49.895423335
        ]
      },
      "properties": {
        "name": "Rue Saint-Jacques / Rue Jean Calvin",
        "context": "Amiens, Somme",
        "citycode": "80021",
        "depcode": "80"
      }
    },
    {
      "type": "Feature",
      "geometry": {
        "type": "Point",
        "coordinates": [
          2.263595608,
          49.926303188
        ]
      },
      "properties": {
        "name": "Rue Saint-Léger / Allée du Colza",
        "context": "Amiens, Somme",
        "citycode": "80021",
        "depcode": "80"
      }
    },
    {
      "type": "Feature",
      "geometry": {
        "type": "Point",
        "coordinates": [
          2.259907179,
          49.922116984
        ]
      },
      "properties": {
        "name": "Rue Saint-Léger / Mail du Champ Pillard",
        "context": "Amiens, Somme",
        "citycode": "80021",
        "depcode": "80"
      }
    },
    {
      "type": "Feature",
      "geometry": {
        "type": "Point",
        "coordinates": [
          2.300294502,
          49.899860011
        ]
      },
      "properties": {
        "name": "Rue Saint-Leu / Impasse des Poulies",
        "context": "Amiens, Somme",
        "citycode": "80021",
        "depcode": "80"
      }
    },
    {
      "type": "Feature",
      "geometry": {
        "type": "Point",
        "coordinates": [
          2.300051039,
          49.896188123
        ]
      },
      "properties": {
        "name": "Rue Saint-Leu / Rivière des Clairons",
        "context": "Amiens, Somme",
        "citycode": "80021",
        "depcode": "80"
      }
    },
    {
      "type": "Feature",
      "geometry": {
        "type": "Point",
        "coordinates": [
          2.300171535,
          49.900879202
        ]
      },
      "properties": {
        "name": "Rue Saint-Leu / Rue des Clairons",
        "context": "Amiens, Somme",
        "citycode": "80021",
        "depcode": "80"
      }
    },
    {
      "type": "Feature",
      "geometry": {
        "type": "Point",
        "coordinates": [
          2.300124372,
          49.90133849
        ]
      },
      "properties": {
        "name": "Rue Saint-Leu / Rue des Coches",
        "context": "Amiens, Somme",
        "citycode": "80021",
        "depcode": "80"
      }
    },
    {
      "type": "Feature",
      "geometry": {
        "type": "Point",
        "coordinates": [
          2.299929194,
          49.901726249
        ]
      },
      "properties": {
        "name": "Rue Saint-Leu / Rue des Déportés",
        "context": "Amiens, Somme",
        "citycode": "80021",
        "depcode": "80"
      }
    },
    {
      "type": "Feature",
      "geometry": {
        "type": "Point",
        "coordinates": [
          2.300449419,
          49.896765556
        ]
      },
      "properties": {
        "name": "Rue Saint-Leu / Rue des Francs Mûriers",
        "context": "Amiens, Somme",
        "citycode": "80021",
        "depcode": "80"
      }
    },
    {
      "type": "Feature",
      "geometry": {
        "type": "Point",
        "coordinates": [
          2.30086108,
          49.897470557
        ]
      },
      "properties": {
        "name": "Rue Saint-Leu / Rue des Majots",
        "context": "Amiens, Somme",
        "citycode": "80021",
        "depcode": "80"
      }
    },
    {
      "type": "Feature",
      "geometry": {
        "type": "Point",
        "coordinates": [
          2.300066606,
          49.896213598
        ]
      },
      "properties": {
        "name": "Rue Saint-Leu / Rue Flatters",
        "context": "Amiens, Somme",
        "citycode": "80021",
        "depcode": "80"
      }
    },
    {
      "type": "Feature",
      "geometry": {
        "type": "Point",
        "coordinates": [
          2.300451681,
          49.896735874
        ]
      },
      "properties": {
        "name": "Rue Saint-Leu / Rue Vanmarcke",
        "context": "Amiens, Somme",
        "citycode": "80021",
        "depcode": "80"
      }
    },
    {
      "type": "Feature",
      "geometry": {
        "type": "Point",
        "coordinates": [
          2.311458713,
          49.877434062
        ]
      },
      "properties": {
        "name": "Rue Saint-Magloire / Rue du Cabaret de la Belle Femme",
        "context": "Amiens, Somme",
        "citycode": "80021",
        "depcode": "80"
      }
    },
    {
      "type": "Feature",
      "geometry": {
        "type": "Point",
        "coordinates": [
          2.312707983,
          49.877035341
        ]
      },
      "properties": {
        "name": "Rue Saint-Magloire / Rue Pierre Rollin",
        "context": "Amiens, Somme",
        "citycode": "80021",
        "depcode": "80"
      }
    },
    {
      "type": "Feature",
      "geometry": {
        "type": "Point",
        "coordinates": [
          2.297607704,
          49.895244709
        ]
      },
      "properties": {
        "name": "Rue Saint-Martin aux Waides / Rue des Chaudronniers",
        "context": "Amiens, Somme",
        "citycode": "80021",
        "depcode": "80"
      }
    },
    {
      "type": "Feature",
      "geometry": {
        "type": "Point",
        "coordinates": [
          2.299180411,
          49.894947665
        ]
      },
      "properties": {
        "name": "Rue Saint-Martin aux Waides / Rue des Sergents",
        "context": "Amiens, Somme",
        "citycode": "80021",
        "depcode": "80"
      }
    },
    {
      "type": "Feature",
      "geometry": {
        "type": "Point",
        "coordinates": [
          2.297615448,
          49.895248318
        ]
      },
      "properties": {
        "name": "Rue Saint-Martin aux Waides / Rue du Marché Lanselles",
        "context": "Amiens, Somme",
        "citycode": "80021",
        "depcode": "80"
      }
    },
    {
      "type": "Feature",
      "geometry": {
        "type": "Point",
        "coordinates": [
          2.299201696,
          49.894953689
        ]
      },
      "properties": {
        "name": "Rue Saint-Martin aux Waides / Rue Henri IV",
        "context": "Amiens, Somme",
        "citycode": "80021",
        "depcode": "80"
      }
    },
    {
      "type": "Feature",
      "geometry": {
        "type": "Point",
        "coordinates": [
          2.28526815,
          49.906954356
        ]
      },
      "properties": {
        "name": "Rue Saint-Maurice / Cour Saint-Joseph",
        "context": "Amiens, Somme",
        "citycode": "80021",
        "depcode": "80"
      }
    },
    {
      "type": "Feature",
      "geometry": {
        "type": "Point",
        "coordinates": [
          2.284649278,
          49.907401925
        ]
      },
      "properties": {
        "name": "Rue Saint-Maurice / Rue de la Pépinière",
        "context": "Amiens, Somme",
        "citycode": "80021",
        "depcode": "80"
      }
    },
    {
      "type": "Feature",
      "geometry": {
        "type": "Point",
        "coordinates": [
          2.279147186,
          49.915171987
        ]
      },
      "properties": {
        "name": "Rue Saint-Maurice / Rue Gutenberg",
        "context": "Amiens, Somme",
        "citycode": "80021",
        "depcode": "80"
      }
    },
    {
      "type": "Feature",
      "geometry": {
        "type": "Point",
        "coordinates": [
          2.296109086,
          49.894990649
        ]
      },
      "properties": {
        "name": "Rue Saint-Patrice / Place au Fil",
        "context": "Amiens, Somme",
        "citycode": "80021",
        "depcode": "80"
      }
    },
    {
      "type": "Feature",
      "geometry": {
        "type": "Point",
        "coordinates": [
          2.296156448,
          49.894968757
        ]
      },
      "properties": {
        "name": "Rue Saint-Patrice / Place Léon Debouverie",
        "context": "Amiens, Somme",
        "citycode": "80021",
        "depcode": "80"
      }
    },
    {
      "type": "Feature",
      "geometry": {
        "type": "Point",
        "coordinates": [
          2.297511882,
          49.894734933
        ]
      },
      "properties": {
        "name": "Rue Saint-Patrice / Rue des Vergeaux",
        "context": "Amiens, Somme",
        "citycode": "80021",
        "depcode": "80"
      }
    },
    {
      "type": "Feature",
      "geometry": {
        "type": "Point",
        "coordinates": [
          2.285982184,
          49.895958333
        ]
      },
      "properties": {
        "name": "Rue Saint-Roch / Cour Couvreur",
        "context": "Amiens, Somme",
        "citycode": "80021",
        "depcode": "80"
      }
    },
    {
      "type": "Feature",
      "geometry": {
        "type": "Point",
        "coordinates": [
          2.287492314,
          49.896774905
        ]
      },
      "properties": {
        "name": "Rue Saint-Roch / Impasse Monmignon",
        "context": "Amiens, Somme",
        "citycode": "80021",
        "depcode": "80"
      }
    },
    {
      "type": "Feature",
      "geometry": {
        "type": "Point",
        "coordinates": [
          2.287059247,
          49.896534787
        ]
      },
      "properties": {
        "name": "Rue Saint-Roch / Impasse Sans Boutons",
        "context": "Amiens, Somme",
        "citycode": "80021",
        "depcode": "80"
      }
    },
    {
      "type": "Feature",
      "geometry": {
        "type": "Point",
        "coordinates": [
          2.286650767,
          49.896347098
        ]
      },
      "properties": {
        "name": "Rue Saint-Roch / Passage Couvreur",
        "context": "Amiens, Somme",
        "citycode": "80021",
        "depcode": "80"
      }
    },
    {
      "type": "Feature",
      "geometry": {
        "type": "Point",
        "coordinates": [
          2.284536984,
          49.893945865
        ]
      },
      "properties": {
        "name": "Rue Saint-Roch / Place Maréchal Foch",
        "context": "Amiens, Somme",
        "citycode": "80021",
        "depcode": "80"
      }
    },
    {
      "type": "Feature",
      "geometry": {
        "type": "Point",
        "coordinates": [
          2.284969763,
          49.894843844
        ]
      },
      "properties": {
        "name": "Rue Saint-Roch / Rue Boullet",
        "context": "Amiens, Somme",
        "citycode": "80021",
        "depcode": "80"
      }
    },
    {
      "type": "Feature",
      "geometry": {
        "type": "Point",
        "coordinates": [
          2.285036093,
          49.894903035
        ]
      },
      "properties": {
        "name": "Rue Saint-Roch / Rue Buffon",
        "context": "Amiens, Somme",
        "citycode": "80021",
        "depcode": "80"
      }
    },
    {
      "type": "Feature",
      "geometry": {
        "type": "Point",
        "coordinates": [
          2.287539673,
          49.89677912
        ]
      },
      "properties": {
        "name": "Rue Saint-Roch / Rue du Commandant Defontaine",
        "context": "Amiens, Somme",
        "citycode": "80021",
        "depcode": "80"
      }
    },
    {
      "type": "Feature",
      "geometry": {
        "type": "Point",
        "coordinates": [
          2.2848283,
          49.894484812
        ]
      },
      "properties": {
        "name": "Rue Saint-Roch / Rue Lavoisier",
        "context": "Amiens, Somme",
        "citycode": "80021",
        "depcode": "80"
      }
    },
    {
      "type": "Feature",
      "geometry": {
        "type": "Point",
        "coordinates": [
          2.262135327,
          49.924232311
        ]
      },
      "properties": {
        "name": "Rue Saint-Sauveur / Rue Saint-Léger",
        "context": "Amiens, Somme",
        "citycode": "80021",
        "depcode": "80"
      }
    },
    {
      "type": "Feature",
      "geometry": {
        "type": "Point",
        "coordinates": [
          2.291657393,
          49.882648836
        ]
      },
      "properties": {
        "name": "Rue Saint-Simon / Rue Gaulthier de Rumilly",
        "context": "Amiens, Somme",
        "citycode": "80021",
        "depcode": "80"
      }
    },
    {
      "type": "Feature",
      "geometry": {
        "type": "Point",
        "coordinates": [
          2.288584764,
          49.883523363
        ]
      },
      "properties": {
        "name": "Rue Sainte-Beuve / Chemin de la Fosse au Lait",
        "context": "Amiens, Somme",
        "citycode": "80021",
        "depcode": "80"
      }
    },
    {
      "type": "Feature",
      "geometry": {
        "type": "Point",
        "coordinates": [
          2.288926496,
          49.885198056
        ]
      },
      "properties": {
        "name": "Rue Sainte-Beuve / Rue de la Fosse au Lait",
        "context": "Amiens, Somme",
        "citycode": "80021",
        "depcode": "80"
      }
    },
    {
      "type": "Feature",
      "geometry": {
        "type": "Point",
        "coordinates": [
          2.288535116,
          49.883532523
        ]
      },
      "properties": {
        "name": "Rue Sainte-Beuve / Rue Hecquet",
        "context": "Amiens, Somme",
        "citycode": "80021",
        "depcode": "80"
      }
    },
    {
      "type": "Feature",
      "geometry": {
        "type": "Point",
        "coordinates": [
          2.296888053,
          49.897530534
        ]
      },
      "properties": {
        "name": "Rue Sainte-Catherine / Place Vogel",
        "context": "Amiens, Somme",
        "citycode": "80021",
        "depcode": "80"
      }
    },
    {
      "type": "Feature",
      "geometry": {
        "type": "Point",
        "coordinates": [
          2.29652857,
          49.896911506
        ]
      },
      "properties": {
        "name": "Rue Sainte-Catherine / Rivière des Clairons",
        "context": "Amiens, Somme",
        "citycode": "80021",
        "depcode": "80"
      }
    },
    {
      "type": "Feature",
      "geometry": {
        "type": "Point",
        "coordinates": [
          2.296541612,
          49.896929797
        ]
      },
      "properties": {
        "name": "Rue Sainte-Catherine / Rue Pingre",
        "context": "Amiens, Somme",
        "citycode": "80021",
        "depcode": "80"
      }
    },
    {
      "type": "Feature",
      "geometry": {
        "type": "Point",
        "coordinates": [
          2.257428812,
          49.8989647
        ]
      },
      "properties": {
        "name": "Rue Simone Renant / Rue de la Vénus de Renancourt",
        "context": "Amiens, Somme",
        "citycode": "80021",
        "depcode": "80"
      }
    },
    {
      "type": "Feature",
      "geometry": {
        "type": "Point",
        "coordinates": [
          2.258661555,
          49.898043955
        ]
      },
      "properties": {
        "name": "Rue Simone Renant / Rue Louise Lefrançois Pillion",
        "context": "Amiens, Somme",
        "citycode": "80021",
        "depcode": "80"
      }
    },
    {
      "type": "Feature",
      "geometry": {
        "type": "Point",
        "coordinates": [
          2.258093534,
          49.898476083
        ]
      },
      "properties": {
        "name": "Rue Simone Renant / Rue Maurice Domon",
        "context": "Amiens, Somme",
        "citycode": "80021",
        "depcode": "80"
      }
    },
    {
      "type": "Feature",
      "geometry": {
        "type": "Point",
        "coordinates": [
          2.335761149,
          49.872253386
        ]
      },
      "properties": {
        "name": "Rue Simone Signoret / Mail Roger Salengro",
        "context": "Amiens, Somme",
        "citycode": "80021",
        "depcode": "80"
      }
    },
    {
      "type": "Feature",
      "geometry": {
        "type": "Point",
        "coordinates": [
          2.333110827,
          49.877140194
        ]
      },
      "properties": {
        "name": "Rue Simone Signoret / Rue Bernard Cuminal",
        "context": "Amiens, Somme",
        "citycode": "80021",
        "depcode": "80"
      }
    },
    {
      "type": "Feature",
      "geometry": {
        "type": "Point",
        "coordinates": [
          2.331704162,
          49.877130729
        ]
      },
      "properties": {
        "name": "Rue Simone Signoret / Rue René Boileau",
        "context": "Amiens, Somme",
        "citycode": "80021",
        "depcode": "80"
      }
    },
    {
      "type": "Feature",
      "geometry": {
        "type": "Point",
        "coordinates": [
          2.320124297,
          49.886577325
        ]
      },
      "properties": {
        "name": "Rue Sire Bernard / Rue de Croy",
        "context": "Amiens, Somme",
        "citycode": "80021",
        "depcode": "80"
      }
    },
    {
      "type": "Feature",
      "geometry": {
        "type": "Point",
        "coordinates": [
          2.299053806,
          49.892669298
        ]
      },
      "properties": {
        "name": "Rue Sire Firmin Leroux / Rue des Corps-Nuds-Sans-Teste",
        "context": "Amiens, Somme",
        "citycode": "80021",
        "depcode": "80"
      }
    },
    {
      "type": "Feature",
      "geometry": {
        "type": "Point",
        "coordinates": [
          2.299522026,
          49.893670679
        ]
      },
      "properties": {
        "name": "Rue Sire Firmin Leroux / Rue des Crignons",
        "context": "Amiens, Somme",
        "citycode": "80021",
        "depcode": "80"
      }
    },
    {
      "type": "Feature",
      "geometry": {
        "type": "Point",
        "coordinates": [
          2.299061815,
          49.892678984
        ]
      },
      "properties": {
        "name": "Rue Sire Firmin Leroux / Rue des Trois Cailloux",
        "context": "Amiens, Somme",
        "citycode": "80021",
        "depcode": "80"
      }
    },
    {
      "type": "Feature",
      "geometry": {
        "type": "Point",
        "coordinates": [
          2.299536392,
          49.893670205
        ]
      },
      "properties": {
        "name": "Rue Sire Firmin Leroux / Rue du Cloître de la Barge",
        "context": "Amiens, Somme",
        "citycode": "80021",
        "depcode": "80"
      }
    },
    {
      "type": "Feature",
      "geometry": {
        "type": "Point",
        "coordinates": [
          2.288488485,
          49.878273652
        ]
      },
      "properties": {
        "name": "Rue Stéphane Mallarmé / Allée des Chèvrefeuilles",
        "context": "Amiens, Somme",
        "citycode": "80021",
        "depcode": "80"
      }
    },
    {
      "type": "Feature",
      "geometry": {
        "type": "Point",
        "coordinates": [
          2.28695649,
          49.884561846
        ]
      },
      "properties": {
        "name": "Rue Sylvius / Route de Paris D1001",
        "context": "Amiens, Somme",
        "citycode": "80021",
        "depcode": "80"
      }
    },
    {
      "type": "Feature",
      "geometry": {
        "type": "Point",
        "coordinates": [
          2.285869623,
          49.88479151
        ]
      },
      "properties": {
        "name": "Rue Sylvius / Rue du Moulin",
        "context": "Amiens, Somme",
        "citycode": "80021",
        "depcode": "80"
      }
    },
    {
      "type": "Feature",
      "geometry": {
        "type": "Point",
        "coordinates": [
          2.29786306,
          49.898490215
        ]
      },
      "properties": {
        "name": "Rue Tagault / Grande Rue de la Veillère",
        "context": "Amiens, Somme",
        "citycode": "80021",
        "depcode": "80"
      }
    },
    {
      "type": "Feature",
      "geometry": {
        "type": "Point",
        "coordinates": [
          2.297845899,
          49.898478712
        ]
      },
      "properties": {
        "name": "Rue Tagault / Passage des Bains Neveux",
        "context": "Amiens, Somme",
        "citycode": "80021",
        "depcode": "80"
      }
    },
    {
      "type": "Feature",
      "geometry": {
        "type": "Point",
        "coordinates": [
          2.30075225,
          49.898195751
        ]
      },
      "properties": {
        "name": "Rue Tagault / Rue des Archers",
        "context": "Amiens, Somme",
        "citycode": "80021",
        "depcode": "80"
      }
    },
    {
      "type": "Feature",
      "geometry": {
        "type": "Point",
        "coordinates": [
          2.300733127,
          49.898137773
        ]
      },
      "properties": {
        "name": "Rue Tagault / Rue Saint-Leu",
        "context": "Amiens, Somme",
        "citycode": "80021",
        "depcode": "80"
      }
    },
    {
      "type": "Feature",
      "geometry": {
        "type": "Point",
        "coordinates": [
          2.296143426,
          49.911621644
        ]
      },
      "properties": {
        "name": "Rue Terral / Rue Franklin Roosevelt D933",
        "context": "Amiens, Somme",
        "citycode": "80021",
        "depcode": "80"
      }
    },
    {
      "type": "Feature",
      "geometry": {
        "type": "Point",
        "coordinates": [
          2.29280394,
          49.921750148
        ]
      },
      "properties": {
        "name": "Rue Titien / Rue Claude Monet",
        "context": "Amiens, Somme",
        "citycode": "80021",
        "depcode": "80"
      }
    },
    {
      "type": "Feature",
      "geometry": {
        "type": "Point",
        "coordinates": [
          2.294620766,
          49.922911298
        ]
      },
      "properties": {
        "name": "Rue Titien / Rue Edgar Degas",
        "context": "Amiens, Somme",
        "citycode": "80021",
        "depcode": "80"
      }
    },
    {
      "type": "Feature",
      "geometry": {
        "type": "Point",
        "coordinates": [
          2.292062806,
          49.921081465
        ]
      },
      "properties": {
        "name": "Rue Titien / Rue Fra Angelico",
        "context": "Amiens, Somme",
        "citycode": "80021",
        "depcode": "80"
      }
    },
    {
      "type": "Feature",
      "geometry": {
        "type": "Point",
        "coordinates": [
          2.298922359,
          49.923542057
        ]
      },
      "properties": {
        "name": "Rue Titien / Rue le Tintoret",
        "context": "Amiens, Somme",
        "citycode": "80021",
        "depcode": "80"
      }
    },
    {
      "type": "Feature",
      "geometry": {
        "type": "Point",
        "coordinates": [
          2.296327931,
          49.923337411
        ]
      },
      "properties": {
        "name": "Rue Titien / Rue Paul Cézanne",
        "context": "Amiens, Somme",
        "citycode": "80021",
        "depcode": "80"
      }
    },
    {
      "type": "Feature",
      "geometry": {
        "type": "Point",
        "coordinates": [
          2.292469418,
          49.920421903
        ]
      },
      "properties": {
        "name": "Rue Titien / Rue Raphaël",
        "context": "Amiens, Somme",
        "citycode": "80021",
        "depcode": "80"
      }
    },
    {
      "type": "Feature",
      "geometry": {
        "type": "Point",
        "coordinates": [
          2.326991335,
          49.869632023
        ]
      },
      "properties": {
        "name": "Rue Tourmamiantz / Rue de Québec",
        "context": "Amiens, Somme",
        "citycode": "80021",
        "depcode": "80"
      }
    },
    {
      "type": "Feature",
      "geometry": {
        "type": "Point",
        "coordinates": [
          2.327631832,
          49.868558487
        ]
      },
      "properties": {
        "name": "Rue Tourmamiantz / Rue Le Corbusier",
        "context": "Amiens, Somme",
        "citycode": "80021",
        "depcode": "80"
      }
    },
    {
      "type": "Feature",
      "geometry": {
        "type": "Point",
        "coordinates": [
          2.288474876,
          49.903618188
        ]
      },
      "properties": {
        "name": "Rue Turgot / Rue de l'Église",
        "context": "Amiens, Somme",
        "citycode": "80021",
        "depcode": "80"
      }
    },
    {
      "type": "Feature",
      "geometry": {
        "type": "Point",
        "coordinates": [
          2.288199611,
          49.903440326
        ]
      },
      "properties": {
        "name": "Rue Turgot / Rue des Meuniers",
        "context": "Amiens, Somme",
        "citycode": "80021",
        "depcode": "80"
      }
    },
    {
      "type": "Feature",
      "geometry": {
        "type": "Point",
        "coordinates": [
          2.289030258,
          49.903885327
        ]
      },
      "properties": {
        "name": "Rue Turgot / Rue Saint-Maurice",
        "context": "Amiens, Somme",
        "citycode": "80021",
        "depcode": "80"
      }
    },
    {
      "type": "Feature",
      "geometry": {
        "type": "Point",
        "coordinates": [
          2.305807434,
          49.895438097
        ]
      },
      "properties": {
        "name": "Rue Turpin / Place Parmentier",
        "context": "Amiens, Somme",
        "citycode": "80021",
        "depcode": "80"
      }
    },
    {
      "type": "Feature",
      "geometry": {
        "type": "Point",
        "coordinates": [
          2.30555017,
          49.895095982
        ]
      },
      "properties": {
        "name": "Rue Turpin / Rue du Hocquet",
        "context": "Amiens, Somme",
        "citycode": "80021",
        "depcode": "80"
      }
    },
    {
      "type": "Feature",
      "geometry": {
        "type": "Point",
        "coordinates": [
          2.300898134,
          49.917377214
        ]
      },
      "properties": {
        "name": "Rue Utrillo / Rue Derain",
        "context": "Amiens, Somme",
        "citycode": "80021",
        "depcode": "80"
      }
    },
    {
      "type": "Feature",
      "geometry": {
        "type": "Point",
        "coordinates": [
          2.308699027,
          49.894264127
        ]
      },
      "properties": {
        "name": "Rue Vadé / Boulevard d'Alsace-Lorraine",
        "context": "Amiens, Somme",
        "citycode": "80021",
        "depcode": "80"
      }
    },
    {
      "type": "Feature",
      "geometry": {
        "type": "Point",
        "coordinates": [
          2.307593367,
          49.894482902
        ]
      },
      "properties": {
        "name": "Rue Vadé / Rue Cardon",
        "context": "Amiens, Somme",
        "citycode": "80021",
        "depcode": "80"
      }
    },
    {
      "type": "Feature",
      "geometry": {
        "type": "Point",
        "coordinates": [
          2.308046793,
          49.894499507
        ]
      },
      "properties": {
        "name": "Rue Vadé / Rue de la Barette",
        "context": "Amiens, Somme",
        "citycode": "80021",
        "depcode": "80"
      }
    },
    {
      "type": "Feature",
      "geometry": {
        "type": "Point",
        "coordinates": [
          2.282816471,
          49.896112714
        ]
      },
      "properties": {
        "name": "Rue Vagniez Fiquet / Boulevard des Fédérés",
        "context": "Amiens, Somme",
        "citycode": "80021",
        "depcode": "80"
      }
    },
    {
      "type": "Feature",
      "geometry": {
        "type": "Point",
        "coordinates": [
          2.312853186,
          49.903437343
        ]
      },
      "properties": {
        "name": "Rue Valentin Haüy / Allée des Étamines",
        "context": "Amiens, Somme",
        "citycode": "80021",
        "depcode": "80"
      }
    },
    {
      "type": "Feature",
      "geometry": {
        "type": "Point",
        "coordinates": [
          2.315458404,
          49.903191438
        ]
      },
      "properties": {
        "name": "Rue Valentin Haüy / Boulevard de Beauvillé",
        "context": "Amiens, Somme",
        "citycode": "80021",
        "depcode": "80"
      }
    },
    {
      "type": "Feature",
      "geometry": {
        "type": "Point",
        "coordinates": [
          2.308731399,
          49.903927079
        ]
      },
      "properties": {
        "name": "Rue Valentin Haüy / Chaussée Saint-Pierre D929",
        "context": "Amiens, Somme",
        "citycode": "80021",
        "depcode": "80"
      }
    },
    {
      "type": "Feature",
      "geometry": {
        "type": "Point",
        "coordinates": [
          2.309877875,
          49.903859671
        ]
      },
      "properties": {
        "name": "Rue Valentin Haüy / Chemin du Traillis",
        "context": "Amiens, Somme",
        "citycode": "80021",
        "depcode": "80"
      }
    },
    {
      "type": "Feature",
      "geometry": {
        "type": "Point",
        "coordinates": [
          2.314499238,
          49.903279647
        ]
      },
      "properties": {
        "name": "Rue Valentin Haüy / Rue Charles Labbé",
        "context": "Amiens, Somme",
        "citycode": "80021",
        "depcode": "80"
      }
    },
    {
      "type": "Feature",
      "geometry": {
        "type": "Point",
        "coordinates": [
          2.313935147,
          49.903334854
        ]
      },
      "properties": {
        "name": "Rue Valentin Haüy / Rue Cosserat",
        "context": "Amiens, Somme",
        "citycode": "80021",
        "depcode": "80"
      }
    },
    {
      "type": "Feature",
      "geometry": {
        "type": "Point",
        "coordinates": [
          2.31343809,
          49.903379967
        ]
      },
      "properties": {
        "name": "Rue Valentin Haüy / Rue Dupont Bacqueville",
        "context": "Amiens, Somme",
        "citycode": "80021",
        "depcode": "80"
      }
    },
    {
      "type": "Feature",
      "geometry": {
        "type": "Point",
        "coordinates": [
          2.313270724,
          49.903419176
        ]
      },
      "properties": {
        "name": "Rue Valentin Haüy / Rue Louis Braille",
        "context": "Amiens, Somme",
        "citycode": "80021",
        "depcode": "80"
      }
    },
    {
      "type": "Feature",
      "geometry": {
        "type": "Point",
        "coordinates": [
          2.314846575,
          49.903267977
        ]
      },
      "properties": {
        "name": "Rue Valentin Haüy / Rue Milton",
        "context": "Amiens, Somme",
        "citycode": "80021",
        "depcode": "80"
      }
    },
    {
      "type": "Feature",
      "geometry": {
        "type": "Point",
        "coordinates": [
          2.257188849,
          49.911987671
        ]
      },
      "properties": {
        "name": "Rue Van Robais / Rue Jean de la Fontaine",
        "context": "Amiens, Somme",
        "citycode": "80021",
        "depcode": "80"
      }
    },
    {
      "type": "Feature",
      "geometry": {
        "type": "Point",
        "coordinates": [
          2.3039505,
          49.89595965
        ]
      },
      "properties": {
        "name": "Rue Vanmarcke / Place Parmentier",
        "context": "Amiens, Somme",
        "citycode": "80021",
        "depcode": "80"
      }
    },
    {
      "type": "Feature",
      "geometry": {
        "type": "Point",
        "coordinates": [
          2.300452671,
          49.896752172
        ]
      },
      "properties": {
        "name": "Rue Vanmarcke / Rue des Francs Mûriers",
        "context": "Amiens, Somme",
        "citycode": "80021",
        "depcode": "80"
      }
    },
    {
      "type": "Feature",
      "geometry": {
        "type": "Point",
        "coordinates": [
          2.300694314,
          49.896676659
        ]
      },
      "properties": {
        "name": "Rue Vanmarcke / Rue des Huchers",
        "context": "Amiens, Somme",
        "citycode": "80021",
        "depcode": "80"
      }
    },
    {
      "type": "Feature",
      "geometry": {
        "type": "Point",
        "coordinates": [
          2.317784426,
          49.886369543
        ]
      },
      "properties": {
        "name": "Rue Vaquette / Rue Jules Barni",
        "context": "Amiens, Somme",
        "citycode": "80021",
        "depcode": "80"
      }
    },
    {
      "type": "Feature",
      "geometry": {
        "type": "Point",
        "coordinates": [
          2.31892641,
          49.88827636
        ]
      },
      "properties": {
        "name": "Rue Vaquette / Rue Riolan",
        "context": "Amiens, Somme",
        "citycode": "80021",
        "depcode": "80"
      }
    },
    {
      "type": "Feature",
      "geometry": {
        "type": "Point",
        "coordinates": [
          2.308450929,
          49.886529644
        ]
      },
      "properties": {
        "name": "Rue Vascosan / Rue Daire",
        "context": "Amiens, Somme",
        "citycode": "80021",
        "depcode": "80"
      }
    },
    {
      "type": "Feature",
      "geometry": {
        "type": "Point",
        "coordinates": [
          2.3083548,
          49.887907496
        ]
      },
      "properties": {
        "name": "Rue Vascosan / Rue Damis",
        "context": "Amiens, Somme",
        "citycode": "80021",
        "depcode": "80"
      }
    },
    {
      "type": "Feature",
      "geometry": {
        "type": "Point",
        "coordinates": [
          2.308391312,
          49.886824484
        ]
      },
      "properties": {
        "name": "Rue Vascosan / Rue Dewailly",
        "context": "Amiens, Somme",
        "citycode": "80021",
        "depcode": "80"
      }
    },
    {
      "type": "Feature",
      "geometry": {
        "type": "Point",
        "coordinates": [
          2.308416271,
          49.88712941
        ]
      },
      "properties": {
        "name": "Rue Vascosan / Rue Rigollot",
        "context": "Amiens, Somme",
        "citycode": "80021",
        "depcode": "80"
      }
    },
    {
      "type": "Feature",
      "geometry": {
        "type": "Point",
        "coordinates": [
          2.277628864,
          49.889669071
        ]
      },
      "properties": {
        "name": "Rue Vast Luce / Boulevard de Strasbourg",
        "context": "Amiens, Somme",
        "citycode": "80021",
        "depcode": "80"
      }
    },
    {
      "type": "Feature",
      "geometry": {
        "type": "Point",
        "coordinates": [
          2.320647275,
          49.884249482
        ]
      },
      "properties": {
        "name": "Rue Vatable / Boulevard de Pont-Noyelles",
        "context": "Amiens, Somme",
        "citycode": "80021",
        "depcode": "80"
      }
    },
    {
      "type": "Feature",
      "geometry": {
        "type": "Point",
        "coordinates": [
          2.31675931,
          49.885760683
        ]
      },
      "properties": {
        "name": "Rue Vatable / Rue de Cagny",
        "context": "Amiens, Somme",
        "citycode": "80021",
        "depcode": "80"
      }
    },
    {
      "type": "Feature",
      "geometry": {
        "type": "Point",
        "coordinates": [
          2.318488115,
          49.885096901
        ]
      },
      "properties": {
        "name": "Rue Vatable / Rue de la Croix Saint-Firmin",
        "context": "Amiens, Somme",
        "citycode": "80021",
        "depcode": "80"
      }
    },
    {
      "type": "Feature",
      "geometry": {
        "type": "Point",
        "coordinates": [
          2.302725818,
          49.902595032
        ]
      },
      "properties": {
        "name": "Rue Vauban / Chaussée Saint-Pierre D929",
        "context": "Amiens, Somme",
        "citycode": "80021",
        "depcode": "80"
      }
    },
    {
      "type": "Feature",
      "geometry": {
        "type": "Point",
        "coordinates": [
          2.302734831,
          49.902585008
        ]
      },
      "properties": {
        "name": "Rue Vauban / Rue Bélidor",
        "context": "Amiens, Somme",
        "citycode": "80021",
        "depcode": "80"
      }
    },
    {
      "type": "Feature",
      "geometry": {
        "type": "Point",
        "coordinates": [
          2.302456439,
          49.903123011
        ]
      },
      "properties": {
        "name": "Rue Vauban / Rue de Turenne",
        "context": "Amiens, Somme",
        "citycode": "80021",
        "depcode": "80"
      }
    },
    {
      "type": "Feature",
      "geometry": {
        "type": "Point",
        "coordinates": [
          2.302032211,
          49.904158684
        ]
      },
      "properties": {
        "name": "Rue Vauban / Rue Drouot",
        "context": "Amiens, Somme",
        "citycode": "80021",
        "depcode": "80"
      }
    },
    {
      "type": "Feature",
      "geometry": {
        "type": "Point",
        "coordinates": [
          2.30215314,
          49.904249803
        ]
      },
      "properties": {
        "name": "Rue Vauban / Rue du 8e Bataillon de Chasseurs à Pied",
        "context": "Amiens, Somme",
        "citycode": "80021",
        "depcode": "80"
      }
    },
    {
      "type": "Feature",
      "geometry": {
        "type": "Point",
        "coordinates": [
          2.302247617,
          49.903559159
        ]
      },
      "properties": {
        "name": "Rue Vauban / Rue du Docteur Lenoel",
        "context": "Amiens, Somme",
        "citycode": "80021",
        "depcode": "80"
      }
    },
    {
      "type": "Feature",
      "geometry": {
        "type": "Point",
        "coordinates": [
          2.30215166,
          49.904251131
        ]
      },
      "properties": {
        "name": "Rue Vauban / Rue du Général Frère",
        "context": "Amiens, Somme",
        "citycode": "80021",
        "depcode": "80"
      }
    },
    {
      "type": "Feature",
      "geometry": {
        "type": "Point",
        "coordinates": [
          2.339664992,
          49.865611816
        ]
      },
      "properties": {
        "name": "Rue Vaucanson / Rue du Bel Air",
        "context": "Amiens, Somme",
        "citycode": "80021",
        "depcode": "80"
      }
    },
    {
      "type": "Feature",
      "geometry": {
        "type": "Point",
        "coordinates": [
          2.335820723,
          49.866653121
        ]
      },
      "properties": {
        "name": "Rue Vaucanson / Rue Jean Racine",
        "context": "Amiens, Somme",
        "citycode": "80021",
        "depcode": "80"
      }
    },
    {
      "type": "Feature",
      "geometry": {
        "type": "Point",
        "coordinates": [
          2.298974575,
          49.919288706
        ]
      },
      "properties": {
        "name": "Rue Vélasquez / Rond-Point Fernand Léger",
        "context": "Amiens, Somme",
        "citycode": "80021",
        "depcode": "80"
      }
    },
    {
      "type": "Feature",
      "geometry": {
        "type": "Point",
        "coordinates": [
          2.301173421,
          49.922608433
        ]
      },
      "properties": {
        "name": "Rue Vélasquez / Rue Botticelli",
        "context": "Amiens, Somme",
        "citycode": "80021",
        "depcode": "80"
      }
    },
    {
      "type": "Feature",
      "geometry": {
        "type": "Point",
        "coordinates": [
          2.299620674,
          49.920396983
        ]
      },
      "properties": {
        "name": "Rue Vélasquez / Rue Durer",
        "context": "Amiens, Somme",
        "citycode": "80021",
        "depcode": "80"
      }
    },
    {
      "type": "Feature",
      "geometry": {
        "type": "Point",
        "coordinates": [
          2.300263766,
          49.92140756
        ]
      },
      "properties": {
        "name": "Rue Vélasquez / Rue Michel-Ange",
        "context": "Amiens, Somme",
        "citycode": "80021",
        "depcode": "80"
      }
    },
    {
      "type": "Feature",
      "geometry": {
        "type": "Point",
        "coordinates": [
          2.299205368,
          49.919783849
        ]
      },
      "properties": {
        "name": "Rue Vélasquez / Rue Toulouse-Lautrec",
        "context": "Amiens, Somme",
        "citycode": "80021",
        "depcode": "80"
      }
    },
    {
      "type": "Feature",
      "geometry": {
        "type": "Point",
        "coordinates": [
          2.300017028,
          49.920981377
        ]
      },
      "properties": {
        "name": "Rue Vélasquez / Rue Véronèse",
        "context": "Amiens, Somme",
        "citycode": "80021",
        "depcode": "80"
      }
    },
    {
      "type": "Feature",
      "geometry": {
        "type": "Point",
        "coordinates": [
          2.274147521,
          49.901899855
        ]
      },
      "properties": {
        "name": "Rue Verrier Lebel / Allée Léon Burckel",
        "context": "Amiens, Somme",
        "citycode": "80021",
        "depcode": "80"
      }
    },
    {
      "type": "Feature",
      "geometry": {
        "type": "Point",
        "coordinates": [
          2.275944707,
          49.90165143
        ]
      },
      "properties": {
        "name": "Rue Verrier Lebel / Allée Pourchelle",
        "context": "Amiens, Somme",
        "citycode": "80021",
        "depcode": "80"
      }
    },
    {
      "type": "Feature",
      "geometry": {
        "type": "Point",
        "coordinates": [
          2.276774612,
          49.902532873
        ]
      },
      "properties": {
        "name": "Rue Verrier Lebel / Rue du Faubourg de Hem",
        "context": "Amiens, Somme",
        "citycode": "80021",
        "depcode": "80"
      }
    },
    {
      "type": "Feature",
      "geometry": {
        "type": "Point",
        "coordinates": [
          2.314989623,
          49.901879251
        ]
      },
      "properties": {
        "name": "Rue Victor Beauvillé / Boulevard de Beauvillé",
        "context": "Amiens, Somme",
        "citycode": "80021",
        "depcode": "80"
      }
    },
    {
      "type": "Feature",
      "geometry": {
        "type": "Point",
        "coordinates": [
          2.316377197,
          49.901647001
        ]
      },
      "properties": {
        "name": "Rue Victor Beauvillé / Rue Mercier",
        "context": "Amiens, Somme",
        "citycode": "80021",
        "depcode": "80"
      }
    },
    {
      "type": "Feature",
      "geometry": {
        "type": "Point",
        "coordinates": [
          2.315865465,
          49.901719164
        ]
      },
      "properties": {
        "name": "Rue Victor Beauvillé / Rue Oscar Dassonville",
        "context": "Amiens, Somme",
        "citycode": "80021",
        "depcode": "80"
      }
    },
    {
      "type": "Feature",
      "geometry": {
        "type": "Point",
        "coordinates": [
          2.246117111,
          49.915782812
        ]
      },
      "properties": {
        "name": "Rue Victor Camélinat / Allée Eugène Varlin",
        "context": "Amiens, Somme",
        "citycode": "80021",
        "depcode": "80"
      }
    },
    {
      "type": "Feature",
      "geometry": {
        "type": "Point",
        "coordinates": [
          2.315241961,
          49.902221028
        ]
      },
      "properties": {
        "name": "Rue Victor Duvauchelle / Boulevard de Beauvillé",
        "context": "Amiens, Somme",
        "citycode": "80021",
        "depcode": "80"
      }
    },
    {
      "type": "Feature",
      "geometry": {
        "type": "Point",
        "coordinates": [
          2.316504909,
          49.902019317
        ]
      },
      "properties": {
        "name": "Rue Victor Duvauchelle / Rue Mercier",
        "context": "Amiens, Somme",
        "citycode": "80021",
        "depcode": "80"
      }
    },
    {
      "type": "Feature",
      "geometry": {
        "type": "Point",
        "coordinates": [
          2.302185224,
          49.891713502
        ]
      },
      "properties": {
        "name": "Rue Victor Hugo / Place René Goblet",
        "context": "Amiens, Somme",
        "citycode": "80021",
        "depcode": "80"
      }
    },
    {
      "type": "Feature",
      "geometry": {
        "type": "Point",
        "coordinates": [
          2.302666196,
          49.893868935
        ]
      },
      "properties": {
        "name": "Rue Victor Hugo / Place Saint-Michel",
        "context": "Amiens, Somme",
        "citycode": "80021",
        "depcode": "80"
      }
    },
    {
      "type": "Feature",
      "geometry": {
        "type": "Point",
        "coordinates": [
          2.302591518,
          49.893895078
        ]
      },
      "properties": {
        "name": "Rue Victor Hugo / Rue Cormont",
        "context": "Amiens, Somme",
        "citycode": "80021",
        "depcode": "80"
      }
    },
    {
      "type": "Feature",
      "geometry": {
        "type": "Point",
        "coordinates": [
          2.302363274,
          49.892901629
        ]
      },
      "properties": {
        "name": "Rue Victor Hugo / Rue Lesueur",
        "context": "Amiens, Somme",
        "citycode": "80021",
        "depcode": "80"
      }
    },
    {
      "type": "Feature",
      "geometry": {
        "type": "Point",
        "coordinates": [
          2.276402469,
          49.88293578
        ]
      },
      "properties": {
        "name": "Rue Victor Magniez / Rue des Quatre Lemaire",
        "context": "Amiens, Somme",
        "citycode": "80021",
        "depcode": "80"
      }
    },
    {
      "type": "Feature",
      "geometry": {
        "type": "Point",
        "coordinates": [
          2.279441529,
          49.88225695
        ]
      },
      "properties": {
        "name": "Rue Victor Magniez / Rue Jean Moulin D8",
        "context": "Amiens, Somme",
        "citycode": "80021",
        "depcode": "80"
      }
    },
    {
      "type": "Feature",
      "geometry": {
        "type": "Point",
        "coordinates": [
          2.335383247,
          49.87911288
        ]
      },
      "properties": {
        "name": "Rue Victorine Autier / Chaussée Jules Ferry",
        "context": "Amiens, Somme",
        "citycode": "80021",
        "depcode": "80"
      }
    },
    {
      "type": "Feature",
      "geometry": {
        "type": "Point",
        "coordinates": [
          2.335261808,
          49.878682
        ]
      },
      "properties": {
        "name": "Rue Victorine Autier / Impasse du Port à Fumier",
        "context": "Amiens, Somme",
        "citycode": "80021",
        "depcode": "80"
      }
    },
    {
      "type": "Feature",
      "geometry": {
        "type": "Point",
        "coordinates": [
          2.336120985,
          49.873869793
        ]
      },
      "properties": {
        "name": "Rue Victorine Autier / Rue du Bel Air",
        "context": "Amiens, Somme",
        "citycode": "80021",
        "depcode": "80"
      }
    },
    {
      "type": "Feature",
      "geometry": {
        "type": "Point",
        "coordinates": [
          2.302779932,
          49.889690107
        ]
      },
      "properties": {
        "name": "Rue Vincent Auriol / Rue des Otages",
        "context": "Amiens, Somme",
        "citycode": "80021",
        "depcode": "80"
      }
    },
    {
      "type": "Feature",
      "geometry": {
        "type": "Point",
        "coordinates": [
          2.304526685,
          49.889536556
        ]
      },
      "properties": {
        "name": "Rue Vincent Auriol / Rue Georges Antoine",
        "context": "Amiens, Somme",
        "citycode": "80021",
        "depcode": "80"
      }
    },
    {
      "type": "Feature",
      "geometry": {
        "type": "Point",
        "coordinates": [
          2.323778422,
          49.885939924
        ]
      },
      "properties": {
        "name": "Rue Vion / Rue de la Cité",
        "context": "Amiens, Somme",
        "citycode": "80021",
        "depcode": "80"
      }
    },
    {
      "type": "Feature",
      "geometry": {
        "type": "Point",
        "coordinates": [
          2.300177537,
          49.889843868
        ]
      },
      "properties": {
        "name": "Rue Vivien / Rue Émile Zola",
        "context": "Amiens, Somme",
        "citycode": "80021",
        "depcode": "80"
      }
    },
    {
      "type": "Feature",
      "geometry": {
        "type": "Point",
        "coordinates": [
          2.298412957,
          49.890468332
        ]
      },
      "properties": {
        "name": "Rue Vivien / Rue Lamarck",
        "context": "Amiens, Somme",
        "citycode": "80021",
        "depcode": "80"
      }
    },
    {
      "type": "Feature",
      "geometry": {
        "type": "Point",
        "coordinates": [
          2.300192323,
          49.889837233
        ]
      },
      "properties": {
        "name": "Rue Vivien / Rue Pierre l'Hermite",
        "context": "Amiens, Somme",
        "citycode": "80021",
        "depcode": "80"
      }
    },
    {
      "type": "Feature",
      "geometry": {
        "type": "Point",
        "coordinates": [
          2.291465035,
          49.896654159
        ]
      },
      "properties": {
        "name": "Rue Voclin / Rue de la Hotoie",
        "context": "Amiens, Somme",
        "citycode": "80021",
        "depcode": "80"
      }
    },
    {
      "type": "Feature",
      "geometry": {
        "type": "Point",
        "coordinates": [
          2.290795316,
          49.895753568
        ]
      },
      "properties": {
        "name": "Rue Voclin / Rue Jean Calvin",
        "context": "Amiens, Somme",
        "citycode": "80021",
        "depcode": "80"
      }
    },
    {
      "type": "Feature",
      "geometry": {
        "type": "Point",
        "coordinates": [
          2.290583346,
          49.895528291
        ]
      },
      "properties": {
        "name": "Rue Voclin / Rue Jean Catelas",
        "context": "Amiens, Somme",
        "citycode": "80021",
        "depcode": "80"
      }
    },
    {
      "type": "Feature",
      "geometry": {
        "type": "Point",
        "coordinates": [
          2.303475202,
          49.886731635
        ]
      },
      "properties": {
        "name": "Rue Voiture / Rue Saint-Fuscien D7",
        "context": "Amiens, Somme",
        "citycode": "80021",
        "depcode": "80"
      }
    },
    {
      "type": "Feature",
      "geometry": {
        "type": "Point",
        "coordinates": [
          2.318360812,
          49.911306153
        ]
      },
      "properties": {
        "name": "Rue Voltaire / Allée des Calicots",
        "context": "Amiens, Somme",
        "citycode": "80021",
        "depcode": "80"
      }
    },
    {
      "type": "Feature",
      "geometry": {
        "type": "Point",
        "coordinates": [
          2.320791409,
          49.907521879
        ]
      },
      "properties": {
        "name": "Rue Voltaire / Avenue de la Défense Passive D929",
        "context": "Amiens, Somme",
        "citycode": "80021",
        "depcode": "80"
      }
    },
    {
      "type": "Feature",
      "geometry": {
        "type": "Point",
        "coordinates": [
          2.31926935,
          49.909865538
        ]
      },
      "properties": {
        "name": "Rue Voltaire / Cité Lacheretz",
        "context": "Amiens, Somme",
        "citycode": "80021",
        "depcode": "80"
      }
    },
    {
      "type": "Feature",
      "geometry": {
        "type": "Point",
        "coordinates": [
          2.320054257,
          49.908729142
        ]
      },
      "properties": {
        "name": "Rue Voltaire / Cité Voltaire",
        "context": "Amiens, Somme",
        "citycode": "80021",
        "depcode": "80"
      }
    },
    {
      "type": "Feature",
      "geometry": {
        "type": "Point",
        "coordinates": [
          2.317975968,
          49.912522147
        ]
      },
      "properties": {
        "name": "Rue Voltaire / Impasse Victor François",
        "context": "Amiens, Somme",
        "citycode": "80021",
        "depcode": "80"
      }
    },
    {
      "type": "Feature",
      "geometry": {
        "type": "Point",
        "coordinates": [
          2.318736502,
          49.910676456
        ]
      },
      "properties": {
        "name": "Rue Voltaire / Rue Balzac",
        "context": "Amiens, Somme",
        "citycode": "80021",
        "depcode": "80"
      }
    },
    {
      "type": "Feature",
      "geometry": {
        "type": "Point",
        "coordinates": [
          2.320794288,
          49.907516297
        ]
      },
      "properties": {
        "name": "Rue Voltaire / Rue Baudrez",
        "context": "Amiens, Somme",
        "citycode": "80021",
        "depcode": "80"
      }
    },
    {
      "type": "Feature",
      "geometry": {
        "type": "Point",
        "coordinates": [
          2.31778189,
          49.912955366
        ]
      },
      "properties": {
        "name": "Rue Voltaire / Rue d'Allonville D919",
        "context": "Amiens, Somme",
        "citycode": "80021",
        "depcode": "80"
      }
    },
    {
      "type": "Feature",
      "geometry": {
        "type": "Point",
        "coordinates": [
          2.318931712,
          49.910435598
        ]
      },
      "properties": {
        "name": "Rue Voltaire / Rue Montaigne",
        "context": "Amiens, Somme",
        "citycode": "80021",
        "depcode": "80"
      }
    },
    {
      "type": "Feature",
      "geometry": {
        "type": "Point",
        "coordinates": [
          2.335181325,
          49.887174859
        ]
      },
      "properties": {
        "name": "Rue Voyelle / Petite Avre",
        "context": "Amiens, Somme",
        "citycode": "80021",
        "depcode": "80"
      }
    },
    {
      "type": "Feature",
      "geometry": {
        "type": "Point",
        "coordinates": [
          2.33301306,
          49.887855149
        ]
      },
      "properties": {
        "name": "Rue Voyelle / Rue de l'Agrappin",
        "context": "Amiens, Somme",
        "citycode": "80021",
        "depcode": "80"
      }
    },
    {
      "type": "Feature",
      "geometry": {
        "type": "Point",
        "coordinates": [
          2.3288918,
          49.88921
        ]
      },
      "properties": {
        "name": "Rue Voyelle / Rue de Verdun",
        "context": "Amiens, Somme",
        "citycode": "80021",
        "depcode": "80"
      }
    },
    {
      "type": "Feature",
      "geometry": {
        "type": "Point",
        "coordinates": [
          2.313052468,
          49.901043558
        ]
      },
      "properties": {
        "name": "Rue Vulfran Mollet / Rue Cosserat",
        "context": "Amiens, Somme",
        "citycode": "80021",
        "depcode": "80"
      }
    },
    {
      "type": "Feature",
      "geometry": {
        "type": "Point",
        "coordinates": [
          2.307036481,
          49.889398523
        ]
      },
      "properties": {
        "name": "Rue Vulfran Warmé / Rue Charles de Foucauld",
        "context": "Amiens, Somme",
        "citycode": "80021",
        "depcode": "80"
      }
    },
    {
      "type": "Feature",
      "geometry": {
        "type": "Point",
        "coordinates": [
          2.306981749,
          49.888103974
        ]
      },
      "properties": {
        "name": "Rue Vulfran Warmé / Rue Damis",
        "context": "Amiens, Somme",
        "citycode": "80021",
        "depcode": "80"
      }
    },
    {
      "type": "Feature",
      "geometry": {
        "type": "Point",
        "coordinates": [
          2.307006459,
          49.88874102
        ]
      },
      "properties": {
        "name": "Rue Vulfran Warmé / Rue de Castille",
        "context": "Amiens, Somme",
        "citycode": "80021",
        "depcode": "80"
      }
    },
    {
      "type": "Feature",
      "geometry": {
        "type": "Point",
        "coordinates": [
          2.306968376,
          49.888992994
        ]
      },
      "properties": {
        "name": "Rue Vulfran Warmé / Rue de la Contrescarpe",
        "context": "Amiens, Somme",
        "citycode": "80021",
        "depcode": "80"
      }
    },
    {
      "type": "Feature",
      "geometry": {
        "type": "Point",
        "coordinates": [
          2.30703658,
          49.886939635
        ]
      },
      "properties": {
        "name": "Rue Vulfran Warmé / Rue Dewailly",
        "context": "Amiens, Somme",
        "citycode": "80021",
        "depcode": "80"
      }
    },
    {
      "type": "Feature",
      "geometry": {
        "type": "Point",
        "coordinates": [
          2.306971389,
          49.887387966
        ]
      },
      "properties": {
        "name": "Rue Vulfran Warmé / Rue Dijon",
        "context": "Amiens, Somme",
        "citycode": "80021",
        "depcode": "80"
      }
    },
    {
      "type": "Feature",
      "geometry": {
        "type": "Point",
        "coordinates": [
          2.306955976,
          49.888562094
        ]
      },
      "properties": {
        "name": "Rue Vulfran Warmé / Rue du Fossé",
        "context": "Amiens, Somme",
        "citycode": "80021",
        "depcode": "80"
      }
    },
    {
      "type": "Feature",
      "geometry": {
        "type": "Point",
        "coordinates": [
          2.307063916,
          49.885856205
        ]
      },
      "properties": {
        "name": "Rue Vulfran Warmé / Rue Ducange",
        "context": "Amiens, Somme",
        "citycode": "80021",
        "depcode": "80"
      }
    },
    {
      "type": "Feature",
      "geometry": {
        "type": "Point",
        "coordinates": [
          2.307031864,
          49.886459895
        ]
      },
      "properties": {
        "name": "Rue Vulfran Warmé / Rue Dufresne",
        "context": "Amiens, Somme",
        "citycode": "80021",
        "depcode": "80"
      }
    },
    {
      "type": "Feature",
      "geometry": {
        "type": "Point",
        "coordinates": [
          2.307082217,
          49.885852351
        ]
      },
      "properties": {
        "name": "Rue Vulfran Warmé / Rue Pointin",
        "context": "Amiens, Somme",
        "citycode": "80021",
        "depcode": "80"
      }
    },
    {
      "type": "Feature",
      "geometry": {
        "type": "Point",
        "coordinates": [
          2.33743417,
          49.863849098
        ]
      },
      "properties": {
        "name": "Rue Wasse / Rue de Montréal",
        "context": "Amiens, Somme",
        "citycode": "80021",
        "depcode": "80"
      }
    },
    {
      "type": "Feature",
      "geometry": {
        "type": "Point",
        "coordinates": [
          2.296718132,
          49.913632111
        ]
      },
      "properties": {
        "name": "Rue Watteau / Allée Édouard Manet",
        "context": "Amiens, Somme",
        "citycode": "80021",
        "depcode": "80"
      }
    },
    {
      "type": "Feature",
      "geometry": {
        "type": "Point",
        "coordinates": [
          2.302547131,
          49.913641732
        ]
      },
      "properties": {
        "name": "Rue Watteau / Avenue de l'Europe",
        "context": "Amiens, Somme",
        "citycode": "80021",
        "depcode": "80"
      }
    },
    {
      "type": "Feature",
      "geometry": {
        "type": "Point",
        "coordinates": [
          2.300137332,
          49.913617439
        ]
      },
      "properties": {
        "name": "Rue Watteau / Rue Chardin",
        "context": "Amiens, Somme",
        "citycode": "80021",
        "depcode": "80"
      }
    },
    {
      "type": "Feature",
      "geometry": {
        "type": "Point",
        "coordinates": [
          2.296134455,
          49.913628373
        ]
      },
      "properties": {
        "name": "Rue Watteau / Rue Claude Lorrain",
        "context": "Amiens, Somme",
        "citycode": "80021",
        "depcode": "80"
      }
    },
    {
      "type": "Feature",
      "geometry": {
        "type": "Point",
        "coordinates": [
          2.29899815,
          49.913635119
        ]
      },
      "properties": {
        "name": "Rue Watteau / Rue de la Rivière de Cassis",
        "context": "Amiens, Somme",
        "citycode": "80021",
        "depcode": "80"
      }
    },
    {
      "type": "Feature",
      "geometry": {
        "type": "Point",
        "coordinates": [
          2.294968106,
          49.913624011
        ]
      },
      "properties": {
        "name": "Rue Watteau / Rue Franklin Roosevelt D933",
        "context": "Amiens, Somme",
        "citycode": "80021",
        "depcode": "80"
      }
    },
    {
      "type": "Feature",
      "geometry": {
        "type": "Point",
        "coordinates": [
          2.301929232,
          49.913632463
        ]
      },
      "properties": {
        "name": "Rue Watteau / Rue Ingres",
        "context": "Amiens, Somme",
        "citycode": "80021",
        "depcode": "80"
      }
    },
    {
      "type": "Feature",
      "geometry": {
        "type": "Point",
        "coordinates": [
          2.30259225,
          49.91364135
        ]
      },
      "properties": {
        "name": "Rue Watteau / Rue Maurice Ravel",
        "context": "Amiens, Somme",
        "citycode": "80021",
        "depcode": "80"
      }
    },
    {
      "type": "Feature",
      "geometry": {
        "type": "Point",
        "coordinates": [
          2.303721265,
          49.907803318
        ]
      },
      "properties": {
        "name": "Rue Winston Churchill / Rue Robert Schumann",
        "context": "Amiens, Somme",
        "citycode": "80021",
        "depcode": "80"
      }
    },
    {
      "type": "Feature",
      "geometry": {
        "type": "Point",
        "coordinates": [
          2.290335528,
          49.90697672
        ]
      },
      "properties": {
        "name": "Rue Zamenhof / Place Victor Pauchet",
        "context": "Amiens, Somme",
        "citycode": "80021",
        "depcode": "80"
      }
    },
    {
      "type": "Feature",
      "geometry": {
        "type": "Point",
        "coordinates": [
          2.290759812,
          49.903143126
        ]
      },
      "properties": {
        "name": "Rue Zamenhof / Rue Saint-Maurice",
        "context": "Amiens, Somme",
        "citycode": "80021",
        "depcode": "80"
      }
    },
    {
      "type": "Feature",
      "geometry": {
        "type": "Point",
        "coordinates": [
          2.260400271,
          49.921825635
        ]
      },
      "properties": {
        "name": "Ruelle du Marais / Mail du Champ Pillard",
        "context": "Amiens, Somme",
        "citycode": "80021",
        "depcode": "80"
      }
    },
    {
      "type": "Feature",
      "geometry": {
        "type": "Point",
        "coordinates": [
          2.26043059,
          49.92184186
        ]
      },
      "properties": {
        "name": "Ruelle du Marais / Rue Saint-Léger",
        "context": "Amiens, Somme",
        "citycode": "80021",
        "depcode": "80"
      }
    },
    {
      "type": "Feature",
      "geometry": {
        "type": "Point",
        "coordinates": [
          2.309174854,
          49.902248421
        ]
      },
      "properties": {
        "name": "Sentier de l'Épousée / Chemin du Traillis",
        "context": "Amiens, Somme",
        "citycode": "80021",
        "depcode": "80"
      }
    },
    {
      "type": "Feature",
      "geometry": {
        "type": "Point",
        "coordinates": [
          2.312526956,
          49.901233373
        ]
      },
      "properties": {
        "name": "Sentier de l'Épousée / Rue Dupont Bacqueville",
        "context": "Amiens, Somme",
        "citycode": "80021",
        "depcode": "80"
      }
    },
    {
      "type": "Feature",
      "geometry": {
        "type": "Point",
        "coordinates": [
          2.312533468,
          49.901221589
        ]
      },
      "properties": {
        "name": "Sentier de l'Épousée / Rue Vulfran Mollet",
        "context": "Amiens, Somme",
        "citycode": "80021",
        "depcode": "80"
      }
    },
    {
      "type": "Feature",
      "geometry": {
        "type": "Point",
        "coordinates": [
          2.297958627,
          49.901575466
        ]
      },
      "properties": {
        "name": "Square de Darlington / Boulevard Saint-Sulpice",
        "context": "Amiens, Somme",
        "citycode": "80021",
        "depcode": "80"
      }
    },
    {
      "type": "Feature",
      "geometry": {
        "type": "Point",
        "coordinates": [
          2.29872325,
          49.900810818
        ]
      },
      "properties": {
        "name": "Square de Darlington / Rue des Déportés",
        "context": "Amiens, Somme",
        "citycode": "80021",
        "depcode": "80"
      }
    },
    {
      "type": "Feature",
      "geometry": {
        "type": "Point",
        "coordinates": [
          2.326113287,
          49.877381564
        ]
      },
      "properties": {
        "name": "Square du Tournaisis / Rue de Cagny",
        "context": "Amiens, Somme",
        "citycode": "80021",
        "depcode": "80"
      }
    },
    {
      "type": "Feature",
      "geometry": {
        "type": "Point",
        "coordinates": [
          2.326104384,
          49.877406422
        ]
      },
      "properties": {
        "name": "Square du Tournaisis / Rue de Mercey",
        "context": "Amiens, Somme",
        "citycode": "80021",
        "depcode": "80"
      }
    },
    {
      "type": "Feature",
      "geometry": {
        "type": "Point",
        "coordinates": [
          2.251723658,
          49.916047829
        ]
      },
      "properties": {
        "name": "Square Émile Thuillez / Rue d'Anjou",
        "context": "Amiens, Somme",
        "citycode": "80021",
        "depcode": "80"
      }
    },
    {
      "type": "Feature",
      "geometry": {
        "type": "Point",
        "coordinates": [
          2.278976812,
          49.889598811
        ]
      },
      "properties": {
        "name": "Square Friant Les Quatre Chênes / Promenade du Souvenir",
        "context": "Amiens, Somme",
        "citycode": "80021",
        "depcode": "80"
      }
    },
    {
      "type": "Feature",
      "geometry": {
        "type": "Point",
        "coordinates": [
          2.310870301,
          49.888075306
        ]
      },
      "properties": {
        "name": "Square René Lamps / Rue du Blamont",
        "context": "Amiens, Somme",
        "citycode": "80021",
        "depcode": "80"
      }
    },
    {
      "type": "Feature",
      "geometry": {
        "type": "Point",
        "coordinates": [
          2.301379081,
          49.895904951
        ]
      },
      "properties": {
        "name": "Venelle Lafleur / Rivière des Clairons",
        "context": "Amiens, Somme",
        "citycode": "80021",
        "depcode": "80"
      }
    },
    {
      "type": "Feature",
      "geometry": {
        "type": "Point",
        "coordinates": [
          2.301369916,
          49.895940743
        ]
      },
      "properties": {
        "name": "Venelle Lafleur / Rue des Rinchevaux",
        "context": "Amiens, Somme",
        "citycode": "80021",
        "depcode": "80"
      }
    },
    {
      "type": "Feature",
      "geometry": {
        "type": "Point",
        "coordinates": [
          2.301393442,
          49.895940882
        ]
      },
      "properties": {
        "name": "Venelle Lafleur / Rue du Don",
        "context": "Amiens, Somme",
        "citycode": "80021",
        "depcode": "80"
      }
    },
    {
      "type": "Feature",
      "geometry": {
        "type": "Point",
        "coordinates": [
          2.319810756,
          49.894103708
        ]
      },
      "properties": {
        "name": "Vieille Somme / Chemin de Halage",
        "context": "Amiens, Somme",
        "citycode": "80021",
        "depcode": "80"
      }
    },
    {
      "type": "Feature",
      "geometry": {
        "type": "Point",
        "coordinates": [
          2.326694456,
          49.891252648
        ]
      },
      "properties": {
        "name": "Vieille Somme / La Somme Canalisée",
        "context": "Amiens, Somme",
        "citycode": "80021",
        "depcode": "80"
      }
    },
    {
      "type": "Feature",
      "geometry": {
        "type": "Point",
        "coordinates": [
          2.332092643,
          49.888603294
        ]
      },
      "properties": {
        "name": "Vieille Somme / Rieu de l'Agrappin",
        "context": "Amiens, Somme",
        "citycode": "80021",
        "depcode": "80"
      }
    },
    {
      "type": "Feature",
      "geometry": {
        "type": "Point",
        "coordinates": [
          2.334112244,
          49.88764914
        ]
      },
      "properties": {
        "name": "Vieille Somme / Rue Voyelle",
        "context": "Amiens, Somme",
        "citycode": "80021",
        "depcode": "80"
      }
    },
    {
      "type": "Feature",
      "geometry": {
        "type": "Point",
        "coordinates": [
          2.289502453,
          49.890497664
        ]
      },
      "properties": {
        "name": "Voie Nouvelle / Boulevard Guyencourt",
        "context": "Amiens, Somme",
        "citycode": "80021",
        "depcode": "80"
      }
    },
    {
      "type": "Feature",
      "geometry": {
        "type": "Point",
        "coordinates": [
          2.288844423,
          49.889892797
        ]
      },
      "properties": {
        "name": "Voie Nouvelle / Rue Dom Bouquet",
        "context": "Amiens, Somme",
        "citycode": "80021",
        "depcode": "80"
      }
    },
    {
      "type": "Feature",
      "geometry": {
        "type": "Point",
        "coordinates": [
          2.288819844,
          49.923867713
        ]
      },
      "properties": {
        "name": "N1 / Avenue Roger Dumoulin D933",
        "context": "Amiens, Somme",
        "citycode": "80021",
        "depcode": "80"
      }
    },
    {
      "type": "Feature",
      "geometry": {
        "type": "Point",
        "coordinates": [
          2.315972214,
          49.925463818
        ]
      },
      "properties": {
        "name": "N25 / N1",
        "context": "Amiens, Somme",
        "citycode": "80021",
        "depcode": "80"
      }
    }
  ]
}